DATE,TIME,CUSTOMER'S NAME ,FOOD,DISCOUNT/ MEMBERSHIP,PAYMENT METHOD,GCASH/ BANK REF NO,REMARKS,FOOD AMOUNT,COST,DISCOUNT %,DISCOUNT,RECEIVED PAYMENT,NET SALES
"May 1, 2025",,,BEEF PHO,,CASH,,,,,,₱0.00,₱0.00,₱0.00
"May 1, 2025",,,BEEF PHO,,CASH,,,,,,₱0.00,₱0.00,₱0.00
"May 2, 2025",,TABLE 1 ,BEEF PHO,,CASH,,,,,,₱0.00,₱0.00,₱0.00
"May 2, 2025",,TABLE 1 ,BEEF GYUDON,,CASH,,,,,,₱0.00,₱0.00,₱0.00
"May 2, 2025",,TABLE 1 ,BEEF GYUDON,,CASH,,,,,,₱0.00,₱0.00,₱0.00
"May 2, 2025",,JOJO DALISAY,BEEF PHO,,CASH,,,,,,₱0.00,₱0.00,₱0.00
"May 2, 2025",,JOJO DALISAY,CHEESE RAMEN,,CASH,,,₱150.00,₱70.00,,₱0.00,₱150.00,₱80.00
"May 2, 2025",,JOJO DALISAY,CHEESE RAMEN,,CASH,,,₱150.00,₱70.00,,₱0.00,₱150.00,₱80.00
"May 2, 2025",,JOJO DALISAY,EGG - ADD ON ,,CASH,,,,,,₱0.00,₱0.00,₱0.00
"May 2, 2025",,JOJO DALISAY,EGG - ADD ON ,,CASH,,,,,,₱0.00,₱0.00,₱0.00
"May 2, 2025",,MARIO REYES,BAHN MI ,,MEMBERSHIP,,,,,,₱0.00,0,₱0.00
"May 2, 2025",,TABLE 3,BAHN MI ,,CASH,,,,,,₱0.00,₱0.00,₱0.00
"May 2, 2025",,TABLE 3,COKE REGULAR ,,CASH,,,₱50.00,₱29.00,,₱0.00,₱50.00,₱21.00
"May 3, 2025",,JOHN DALE GUMBA,BEEF PHO,,CASH,,,,,,₱0.00,₱0.00,₱0.00
"May 4, 2025",,TABLE 3 ,BEEF PHO,,CASH,,,,,,₱0.00,₱0.00,₱0.00
"May 4, 2025",,TABLE 3 ,JIN MILD ,,CASH,,,₱150.00,₱70.00,,₱0.00,₱150.00,₱80.00
"May 4, 2025",,TABLE 3 ,FISH CAKE - ADD ON ,,CASH,,,,,,₱0.00,₱0.00,₱0.00
"May 4, 2025",,TABLE 3 ,FISH CAKE - ADD ON ,,CASH,,,,,,₱0.00,₱0.00,₱0.00
"May 4, 2025",,STAFF,EGG - ADD ON ,,CASH,,,,,,₱0.00,₱0.00,₱0.00
"May 4, 2025",,STAFF,EGG - ADD ON ,,CASH,,,,,,₱0.00,₱0.00,₱0.00
"May 4, 2025",,STAFF,EGG - ADD ON ,,CASH,,,,,,₱0.00,₱0.00,₱0.00
"May 4, 2025",,STAFF,EGG - ADD ON ,,CASH,,,,,,₱0.00,₱0.00,₱0.00
"May 4, 2025",,STAFF,EGG - ADD ON ,,CASH,,,,,,₱0.00,₱0.00,₱0.00
"May 4, 2025",,STAFF,EGG - ADD ON ,,CASH,,,,,,₱0.00,₱0.00,₱0.00
"May 4, 2025",,STAFF,EGG - ADD ON ,,CASH,,,,,,₱0.00,₱0.00,₱0.00
"May 4, 2025",,RAWAN,BEEF PHO,,CASH,,,,,,₱0.00,₱0.00,₱0.00
"May 4, 2025",,RAWAN,JIN MILD ,,CASH,,,₱150.00,₱70.00,,₱0.00,₱150.00,₱80.00
"May 4, 2025",,RAWAN,EGG - ADD ON ,,CASH,,,,,,₱0.00,₱0.00,₱0.00
May 5 2025,,LEAH TAMARGO,CAPPUCINO CORTO,,GCASH,,,,,,₱0.00,₱0.00,₱0.00
May 5 2025,,LEAH TAMARGO,BEEF PHO,,GCASH,,,,,,₱0.00,₱0.00,₱0.00
May 5 2025,,LEAH TAMARGO,EGG - ADD ON ,,GCASH,,,,,,₱0.00,₱0.00,₱0.00
May 5 2025,,LEAH TAMARGO,HONEY CHIA REFRESHER,,GCASH,,,₱65.00,,,₱0.00,₱65.00,₱65.00
May 5 2025,,PTR. RED PONDANG ,JIN MILD ,FAMILY (FOOD),C/O RODERICK,,,₱150.00,₱70.00,,₱0.00,₱150.00,₱80.00
May 5 2025,,PTR. RED PONDANG ,CHEESE - ADD ON,FAMILY (FOOD),C/O RODERICK,,,,,,₱0.00,₱0.00,₱0.00
May 5 2025,,PTR. MELVIN CHIN,CHEESE RAMEN,FAMILY (FOOD),C/O RODERICK,,,₱150.00,₱70.00,,₱0.00,₱150.00,₱80.00
May 5 2025,,PTR. MELVIN CHIN,EGG - ADD ON ,FAMILY (FOOD),C/O RODERICK,,,,,,₱0.00,₱0.00,₱0.00
May 5 2025,,PTR. KING BORLONGAN ,CHEESE RAMEN,FAMILY (FOOD),C/O RODERICK,,,₱150.00,₱70.00,,₱0.00,₱150.00,₱80.00
May 5 2025,,PTR. KING BORLONGAN ,EGG - ADD ON ,FAMILY (FOOD),C/O RODERICK,,,,,,₱0.00,₱0.00,₱0.00
May 5 2025,,PTR. KING BORLONGAN ,EGG - ADD ON ,FAMILY (FOOD),C/O RODERICK,,,,,,₱0.00,₱0.00,₱0.00
May 5 2025,,GIA MARIE FERNANDEZ,JIN SPICY,FAMILY (FOOD),C/O GIA,,,₱150.00,₱70.00,,₱0.00,₱150.00,₱80.00
May 5 2025,,GIA MARIE FERNANDEZ,JIN SPICY,FAMILY (FOOD),C/O GIA,,,₱150.00,₱70.00,,₱0.00,₱150.00,₱80.00
May 5 2025,,GIA MARIE FERNANDEZ,JIN SPICY,FAMILY (FOOD),C/O GIA,,,₱150.00,₱70.00,,₱0.00,₱150.00,₱80.00
May 5 2025,,GIA MARIE FERNANDEZ,JIN SPICY,FAMILY (FOOD),C/O GIA,,,₱150.00,₱70.00,,₱0.00,₱150.00,₱80.00
May 5 2025,,GIA MARIE FERNANDEZ,JIN SPICY,FAMILY (FOOD),C/O GIA,,,₱150.00,₱70.00,,₱0.00,₱150.00,₱80.00
May 5 2025,,GIA MARIE FERNANDEZ,EGG - ADD ON ,FAMILY (FOOD),C/O GIA,,,,,,₱0.00,₱0.00,₱0.00
May 5 2025,,GIA MARIE FERNANDEZ,EGG - ADD ON ,FAMILY (FOOD),C/O GIA,,,,,,₱0.00,₱0.00,₱0.00
May 5 2025,,GIA MARIE FERNANDEZ,EGG - ADD ON ,FAMILY (FOOD),C/O GIA,,,,,,₱0.00,₱0.00,₱0.00
May 5 2025,,GIA MARIE FERNANDEZ,BAHN MI ,FAMILY (FOOD),C/O GIA,,,,,,₱0.00,₱0.00,₱0.00
May 5 2025,,GIA MARIE FERNANDEZ,BEEF PHO,FAMILY (FOOD),C/O GIA,,,,,,₱0.00,₱0.00,₱0.00
May 5 2025,,HANNAH FERNANDEZ,CURRY RICE,FAMILY (FOOD),C/O GIA,,,,,,₱0.00,₱0.00,₱0.00
May 5 2025,,HANNAH FERNANDEZ,CURRY RICE,FAMILY (FOOD),C/O GIA,,,,,,₱0.00,₱0.00,₱0.00
May 6 2025,,RUTH SAMSON,BAHN MI ,,CASH,,,,,,₱0.00,₱0.00,₱0.00
May 6 2025,,RUTH SAMSON,BEEF PHO,,CASH,,,,,,₱0.00,₱0.00,₱0.00
May 6 2025,,RUTH SAMSON,HONEY CHIA REFRESHER,,CASH,,,₱65.00,,,₱0.00,₱65.00,₱65.00
May 6 2025,,TABLE 3,BEEF PHO,,GCASH,8028 439 858107,,,,,₱0.00,₱0.00,₱0.00
May 6 2025,,TABLE 3,JIN MILD ,,GCASH,8028 439 858107,,₱150.00,₱70.00,,₱0.00,₱150.00,₱80.00
May 6 2025,,TABLE 3,EGG - ADD ON ,,GCASH,8028 439 858107,,,,,₱0.00,₱0.00,₱0.00
May 6 2025,,TABLE 3,EGG - ADD ON ,,GCASH,8028 439 858107,,,,,₱0.00,₱0.00,₱0.00
May 6 2025,,TABLE 3,SAMGYUP - ADD ON,,GCASH,8028 439 858107,,,,,₱0.00,₱0.00,₱0.00
May 6 2025,,STAFF,EGG - ADD ON ,,CASH,,,,,,₱0.00,₱0.00,₱0.00
May 6 2025,,STAFF,EGG - ADD ON ,,CASH,,,,,,₱0.00,₱0.00,₱0.00
May 6 2025,,STAFF,EGG - ADD ON ,,CASH,,,,,,₱0.00,₱0.00,₱0.00
May 6 2025,,TABLE 3,JIN SPICY,,CASH,,,₱150.00,₱70.00,,₱0.00,₱150.00,₱80.00
May 6 2025,,TABLE 3,CHEESE - ADD ON,,CASH,,,,,,₱0.00,₱0.00,₱0.00
May 6 2025,,TABLE 3,SAMGYUP - ADD ON,,CASH,,,,,,₱0.00,₱0.00,₱0.00
May 6 2025,,TABLE 3,FISH CAKE - ADD ON ,,CASH,,,,,,₱0.00,₱0.00,₱0.00
May 6 2025,,TABLE 3,COKE REGULAR ,,CASH,,,₱50.00,₱29.00,,₱0.00,₱50.00,₱21.00
May 7 2025,,TABLE 3,JIN MILD ,,CASH,,,₱150.00,₱70.00,,₱0.00,₱150.00,₱80.00
May 7 2025,,TABLE 3,JIN SPICY,,CASH,,,₱150.00,₱70.00,,₱0.00,₱150.00,₱80.00
May 7 2025,,TABLE 3,COKE REGULAR ,,CASH,,,₱50.00,₱29.00,,₱0.00,₱50.00,₱21.00
May 8 2025,,PTR. SAM TENORIO,BEEF PHO,,GCASH,9028 491337 282,,,,,₱0.00,₱0.00,₱0.00
May 8 2025,,PTR. SAM TENORIO,CURRY RICE,,GCASH,,,,,,₱0.00,₱0.00,₱0.00
May 8 2025,,TABLE 2,BEEF PHO,,CASH,,,,,,₱0.00,₱0.00,₱0.00
May 8 2025,,TABLE 2,BEEF PHO,,CASH,,,,,,₱0.00,₱0.00,₱0.00
May 8 2025,,TABLE 2,JIN SPICY,,CASH,,,₱150.00,₱70.00,,₱0.00,₱150.00,₱80.00
May 8 2025,,TABLE 2,EGG - ADD ON ,,CASH,,,,,,₱0.00,₱0.00,₱0.00
May 8 2025,,TABLE 2,CHEESE - ADD ON,,CASH,,,,,,₱0.00,₱0.00,₱0.00
May 8 2025,,TABLE 2,COKE REGULAR ,,CASH,,,₱50.00,₱29.00,,₱0.00,₱50.00,₱21.00
May 8 2025,,TABLE 2,CANADA DRY ,,CASH,,,₱58.00,₱41.00,,₱0.00,₱58.00,₱17.00
May 9 2025,,MARIO REYES,CURRY RICE,SENIOR,CASH,,,,,20.00%,₱0.00,₱0.00,₱0.00
May 9 2025,,JOSEPHINE REYES,BEEF GYUDON,SENIOR,CASH,,,,,20.00%,₱0.00,₱0.00,₱0.00
May 9 2025,,MARIO REYES,BAHN MI ,,MEMBERSHIP,,,,,,₱0.00,0,₱0.00
May 10 2025,,,BOTTLED WATER,,CASH,,,,,,₱0.00,₱0.00,₱0.00
May 10 2025,,ANN DALISAY,BAHN MI ,PLATINUM (Free Pho/ Bahn mi),MEMBERSHIP,,,,,100.00%,₱0.00,0,₱0.00
May 10 2025,,JAN JOVEN,JIN MILD ,,CASH,,,₱150.00,₱70.00,,₱0.00,₱150.00,₱80.00
May 10 2025,,JAN JOVEN,SAMGYUP - ADD ON,,CASH,,,,,,₱0.00,₱0.00,₱0.00
May 11 2025,,,C2,,CASH,,,₱20.00,₱17.00,,₱0.00,₱20.00,₱3.00
May 11 2025,,,C2,,CASH,,,₱20.00,₱17.00,,₱0.00,₱20.00,₱3.00
May 11 2025,,,BOTTLED WATER,,CASH,,,,,,₱0.00,₱0.00,₱0.00
May 11 2025,,,JIN MILD ,,CASH,,,₱150.00,₱70.00,,₱0.00,₱150.00,₱80.00
May 11 2025,,,JIN MILD ,,CASH,,,₱150.00,₱70.00,,₱0.00,₱150.00,₱80.00
May 11 2025,,,C2,,CASH,,,₱20.00,₱17.00,,₱0.00,₱20.00,₱3.00
May 11 2025,,HANNA GUEVARRA,JIN MILD ,PLATINUM (Free Pho/ Bahn mi),MEMBERSHIP,,COMPLIMENTARY C/O MAM GIA,₱150.00,₱70.00,100.00%,₱150.00,0,-₱220.00
May 11 2025,,HANNA GUEVARRA,JIN MILD ,PLATINUM (Free Pho/ Bahn mi),MEMBERSHIP,,COMPLIMENTARY C/O MAM GIA,₱150.00,₱70.00,100.00%,₱150.00,0,-₱220.00
May 11 2025,,TABLE 2 ,JIN MILD ,,CASH,,,₱150.00,₱70.00,,₱0.00,₱150.00,₱80.00
May 11 2025,,TABLE 2 ,JIN MILD ,,CASH,,,₱150.00,₱70.00,,₱0.00,₱150.00,₱80.00
May 11 2025,,TABLE 2 ,EGG - ADD ON ,,CASH,,,,,,₱0.00,₱0.00,₱0.00
May 11 2025,,TABLE 2 ,EGG - ADD ON ,,CASH,,,,,,₱0.00,₱0.00,₱0.00
May 11 2025,,TABLE 2 ,SAMGYUP - ADD ON,,CASH,,,,,,₱0.00,₱0.00,₱0.00
May 11 2025,,TABLE 2 ,SAMGYUP - ADD ON,,CASH,,,,,,₱0.00,₱0.00,₱0.00
May 11 2025,,TABLE 2 ,BEEF PHO,,CASH,,,,,,₱0.00,₱0.00,₱0.00
May 11 2025,,TABLE 2 ,BEEF PHO,,CASH,,,,,,₱0.00,₱0.00,₱0.00
May 11 2025,,TABLE 2 ,C2,,CASH,,,₱20.00,₱17.00,,₱0.00,₱20.00,₱3.00
May 11 2025,,TABLE 2 ,C2,,CASH,,,₱20.00,₱17.00,,₱0.00,₱20.00,₱3.00
May 11 2025,,TABLE 2 ,JIN MILD ,,CASH,,,₱150.00,₱70.00,,₱0.00,₱150.00,₱80.00
May 11 2025,,TABLE 2 ,JIN MILD ,,CASH,,,₱150.00,₱70.00,,₱0.00,₱150.00,₱80.00
May 11 2025,,TABLE 2 ,SAMGYUP - ADD ON,,CASH,,,,,,₱0.00,₱0.00,₱0.00
May 11 2025,,TABLE 2 ,SAMGYUP - ADD ON,,CASH,,,,,,₱0.00,₱0.00,₱0.00
May 11 2025,,TABLE 2 ,EGG - ADD ON ,,CASH,,,,,,₱0.00,₱0.00,₱0.00
May 11 2025,,TABLE 2 ,COKE ZERO,,CASH,,,₱50.00,₱29.00,,₱0.00,₱50.00,₱21.00
May 13 2025,,ROSCEL PEREZ,BAHN MI ,,CASH,,,,,,₱0.00,₱0.00,₱0.00
May 13 2025,,ROSCEL PEREZ,BAHN MI ,,CASH,,,,,,₱0.00,₱0.00,₱0.00
May 13 2025,,ROSCEL PEREZ,BEEF PHO,,CASH,,,,,,₱0.00,₱0.00,₱0.00
May 13 2025,,ROSCEL PEREZ,JIN MILD ,,CASH,,,₱150.00,₱70.00,,₱0.00,₱150.00,₱80.00
May 13 2025,, ROSCEL PEREZ,EGG - ADD ON ,,CASH,,,,,,₱0.00,₱0.00,₱0.00
May 13 2025,, ROSCEL PEREZ,FISH CAKE - ADD ON ,,CASH,,,,,,₱0.00,₱0.00,₱0.00
May 13 2025,,GIRLIE SOCO,BEEF PHO,,CASH,,,,,,₱0.00,₱0.00,₱0.00
May 13 2025,,GIA FERNANDEZ,BEEF PHO,,C/O GIA,,,,,,₱0.00,₱0.00,₱0.00
May 13 2025,,GIA FERNANDEZ,BEEF PHO,,C/O GIA,,,,,,₱0.00,₱0.00,₱0.00
May 13 2025,,GIA FERNANDEZ,BEEF PHO,,C/O GIA,,,,,,₱0.00,₱0.00,₱0.00
May 13 2025,,GIA FERNANDEZ,BAHN MI ,,C/O GIA,,,,,,₱0.00,₱0.00,₱0.00
May 13 2025,,GIA FERNANDEZ,BAHN MI ,,C/O GIA,,,,,,₱0.00,₱0.00,₱0.00
May 13 2025,,GIA FERNANDEZ,BAHN MI ,,C/O GIA,,,,,,₱0.00,₱0.00,₱0.00
May 13 2025,,GIA FERNANDEZ,BAHN MI ,,C/O GIA,,,,,,₱0.00,₱0.00,₱0.00
May 13 2025,,JOY BORLONGAN,LAVENDER TEA,,CASH,,,,,,₱0.00,₱0.00,₱0.00
May 13 2025,,TABLE 2 ,CAPPUCINO CORTO,,CASH,,,,,,₱0.00,₱0.00,₱0.00
May 13 2025,,TABLE 2 ,CAPPUCINO CORTO,,CASH,,,,,,₱0.00,₱0.00,₱0.00
May 14 2025,,MARIO REYES,BEEF PHO,PLATINUM (Free Pho/ Bahn mi),MEMBERSHIP,,,,,100.00%,₱0.00,0,₱0.00
May 14 2025,,MARIO REYES,BAHN MI ,SENIOR,CASH,,,,,20.00%,₱0.00,₱0.00,₱0.00
May 14 2025,,MARIO REYES,HONEY CHIA REFRESHER,,CASH,,,,,,,,
May 14 2025,,TABLE 3,JIN MILD ,,CASH,,,₱150.00,₱70.00,,₱0.00,₱150.00,₱80.00
May 14 2025,,TABLE 3,JIN MILD ,,CASH,,,₱150.00,₱70.00,,₱0.00,₱150.00,₱80.00
May 14 2025,,TABLE 3,SHIN RAMYUN,,CASH,,,₱150.00,₱70.00,,₱0.00,₱150.00,₱80.00
May 14 2025,,TABLE 3,SAMGYUP - ADD ON,,CASH,,,,,,₱0.00,₱0.00,₱0.00
May 14 2025,,TABLE 3,FISH CAKE - ADD ON ,,CASH,,,,,,₱0.00,₱0.00,₱0.00
May 14 2025,,Cristina Doble,CAPPUCINO CORTO,,GCASH,8028 69027 0436,,,,,₱0.00,₱0.00,₱0.00
May 14 2025,,Cristina Doble,CAPPUCINO CORTO,,GCASH,8028 69027 8941,,,,,₱0.00,₱0.00,₱0.00
May 14 2025,,Cristina Doble,CAPPUCINO CORTO,,GCASH,,,,,,₱0.00,₱0.00,₱0.00
May 14 2025,,Cristina Doble,HONEY CHIA REFRESHER,,GCASH,,,₱65.00,,,₱0.00,₱65.00,₱65.00
May 15 2025,,GIA FERNANDEZ,CHEESE RAMEN,FAMILY (FOOD),C/O RODERICK,,,₱150.00,₱70.00,,₱0.00,₱150.00,₱80.00
May 15 2025,,TRISHIA FERNANDEZ,CHEESE RAMEN,FAMILY (FOOD),C/O RODERICK,,,₱150.00,₱70.00,,₱0.00,₱150.00,₱80.00
May 15 2025,,GIA FERNANDEZ,CAPPUCINO CORTO,,C/O GIA,,,,,,₱0.00,₱0.00,₱0.00
May 15 2025,,TRISHIA FERNANDEZ,CAPPUCINO CORTO,,C/O GIA,,,,,,₱0.00,₱0.00,₱0.00
May 15 2025,,TABLE 3,JIN MILD ,,CASH,,,₱150.00,₱70.00,,₱0.00,₱150.00,₱80.00
May 15 2025,,TABLE 3,JIN MILD ,,CASH,,,₱150.00,₱70.00,,₱0.00,₱150.00,₱80.00
May 15 2025,,TABLE 3,SAMGYUP - ADD ON,,CASH,,,,,,₱0.00,₱0.00,₱0.00
May 15 2025,,TABLE 3,SAMGYUP - ADD ON,,CASH,,,,,,₱0.00,₱0.00,₱0.00
May 15 2025,,TABLE 3,EGG - ADD ON ,,CASH,,,,,,₱0.00,₱0.00,₱0.00
May 15 2025,,TABLE 3,EGG - ADD ON ,,CASH,,,,,,₱0.00,₱0.00,₱0.00
May 15 2025,,TABLE 3,CHEESE RAMEN,,CASH,,,₱150.00,₱70.00,,₱0.00,₱150.00,₱80.00
May 15 2025,,ERICK FERNANDEZ,CURRY RICE,FAMILY (FOOD),C/O RODERICK,,,,,,₱0.00,₱0.00,₱0.00
May 15 2025,,ERICK FERNANDEZ,CURRY RICE,FAMILY (FOOD),C/O RODERICK,,,,,,₱0.00,₱0.00,₱0.00
May 15 2025,,ERICK FERNANDEZ,SAMGYUP BOWL,FAMILY (FOOD),C/O RODERICK,,,,,,₱0.00,₱0.00,₱0.00
May 15 2025,,ERICK FERNANDEZ,SAMGYUP BOWL,FAMILY (FOOD),C/O RODERICK,,,,,,₱0.00,₱0.00,₱0.00
May 15 2025,,ERICK FERNANDEZ,BEEF PHO,FAMILY (FOOD),C/O RODERICK,,,,,,₱0.00,₱0.00,₱0.00
May 15 2025,,ERICK FERNANDEZ,JIN SPICY,FAMILY (FOOD),C/O RODERICK,,,₱150.00,₱70.00,,₱0.00,₱150.00,₱80.00
May 15 2025,,ERICK FERNANDEZ,JIN SPICY,FAMILY (FOOD),C/O RODERICK,,,₱150.00,₱70.00,,₱0.00,₱150.00,₱80.00
May 15 2025,,ERICK FERNANDEZ,SAMGYUP BOWL,FAMILY (FOOD),C/O RODERICK,,,,,,₱0.00,₱0.00,₱0.00
May 15 2025,,ERICK FERNANDEZ,BOTTLED WATER,FAMILY (FOOD),C/O RODERICK,,,,,,₱0.00,₱0.00,₱0.00
May 16 2025,,TABLE 2 ,JIN MILD ,,GCASH,,,₱150.00,₱70.00,,₱0.00,₱150.00,₱80.00
May 16 2025,,TABLE 2 ,JIN MILD ,,GCASH,,,₱150.00,₱70.00,,₱0.00,₱150.00,₱80.00
May 16 2025,,TABLE 2 ,EGG - ADD ON ,,GCASH,,,,,,₱0.00,₱0.00,₱0.00
May 16 2025,,TABLE 2 ,HONEY CHIA REFRESHER,,GCASH,,,₱65.00,,,₱0.00,₱65.00,₱65.00
May 16 2025,,TABLE 3,BAHN MI ,,CASH,,,,,,₱0.00,₱0.00,₱0.00
May 16 2025,,TABLE 3,JIN MILD ,,CASH,,,₱150.00,₱70.00,,₱0.00,₱150.00,₱80.00
May 16 2025,,TABLE 3,SHIN RAMYUN,,CASH,,,₱150.00,₱70.00,,₱0.00,₱150.00,₱80.00
May 16 2025,,TABLE 3,EGG - ADD ON ,,CASH,,,,,,₱0.00,₱0.00,₱0.00
May 16 2025,,TABLE 3,EGG - ADD ON ,,CASH,,,,,,₱0.00,₱0.00,₱0.00
May 16 2025,,TABLE 3,JASMINE TEA,,CASH,,,,,,₱0.00,₱0.00,₱0.00
May 16 2025,,TABLE 3,COKE REGULAR ,,CASH,,,₱50.00,₱29.00,,₱0.00,₱50.00,₱21.00
May 16 2025,,ANN DALISAY,CHEESE RAMEN,,CASH,,,₱150.00,₱70.00,,₱0.00,₱150.00,₱80.00
May 16 2025,,ANN DALISAY,CHEESE RAMEN,,CASH,,,₱150.00,₱70.00,,₱0.00,₱150.00,₱80.00
May 16 2025,,ANN DALISAY,CHEESE - ADD ON,,CASH,,,,,,₱0.00,₱0.00,₱0.00
May 16 2025,,ANN DALISAY,CHEESE - ADD ON,,CASH,,,,,,₱0.00,₱0.00,₱0.00
May 16 2025,,ANN DALISAY,SAMGYUP - ADD ON,,CASH,,,,,,₱0.00,₱0.00,₱0.00
May 16 2025,,ANN DALISAY,SAMGYUP - ADD ON,,CASH,,,,,,₱0.00,₱0.00,₱0.00
May 16 2025,,ANN DALISAY,EGG - ADD ON ,,CASH,,,,,,₱0.00,₱0.00,₱0.00
May 17 2025,,TABLE 3,BEEF PHO,,CASH,,,,,,₱0.00,₱0.00,₱0.00
May 17 2025,,TABLE 3,BAHN MI ,,CASH,,,,,,₱0.00,₱0.00,₱0.00
May 17 2025,,TABLE 3,BEEF GYUDON,,CASH,,,,,,₱0.00,₱0.00,₱0.00
May 17 2025,,TABLE 3,HONEY CHIA REFRESHER,,CASH,,,₱65.00,,,₱0.00,₱65.00,₱65.00
May 17 2025,,TABLE 3,BEEF PHO,,CASH,,,,,,₱0.00,₱0.00,₱0.00
May 17 2025,,ERICK FERNANDEZ,CURRY RICE,FAMILY (FOOD),C/O RODERICK,,,,,,₱0.00,₱0.00,₱0.00
May 17 2025,,ERICK FERNANDEZ,CURRY RICE,FAMILY (FOOD),C/O RODERICK,,,,,,₱0.00,₱0.00,₱0.00
May 17 2025,,ERICK FERNANDEZ,CURRY RICE,FAMILY (FOOD),C/O RODERICK,,,,,,₱0.00,₱0.00,₱0.00
May 17 2025,,ERICK FERNANDEZ,CURRY RICE,FAMILY (FOOD),C/O RODERICK,,,,,,₱0.00,₱0.00,₱0.00
May 17 2025,,ERICK FERNANDEZ,CURRY RICE,FAMILY (FOOD),C/O RODERICK,,,,,,₱0.00,₱0.00,₱0.00
May 17 2025,,ERICK FERNANDEZ,CURRY RICE,FAMILY (FOOD),C/O RODERICK,,,,,,₱0.00,₱0.00,₱0.00
May 17 2025,,ERICK FERNANDEZ,CURRY RICE,FAMILY (FOOD),C/O RODERICK,,,,,,₱0.00,₱0.00,₱0.00
May 17 2025,,ERICK FERNANDEZ,CURRY RICE,FAMILY (FOOD),C/O RODERICK,,,,,,₱0.00,₱0.00,₱0.00
May 17 2025,,ERICK FERNANDEZ,BEEF PHO,FAMILY (FOOD),C/O RODERICK,,,,,,₱0.00,₱0.00,₱0.00
May 17 2025,,ERICK FERNANDEZ,CANADA DRY ,FAMILY (FOOD),C/O RODERICK,,,₱58.00,₱41.00,,₱0.00,₱58.00,₱17.00
May 17 2025,,IAN FERNANDEZ,BEEF GYUDON,FAMILY (FOOD),C/O GIA,,,,,,₱0.00,₱0.00,₱0.00
May 17 2025,,IAN FERNANDEZ,BEEF PHO,FAMILY (FOOD),C/O GIA,,,,,,₱0.00,₱0.00,₱0.00
May 17 2025,,IAN FERNANDEZ,CANADA DRY ,FAMILY (FOOD),C/O GIA,,,₱58.00,₱41.00,,₱0.00,₱58.00,₱17.00
May 17 2025,,GIA FERNANDEZ,COOKIES,FAMILY (FOOD),C/O GIA,,,₱50.00,,,₱0.00,₱50.00,₱50.00
May 17 2025,,GIA FERNANDEZ,COOKIES,FAMILY (FOOD),C/O GIA,,,₱50.00,,,₱0.00,₱50.00,₱50.00
May 17 2025,,GIA FERNANDEZ,COOKIES,FAMILY (FOOD),C/O GIA,,,₱50.00,,,₱0.00,₱50.00,₱50.00
May 17 2025,,GIA FERNANDEZ,COOKIES,FAMILY (FOOD),C/O GIA,,,₱50.00,,,₱0.00,₱50.00,₱50.00
May 17 2025,,TABLE 3,CHEESE RAMEN,FAMILY (FOOD),GCASH,4028 7850 66174,,₱150.00,₱70.00,,₱0.00,₱150.00,₱80.00
May 17 2025,,TRISHIA FERNANDEZ,SAMGYUP BOWL,FAMILY (FOOD),C/O GIA,,,,,,₱0.00,₱0.00,₱0.00
May 17 2025,,TRISHIA FERNANDEZ,COOKIES,FAMILY (FOOD),C/O GIA,,,₱50.00,,,₱0.00,₱50.00,₱50.00
May 17 2025,,TRISHIA FERNANDEZ,COOKIES,FAMILY (FOOD),C/O GIA,,,₱50.00,,,₱0.00,₱50.00,₱50.00
May 17 2025,,IAN FERNANDEZ,COOKIES,,GCASH,,,₱50.00,,,₱0.00,₱50.00,₱50.00
May 17 2025,,TABLE 5 ,BULDAK CARBONARA,FAMILY (FOOD),CASH,,,₱140.00,,,₱0.00,₱140.00,₱140.00
May 17 2025,,TABLE 5 ,COOKIES,FAMILY (FOOD),C/O GIA,,,₱50.00,,,₱0.00,₱50.00,₱50.00
May 17 2025,,GIA FERNANDEZ,HONEY CHIA REFRESHER,FAMILY (FOOD),C/O GIA,,,₱65.00,,,₱0.00,₱65.00,₱65.00
May 17 2025,,GIA FERNANDEZ,HONEY CHIA REFRESHER,FAMILY (FOOD),C/O GIA,,,₱65.00,,,₱0.00,₱65.00,₱65.00
May 17 2025,,GIA FERNANDEZ,HONEY CHIA REFRESHER,FAMILY (FOOD),C/O GIA,,,₱65.00,,,₱0.00,₱65.00,₱65.00
May 17 2025,,GIA FERNANDEZ,HONEY CHIA REFRESHER,FAMILY (FOOD),C/O GIA,,,₱65.00,,,₱0.00,₱65.00,₱65.00
May 17 2025,,GIA FERNANDEZ,HONEY CHIA REFRESHER,FAMILY (FOOD),C/O GIA,,,₱65.00,,,₱0.00,₱65.00,₱65.00
May 17 2025,,BULAKENYA,JIN MILD ,,,,,₱150.00,₱70.00,,₱0.00,₱150.00,₱80.00
May 17 2025,,BULAKENYA,SHIN RAMYUN,,,,,₱150.00,₱70.00,,₱0.00,₱150.00,₱80.00
May 17 2025,,BULAKENYA,CHEESE RAMEN,,,,,₱150.00,₱70.00,,₱0.00,₱150.00,₱80.00
May 17 2025,,BULAKENYA,SAMGYUP - ADD ON,,,,,,,,₱0.00,₱0.00,₱0.00
May 17 2025,,BULAKENYA,ADOBO FLAKES ,,,,,,,,₱0.00,₱0.00,₱0.00
May 17 2025,,BULAKENYA,SHOYU TONKATSU RAMEN,,,,,₱120.00,,,₱0.00,₱120.00,₱120.00
May 17 2025,,BULAKENYA,BULDAK CARBONARA,,,,,₱140.00,,,₱0.00,₱140.00,₱140.00
May 17 2025,,BULAKENYA,BEEF GYUDON,,,,,,,,₱0.00,₱0.00,₱0.00
May 17 2025,,BULAKENYA,CURRY RICE,,,,,,,,₱0.00,₱0.00,₱0.00
May 17 2025,,BULAKENYA,BEEF PHO,,,,,,,,₱0.00,₱0.00,₱0.00
May 17 2025,,BULAKENYA,BAHN MI ,,,,,,,,₱0.00,₱0.00,₱0.00
May 17 2025,,BULAKENYA,HONEY CHIA REFRESHER,,,,,₱65.00,,,₱0.00,₱65.00,₱65.00
May 17 2025,,BULAKENYA,HONEY CHIA REFRESHER,,,,,₱65.00,,,₱0.00,₱65.00,₱65.00
May 17 2025,,BULAKENYA,EGG - ADD ON ,,,,,,,,₱0.00,₱0.00,₱0.00
May 17 2025,,BULAKENYA,EGG - ADD ON ,,,,,,,,₱0.00,₱0.00,₱0.00
May 17 2025,,BULAKENYA,EGG - ADD ON ,,,,,,,,₱0.00,₱0.00,₱0.00
May 17 2025,,BULAKENYA,FISH CAKE - ADD ON ,,,,,,,,₱0.00,₱0.00,₱0.00
May 17 2025,,BULAKENYA,FISH CAKE - ADD ON ,,,,,,,,₱0.00,₱0.00,₱0.00
May 17 2025,,BULAKENYA,SAMGYUP - ADD ON,,,,,,,,₱0.00,₱0.00,₱0.00
May 17 2025, ,BULAKENYA,SAMGYUP - ADD ON,,,,,,,,₱0.00,₱0.00,₱0.00
May 17 2025,,BULAKENYA,CHEESE - ADD ON,,,,,,,,₱0.00,₱0.00,₱0.00
May 17 2025,,BULAKENYA,CHEESE - ADD ON,,,,,,,,₱0.00,₱0.00,₱0.00
May 17 2025,,BULAKENYA,CHEESE - ADD ON,,,,,,,,₱0.00,₱0.00,₱0.00
May 17 2025,,MIKKO SOCO,BEEF GYUDON,,,,,,,,₱0.00,₱0.00,₱0.00
May 17 2025,,MIKKO SOCO,JIN MILD ,,GCASH,2028 7900 22039,,₱150.00,₱70.00,,₱0.00,₱150.00,₱80.00
May 17 2025,,MIKKO SOCO,SAMGYUP - ADD ON,,GCASH,2028 7900 22039,,,,,₱0.00,₱0.00,₱0.00
May 17 2025,,MIKKO SOCO,CHEESE - ADD ON,,GCASH,2028 7900 22039,,,,,₱0.00,₱0.00,₱0.00
May 18 2025,,,BEEF PHO,,CASH,,,,,,₱0.00,₱0.00,₱0.00
May 18 2025,,,BEEF PHO,,CASH,,,,,,₱0.00,₱0.00,₱0.00
May 18 2025,,,CANADA DRY ,,CASH,,,₱58.00,₱41.00,,₱0.00,₱58.00,₱17.00
May 18 2025,,,LAVENDER TEA,,CASH,,,,,,₱0.00,₱0.00,₱0.00
May 18 2025,,,BEEF PHO,,CASH,,,,,,₱0.00,₱0.00,₱0.00
May 18 2025,,,JIN MILD ,,CASH,,,₱150.00,₱70.00,,₱0.00,₱150.00,₱80.00
May 18 2025,,,JIN SPICY,,CASH,,,₱150.00,₱70.00,,₱0.00,₱150.00,₱80.00
May 18 2025,,,CHEESE - ADD ON,,CASH,,,,,,₱0.00,₱0.00,₱0.00
May 18 2025,,,BAHN MI ,,CASH,,,,,,₱0.00,₱0.00,₱0.00
May 18 2025,,,CANADA DRY ,,CASH,,,₱58.00,₱41.00,,₱0.00,₱58.00,₱17.00
May 18 2025,,,COOKIES WALNUT,,CASH,,,,,,₱0.00,₱0.00,₱0.00
May 18 2025,,,COOKIES WALNUT,,CASH,,,,,,₱0.00,₱0.00,₱0.00
May 18 2025,,,COOKIES WALNUT,,CASH,,,,,,₱0.00,₱0.00,₱0.00
May 19 2025,,RUTH SAMSON,CHEESE RAMEN,,CASH,,,₱150.00,₱70.00,,₱0.00,₱150.00,₱80.00
May 19 2025,,RUTH SAMSON,EGG - ADD ON ,,CASH,,,,,,₱0.00,₱0.00,₱0.00
May 19 2025,,RUTH SAMSON,SNAPPLE,,CASH,,,,,,₱0.00,₱0.00,₱0.00
May 19 2025,,DUKE SAMSON,SAMGYUP BOWL,,CASH,,,,,,₱0.00,₱0.00,₱0.00
May 19 2025,,DUKE SAMSON,HONEY CHIA REFRESHER,,CASH,,,₱65.00,,,₱0.00,₱65.00,₱65.00
May 19 2025,,TABLE 1 ,BEEF PHO,,GCASH,4028 84838 7181,,,,,₱0.00,₱0.00,₱0.00
May 19 2025,,TABLE 1 ,BEEF GYUDON,,GCASH,4028 84838 7181,,,,,₱0.00,₱0.00,₱0.00
May 19 2025,,TABLE 1 ,BAHN MI ,,GCASH,4028 84838 7181,,,,,₱0.00,₱0.00,₱0.00
May 19 2025,,TABLE 1 ,HONEY CHIA REFRESHER,,GCASH,4028 84838 7181,,₱65.00,,,₱0.00,₱65.00,₱65.00
May 19 2025,,TABLE 3 ,CANADA DRY ,,CASH,,,₱58.00,₱41.00,,₱0.00,₱58.00,₱17.00
May 19 2025,,TABLE 3 ,BEEF PHO,,CASH,,,,,,₱0.00,₱0.00,₱0.00
May 19 2025,,TABLE 3 ,BEEF GYUDON,,CASH,,,,,,₱0.00,₱0.00,₱0.00
May 19 2025,,KING BORLONGAN,CHEESE RAMEN,,GCASH,5028 85444 8237,,₱150.00,₱70.00,,₱0.00,₱150.00,₱80.00
May 19 2025,,KING BORLONGAN,EGG - ADD ON ,,GCASH,5028 85444 8237,,,,,₱0.00,₱0.00,₱0.00
May 19 2025,,JOY BORLONGAN,BAHN MI ,PLATINUM (Free Pho/ Bahn mi),MEMBERSHIP,,,,,100.00%,₱0.00,0,₱0.00
May 20 2025,,IAN FERNANDEZ,BAHN MI ,,GCASH,0028 873 568058,,,,,₱0.00,₱0.00,₱0.00
May 21 2025,,TABLE 4,JIN MILD ,,CASH,,,₱150.00,₱70.00,,₱0.00,₱150.00,₱80.00
May 21 2025,,TABLE 4,JIN MILD ,,CASH,,,₱150.00,₱70.00,,₱0.00,₱150.00,₱80.00
May 21 2025,,TABLE 4,JIN MILD ,,CASH,,,₱150.00,₱70.00,,₱0.00,₱150.00,₱80.00
May 21 2025,,TABLE 4,EGG - ADD ON ,,CASH,,,,,,₱0.00,₱0.00,₱0.00
May 21 2025,,TABLE 4,EGG - ADD ON ,,CASH,,,,,,₱0.00,₱0.00,₱0.00
May 21 2025,,TABLE 4,C2,,CASH,,,₱20.00,₱17.00,,₱0.00,₱20.00,₱3.00
May 21 2025,,TABLE 4,C2,,CASH,,,₱20.00,₱17.00,,₱0.00,₱20.00,₱3.00
May 21 2025,,TABLE 4,BOTTLED WATER,,CASH,,,,,,₱0.00,₱0.00,₱0.00
May 21 2025,,MARIO REYES,BAHN MI ,PLATINUM (Free Pho/ Bahn mi),MEMBERSHIP,,,,,100.00%,₱0.00,0,₱0.00
May 21 2025,,JOYCE PONDANG,BEEF PHO,,CASH,,,,,,₱0.00,₱0.00,₱0.00
May 21 2025,,JOYCE PONDANG,BEEF PHO,,CASH,,,,,,₱0.00,₱0.00,₱0.00
May 21 2025,,AJ DE GUZMAN,BEEF PHO,,GCASH,7028 9146 40385,,,,,₱0.00,₱0.00,₱0.00
May 21 2025,,AJ DE GUZMAN,SHIN RAMYUN,,GCASH,7028 9146 40385,,₱150.00,₱70.00,,₱0.00,₱150.00,₱80.00
May 21 2025,,AJ DE GUZMAN,FISH CAKE - ADD ON ,,GCASH,,,,,,₱0.00,₱0.00,₱0.00
May 22 2025,,TABLE ,BEEF PHO,,CASH,,,,,,₱0.00,₱0.00,₱0.00
May 22 2025,,TABLE ,JIN MILD ,,GCASH,,,₱150.00,₱70.00,,₱0.00,₱150.00,₱80.00
May 22 2025,,TABLE ,BAHN MI ,,GCASH,,,,,,₱0.00,₱0.00,₱0.00
May 22 2025,,TABLE ,COOKIES,,GCASH,,,₱50.00,,,₱0.00,₱50.00,₱50.00
May 23 2025,,KIM QUETUA,BEEF PHO,PLATINUM (Free Pho/ Bahn mi),MEMBERSHIP,VIP,,,,100.00%,₱0.00,0,₱0.00
May 23 2025,,LEIGH QUETUA,BEEF PHO,PLATINUM (Free Pho/ Bahn mi),MEMBERSHIP,VIP,,,,100.00%,₱0.00,0,₱0.00
May 23 2025,,TABLE 2 ,JIN MILD ,,CASH,,,₱150.00,₱70.00,,₱0.00,₱150.00,₱80.00
May 23 2025,,TABLE 2 ,CHEESE RAMEN,,CASH,,,₱150.00,₱70.00,,₱0.00,₱150.00,₱80.00
May 23 2025,,TABLE 2 ,SAMGYUP - ADD ON,,CASH,,,,,,₱0.00,₱0.00,₱0.00
May 23 2025,,TABLE 2 ,FISH CAKE - ADD ON ,,CASH,,,,,,₱0.00,₱0.00,₱0.00
May 23 2025,,MILLET VENTURA,BEEF PHO,,CASH,,,,,,₱0.00,₱0.00,₱0.00
May 23 2025,,MILLET VENTURA,BAHN MI ,,CASH,,,,,,₱0.00,₱0.00,₱0.00
May 23 2025,,MILLET VENTURA,COKE ZERO,,CASH,,,₱50.00,₱29.00,,₱0.00,₱50.00,₱21.00
May 23 2025,,TABLE 2 ,SHIN RAMYUN,,GCASH,4028 9777 80203,,₱150.00,₱70.00,,₱0.00,₱150.00,₱80.00
May 23 2025,,TABLE 2 ,BEEF PHO,,GCASH,4028 9777 80203,,,,,₱0.00,₱0.00,₱0.00
May 23 2025,,TABLE 2 ,EGG - ADD ON ,,GCASH,4028 9777 80203,,,,,₱0.00,₱0.00,₱0.00
May 23 2025,,KIM JOCSON,BEEF GYUDON,,GCASH,BN-20250523-39396130,,,,,₱0.00,₱0.00,₱0.00
May 23 2025,,KIM JOCSON,BEEF PHO,,GCASH,BN-20250523-39396130,,,,,₱0.00,₱0.00,₱0.00
May 23 2025,,KIM JOCSON,C2,,GCASH,BN-20250523-39396130,,₱20.00,₱17.00,,₱0.00,₱20.00,₱3.00
May 23 2025,,JONA,BULDAK CARBONARA,,GCASH,1028 979 962268,,₱140.00,,,₱0.00,₱140.00,₱140.00
May 23 2025,,ANN,BULDAK CARBONARA,,GCASH,1028 979 962268,,₱140.00,,,₱0.00,₱140.00,₱140.00
May 24 2025,,TABLE 2 ,BAHN MI ,,GCASH,,,,,,₱0.00,₱0.00,₱0.00
May 24 2025,,TABLE 2 ,HONEY CHIA REFRESHER,,GCASH,,,₱65.00,,,₱0.00,₱65.00,₱65.00
May 24 2025,,TABLE 3 ,HONEY CHIA REFRESHER,,GCASH,,,₱65.00,,,₱0.00,₱65.00,₱65.00
May 24 2025,,TABLE 3 ,COOKIES,,GCASH,,,₱50.00,,,₱0.00,₱50.00,₱50.00
May 24 2025,,PTR. GEN,BEEF PHO,,CASH,,,,,,₱0.00,₱0.00,₱0.00
May 24 2025,,PTR. GEN,BEEF PHO,,CASH,,,,,,₱0.00,₱0.00,₱0.00
May 24 2025,,PTR. GEN,,,CASH,COLD BREW,,,,,₱0.00,₱0.00,₱0.00
May 24 2025,,PTR. GEN,BAHN MI ,,CASH,,,,,,₱0.00,₱0.00,₱0.00
May 24 2025,,TABLE 3 ,HONEY CHIA REFRESHER,,GCASH,,,₱65.00,,,₱0.00,₱65.00,₱65.00
May 24 2025,,TABLE 3 ,HONEY CHIA REFRESHER,,GCASH,,,₱65.00,,,₱0.00,₱65.00,₱65.00
May 24 2025,,TABLE 3 ,BAHN MI ,,GCASH,,,,,,₱0.00,₱0.00,₱0.00
May 24 2025,,TABLE 4 ,HONEY CHIA REFRESHER,,GCASH,,,₱65.00,,,₱0.00,₱65.00,₱65.00
May 24 2025,,TABLE 4 ,HONEY CHIA REFRESHER,,GCASH,,,₱65.00,,,₱0.00,₱65.00,₱65.00
May 24 2025,,RUTH SAMSON,CHEESE RAMEN,,CASH,,,₱150.00,₱70.00,,₱0.00,₱150.00,₱80.00
May 24 2025,,RUTH SAMSON,SAMGYUP BOWL,,CASH,,,,,,₱0.00,₱0.00,₱0.00
May 24 2025,,RUTH SAMSON,EGG - ADD ON ,,CASH,,,,,,₱0.00,₱0.00,₱0.00
May 24 2025,,RUTH SAMSON,FISH CAKE - ADD ON ,,CASH,,,,,,₱0.00,₱0.00,₱0.00
May 24 2025,,RUTH SAMSON,SAMGYUP - ADD ON,,CASH,,,,,,₱0.00,₱0.00,₱0.00
May 24 2025,,RUTH SAMSON,SNAPPLE,,CASH,,,,,,₱0.00,₱0.00,₱0.00
May 24 2025,,RUTH SAMSON,COOKIES,,CASH,,,₱50.00,,,₱0.00,₱50.00,₱50.00
May 24 2025,,RUTH SAMSON,HONEY CHIA REFRESHER,,CASH,,,₱65.00,,,₱0.00,₱65.00,₱65.00
May 24 2025,,RUTH SAMSON,COOKIES,,CASH,,,₱50.00,,,₱0.00,₱50.00,₱50.00
May 24 2025,,MACKY TERENO,JIN SPICY,,CASH,,,₱150.00,₱70.00,,₱0.00,₱150.00,₱80.00
May 24 2025,,MACKY TERENO,BEEF PHO,,CASH,,,,,,₱0.00,₱0.00,₱0.00
May 24 2025,,MACKY TERENO,BEEF GYUDON,,CASH,,,,,,₱0.00,₱0.00,₱0.00
May 24 2025,,MACKY TERENO,BAHN MI ,,CASH,,,,,,₱0.00,₱0.00,₱0.00
May 25 2025,,SAM SULMACA ,BEEF PHO,,CASH,,,,,,₱0.00,₱0.00,₱0.00
May 25 2025,,SAM SULMACA ,BAHN MI ,,CASH,,,,,,₱0.00,₱0.00,₱0.00
May 25 2025,,TABLE 2 ,SB DOLCE FRAPPE ,,CASH,,,₱179.00,₱129.00,,₱0.00,₱179.00,₱50.00
May 25 2025,,TABLE 2 ,SB DOLCE FRAPPE ,,CASH,,,₱179.00,₱129.00,,₱0.00,₱179.00,₱50.00
May 25 2025,,GIA MARIE FERNANDEZ,SAMGYUP BOWL,FAMILY (FOOD),C/O RODERICK,,,,,,₱0.00,₱0.00,₱0.00
May 25 2025,,GIA MARIE FERNANDEZ,SHOYU TONKATSU RAMEN,FAMILY (FOOD),C/O RODERICK,,,₱120.00,,,₱0.00,₱120.00,₱120.00
May 25 2025,,GIA MARIE FERNANDEZ,EGG - ADD ON ,FAMILY (FOOD),C/O RODERICK,,,,,,₱0.00,₱0.00,₱0.00
May 25 2025,,GIA MARIE FERNANDEZ,COOKIES,,C/O GIA,,,₱50.00,,,₱0.00,₱50.00,₱50.00
May 25 2025,,GIA MARIE FERNANDEZ,COOKIES,,C/O GIA,,,₱50.00,,,₱0.00,₱50.00,₱50.00
May 25 2025,,GIA MARIE FERNANDEZ,COOKIES,,C/O GIA,,,₱50.00,,,₱0.00,₱50.00,₱50.00
May 26 2025,,KIMBERLY ADVIANO,BEEF PHO,,CASH,,,,,,₱0.00,₱0.00,₱0.00
May 26 2025,,KIMBERLY ADVIANO,BEEF PHO,,CASH,,,,,,₱0.00,₱0.00,₱0.00
May 26 2025,,KIMBERLY ADVIANO,C2,,CASH,,,₱20.00,₱17.00,,₱0.00,₱20.00,₱3.00
May 26 2025,,KIMBERLY ADVIANO,C2,,CASH,,,₱20.00,₱17.00,,₱0.00,₱20.00,₱3.00
May 26 2025,,KIMBERLY ADVIANO,CANADA DRY ,,CASH,,,₱58.00,₱41.00,,₱0.00,₱58.00,₱17.00
May 26 2025,,KIMBERLY ADVIANO,FISH CAKE - ADD ON ,,CASH,,,,,,₱0.00,₱0.00,₱0.00
May 26 2025,,KIMBERLY ADVIANO,FISH CAKE - ADD ON ,,CASH,,,,,,₱0.00,₱0.00,₱0.00
May 26 2025,,KIMBERLY ADVIANO,FISH CAKE - ADD ON ,,CASH,,,,,,₱0.00,₱0.00,₱0.00
May 26 2025,,KIMBERLY ADVIANO,SAMGYUP - ADD ON,,CASH,,,,,,₱0.00,₱0.00,₱0.00
May 26 2025,,KIMBERLY ADVIANO,SAMGYUP - ADD ON,,CASH,,,,,,₱0.00,₱0.00,₱0.00
May 26 2025,,KIMBERLY ADVIANO,SAMGYUP - ADD ON,,CASH,,,,,,₱0.00,₱0.00,₱0.00
May 26 2025,,JOJO DALISAY,CHEESE RAMEN,,CASH,,,₱150.00,₱70.00,,₱0.00,₱150.00,₱80.00
May 26 2025,,KELVIN CLEMENTE,JASMINE TEA,,GCASH,29071400789,,,,,₱0.00,₱0.00,₱0.00
May 26 2025,,GIA MARIE FERNANDEZ,COOKIES,,C/O GIA,,,₱50.00,,,₱0.00,₱50.00,₱50.00
May 26 2025,,TRISHIA FERNANDEZ,COOKIES,,C/O GIA,,,₱50.00,,,₱0.00,₱50.00,₱50.00
May 26 2025,,JOJO DALISAY,COOKIES,,C/O GIA,,,₱50.00,,,₱0.00,₱50.00,₱50.00
May 27 2025,,HARLENE SANTOS,BULDAK CARBONARA,,CASH,,,₱140.00,,,₱0.00,₱140.00,₱140.00
May 27 2025,,HARLENE SANTOS,BULDAK CARBONARA,,CASH,,,₱140.00,,,₱0.00,₱140.00,₱140.00
May 27 2025,,HARLENE SANTOS,FISH CAKE - ADD ON ,,CASH,,,,,,₱0.00,₱0.00,₱0.00
May 27 2025,,HARLENE SANTOS,FISH CAKE - ADD ON ,,CASH,,,,,,₱0.00,₱0.00,₱0.00
May 27 2025,,HARLENE SANTOS,FISH CAKE - ADD ON ,,CASH,,,,,,₱0.00,₱0.00,₱0.00
May 27 2025,,HARLENE SANTOS,FISH CAKE - ADD ON ,,CASH,,,,,,₱0.00,₱0.00,₱0.00
May 27 2025,,HARLENE SANTOS,FISH CAKE - ADD ON ,,CASH,,,,,,₱0.00,₱0.00,₱0.00
May 27 2025,,CHAIR 1 ,JIN MILD ,,CASH,,,₱150.00,₱70.00,,₱0.00,₱150.00,₱80.00
May 27 2025,,EDWARD FERNANDEZ,JIN MILD ,,GCASH,7029101682877,,₱150.00,₱70.00,,₱0.00,₱150.00,₱80.00
May 28 2025,,ASHLEY GARCIA,BULDAK CARBONARA,,CASH,,,₱140.00,,,₱0.00,₱140.00,₱140.00
May 28 2025,,TABLE 1 ,JIN MILD ,,CASH,,,₱150.00,₱70.00,,₱0.00,₱150.00,₱80.00
May 28 2025,,TABLE 1 ,JIN MILD ,,CASH,,,₱150.00,₱70.00,,₱0.00,₱150.00,₱80.00
May 28 2025,,TABLE 1 ,SAMGYUP - ADD ON,,CASH,,,,,,₱0.00,₱0.00,₱0.00
May 28 2025,,TABLE 1 ,SAMGYUP - ADD ON,,CASH,,,,,,₱0.00,₱0.00,₱0.00
May 28 2025,,TABLE 1 ,SAMGYUP - ADD ON,,CASH,,,,,,₱0.00,₱0.00,₱0.00
May 28 2025,,TABLE 1 ,EGG - ADD ON ,,CASH,,,,,,₱0.00,₱0.00,₱0.00
May 28 2025,,TABLE 3 ,BEEF PHO,,CASH,,,,,,₱0.00,₱0.00,₱0.00
May 28 2025,,TABLE 3 ,BEEF PHO,,CASH,,,,,,₱0.00,₱0.00,₱0.00
May 28 2025,,TABLE 3 ,BEEF PHO,,CASH,,,,,,₱0.00,₱0.00,₱0.00
May 28 2025,,TABLE 3 ,COKE REGULAR ,,CASH,,,₱50.00,₱29.00,,₱0.00,₱50.00,₱21.00
May 28 2025,,TABLE 3 ,BAHN MI ,,CASH,,,,,,₱0.00,₱0.00,₱0.00
May 28 2025,,TABLE 3 ,BAHN MI ,,CASH,,,,,,₱0.00,₱0.00,₱0.00
May 28 2025,,ZOE DOMINGO,BAHN MI ,,CASH,,,,,,₱0.00,₱0.00,₱0.00
May 28 2025,,ZOE DOMINGO,COKE REGULAR ,,CASH,,,₱50.00,₱29.00,,₱0.00,₱50.00,₱21.00
May 28 2025,,ZOE DOMINGO,CHEESE RAMEN,,CASH,,,₱150.00,₱70.00,,₱0.00,₱150.00,₱80.00
May 28 2025,,ZOE DOMINGO,EGG - ADD ON ,,CASH,,,,,,₱0.00,₱0.00,₱0.00
May 29 2025,,ANN DALISAY,CHEESE RAMEN,PLATINUM (Free Pho/ Bahn mi),MEMBERSHIP,,,₱150.00,₱70.00,100.00%,₱150.00,0,-₱220.00
May 29 2025,,JOJO DALISAY,ADOBO FLAKES ,,CASH,,,,,,₱0.00,₱0.00,₱0.00
May 29 2025,,ANN DALISAY,SAMGYUP BOWL,,CASH,,,,,,₱0.00,₱0.00,₱0.00
May 29 2025,,ANN DALISAY,BEEF PHO,PLATINUM (Free Pho/ Bahn mi),MEMBERSHIP,,,,,100.00%,₱0.00,0,₱0.00
May 30 2025,,JONA SANTOS,BULDAK CARBONARA,,CASH,,,₱140.00,,,₱0.00,₱140.00,₱140.00
May 30 2025,,ANN MANUEL,BULDAK CARBONARA,,CASH,,,₱140.00,,,₱0.00,₱140.00,₱140.00
May 30 2025,,TABLE 3 ,JIN MILD ,,CASH,,,₱150.00,₱70.00,,₱0.00,₱150.00,₱80.00
May 30 2025,,TABLE 3 ,JIN MILD ,,CASH,,,₱150.00,₱70.00,,₱0.00,₱150.00,₱80.00
May 30 2025,,TABLE 3 ,JIN MILD ,,CASH,,,₱150.00,₱70.00,,₱0.00,₱150.00,₱80.00
May 30 2025,,TABLE 3 ,JIN MILD ,,CASH,,,₱150.00,₱70.00,,₱0.00,₱150.00,₱80.00
May 30 2025,,TABLE 3 ,JIN MILD ,,CASH,,,₱150.00,₱70.00,,₱0.00,₱150.00,₱80.00
May 30 2025,,TABLE 3 ,SAMGYUP - ADD ON,,CASH,,,,,,₱0.00,₱0.00,₱0.00
May 30 2025,,TABLE 3 ,SAMGYUP - ADD ON,,CASH,,,,,,₱0.00,₱0.00,₱0.00
May 30 2025,,TABLE 3 ,SAMGYUP - ADD ON,,CASH,,,,,,₱0.00,₱0.00,₱0.00
May 30 2025,,TABLE 3 ,SAMGYUP - ADD ON,,CASH,,,,,,₱0.00,₱0.00,₱0.00
May 30 2025,,TABLE 3 ,SAMGYUP - ADD ON,,CASH,,,,,,₱0.00,₱0.00,₱0.00
May 30 2025,,TABLE 3 ,EGG - ADD ON ,,CASH,,,,,,₱0.00,₱0.00,₱0.00
May 30 2025,,TABLE 3 ,FISH CAKE - ADD ON ,,CASH,,,,,,₱0.00,₱0.00,₱0.00
May 30 2025,,TABLE 3 ,COOKIES WALNUT,,CASH,,,,,,₱0.00,₱0.00,₱0.00
May 30 2025,,TABLE 3 ,HONEY CHIA REFRESHER,,CASH,,,₱65.00,,,₱0.00,₱65.00,₱65.00
May 30 2025,,TABLE 2 ,COOKIES WALNUT,,CASH,,,,,,₱0.00,₱0.00,₱0.00
May 30 2025,,TABLE 2 ,BEEF GYUDON,,CASH,,,,,,₱0.00,₱0.00,₱0.00
May 30 2025,,TABLE 2 ,CURRY RICE,,CASH,,,,,,₱0.00,₱0.00,₱0.00
May 30 2025,,TABLE 2 ,CHEESE RAMEN,,CASH,,,₱150.00,₱70.00,,₱0.00,₱150.00,₱80.00
May 30 2025,,TABLE 2 ,COKE ZERO,,CASH,,,₱50.00,₱29.00,,₱0.00,₱50.00,₱21.00
May 30 2025,,TABLE 2 ,CANADA DRY ,,CASH,,,₱58.00,₱41.00,,₱0.00,₱58.00,₱17.00
May 31 2025,,KATH FUENTE,JIN MILD ,,CASH,,,₱150.00,₱70.00,,₱0.00,₱150.00,₱80.00
"June 1, 2025",,VINCE,COKE REGULAR ,,CASH,,,₱50.00,₱29.00,,₱0.00,₱50.00,₱21.00
"June 1, 2025",,VINCE,COKE REGULAR ,,CASH,,,₱50.00,₱29.00,,₱0.00,₱50.00,₱21.00
"June 1, 2025",,VINCE,BEEF PHO,,CASH,,,,,,₱0.00,₱0.00,₱0.00
"June 1, 2025",,VINCE,BEEF PHO,,CASH,,,,,,₱0.00,₱0.00,₱0.00
"June 1, 2025",,THERESE SAYO,BEEF PHO,,CASH,,,,,,₱0.00,₱0.00,₱0.00
"June 1, 2025",,THERESE SAYO,JIN MILD ,,CASH,,,₱150.00,₱70.00,,₱0.00,₱150.00,₱80.00
"June 1, 2025",,THERESE SAYO,COOKIES CHOCO CHIP,,CASH,,,,,,₱0.00,₱0.00,₱0.00
"June 1, 2025",,THERESE SAYO,JIN MILD ,,CASH,,,₱150.00,₱70.00,,₱0.00,₱150.00,₱80.00
"June 1, 2025",,TABLE 1 ,JIN MILD ,,GCASH,,,₱150.00,₱70.00,,₱0.00,₱150.00,₱80.00
"June 1, 2025",,TABLE 1 ,HONEY CHIA REFRESHER,,GCASH,,,₱65.00,,,₱0.00,₱65.00,₱65.00
"June 1, 2025",,TABLE 1 ,HONEY CHIA REFRESHER,,GCASH,,,₱65.00,,,₱0.00,₱65.00,₱65.00
"June 1, 2025",,TABLE 1 ,C2,,CASH,,,₱20.00,₱17.00,,₱0.00,₱20.00,₱3.00
"June 1, 2025",,TABLE 2,BULDAK CARBONARA,,CASH,,,₱140.00,,,₱0.00,₱140.00,₱140.00
"June 1, 2025",,TABLE 2,SHIN RAMYUN,,CASH,,,₱150.00,₱70.00,,₱0.00,₱150.00,₱80.00
"June 1, 2025",,TABLE 2,CHEESE - ADD ON,,CASH,,,,,,₱0.00,₱0.00,₱0.00
"June 1, 2025",,TABLE 2,CHEESE - ADD ON,,CASH,,,,,,₱0.00,₱0.00,₱0.00
"June 1, 2025",,TABLE 2,FISH CAKE - ADD ON ,,CASH,,,,,,₱0.00,₱0.00,₱0.00
"June 1, 2025",,TABLE 2,FISH CAKE - ADD ON ,,CASH,,,,,,₱0.00,₱0.00,₱0.00
"June 1, 2025",,TABLE 2,EGG - ADD ON ,,CASH,,,,,,₱0.00,₱0.00,₱0.00
"June 1, 2025",,TABLE 2,EGG - ADD ON ,,CASH,,,,,,₱0.00,₱0.00,₱0.00
"June 1, 2025",,TABLE 2,SAMGYUP - ADD ON,,CASH,,,,,,₱0.00,₱0.00,₱0.00
"June 1, 2025",,TABLE 2,SAMGYUP - ADD ON,,CASH,,,,,,₱0.00,₱0.00,₱0.00
"June 1, 2025",,TABLE 2,CANADA DRY ,,CASH,,,₱58.00,₱41.00,,₱0.00,₱58.00,₱17.00
"June 1, 2025",,TABLE 2,COKE ZERO,,CASH,,,₱50.00,₱29.00,,₱0.00,₱50.00,₱21.00
"June 1, 2025",,TABLE 2,HONEY CHIA REFRESHER,,CASH,,,₱65.00,,,₱0.00,₱65.00,₱65.00
"June 1, 2025",,COSTUMER ,C2,,CASH,,,₱20.00,₱17.00,,₱0.00,₱20.00,₱3.00
,,,,,,,,,,,₱0.00,₱0.00,₱0.00
"June 2, 2025",,PTR. ERICK FERNANDEZ,BEEF GYUDON,FAMILY (FOOD),C/O RODERICK,,,,,,₱0.00,₱0.00,₱0.00
"June 2, 2025",,PTR. ERICK FERNANDEZ,BEEF GYUDON,FAMILY (FOOD),C/O RODERICK,,,,,,₱0.00,₱0.00,₱0.00
"June 2, 2025",,PTR. ERICK FERNANDEZ,COOKIES WALNUT,FAMILY (FOOD),C/O RODERICK,,,,,,₱0.00,₱0.00,₱0.00
"June 2, 2025",,PTR. ERICK FERNANDEZ,COOKIES WALNUT,FAMILY (FOOD),C/O RODERICK,,,,,,₱0.00,₱0.00,₱0.00
"June 2, 2025",,PTR. ERICK FERNANDEZ,HONEY CHIA REFRESHER,FAMILY (FOOD),C/O RODERICK,,,₱65.00,,,₱0.00,₱65.00,₱65.00
"June 2, 2025",,GIA MARIE FERNANDEZ,COOKIES WALNUT,FAMILY (FOOD),C/O GIA,,,,,,₱0.00,₱0.00,₱0.00
"June 2, 2025",,ANN DALISAY,CHEESE RAMEN,,CASH,,,₱150.00,₱70.00,,₱0.00,₱150.00,₱80.00
"June 2, 2025",,ANN DALISAY,BULDAK CARBONARA,,CASH,,,₱140.00,,,₱0.00,₱140.00,₱140.00
"June 2, 2025",,ANN DALISAY,SAMGYUP - ADD ON,,CASH,,,,,,₱0.00,₱0.00,₱0.00
"June 2, 2025",,ANN DALISAY,EGG - ADD ON ,,CASH,,,,,,₱0.00,₱0.00,₱0.00
"June 2, 2025",,BANKO,BEEF PHO,,CASH,,,,,,₱0.00,₱0.00,₱0.00
"June 2, 2025",,BANKO,BEEF PHO,,CASH,,,,,,₱0.00,₱0.00,₱0.00
"June 2, 2025",,BANKO,BEEF PHO,,CASH,,,,,,₱0.00,₱0.00,₱0.00
"June 2, 2025",,GIA MARIE FERNANDEZ,SAMGYUP BOWL,,C/O GIA,,,,,,₱0.00,₱0.00,₱0.00
"June 2, 2025",,GIA MARIE FERNANDEZ,BULDAK CARBONARA,,C/O GIA,,,₱140.00,,,₱0.00,₱140.00,₱140.00
"June 2, 2025",,GIA MARIE FERNANDEZ,CHEESE - ADD ON,,C/O GIA,,,,,,₱0.00,₱0.00,₱0.00
"June 2, 2025",,GIA MARIE FERNANDEZ,CHEESE - ADD ON,,C/O GIA,,,,,,₱0.00,₱0.00,₱0.00
"June 2, 2025",,GIA MARIE FERNANDEZ,HONEY CHIA REFRESHER,,C/O GIA,,,₱65.00,,,₱0.00,₱65.00,₱65.00
"June 2, 2025",,ANN DALISAY,EGG - ADD ON ,,CASH,,,,,,₱0.00,₱0.00,₱0.00
"June 2, 2025",,ANN DALISAY,CHEESE RAMEN,PLATINUM (Free Pho/ Bahn mi),MEMBERSHIP,,,₱150.00,₱70.00,100.00%,₱150.00,0,-₱220.00
,,,,,,,,,,,,,
"June 3, 2025",,LE NAIL CLIENT ,HONEY CHIA REFRESHER,,GCASH,,,₱65.00,,,₱0.00,₱65.00,₱65.00
"June 3, 2025",,LE NAIL CLIENT ,BEEF PHO,,GCASH,,,,,,₱0.00,₱0.00,₱0.00
"June 3, 2025",,LE NAIL CLIENT ,BEEF GYUDON,,GCASH,,,,,,₱0.00,₱0.00,₱0.00
"June 3, 2025",,LE NAIL CLIENT ,EGG - ADD ON ,,CASH,,,,,,₱0.00,₱0.00,₱0.00
"June 3, 2025",,LE NAIL CLIENT ,COOKIES WALNUT,,CASH,,,,,,₱0.00,₱0.00,₱0.00
"June 3, 2025",,DUKE SAMSON,SAMGYUP BOWL,,CASH,,,,,,₱0.00,₱0.00,₱0.00
"June 3, 2025",,DUKE SAMSON,COOKIES WALNUT,,CASH,,,,,,₱0.00,₱0.00,₱0.00
"June 3, 2025",,DUKE SAMSON,HONEY CHIA REFRESHER,,CASH,,,₱65.00,,,₱0.00,₱65.00,₱65.00
,,,,,,,,,,,₱0.00,₱0.00,₱0.00
"June 4, 2025",,ANGELICA SANTOS,SAMGYUP BOWL,,CASH,,,,,,₱0.00,₱0.00,₱0.00
"June 4, 2025",,GIA MARIE FERNANDEZ,SAMGYUP BOWL,,C/O GIA,,,,,,₱0.00,₱0.00,₱0.00
"June 4, 2025",,GIA MARIE FERNANDEZ,COOKIES WALNUT,,C/O GIA,,,,,,₱0.00,₱0.00,₱0.00
"June 4, 2025",,TABLE 3,HONEY CHIA REFRESHER,,CASH,,,₱65.00,,,₱0.00,₱65.00,₱65.00
"June 4, 2025",,TABLE 3,HONEY CHIA REFRESHER,,CASH,,,₱65.00,,,₱0.00,₱65.00,₱65.00
,,,,,,,,,,,₱0.00,₱0.00,₱0.00
"June 5, 2025",,TABLE 4 ,BEEF PHO,,CASH,,,,,,₱0.00,₱0.00,₱0.00
"June 5, 2025",,TABLE 4 ,GREEN TEA,,CASH,,,₱60.00,,,₱0.00,₱60.00,₱60.00
"June 5, 2025",,TABLE 4 ,COOKIES WALNUT,,CASH,,,,,,₱0.00,₱0.00,₱0.00
"June 5, 2025",,HAYDEE LIM,COOKIES CHOCO CHIP,,GCASH,8029390629137,,,,,₱0.00,₱0.00,₱0.00
"June 5, 2025",,HAYDEE LIM,ADOBO FLAKES ,,GCASH,8029390629137,,,,,₱0.00,₱0.00,₱0.00
"June 5, 2025",,HAYDEE LIM,HONEY CHIA REFRESHER,,GCASH,8029390629137,,₱65.00,,,₱0.00,₱65.00,₱65.00
"June 5, 2025",,HAYDEE LIM,HONEY CHIA REFRESHER,,GCASH,8029390629137,,₱65.00,,,₱0.00,₱65.00,₱65.00
"June 5, 2025",,HAYDEE LIM,SHOYU TONKATSU RAMEN,,GCASH,8029390629137,,₱120.00,,,₱0.00,₱120.00,₱120.00
"June 5, 2025",,JOEY JAVIER,SAMGYUP BOWL,,CASH,,,,,,₱0.00,₱0.00,₱0.00
"June 5, 2025",,PINKY JAVIER,BEEF GYUDON,,CASH,,,,,,₱0.00,₱0.00,₱0.00
"June 5, 2025",,JAI GUERRERO,HONEY CHIA REFRESHER,,CASH,,,₱65.00,,,₱0.00,₱65.00,₱65.00
,,,,,,,,,,,₱0.00,₱0.00,₱0.00
"June 6, 2025",,TABLE 2 ,HONEY CHIA REFRESHER,,CASH,,,₱65.00,,,₱0.00,₱65.00,₱65.00
"June 6, 2025",,TABLE 2 ,HONEY CHIA REFRESHER,,CASH,,,₱65.00,,,₱0.00,₱65.00,₱65.00
"June 6, 2025",,JANIS LUMAGUI,BULDAK CARBONARA,PLATINUM (Free Pho/ Bahn mi),MEMBERSHIP,,,₱140.00,,100.00%,₱140.00,0,-₱140.00
"June 6, 2025",,TABLE 4,SAMGYUP BOWL,,CASH,,,,,,₱0.00,₱0.00,₱0.00
"June 6, 2025",,TABLE 4,SAMGYUP BOWL,,CASH,,,,,,₱0.00,₱0.00,₱0.00
"June 6, 2025",,MARIO REYES,COOKIES CHOCO CHIP,PLATINUM (Free Pho/ Bahn mi),MEMBERSHIP,,,,,100.00%,₱0.00,0,₱0.00
"June 6, 2025",,MARIO REYES,CANADA DRY ,PLATINUM (Free Pho/ Bahn mi),MEMBERSHIP,,,₱58.00,₱41.00,100.00%,₱58.00,0,-₱99.00
"June 6, 2025",,TABLE 3,COOKIES CHOCO CHIP,,CASH,,,,,,₱0.00,₱0.00,₱0.00
"June 6, 2025",,TABLE 3,COOKIES CHOCO CHIP,,CASH,,,,,,₱0.00,₱0.00,₱0.00
"June 6, 2025",,TABLE 3,CAPPUCINO CORTO,,CASH,,,,,,₱0.00,₱0.00,₱0.00
"June 6, 2025",,TABLE 3,CAPPUCINO CORTO,,CASH,,,,,,₱0.00,₱0.00,₱0.00
"June 6, 2025",,REMS CASTRO,JIN MILD ,,GCASH,,,₱150.00,₱70.00,,₱0.00,₱150.00,₱80.00
"June 6, 2025",,REMS CASTRO,EGG - ADD ON ,,GCASH,,,,,,₱0.00,₱0.00,₱0.00
"June 6, 2025",,REMS CASTRO,KIMCHI,,GCASH,,,,,,₱0.00,₱0.00,₱0.00
"June 6, 2025",,REMS CASTRO,SAMGYUP BOWL,,GCASH,,,,,,₱0.00,₱0.00,₱0.00
,,,,,,,,,,,₱0.00,₱0.00,₱0.00
"June 7, 2025",,TABLE 1,SAMGYUP BOWL,,GCASH,2029449433990,,,,,₱0.00,₱0.00,₱0.00
"June 7, 2025",,TABLE 1,SAMGYUP BOWL,,GCASH,2029449433990,,,,,₱0.00,₱0.00,₱0.00
"June 7, 2025",,TABLE 1,COOKIES WALNUT,,GCASH,2029449433990,,,,,₱0.00,₱0.00,₱0.00
"June 7, 2025",,LOUIE GABOY ,CAFE LATTE,,CASH,,,₱80.00,,,₱0.00,₱80.00,₱80.00
"June 7, 2025",,DIVINA ISO,ZARU SOBA,,CASH,,,₱150.00,,,₱0.00,₱150.00,₱150.00
"June 7, 2025",,DIVINA ISO,BEEF PHO,PLATINUM (Free Pho/ Bahn mi),MEMBERSHIP,,,,,100.00%,₱0.00,0,₱0.00
"June 7, 2025",,DIVINA ISO,SAMGYUP BOWL,,CASH,,,,,,₱0.00,₱0.00,₱0.00
"June 7, 2025",,MANUEL VARBEVEM ,SAMGYUP BOWL,,CASH,,,,,,₱0.00,₱0.00,₱0.00
,,,,,,,,,,,₱0.00,₱0.00,₱0.00
"June 9, 2025",,PTR. KING BORLONGAN,JIN MILD ,,GCASH,,,₱150.00,₱70.00,,₱0.00,₱150.00,₱80.00
"June 9, 2025",,PTR. KING BORLONGAN,JIN MILD ,,GCASH,,,₱150.00,₱70.00,,₱0.00,₱150.00,₱80.00
"June 9, 2025",,PTR. KING BORLONGAN,ADD ON - KIMCHI,,GCASH,,,,,,₱0.00,₱0.00,₱0.00
"June 9, 2025",,PTR. KING BORLONGAN,ADD ON - KIMCHI,,GCASH,,,,,,₱0.00,₱0.00,₱0.00
"June 9, 2025",,PTR. KING BORLONGAN,EGG - ADD ON ,,GCASH,,,,,,₱0.00,₱0.00,₱0.00
"June 9, 2025",,PTR. KING BORLONGAN,EGG - ADD ON ,,GCASH,,,,,,₱0.00,₱0.00,₱0.00
"June 9, 2025",,PTR. KING BORLONGAN,HONEY CHIA REFRESHER,,GCASH,,,₱65.00,,,₱0.00,₱65.00,₱65.00
"June 9, 2025",,PTR. KING BORLONGAN,LAVENDER TEA,,GCASH,,,,,,₱0.00,₱0.00,₱0.00
"June 9, 2025",,JHOANNA FUSTER,COOKIES CHOCO CHIP,,GCASH,,,,,,₱0.00,₱0.00,₱0.00
"June 9, 2025",,JHOANNA FUSTER,COOKIES WALNUT,,GCASH,,,,,,₱0.00,₱0.00,₱0.00
"June 9, 2025",,JHOANNA FUSTER,SHOYU TONKATSU RAMEN,,C/O GIA,,,₱120.00,,,₱0.00,₱120.00,₱120.00
"June 9, 2025",,JHOANNA FUSTER,SHOYU TONKATSU RAMEN,,C/O GIA,,,₱120.00,,,₱0.00,₱120.00,₱120.00
"June 9, 2025",,TABLE 4,JIN MILD ,,CASH,,,₱150.00,₱70.00,,₱0.00,₱150.00,₱80.00
"June 9, 2025",,TABLE 4,BULDAK CARBONARA,,CASH,,,₱140.00,,,₱0.00,₱140.00,₱140.00
"June 9, 2025",,TABLE 4,SAMGYUP - ADD ON,,CASH,,,,,,₱0.00,₱0.00,₱0.00
"June 9, 2025",,TABLE 4,SAMGYUP - ADD ON,,CASH,,,,,,₱0.00,₱0.00,₱0.00
"June 9, 2025",,TABLE 4,CHEESE - ADD ON,,CASH,,,,,,₱0.00,₱0.00,₱0.00
"June 9, 2025",,TABLE 4,C2,,CASH,,,₱20.00,₱17.00,,₱0.00,₱20.00,₱3.00
"June 9, 2025",,TABLE 4,C2,,CASH,,,₱20.00,₱17.00,,₱0.00,₱20.00,₱3.00
"June 9, 2025",,TABLE 4,ADD ON - KIMCHI,,CASH,,,,,,₱0.00,₱0.00,₱0.00
"June 9, 2025",,TABLE 4,EGG - ADD ON ,,CASH,,,,,,₱0.00,₱0.00,₱0.00
"June 9, 2025",,TABLE 4,SHIN RAMYUN,,GCASH,,,₱150.00,₱70.00,,₱0.00,₱150.00,₱80.00
"June 9, 2025",,TABLE 4,EGG - ADD ON ,,GCASH,,,,,,₱0.00,₱0.00,₱0.00
"June 9, 2025",,TABLE 4,COKE ZERO,,GCASH,,,₱50.00,₱29.00,,₱0.00,₱50.00,₱21.00
"June 9, 2025",,DORIS FUSTER,BEEF PHO,,CASH,,,,,,₱0.00,₱0.00,₱0.00
"June 9, 2025",,DORIS FUSTER,BEEF PHO,,CASH,,,,,,₱0.00,₱0.00,₱0.00
"June 9, 2025",,DORIS FUSTER,SAMGYUP BOWL,,CASH,,,,,,₱0.00,₱0.00,₱0.00
"June 9, 2025",,DORIS FUSTER,COOKIES WALNUT,,CASH,,,,,,₱0.00,₱0.00,₱0.00
"June 9, 2025",,DORIS FUSTER,COOKIES CHOCO CHIP,,CASH,,,,,,₱0.00,₱0.00,₱0.00
,,,,,,,,,,,₱0.00,₱0.00,₱0.00
"June 10, 2025",,,SAMGYUP BOWL,,CASH,,,,,,₱0.00,₱0.00,₱0.00
"June 10, 2025",,,C2,,CASH,,,₱20.00,₱17.00,,₱0.00,₱20.00,₱3.00
"June 10, 2025",,,C2,,CASH,,,₱20.00,₱17.00,,₱0.00,₱20.00,₱3.00
"June 10, 2025",,,COOKIES CHOCO CHIP,,CASH,,,,,,₱0.00,₱0.00,₱0.00
"June 10, 2025",,,COOKIES CHOCO CHIP,,CASH,,,,,,₱0.00,₱0.00,₱0.00
"June 10, 2025",,,SHOYU TONKATSU RAMEN,,CASH,,,₱120.00,,,₱0.00,₱120.00,₱120.00
"June 10, 2025",,,SB DOLCE FRAPPE ,,CASH,,,₱179.00,₱129.00,,₱0.00,₱179.00,₱50.00
"June 10, 2025",,,BEEF PHO,,CASH,,,,,,₱0.00,₱0.00,₱0.00
"June 10, 2025",,,SAMGYUP BOWL,,CASH,,,,,,₱0.00,₱0.00,₱0.00
"June 10, 2025",,,CAFE LATTE,,CASH,,,₱80.00,,,₱0.00,₱80.00,₱80.00
"June 10, 2025",,,NACHOS,,CASH,,,₱120.00,,,₱0.00,₱120.00,₱120.00
,,,,,,,,,,,₱0.00,₱0.00,₱0.00
"June 11, 2025",,,HONEY CHIA REFRESHER,,CASH,,,₱65.00,,,₱0.00,₱65.00,₱65.00
"June 11, 2025",,,CANADA DRY ,,CASH,,,₱58.00,₱41.00,,₱0.00,₱58.00,₱17.00
"June 11, 2025",,,HONEY CHIA REFRESHER,,CASH,,,₱65.00,,,₱0.00,₱65.00,₱65.00
"June 11, 2025",,,FRENCH FRIES,,CASH,,,₱60.00,,,₱0.00,₱60.00,₱60.00
"June 11, 2025",,,SAMGYUP BOWL,,CASH,,,,,,₱0.00,₱0.00,₱0.00
"June 11, 2025",,,BEEF PHO,,CASH,,,,,,₱0.00,₱0.00,₱0.00
,,,,,,,,,,,₱0.00,₱0.00,₱0.00
June 12 2025,,MONMA,CAFE LATTE,,CASH,,,₱80.00,,,₱0.00,₱80.00,₱80.00
June 12 2025,,MONMA,CAFE LATTE,,CASH,,,₱80.00,,,₱0.00,₱80.00,₱80.00
June 12 2025,,MONMA,CAFE LATTE,,CASH,,,₱80.00,,,₱0.00,₱80.00,₱80.00
June 12 2025,,MONMA,CAFE LATTE,,CASH,,,₱80.00,,,₱0.00,₱80.00,₱80.00
June 12 2025,,DRA. SAYO,CAFE LATTE,,CASH,,,₱80.00,,,₱0.00,₱80.00,₱80.00
June 12 2025,,DRA. SAYO,CAFE LATTE,,CASH,,,₱80.00,,,₱0.00,₱80.00,₱80.00
June 12 2025,,DRA. SAYO,CAFE LATTE,,CASH,,,₱80.00,,,₱0.00,₱80.00,₱80.00
June 12 2025,,DRA. SAYO,BEEF PHO,,CASH,,,,,,₱0.00,₱0.00,₱0.00
June 12 2025,,DRA. SAYO,ADOBO FLAKES ,,CASH,,,,,,₱0.00,₱0.00,₱0.00
June 12 2025,,DRA. SAYO,SHOYU TONKATSU RAMEN,,CASH,,,₱120.00,,,₱0.00,₱120.00,₱120.00
June 12 2025,,DRA. SAYO,SHOYU TONKATSU RAMEN,,CASH,,,₱120.00,,,₱0.00,₱120.00,₱120.00
June 12 2025,,ASH,C2,,CASH,,,₱20.00,₱17.00,,₱0.00,₱20.00,₱3.00
June 12 2025,,ASH,C2,,CASH,,,₱20.00,₱17.00,,₱0.00,₱20.00,₱3.00
,,,,,,,,,,,₱0.00,₱0.00,₱0.00
June 13 2025,,Audrey Rose,C2,,CASH,,,₱20.00,₱17.00,,₱0.00,₱20.00,₱3.00
June 13 2025,,Audrey Rose,BROWNIES,,CASH,,,₱170.00,₱140.00,,₱0.00,₱170.00,₱30.00
June 13 2025,,Audrey Rose,COOKIES CHOCO CHIP,,CASH,,,,,,₱0.00,₱0.00,₱0.00
June 13 2025,,Audrey Rose,BEEF PHO,,CASH,,,,,,₱0.00,₱0.00,₱0.00
June 13 2025,,Customer 1,BOTTLED WATER,,CASH,,,,,,₱0.00,₱0.00,₱0.00
June 13 2025,,Jen Del Rosario,ADOBO FLAKES ,,CASH,,,,,,₱0.00,₱0.00,₱0.00
June 13 2025,,Jen Del Rosario,ADOBO FLAKES ,,CASH,,,,,,₱0.00,₱0.00,₱0.00
June 13 2025,,Jen Del Rosario,C2,,CASH,,,₱20.00,₱17.00,,₱0.00,₱20.00,₱3.00
,,,,,,,,,,,₱0.00,₱0.00,₱0.00
June 14 2025,,Customer 1,BEEF PHO,,CASH,,,,,,₱0.00,₱0.00,₱0.00
June 14 2025,,Customer 1,BROWNIES,,CASH,,,₱170.00,₱140.00,,₱0.00,₱170.00,₱30.00
June 14 2025,,Domingo,HONEY CHIA REFRESHER,,CASH,,,₱65.00,,,₱0.00,₱65.00,₱65.00
June 14 2025,,Domingo,HONEY CHIA REFRESHER,,CASH,,,₱65.00,,,₱0.00,₱65.00,₱65.00
June 14 2025,,Domingo,ADOBO FLAKES ,,CASH,,,,,,₱0.00,₱0.00,₱0.00
June 14 2025,,Domingo,ADOBO FLAKES ,,CASH,,,,,,₱0.00,₱0.00,₱0.00
June 14 2025,,Domingo,BEEF PHO,,CASH,,,,,,₱0.00,₱0.00,₱0.00
June 14 2025,,Domingo,BEEF PHO,,CASH,,,,,,₱0.00,₱0.00,₱0.00
June 14 2025,,Pastor Erick,SAMGYUP BOWL,FAMILY (FOOD),C/O RODERICK,,,,,,₱0.00,₱0.00,₱0.00
June 14 2025,,Pastor Erick,SAMGYUP BOWL,FAMILY (FOOD),C/O RODERICK,,,,,,₱0.00,₱0.00,₱0.00
June 14 2025,,Pastor Erick,BROWNIES,FAMILY (FOOD),C/O RODERICK,,,₱170.00,₱140.00,,₱0.00,₱170.00,₱30.00
June 14 2025,,Pastor Erick,BROWNIES,FAMILY (FOOD),C/O RODERICK,,,₱170.00,₱140.00,,₱0.00,₱170.00,₱30.00
June 14 2025,,Pastor Erick,BEEF GYUDON,FAMILY (FOOD),C/O RODERICK,,,,,,₱0.00,₱0.00,₱0.00
June 14 2025,,Pastor Erick,BEEF GYUDON,FAMILY (FOOD),C/O RODERICK,,,,,,₱0.00,₱0.00,₱0.00
June 14 2025,,Pastor Erick,ADD ON - KIMCHI,FAMILY (FOOD),C/O RODERICK,,,,,,₱0.00,₱0.00,₱0.00
June 14 2025,,Pastor Erick,BEEF PHO,FAMILY (FOOD),C/O RODERICK,,,,,,₱0.00,₱0.00,₱0.00
June 14 2025,,Pastor Erick,ADOBO FLAKES ,FAMILY (FOOD),C/O RODERICK,,,,,,₱0.00,₱0.00,₱0.00
June 14 2025,,Pastor Erick,HONEY CHIA REFRESHER,FAMILY (FOOD),C/O RODERICK,,,₱65.00,,,₱0.00,₱65.00,₱65.00
June 14 2025,,Pastor Erick,HONEY CHIA REFRESHER,FAMILY (FOOD),C/O RODERICK,,,₱65.00,,,₱0.00,₱65.00,₱65.00
June 14 2025,,Pastor Erick,SB DOLCE FRAPPE ,FAMILY (FOOD),C/O RODERICK,,,₱179.00,₱129.00,,₱0.00,₱179.00,₱50.00
June 14 2025,,Pastor Erick,SB DOLCE FRAPPE ,FAMILY (FOOD),C/O RODERICK,,,₱179.00,₱129.00,,₱0.00,₱179.00,₱50.00
June 14 2025,,Customer 1,COOKIES WALNUT,,CASH,,,,,,₱0.00,₱0.00,₱0.00
June 14 2025,,Customer 1,COOKIES CHOCO CHIP,,CASH,,,,,,₱0.00,₱0.00,₱0.00
June 14 2025,,Jake Halili,ADOBO FLAKES ,,CASH,,,,,,₱0.00,₱0.00,₱0.00
June 14 2025,,Jake Halili,ADOBO FLAKES ,,CASH,,,,,,₱0.00,₱0.00,₱0.00
June 14 2025,,Jake Halili,BEEF PHO,,CASH,,,,,,₱0.00,₱0.00,₱0.00
June 14 2025,,Jake Halili,HONEY CHIA REFRESHER,,CASH,,,₱65.00,,,₱0.00,₱65.00,₱65.00
June 14 2025,,Jake Halili,HONEY CHIA REFRESHER,,CASH,,,₱65.00,,,₱0.00,₱65.00,₱65.00
June 14 2025,,Miss,CAFE LATTE,,CASH,,,₱80.00,,,₱0.00,₱80.00,₱80.00
June 14 2025,,Miss,SHOYU TONKATSU RAMEN,,CASH,,,₱120.00,,,₱0.00,₱120.00,₱120.00
June 14 2025,,Ash,C2,,CASH,,,₱20.00,₱17.00,,₱0.00,₱20.00,₱3.00
June 14 2025,,Patrick,CAFE LATTE,,CASH,,,₱80.00,,,₱0.00,₱80.00,₱80.00
June 14 2025,,Patrick,CAFE LATTE,,CASH,,,₱80.00,,,₱0.00,₱80.00,₱80.00
June 14 2025,,Customer 2,SHOYU TONKATSU RAMEN,,,,,₱120.00,,,₱0.00,₱120.00,₱120.00
June 14 2025,,Customer 2,ZARU SOBA,,,,,₱150.00,,,₱0.00,₱150.00,₱150.00
June 14 2025,,Customer 2,SB DOLCE FRAPPE ,,,,,₱179.00,₱129.00,,₱0.00,₱179.00,₱50.00
June 14 2025,,Customer 2,BROWNIES,,,,,₱170.00,₱140.00,,₱0.00,₱170.00,₱30.00
June 14 2025,,Customer 2,COKE REGULAR ,,,,,₱50.00,₱29.00,,₱0.00,₱50.00,₱21.00
June 14 2025,,Customer 3,HONEY CHIA REFRESHER,,CASH,,,₱65.00,,,₱0.00,₱65.00,₱65.00
June 14 2025,,Customer 4,SAMGYUP BOWL,,CASH,,,,,,₱0.00,₱0.00,₱0.00
June 14 2025,,Customer 4,BEEF PHO,,CASH,,,,,,₱0.00,₱0.00,₱0.00
June 14 2025,,Customer 4,ADOBO FLAKES ,,CASH,,,,,,₱0.00,₱0.00,₱0.00
June 14 2025,,Customer 5,BEEF PHO,,CASH,,,,,,₱0.00,₱0.00,₱0.00
June 14 2025,,Customer 5,BROWNIES,,CASH,,,₱170.00,₱140.00,,₱0.00,₱170.00,₱30.00
June 14 2025,,Veronica Gonzales,BEEF PHO,SENIOR,CASH,,,,,20.00%,₱0.00,₱0.00,₱0.00
June 14 2025,,Veronica Gonzales,BEEF PHO,,CASH,,,,,,₱0.00,₱0.00,₱0.00
June 14 2025,,Veronica Gonzales,BEEF PHO,,CASH,,,,,,₱0.00,₱0.00,₱0.00
June 14 2025,,Veronica Gonzales,BEEF PHO,,CASH,,,,,,₱0.00,₱0.00,₱0.00
June 14 2025,,Veronica Gonzales,FRENCH FRIES,,CASH,,,₱60.00,,,₱0.00,₱60.00,₱60.00
June 14 2025,,Veronica Gonzales,FRENCH FRIES,,CASH,,,₱60.00,,,₱0.00,₱60.00,₱60.00
June 14 2025,,Zaru,ZARU SOBA,,CASH,,,₱150.00,,,₱0.00,₱150.00,₱150.00
June 14 2025,,Zaru,ADOBO FLAKES ,,CASH,,,,,,₱0.00,₱0.00,₱0.00
,,,,,,,,,,,₱0.00,₱0.00,₱0.00
June 15 2025,,Victor,HONEY CHIA REFRESHER,,CASH,,,₱65.00,,,₱0.00,₱65.00,₱65.00
June 15 2025,,Victor,COOKIES CHOCO CHIP,,CASH,,,,,,₱0.00,₱0.00,₱0.00
June 15 2025,,Charity,JIN SPICY,,CASH,,,₱150.00,₱70.00,,₱0.00,₱150.00,₱80.00
June 15 2025,,Charity,COOKIES WALNUT,,CASH,,,,,,₱0.00,₱0.00,₱0.00
June 15 2025,,Charity,EGG - ADD ON ,,CASH,,,,,,₱0.00,₱0.00,₱0.00
, ,,,,,,,,,,₱0.00,₱0.00,₱0.00
June 16 2025,,CJ,COOKIES CHOCO CHIP,,CASH,,,,,,₱0.00,₱0.00,₱0.00
June 16 2025,,Marvin Bais,BEEF PHO,,CASH,,,,,,₱0.00,₱0.00,₱0.00
June 16 2025,,Kobie,SHOYU TONKATSU RAMEN,,CASH,,,₱120.00,,,₱0.00,₱120.00,₱120.00
June 16 2025,,Kobie,SAMGYUP - ADD ON,,CASH,,,,,,₱0.00,₱0.00,₱0.00
June 16 2025,,CJ,BEEF PHO,,CASH,,,,,,₱0.00,₱0.00,₱0.00
June 16 2025,,CJ,COOKIES CHOCO CHIP,,CASH,,,,,,₱0.00,₱0.00,₱0.00
June 16 2025,,CJ,BEEF GYUDON,,CASH,,,,,,₱0.00,₱0.00,₱0.00
June 16 2025,,Vanessa Pascual,ADOBO FLAKES ,,CASH,,,,,,₱0.00,₱0.00,₱0.00
June 16 2025,,Vanessa Pascual,BEEF PHO,,CASH,,,,,,₱0.00,₱0.00,₱0.00
June 16 2025,,Vanessa Pascual,BEEF PHO,,CASH,,,,,,₱0.00,₱0.00,₱0.00
June 16 2025,,Vanessa Pascual,ZARU SOBA,,CASH,,,₱150.00,,,₱0.00,₱150.00,₱150.00
June 16 2025,,Vanessa Pascual,BEEF GYUDON,,CASH,,,,,,₱0.00,₱0.00,₱0.00
June 16 2025,,N,COOKIES WALNUT,,CASH,,,,,,₱0.00,₱0.00,₱0.00
June 16 2025,,N,COOKIES WALNUT,,CASH,,,,,,₱0.00,₱0.00,₱0.00
June 16 2025,,N,SAMGYUP BOWL,,CASH,,,,,,₱0.00,₱0.00,₱0.00
June 16 2025,,N,SHOYU TONKATSU RAMEN,,CASH,,,₱120.00,,,₱0.00,₱120.00,₱120.00
June 16 2025,,N,LAVENDER TEA,,CASH,,,,,,₱0.00,₱0.00,₱0.00
,,,,,,,,,,,₱0.00,₱0.00,₱0.00
June 17 2025,,Vangie,JIN MILD ,SENIOR,CASH,,,₱150.00,₱70.00,20.00%,₱30.00,₱120.00,₱20.00
June 17 2025,,Vangie,EGG - ADD ON ,SENIOR,CASH,,,,,20.00%,₱0.00,₱0.00,₱0.00
June 17 2025,,Vangie,FISH CAKE - ADD ON ,SENIOR,CASH,,,,,20.00%,₱0.00,₱0.00,₱0.00
June 17 2025,,Ola,SAMGYUP BOWL,,CASH,,,,,,₱0.00,₱0.00,₱0.00
June 17 2025,,Ola,SHOYU TONKATSU RAMEN,,CASH,,,₱120.00,,,₱0.00,₱120.00,₱120.00
June 17 2025,,Ola,FRENCH FRIES,,CASH,,,₱60.00,,,₱0.00,₱60.00,₱60.00
June 17 2025,,Myra Tayson,JIN MILD ,,CASH,,,₱150.00,₱70.00,,₱0.00,₱150.00,₱80.00
June 17 2025,,Myra Tayson,FISH CAKE - ADD ON ,,CASH,,,,,,₱0.00,₱0.00,₱0.00
June 17 2025,,Myra Tayson,EGG - ADD ON ,,CASH,,,,,,₱0.00,₱0.00,₱0.00
June 17 2025,,Myra Tayson,SAMGYUP - ADD ON,,CASH,,,,,,₱0.00,₱0.00,₱0.00
June 17 2025,,Myra Tayson,HONEY CHIA REFRESHER,,CASH,,,₱65.00,,,₱0.00,₱65.00,₱65.00
June 17 2025,,Myra Tayson,HONEY CHIA REFRESHER,,CASH,,,₱65.00,,,₱0.00,₱65.00,₱65.00
June 17 2025,,Myra Tayson,FISH CAKE - ADD ON ,,CASH,,,,,,₱0.00,₱0.00,₱0.00
,,,,,,,,,,,₱0.00,₱0.00,₱0.00
June 18 2025,,Ruth Samson,HONEY CHIA REFRESHER,,CASH,,,₱65.00,,,₱0.00,₱65.00,₱65.00
June 18 2025,,Customer 2,BULDAK CARBONARA,,GCASH,1029807207078,,₱140.00,,,₱0.00,₱140.00,₱140.00
June 18 2025,,Customer 2,FISH CAKE - ADD ON ,,GCASH,1029807207078,,,,,₱0.00,₱0.00,₱0.00
June 18 2025,,Customer 2,HONEY CHIA REFRESHER,,GCASH,1029807207078,,₱65.00,,,₱0.00,₱65.00,₱65.00
June 18 2025,,Macky Gerona,C2,,GCASH,4029816576151,,₱20.00,₱17.00,,₱0.00,₱20.00,₱3.00
June 18 2025,,Macky Gerona,C2,,GCASH,4029816576151,,₱20.00,₱17.00,,₱0.00,₱20.00,₱3.00
,,,,,,,,,,,₱0.00,₱0.00,₱0.00
June 19 2025,,Denise,BEEF PHO,,CASH,,,,,,₱0.00,₱0.00,₱0.00
June 19 2025,,Denise,ADOBO FLAKES ,,CASH,,,,,,₱0.00,₱0.00,₱0.00
June 19 2025,,Denise,COOKIES CHOCO CHIP,,CASH,,,,,,₱0.00,₱0.00,₱0.00
June 19 2025,,Denise,CAFE LATTE,,CASH,,,₱80.00,,,₱0.00,₱80.00,₱80.00
June 19 2025,,Denise,COKE REGULAR ,,CASH,,,₱50.00,₱29.00,,₱0.00,₱50.00,₱21.00
June 19 2025,,Jen Cruz,CAFE LATTE,,GCASH,,,₱80.00,,,₱0.00,₱80.00,₱80.00
June 19 2025,,Jen Cruz,CAFE LATTE,,GCASH,,,₱80.00,,,₱0.00,₱80.00,₱80.00
June 19 2025,,Jen Cruz,SHOYU TONKATSU RAMEN,,GCASH,,,₱120.00,,,₱0.00,₱120.00,₱120.00
June 19 2025,,Jen Cruz,BEEF PHO,,GCASH,,,,,,₱0.00,₱0.00,₱0.00
June 19 2025,,Ash,C2,,CASH,,,₱20.00,₱17.00,,₱0.00,₱20.00,₱3.00
June 19 2025,,Gina,CAFE LATTE,,CASH,,,₱80.00,,,₱0.00,₱80.00,₱80.00
June 19 2025,,Customer 1,COKE REGULAR ,,GCASH,,,₱50.00,₱29.00,,₱0.00,₱50.00,₱21.00
,,,,,,,,,,,₱0.00,₱0.00,₱0.00
June 20 2025,,Ann Dalisay,BEEF PHO,,MEMBERSHIP,,,,,,₱0.00,0,₱0.00
June 20 2025,,Ma'am Gia,KIMCHI GYUDON,FAMILY (FOOD),C/O GIA,,,,,,₱0.00,₱0.00,₱0.00
June 20 2025,,Ma'am Gia,BEEF PHO,FAMILY (FOOD),C/O GIA,,,,,,₱0.00,₱0.00,₱0.00
June 20 2025,,Ma'am Gia,DR. PEPPERS,FAMILY (FOOD),C/O GIA,,,₱55.00,,,₱0.00,₱55.00,₱55.00
June 20 2025,,Ma'am Gia,COOKIES WALNUT,FAMILY (FOOD),C/O GIA,,,,,,₱0.00,₱0.00,₱0.00
June 20 2025,,Pastor Sam,BEEF PHO,,CASH,,,,,,₱0.00,₱0.00,₱0.00
June 20 2025,,Pastora,CANADA DRY ,,CASH,,,₱58.00,₱41.00,,₱0.00,₱58.00,₱17.00
June 20 2025,,Pastora,CANADA DRY ,,CASH,,,₱58.00,₱41.00,,₱0.00,₱58.00,₱17.00
June 20 2025,,Pastora,KIMCHI GYUDON,,CASH,,,,,,₱0.00,₱0.00,₱0.00
June 20 2025,,Pastora,CAFE LATTE,,CASH,,,₱80.00,,,₱0.00,₱80.00,₱80.00
June 20 2025,,Pastora,BEEF PHO,,CASH,,,,,,₱0.00,₱0.00,₱0.00
June 20 2025,,Pastora,ADOBO FLAKES ,,CASH,,,,,,₱0.00,₱0.00,₱0.00
June 20 2025,,Pastora,BEEF GYUDON,,CASH,,,,,,₱0.00,₱0.00,₱0.00
June 20 2025,,Hershey,CAFE LATTE,,CASH,,,₱80.00,,,₱0.00,₱80.00,₱80.00
June 20 2025,,Hershey,SHOYU TONKATSU RAMEN,,CASH,,,₱120.00,,,₱0.00,₱120.00,₱120.00
June 20 2025,,Hershey,CHEESE - ADD ON,,CASH,,,,,,₱0.00,₱0.00,₱0.00
June 20 2025,,Hershey,EGG - ADD ON ,,CASH,,,,,,₱0.00,₱0.00,₱0.00
June 20 2025,,Pastor Erick,JIN SPICY,FAMILY (FOOD),C/O RODERICK,,,₱150.00,₱70.00,,₱0.00,₱150.00,₱80.00
June 20 2025,,Pastor Erick,FISH CAKE - ADD ON ,FAMILY (FOOD),C/O RODERICK,,,,,,₱0.00,₱0.00,₱0.00
June 20 2025,,Pastor Erick,EGG - ADD ON ,FAMILY (FOOD),C/O RODERICK,,,,,,₱0.00,₱0.00,₱0.00
June 20 2025,,Pastor Erick,ADD ON - KIMCHI,FAMILY (FOOD),C/O RODERICK,,,,,,₱0.00,₱0.00,₱0.00
June 20 2025,,Pastor Erick,BEEF PHO,FAMILY (FOOD),C/O RODERICK,,,,,,₱0.00,₱0.00,₱0.00
June 20 2025,,Pastor Erick,COKE ZERO,FAMILY (FOOD),C/O RODERICK,,,₱50.00,₱29.00,,₱0.00,₱50.00,₱21.00
June 20 2025,,Pastor Erick,COKE ZERO,FAMILY (FOOD),C/O RODERICK,,,₱50.00,₱29.00,,₱0.00,₱50.00,₱21.00
June 20 2025,,Pastor Erick,JASMINE TEA,FAMILY (FOOD),C/O RODERICK,,,,,,₱0.00,₱0.00,₱0.00
June 20 2025,,Pastor Erick,COOKIES CHOCO CHIP,FAMILY (FOOD),C/O RODERICK,,,,,,₱0.00,₱0.00,₱0.00
June 20 2025,,Pastor Erick,HONEY CHIA REFRESHER,FAMILY (FOOD),C/O RODERICK,,,₱65.00,,,₱0.00,₱65.00,₱65.00
June 20 2025,,Pastor Erick,HONEY CHIA REFRESHER,FAMILY (FOOD),C/O RODERICK,,,₱65.00,,,₱0.00,₱65.00,₱65.00
June 20 2025,,Pastor Erick,HONEY CHIA REFRESHER,FAMILY (FOOD),C/O RODERICK,,,₱65.00,,,₱0.00,₱65.00,₱65.00
June 20 2025,,Pastor Erick,BEEF GYUDON,FAMILY (FOOD),C/O RODERICK,,,,,,₱0.00,₱0.00,₱0.00
June 20 2025,,Pastor Erick,BEEF GYUDON,FAMILY (FOOD),C/O RODERICK,,,,,,₱0.00,₱0.00,₱0.00
June 20 2025,,Pastor Erick,COOKIES WALNUT,FAMILY (FOOD),C/O RODERICK,,,,,,₱0.00,₱0.00,₱0.00
June 20 2025,,Pastor Erick,COOKIES WALNUT,FAMILY (FOOD),C/O RODERICK,,,,,,₱0.00,₱0.00,₱0.00
June 20 2025,,Pastor Erick,COOKIES WALNUT,FAMILY (FOOD),C/O RODERICK,,,,,,₱0.00,₱0.00,₱0.00
June 20 2025,,Hershey,CANADA DRY ,,CASH,,,₱58.00,₱41.00,,₱0.00,₱58.00,₱17.00
June 20 2025,,Lambert Tomas,CAFE LATTE,,CASH,,,₱80.00,,,₱0.00,₱80.00,₱80.00
June 20 2025,,Hershey,FRENCH FRIES,,CASH,,,₱60.00,,,₱0.00,₱60.00,₱60.00
,,,,,,,,,,,₱0.00,₱0.00,₱0.00
June 21 2025,,Customer 1,SAMGYUP BOWL,,CASH,,,,,,₱0.00,₱0.00,₱0.00
June 21 2025,,Customer 1,JIN MILD ,,CASH,,,₱150.00,₱70.00,,₱0.00,₱150.00,₱80.00
June 21 2025,,Customer 1,EGG - ADD ON ,,CASH,,,,,,₱0.00,₱0.00,₱0.00
June 21 2025,,Customer 1,SAMGYUP - ADD ON,,CASH,,,,,,₱0.00,₱0.00,₱0.00
June 21 2025,,Customer 1,CAFE LATTE,,CASH,,,₱80.00,,,₱0.00,₱80.00,₱80.00
June 21 2025,,Customer 2,BEEF PHO,,,,,,,,₱0.00,₱0.00,₱0.00
June 21 2025,,Cindy Tuazon,BEEF GYUDON,,GCASH,4029847880038& 4029893262697,,,,,₱0.00,₱0.00,₱0.00
June 21 2025,,Cindy Tuazon,KIMCHI GYUDON,,GCASH,4029847880038& 4029893262697,,,,,₱0.00,₱0.00,₱0.00
June 21 2025,,Cindy Tuazon,BEEF PHO,,GCASH,4029847880038& 4029893262697,,,,,₱0.00,₱0.00,₱0.00
June 21 2025,,Cindy Tuazon,HONEY CHIA REFRESHER,,GCASH,4029847880038& 4029893262697,,₱65.00,,,₱0.00,₱65.00,₱65.00
June 21 2025,,Cindy Tuazon,COKE REGULAR ,,GCASH,4029847880038& 4029893262697,,₱50.00,₱29.00,,₱0.00,₱50.00,₱21.00
June 21 2025,,Cindy Tuazon,COKE REGULAR ,,GCASH,4029847880038& 4029893262697,,₱50.00,₱29.00,,₱0.00,₱50.00,₱21.00
June 21 2025,,Cindy Tuazon,KOREAN BEEF TAPA,,GCASH,4029847880038& 4029893262697,,,,,₱0.00,₱0.00,₱0.00
June 21 2025,,Cindy Tuazon,SAMGYUP BOWL,,GCASH,4029847880038& 4029893262697,,,,,₱0.00,₱0.00,₱0.00
June 21 2025,,Cindy Tuazon,NACHOS,,CASH,,,₱120.00,,,₱0.00,₱120.00,₱120.00
June 21 2025,,Duke,HONEY CHIA REFRESHER,,CASH,,,₱65.00,,,₱0.00,₱65.00,₱65.00
June 21 2025,,Duke,HONEY CHIA REFRESHER,,CASH,,,₱65.00,,,₱0.00,₱65.00,₱65.00
June 21 2025,,Duke,SAMGYUP BOWL,,CASH,,,,,,₱0.00,₱0.00,₱0.00
June 21 2025,,Baconawa,BEEF PHO,,GCASH,305811,,,,,₱0.00,₱0.00,₱0.00
June 21 2025,,Baconawa,SHOYU TONKATSU RAMEN,,GCASH,305811,,₱120.00,,,₱0.00,₱120.00,₱120.00
June 21 2025,,Baconawa,ADOBO FLAKES ,,GCASH,305811,,,,,₱0.00,₱0.00,₱0.00
June 21 2025,,Baconawa,SAMGYUP BOWL,,GCASH,305811,,,,,₱0.00,₱0.00,₱0.00
June 21 2025,,Baconawa,SAMGYUP - ADD ON,,GCASH,305811,,,,,₱0.00,₱0.00,₱0.00
June 21 2025,,Baconawa,SAMGYUP BOWL,,GCASH,,,,,,₱0.00,₱0.00,₱0.00
,,,,,,,,,,,₱0.00,₱0.00,₱0.00
June 22 2025,,Sir Ian,COOKIES CHOCO CHIP,SPECIAL DISCOUNT,GCASH,29938713502,,,,10.00%,₱0.00,₱0.00,₱0.00
June 22 2025,,Sir Ian,COOKIES WALNUT,SPECIAL DISCOUNT,GCASH,29938713502,,,,10.00%,₱0.00,₱0.00,₱0.00
June 22 2025,,Sir Ian,COOKIES WALNUT,SPECIAL DISCOUNT,GCASH,29938713502,,,,10.00%,₱0.00,₱0.00,₱0.00
June 22 2025,,Sir Ian,COOKIES WALNUT,SPECIAL DISCOUNT,GCASH,29938713502,,,,10.00%,₱0.00,₱0.00,₱0.00
June 22 2025,,Sir Ian,COOKIES WALNUT,SPECIAL DISCOUNT,GCASH,29938713502,,,,10.00%,₱0.00,₱0.00,₱0.00
June 22 2025,,Sir Ian,COOKIES WALNUT,SPECIAL DISCOUNT,GCASH,29938713502,,,,10.00%,₱0.00,₱0.00,₱0.00
June 22 2025,,Sir Ian,BROWNIES,SPECIAL DISCOUNT,GCASH,29938713502,,,,10.00%,₱0.00,₱0.00,₱0.00
June 22 2025,,Sir Ian,BROWNIES,SPECIAL DISCOUNT,GCASH,29938713502,,,,10.00%,₱0.00,₱0.00,₱0.00
June 22 2025,,Sir Ian,HONEY CHIA REFRESHER,SPECIAL DISCOUNT,GCASH,29938713502,,₱65.00,,10.00%,₱6.50,₱58.50,₱52.00
June 22 2025,,Sir Ian,HONEY CHIA REFRESHER,SPECIAL DISCOUNT,GCASH,29938713502,,₱65.00,,10.00%,₱6.50,₱58.50,₱52.00
June 22 2025,,Sir Ian,HONEY CHIA REFRESHER,SPECIAL DISCOUNT,GCASH,29938713502,,₱65.00,,10.00%,₱6.50,₱58.50,₱52.00
June 22 2025,,Sir Ian,CAFE LATTE,SPECIAL DISCOUNT,GCASH,29938713502,,₱80.00,,10.00%,₱8.00,₱72.00,₱64.00
June 22 2025,,Sir Ian,CAFE LATTE,SPECIAL DISCOUNT,GCASH,29938713502,,₱80.00,,10.00%,₱8.00,₱72.00,₱64.00
June 22 2025,,Sir Ian,BEEF PHO,SPECIAL DISCOUNT,GCASH,29938713502,,,,10.00%,₱0.00,₱0.00,₱0.00
June 22 2025,,Sir Ian,BEEF PHO,SPECIAL DISCOUNT,GCASH,29938713502,,,,10.00%,₱0.00,₱0.00,₱0.00
June 22 2025,,Sir Ian,BEEF PHO,SPECIAL DISCOUNT,GCASH,29938713502,,,,10.00%,₱0.00,₱0.00,₱0.00
June 22 2025,,Sir Ian,BEEF PHO,SPECIAL DISCOUNT,GCASH,29938713502,,,,10.00%,₱0.00,₱0.00,₱0.00
June 22 2025,,Sir Ian,BEEF PHO,SPECIAL DISCOUNT,GCASH,29938713502,,,,10.00%,₱0.00,₱0.00,₱0.00
June 22 2025,,Sir Ian,BEEF PHO,SPECIAL DISCOUNT,GCASH,29938713502,,,,10.00%,₱0.00,₱0.00,₱0.00
June 22 2025,,Sir Ian,JIN MILD ,SPECIAL DISCOUNT,GCASH,29938713502,,₱150.00,₱70.00,10.00%,₱15.00,₱135.00,₱50.00
June 22 2025,,Sir Ian,CANTATA COLD BREW,SPECIAL DISCOUNT,GCASH,29938713502,,,,10.00%,₱0.00,₱0.00,₱0.00
June 22 2025,,Dan,JIN MILD ,SPECIAL DISCOUNT,GCASH,4029940819955,,₱150.00,₱70.00,10.00%,₱15.00,₱135.00,₱50.00
June 22 2025,,Dan,CAFE LATTE,SPECIAL DISCOUNT,GCASH,4029940819955,,₱80.00,,10.00%,₱8.00,₱72.00,₱64.00
,,,,,,,,,,,₱0.00,₱0.00,₱0.00
"June 23,2025",,Alfy,JIN SPICY,,CASH,,,₱150.00,₱70.00,,₱0.00,₱150.00,₱80.00
"June 23,2025",,Rio Tuffal,SHOYU TONKATSU RAMEN,,BANK TRANSFER,295259,,₱120.00,,,₱0.00,₱120.00,₱120.00
"June 23,2025",,Rio Tuffal,SHOYU TONKATSU RAMEN,,BANK TRANSFER,295259,,₱120.00,,,₱0.00,₱120.00,₱120.00
"June 23,2025",,Rio Tuffal,SAMGYUP - ADD ON,,BANK TRANSFER,295259,,,,,₱0.00,₱0.00,₱0.00
"June 23,2025",,Rio Tuffal,SAMGYUP - ADD ON,,BANK TRANSFER,295259,,,,,₱0.00,₱0.00,₱0.00
"June 23,2025",,Mk Marcelino,SHOYU TONKATSU RAMEN,,GCASH,888104,,₱120.00,,,₱0.00,₱120.00,₱120.00
"June 23,2025",,Mk Marcelino,SHOYU TONKATSU RAMEN,,GCASH,888104,,₱120.00,,,₱0.00,₱120.00,₱120.00
,,,,,,,,,,,₱0.00,₱0.00,₱0.00
"June 24,2025",,Table 1,JIN SPICY,,CASH,,,₱150.00,₱70.00,,₱0.00,₱150.00,₱80.00
"June 24,2025",,Table 1,JIN SPICY,,CASH,,,₱150.00,₱70.00,,₱0.00,₱150.00,₱80.00
"June 24,2025",,Table 1,BEEF PHO,,CASH,,,,,,₱0.00,₱0.00,₱0.00
"June 24,2025",,Table 1,EGG - ADD ON ,,CASH,,,,,,₱0.00,₱0.00,₱0.00
"June 24,2025",,Table 1,CHEESE - ADD ON,,CASH,,,,,,₱0.00,₱0.00,₱0.00
"June 24,2025",,Table 1,SAMGYUP - ADD ON,,CASH,,,,,,₱0.00,₱0.00,₱0.00
"June 24,2025",,Table 1,SAMGYUP - ADD ON,,CASH,,,,,,₱0.00,₱0.00,₱0.00
"June 24,2025",,Table 1,FISH CAKE - ADD ON ,,CASH,,,,,,₱0.00,₱0.00,₱0.00
"June 24,2025",,Table 1,NACHOS,,CASH,,,₱120.00,,,₱0.00,₱120.00,₱120.00
"June 24,2025",,Table 2,SHOYU TONKATSU RAMEN,,CASH,,,₱120.00,,,₱0.00,₱120.00,₱120.00
"June 24,2025",,Table 3,EGG - ADD ON ,,GCASH,3075839,,,,,₱0.00,₱0.00,₱0.00
"June 24,2025",,Table 3,SAMGYUP - ADD ON,,GCASH,3075839,,,,,₱0.00,₱0.00,₱0.00
"June 24,2025",,Table 3,BEEF PHO,,GCASH,3075839,,,,,₱0.00,₱0.00,₱0.00
"June 24,2025",,Table 3,SAMGYUP BOWL,,GCASH,3075839,,,,,₱0.00,₱0.00,₱0.00
"June 24,2025",,Table 3,CHEESE RAMEN,,GCASH,3075839,,₱150.00,₱70.00,,₱0.00,₱150.00,₱80.00
,,,,,,,,,,,₱0.00,₱0.00,₱0.00
June 25 2025,,Eloisa Gamas,SHOYU TONKATSU RAMEN,,CASH,,,₱120.00,,,₱0.00,₱120.00,₱120.00
June 25 2025,,Eloisa Gamas,ADOBO FLAKES ,,CASH,,,,,,₱0.00,₱0.00,₱0.00
June 25 2025,,Eloisa Gamas,HONEY CHIA REFRESHER,,CASH,,,₱65.00,,,₱0.00,₱65.00,₱65.00
June 25 2025,,Eloisa Gamas,HONEY CHIA REFRESHER,,CASH,,,₱65.00,,,₱0.00,₱65.00,₱65.00
June 25 2025,,Richard,HONEY CHIA REFRESHER,,CASH,,,₱65.00,,,₱0.00,₱65.00,₱65.00
,,,,,,,,,,,₱0.00,₱0.00,₱0.00
June 26 2025,,Janice,BEEF PHO,,MEMBERSHIP,,,,,,₱0.00,0,₱0.00
June 26 2025,,Table 1,BEEF PHO,,CASH,,,,,,₱0.00,₱0.00,₱0.00
June 26 2025,,Table 1,BEEF PHO,,CASH,,,,,,₱0.00,₱0.00,₱0.00
June 26 2025,,Table 1,NACHOS,,CASH,,,₱120.00,,,₱0.00,₱120.00,₱120.00
June 26 2025,,Table 1,CAFE LATTE,,CASH,,,₱80.00,,,₱0.00,₱80.00,₱80.00
June 26 2025,,Table 1,HONEY CHIA REFRESHER,,CASH,,,₱65.00,,,₱0.00,₱65.00,₱65.00
June 26 2025,,Table 1,AMERICANO,,CASH,,,₱70.00,,,₱0.00,₱70.00,₱70.00
June 26 2025,,Ruth Samson,SB DOLCE FRAPPE ,,CASH,,,₱179.00,₱129.00,,₱0.00,₱179.00,₱50.00
June 26 2025,,Rowena,BEEF PHO,,CASH,,,,,,₱0.00,₱0.00,₱0.00
June 26 2025,,Rowena,BEEF PHO,,CASH,,,,,,₱0.00,₱0.00,₱0.00
,,,,,,,,,,,₱0.00,₱0.00,₱0.00
June 27 2025,,Trishia Fernandez,COOKIES WALNUT,FAMILY (FOOD),GCASH,282324,,,,,₱0.00,₱0.00,₱0.00
June 27 2025,,Aj Bernardo,SAMGYUP BOWL,,GCASH,537192,,,,,₱0.00,₱0.00,₱0.00
June 27 2025,,Aj Bernardo,SAMGYUP BOWL,,GCASH,537192,,,,,₱0.00,₱0.00,₱0.00
June 27 2025,,Gina Tan,JIN SPICY,,CASH,,,₱150.00,₱70.00,,₱0.00,₱150.00,₱80.00
June 27 2025,,Gina Tan,FISH CAKE - ADD ON ,,CASH,,,,,,₱0.00,₱0.00,₱0.00
June 27 2025,,Gina Tan,EGG - ADD ON ,,CASH,,,,,,₱0.00,₱0.00,₱0.00
June 27 2025,,Gina Tan,COKE ZERO,,CASH,,,₱50.00,₱29.00,,₱0.00,₱50.00,₱21.00
June 27 2025,,Gina Tan,COOKIES WALNUT,,CASH,,,,,,₱0.00,₱0.00,₱0.00
June 27 2025,,Josh,SAMGYUP BOWL,,CASH,,,,,,₱0.00,₱0.00,₱0.00
,,,,,,,,,,,₱0.00,₱0.00,₱0.00
"June 28,2025",,Ann,COOKIES WALNUT,EMPLOYEE DISCOUNT,CASH,,,,,20.00%,₱0.00,₱0.00,₱0.00
"June 28,2025",,Lani Nunez,COOKIES WALNUT,,GCASH,500424,,,,,₱0.00,₱0.00,₱0.00
"June 28,2025",,Alvin Galvez,SAMGYUP BOWL,,CASH,,,,,,₱0.00,₱0.00,₱0.00
"June 28,2025",,Alvin Galvez,JIN SPICY,,CASH,,,₱150.00,₱70.00,,₱0.00,₱150.00,₱80.00
"June 28,2025",,Alvin Galvez,KOREAN BEEF TAPA,,CASH,,,,,,₱0.00,₱0.00,₱0.00
"June 28,2025",,Jr Capillo,HONEY CHIA REFRESHER,,CASH,,,₱65.00,,,₱0.00,₱65.00,₱65.00
"June 28,2025",,Bon Pagsibigan,CHEESE RAMEN,,CASH,,,₱150.00,₱70.00,,₱0.00,₱150.00,₱80.00
"June 28,2025",,Bon Pagsibigan,FISH CAKE - ADD ON ,,CASH,,,,,,₱0.00,₱0.00,₱0.00
"June 28,2025",,Bon Pagsibigan,EGG - ADD ON ,,CASH,,,,,,₱0.00,₱0.00,₱0.00
"June 28,2025",,Evilyn Pagsibigan,ADOBO FLAKES ,,CASH,,,,,,₱0.00,₱0.00,₱0.00
"June 28,2025",,Evilyn Pagsibigan,HONEY CHIA REFRESHER,,CASH,,,₱65.00,,,₱0.00,₱65.00,₱65.00
"June 28,2025",,Evilyn Pagsibigan,CHEESE RAMEN,,CASH,,,₱150.00,₱70.00,,₱0.00,₱150.00,₱80.00
"June 28,2025",,Luijane Punongbayan,BULDAK CARBONARA,FREE,CASH,,,₱140.00,,100.00%,₱140.00,₱0.00,-₱140.00
"June 28,2025",,Luijane Punongbayan,CHEESE - ADD ON,,CASH,,,,,,₱0.00,₱0.00,₱0.00
"June 28,2025",,Luijane Punongbayan,ADOBO FLAKES ,FREE,CASH,,,,,100.00%,₱0.00,₱0.00,₱0.00
"June 28,2025",,Luijane Punongbayan,ADOBO FLAKES ,FREE,CASH,,,,,100.00%,₱0.00,₱0.00,₱0.00
"June 28,2025",,Luijane Punongbayan,KOREAN BEEF TAPA,FREE,CASH,,,,,100.00%,₱0.00,₱0.00,₱0.00
"June 28,2025",,Luijane Punongbayan,CHEESE RAMEN,,CASH,,,₱150.00,₱70.00,,₱0.00,₱150.00,₱80.00
"June 28,2025",,Luijane Punongbayan,EGG - ADD ON ,,CASH,,,,,,₱0.00,₱0.00,₱0.00
"June 28,2025",,Luijane Punongbayan,CAFE LATTE,,CASH,,,₱80.00,,,₱0.00,₱80.00,₱80.00
"June 28,2025",,Luijane Punongbayan,CAFE LATTE,,CASH,,,₱80.00,,,₱0.00,₱80.00,₱80.00
"June 28,2025",,Luijane Punongbayan,CAFE LATTE,,CASH,,,₱80.00,,,₱0.00,₱80.00,₱80.00
"June 28,2025",,Luijane Punongbayan,SB DOLCE FRAPPE ,,CASH,,,₱179.00,₱129.00,,₱0.00,₱179.00,₱50.00
,,,,,,,,,,,₱0.00,₱0.00,₱0.00
"June 29,2025",,Bella,BULDAK CARBONARA,,CASH,,,₱140.00,,,₱0.00,₱140.00,₱140.00
"June 29,2025",,Bella,CHEESE - ADD ON,,CASH,,,,,,₱0.00,₱0.00,₱0.00
"June 29,2025",,Bella,CHEESE RAMEN,,CASH,,,₱150.00,₱70.00,,₱0.00,₱150.00,₱80.00
"June 29,2025",,Bella,CHEESE - ADD ON,,CASH,,,,,,₱0.00,₱0.00,₱0.00
"June 29,2025",,Bella,FISH CAKE - ADD ON ,,CASH,,,,,,₱0.00,₱0.00,₱0.00
"June 29,2025",,Ann Dalisay,BULDAK CARBONARA,,CASH,,,₱140.00,,,₱0.00,₱140.00,₱140.00
"June 29,2025",,Ann Dalisay,BULDAK CARBONARA,,CASH,,,₱140.00,,,₱0.00,₱140.00,₱140.00
"June 29,2025",,Ann Dalisay,BULDAK CARBONARA,,MEMBERSHIP,,,₱140.00,,,₱0.00,0,₱0.00
"June 29,2025",,Ann Dalisay,FISH CAKE - ADD ON ,,CASH,,,,,,₱0.00,₱0.00,₱0.00
"June 29,2025",,Ann Dalisay,EGG - ADD ON ,,CASH,,,,,,₱0.00,₱0.00,₱0.00
"June 29,2025",,Ann Dalisay,CHEESE - ADD ON,,CASH,,,,,,₱0.00,₱0.00,₱0.00
"June 29,2025",,Ann Dalisay,CHEESE RAMEN,,MEMBERSHIP,,,₱150.00,₱70.00,,₱0.00,0,-₱70.00
"June 29,2025",,Ann Dalisay,FISH CAKE - ADD ON ,,CASH,,,,,,₱0.00,₱0.00,₱0.00
"June 29,2025",,Ann Dalisay,EGG - ADD ON ,,CASH,,,,,,₱0.00,₱0.00,₱0.00
"June 29,2025",,Ann Dalisay,EGG - ADD ON ,,CASH,,,,,,₱0.00,₱0.00,₱0.00
"June 29,2025",,Camille Rivales,JIN MILD ,,CASH,,,₱150.00,₱70.00,,₱0.00,₱150.00,₱80.00
"June 29,2025",,Camille Rivales,EGG - ADD ON ,,CASH,,,,,,₱0.00,₱0.00,₱0.00
"June 29,2025",,Camille Rivales,SAMGYUP - ADD ON,,CASH,,,,,,₱0.00,₱0.00,₱0.00
"June 29,2025",,Camille Rivales,CHEESE - ADD ON,,CASH,,,,,,₱0.00,₱0.00,₱0.00
"June 29,2025",,Camille Rivales,HONEY CHIA REFRESHER,,CASH,,,₱65.00,,,₱0.00,₱65.00,₱65.00
"June 29,2025",,Doris Fuster,NACHOS,,CASH,,,₱120.00,,,₱0.00,₱120.00,₱120.00
"June 29,2025",,Doris Fuster,FRENCH FRIES,,CASH,,,₱60.00,,,₱0.00,₱60.00,₱60.00
"June 29,2025",,Doris Fuster,BOTTLED WATER,,CASH,,,,,,₱0.00,₱0.00,₱0.00
"June 29,2025",,Doris Fuster,AMERICANO,,CASH,,,₱70.00,,,₱0.00,₱70.00,₱70.00
"June 29,2025",,Doris Fuster,ADOBO FLAKES ,,CASH,,,,,,₱0.00,₱0.00,₱0.00
"June 29,2025",,Doris Fuster,SAMGYUP BOWL,,CASH,,,,,,₱0.00,₱0.00,₱0.00
"June 29,2025",,Doris Fuster,KOREAN BEEF TAPA,,CASH,,,,,,₱0.00,₱0.00,₱0.00
"June 29,2025",,Doris Fuster,COKE REGULAR ,,CASH,,,₱50.00,₱29.00,,₱0.00,₱50.00,₱21.00
"June 29,2025",,Doris Fuster,COOKIES WALNUT,,CASH,,,,,,₱0.00,₱0.00,₱0.00
"June 29,2025",,Doris Fuster,OATS COOKIE,,CASH,,,,,,₱0.00,₱0.00,₱0.00
"June 29,2025",,Doris Fuster,SNAPPLE,,CASH,,,,,,₱0.00,₱0.00,₱0.00
,,,,,,,,,,,₱0.00,₱0.00,₱0.00
"June 30,2025",,Elisse,CHEESE RAMEN,,CASH,,,₱150.00,₱70.00,,₱0.00,₱150.00,₱80.00
"June 30,2025",,Elisse,CANADA DRY ,,CASH,,,₱58.00,₱41.00,,₱0.00,₱58.00,₱17.00
"June 30,2025",,Alice & Rodgie,BEEF PHO,,CASH,,,,,,₱0.00,₱0.00,₱0.00
"June 30,2025",,Alice & Rodgie,BEEF PHO,,CASH,,,,,,₱0.00,₱0.00,₱0.00
"June 30,2025",,Alice & Rodgie,SHOYU TONKATSU RAMEN,,CASH,,,₱120.00,,,₱0.00,₱120.00,₱120.00
"June 30,2025",,Owen Pascual,ADOBO FLAKES ,,CASH,,,,,,₱0.00,₱0.00,₱0.00
"June 30,2025",,Banca,SHOYU TONKATSU RAMEN,,CASH,,,₱120.00,,,₱0.00,₱120.00,₱120.00
"June 30,2025",,Banca,SHOYU TONKATSU RAMEN,,CASH,,,₱120.00,,,₱0.00,₱120.00,₱120.00
"June 30,2025",,Banca,KOREAN BEEF TAPA,,CASH,,,,,,₱0.00,₱0.00,₱0.00
"June 30,2025",,Banca,HONEY CHIA REFRESHER,,CASH,,,₱65.00,,,₱0.00,₱65.00,₱65.00
"June 30,2025",,Banca,JIN SPICY,,CASH,,,₱150.00,₱70.00,,₱0.00,₱150.00,₱80.00
"July 1, 2025",,Geneva,COOKIES WALNUT,,CASH,,,,,,₱0.00,₱0.00,₱0.00
"July 1, 2025",,Joyce,AMERICANO,,CASH,,,₱70.00,,,₱0.00,₱70.00,
"July 1, 2025",,Joyce,HONEY CHIA REFRESHER,,CASH,,,₱65.00,,,₱0.00,₱65.00,
"July 1, 2025",,Joyce,HONEY CHIA REFRESHER,,CASH,,,₱65.00,,,₱0.00,₱65.00,
"July 1, 2025",,Buts,JIN MILD ,,CASH,,,₱150.00,₱70.00,,₱0.00,₱150.00,
"July 1, 2025",,Buts,ADD ON - KIMCHI,,CASH,,,,,,₱0.00,₱0.00,
"July 1, 2025",,Buts,EGG - ADD ON ,,CASH,,,,,,₱0.00,₱0.00,
"July 1, 2025",,Mark,ADOBO FLAKES ,,CASH,,,,,,₱0.00,₱0.00,
"July 1, 2025",,Mark,SAMGYUP BOWL,,CASH,,,,,,₱0.00,₱0.00,
"July 1, 2025",,Mark,JIN MILD ,,CASH,,,₱150.00,₱70.00,,₱0.00,₱150.00,
"July 1, 2025",,Mark,CAFE LATTE,,CASH,,,₱80.00,,,₱0.00,₱80.00,
"July 1, 2025",,Mark,HONEY CHIA REFRESHER,,CASH,,,₱65.00,,,₱0.00,₱65.00,
"July 1, 2025",,Table 1,SHOYU TONKATSU RAMEN,,CASH,,,₱120.00,,,₱0.00,₱120.00,
"July 1, 2025",,Table 1,ADOBO FLAKES ,,CASH,,,,,,₱0.00,₱0.00,
"July 1, 2025",,Table 1,ADOBO FLAKES ,,CASH,,,,,,₱0.00,₱0.00,
"July 1, 2025",,Table 1,HONEY CHIA REFRESHER,,CASH,,,₱65.00,,,₱0.00,₱65.00,
"July 1, 2025",,Beth,JIN MILD ,,CASH,,,₱150.00,₱70.00,,₱0.00,₱150.00,
"July 1, 2025",,Beth,BEEF PHO,,CASH,,,,,,₱0.00,₱0.00,
"July 1, 2025",,Beth,FISH CAKE - ADD ON ,,CASH,,,,,,₱0.00,₱0.00,
"July 1, 2025",,Beth,EGG - ADD ON ,,CASH,,,,,,₱0.00,₱0.00,
"July 1, 2025",,Mark,CHEESE - ADD ON,,CASH,,,,,,₱0.00,₱0.00,
"July 1, 2025",,Mark,EGG - ADD ON ,,CASH,,,,,,₱0.00,₱0.00,
"July 1, 2025",,Mark,EGG - ADD ON ,,CASH,,,,,,₱0.00,₱0.00,
"July 1, 2025",,Mark,FISH CAKE - ADD ON ,,CASH,,,,,,₱0.00,₱0.00,
"July 1, 2025",,Mark,ADD ON - KIMCHI,,CASH,,,,,,₱0.00,₱0.00,
"July 1, 2025",,Mark,SAMGYUP - ADD ON,,CASH,,,,,,₱0.00,₱0.00,
"July 1, 2025",,Mark,SAMGYUP - ADD ON,,CASH,,,,,,₱0.00,₱0.00,
"July 1, 2025",,Mark,JIN MILD ,,CASH,,,₱150.00,₱70.00,,₱0.00,₱150.00,
"July 1, 2025",,Mark,JIN SPICY,,CASH,,,₱150.00,₱70.00,,₱0.00,₱150.00,
"July 1, 2025",,Mark,FRENCH FRIES,,CASH,,,₱60.00,,,₱0.00,₱60.00,
"July 1, 2025",,Mark,HONEY CHIA REFRESHER,,CASH,,,₱65.00,,,₱0.00,₱65.00,
"July 1, 2025",,Mark,CAFE LATTE,,CASH,,,₱80.00,,,₱0.00,₱80.00,
,,,,,,,,,,,₱0.00,₱0.00,
"July 2, 2025",,Table 1,C2,,CASH,,,₱20.00,₱17.00,,₱0.00,₱20.00,
"July 2, 2025",,Gia,DR. PEPPERS,,C/O GIA,,,₱55.00,,,₱0.00,₱55.00,
"July 2, 2025",,Student,BULDAK CHEESE,,CASH,,,,,,₱0.00,₱0.00,
"July 2, 2025",,Student,BULDAK CHEESE,,CASH,,,,,,₱0.00,₱0.00,
"July 2, 2025",,Student,JIN MILD ,,CASH,,,₱150.00,₱70.00,,₱0.00,₱150.00,
"July 2, 2025",,Student,JIN SPICY,,CASH,,,₱150.00,₱70.00,,₱0.00,₱150.00,
"July 2, 2025",,Student,ADD ON - KIMCHI,,CASH,,,,,,₱0.00,₱0.00,
"July 2, 2025",,Student,ADD ON - KIMCHI,,CASH,,,,,,₱0.00,₱0.00,
"July 2, 2025",,Estee,BEEF PHO,,GCASH,1673038,,,,,₱0.00,₱0.00,
"July 2, 2025",,Estee,BEEF PHO,,GCASH,1673038,,,,,₱0.00,₱0.00,
"July 2, 2025",,Estee,BEEF PHO,,GCASH,1673038,,,,,₱0.00,₱0.00,
"July 2, 2025",,Estee,COOKIES WALNUT,,GCASH,1673038,,,,,₱0.00,₱0.00,
"July 2, 2025",,Johanna,JIN MILD ,,CASH,,,₱150.00,₱70.00,,₱0.00,₱150.00,
"July 2, 2025",,Johanna,CHEESE - ADD ON,,CASH,,,,,,₱0.00,₱0.00,
"July 2, 2025",,Johanna,BEEF PHO,,CASH,,,,,,₱0.00,₱0.00,
"July 2, 2025",,Johanna,FRENCH FRIES,,CASH,,,₱60.00,,,₱0.00,₱60.00,
,,,,,,,,,,,₱0.00,₱0.00,
"July 3, 2025",,Table 1,BEEF PHO,,CASH,,,,,,₱0.00,₱0.00,
"July 3, 2025",,Table 1,ADD ON - KIMCHI,,CASH,,,,,,₱0.00,₱0.00,
"July 3, 2025",,Table 1,C2,,CASH,,,₱20.00,₱17.00,,₱0.00,₱20.00,
"July 3, 2025",,Table 1,JIN SPICY,,CASH,,,₱150.00,₱70.00,,₱0.00,₱150.00,
"July 3, 2025",,Table 1,SAMGYUP BOWL,,CASH,,,,,,₱0.00,₱0.00,
"July 3, 2025",,Table 1,SAMGYUP BOWL,,CASH,,,,,,₱0.00,₱0.00,
"July 3, 2025",,Table 1,SNAPPLE,,CASH,,,,,,₱0.00,₱0.00,
"July 3, 2025",,Table 1,SNAPPLE,,CASH,,,,,,₱0.00,₱0.00,
"July 3, 2025",,Table 1,ADOBO FLAKES ,,CASH,,,,,,₱0.00,₱0.00,
"July 3, 2025",,Table 1,ADOBO FLAKES ,,CASH,,,,,,₱0.00,₱0.00,
"July 3, 2025",,Table 1,DR. PEPPERS,,CASH,,,₱55.00,,,₱0.00,₱55.00,
"July 3, 2025",,Table 4,CAFE LATTE,,CASH,,,₱80.00,,,₱0.00,₱80.00,
"July 3, 2025",,Table 4,CAFE LATTE,,CASH,,,₱80.00,,,₱0.00,₱80.00,
"July 3, 2025",,Table 4,CAFE LATTE,,CASH,,,₱80.00,,,₱0.00,₱80.00,
"July 3, 2025",,Table 2,HONEY CHIA REFRESHER,,GCASH,83674,,₱65.00,,,₱0.00,₱65.00,
"July 3, 2025",,Table 3,EGG - ADD ON ,,CASH,,,,,,₱0.00,₱0.00,
"July 3, 2025",,Table 3,FISH CAKE - ADD ON ,,CASH,,,,,,₱0.00,₱0.00,
"July 3, 2025",,Table 3,ADOBO FLAKES ,,CASH,,,,,,₱0.00,₱0.00,
"July 3, 2025",,Table 3,CAFE LATTE,,CASH,,,₱80.00,,,₱0.00,₱80.00,
"July 3, 2025",,Table 3,CAFE LATTE,,CASH,,,₱80.00,,,₱0.00,₱80.00,
"July 3, 2025",,Table 3,CAFE LATTE,,CASH,,,₱80.00,,,₱0.00,₱80.00,
"July 3, 2025",,Table 3,JIN MILD ,,CASH,,,₱150.00,₱70.00,,₱0.00,₱150.00,
"July 3, 2025",,Table 3,SAMGYUP BOWL,,CASH,,,,,,₱0.00,₱0.00,
,,,,,,,,,,,₱0.00,₱0.00,
"July 4, 2025",,Millet Ventura,BULDAK CARBONARA,,,,,₱140.00,,,₱0.00,₱140.00,
"July 4, 2025",,Millet Ventura,EGG - ADD ON ,,,,,,,,₱0.00,₱0.00,
"July 4, 2025",,Millet Ventura,COKE ZERO,,,,,₱50.00,₱29.00,,₱0.00,₱50.00,
"July 4, 2025",,Millet Ventura,COOKIES WALNUT,,,,,,,,₱0.00,₱0.00,
"July 4, 2025",,Table 4,SNAPPLE,,,,,,,,₱0.00,₱0.00,
"July 4, 2025",,Table 4,SAMGYUP BOWL,,,,,,,,₱0.00,₱0.00,
"July 4, 2025",,Table 4,BEEF PHO,,,,,,,,₱0.00,₱0.00,
"July 4, 2025",,Table 4,FRENCH FRIES,,,,,₱60.00,,,₱0.00,₱60.00,
"July 4, 2025",,Table 3,JASMINE TEA,,,,,,,,₱0.00,₱0.00,
"July 4, 2025",,Table 1,EGG - ADD ON ,,,,,,,,₱0.00,₱0.00,
"July 4, 2025",,Table 1,FISH CAKE - ADD ON ,,,,,,,,₱0.00,₱0.00,
"July 4, 2025",,Table 1,SAMGYUP - ADD ON,,,,,,,,₱0.00,₱0.00,
"July 4, 2025",,Table 1,JIN MILD ,,,,,₱150.00,₱70.00,,₱0.00,₱150.00,
"July 4, 2025",,Table 1,SAMGYUP BOWL,,,,,,,,₱0.00,₱0.00,
"July 4, 2025",,Mario,COOKIES WALNUT,,MEMBERSHIP,,,,,,₱0.00,₱0.00,
"July 4, 2025",,Kento,BOTTLED WATER,,,,,,,,₱0.00,₱0.00,
"July 4, 2025",,Kento,BOTTLED WATER,,,,,,,,₱0.00,₱0.00,
,,,,,,,,,,,₱0.00,₱0.00,
July 5 2025,,Ma'am Gia,BEEF PHO,,C/O GIA,,,,,60.00%,₱0.00,₱0.00,
July 5 2025,,Ma'am Gia,JIN MILD ,,C/O GIA,,,₱150.00,₱70.00,60.00%,₱90.00,₱60.00,
July 5 2025,,Ma'am Gia,CHEESE RAMEN,,C/O GIA,,,₱150.00,₱70.00,60.00%,₱90.00,₱60.00,
July 5 2025,,Ma'am Gia,BULDAK CARBONARA,,C/O GIA,,,₱140.00,,60.00%,₱84.00,₱56.00,
July 5 2025,,Ma'am Gia,SHOYU TONKATSU RAMEN,,C/O GIA,,,₱120.00,,60.00%,₱72.00,₱48.00,
July 5 2025,,Ma'am Gia,ZARU SOBA,,C/O GIA,,,₱150.00,,60.00%,₱90.00,₱60.00,
July 5 2025,,Ma'am Gia,KOREAN BEEF TAPA,,C/O GIA,,,,,60.00%,₱0.00,₱0.00,
July 5 2025,,Ma'am Gia,ADOBO FLAKES ,,C/O GIA,,,,,60.00%,₱0.00,₱0.00,
July 5 2025,,Ma'am Gia,KIMCHI GYUDON,,C/O GIA,,,,,60.00%,₱0.00,₱0.00,
July 5 2025,,Ma'am Gia,SAMGYUP BOWL,,C/O GIA,,,,,60.00%,₱0.00,₱0.00,
July 5 2025,,Ma'am Gia,FRENCH FRIES,,C/O GIA,,,₱60.00,,60.00%,₱36.00,₱24.00,
July 5 2025,,Ma'am Gia,NACHOS,,C/O GIA,,,₱120.00,,60.00%,₱72.00,₱48.00,
July 5 2025,,Ma'am Gia,FISH CAKE - ADD ON ,,C/O GIA,,,,,60.00%,₱0.00,₱0.00,
July 5 2025,,Ma'am Gia,EGG - ADD ON ,,C/O GIA,,,,,60.00%,₱0.00,₱0.00,
July 5 2025,,Ma'am Gia,EGG - ADD ON ,,C/O GIA,,,,,60.00%,₱0.00,₱0.00,
July 5 2025,,Ma'am Gia,SAMGYUP - ADD ON,,C/O GIA,,,,,60.00%,₱0.00,₱0.00,
July 5 2025,,Ma'am Gia,SAMGYUP - ADD ON,,C/O GIA,,,,,60.00%,₱0.00,₱0.00,
July 5 2025,,Ma'am Gia,COOKIES OATS,,C/O GIA,,,,,60.00%,₱0.00,₱0.00,
July 5 2025,,Ma'am Gia,Oreo Chocolate Chip,,C/O GIA,,,,,60.00%,₱0.00,₱0.00,
July 5 2025,,Ma'am Gia,COOKIES CHOCO CHIP,,C/O GIA,,,,,60.00%,₱0.00,₱0.00,
July 5 2025,,Ma'am Gia,COOKIES WALNUT,,C/O GIA,,,,,60.00%,₱0.00,₱0.00,
July 5 2025,,Ma'am Gia,COOKIES WALNUT,,C/O GIA,,,,,60.00%,₱0.00,₱0.00,
July 5 2025,,Ma'am Gia,White Chocolate Chip,,C/O GIA,,,,,60.00%,₱0.00,₱0.00,
July 5 2025,,Kristelle,SAMGYUP BOWL,,GCASH,746977,,,,,₱0.00,₱0.00,
July 5 2025,,Kristelle,SHOYU TONKATSU RAMEN,,GCASH,746977,,₱120.00,,,₱0.00,₱120.00,
July 5 2025,,Kristelle,NACHOS,,GCASH,746977,,₱120.00,,,₱0.00,₱120.00,
July 5 2025,,Rusella Aldaba,Oreo Chocolate Chip,,CASH,,,,,,₱0.00,₱0.00,
,,,,,,,,,,,₱0.00,₱0.00,
"July 6, 2025",,Abby,Oreo Chocolate Chip,,CASH,,,,,,₱0.00,₱0.00,
"July 6, 2025",,Ma'am Trishia,JIN MILD ,,C/O GIA,2030408332616,,₱150.00,₱70.00,60.00%,₱90.00,₱60.00,
"July 6, 2025",,Ma'am Trishia,White Chocolate Chip,,C/O GIA,2030408332616,,,,60.00%,₱0.00,₱0.00,
,,,,,,,,,,,₱0.00,₱0.00,
"July 7, 2025",,Anne Marquez,JIN SPICY,,CASH,,,₱150.00,₱70.00,,₱0.00,₱150.00,
"July 7, 2025",,Anne Marquez,FISH CAKE - ADD ON ,,CASH,,,,,,₱0.00,₱0.00,
"July 7, 2025",,Anne Marquez,COOKIES WALNUT,,CASH,,,,,,₱0.00,₱0.00,
"July 7, 2025",,Ma'am Ruth,CHEESE RAMEN,,CASH,,,₱150.00,₱70.00,,₱0.00,₱150.00,
"July 7, 2025",,Ma'am Ruth,SAMGYUP BOWL,,CASH,,,,,,₱0.00,₱0.00,
"July 7, 2025",,Ma'am Ruth,JIN MILD ,,CASH,,,₱150.00,₱70.00,,₱0.00,₱150.00,
"July 7, 2025",,Ma'am Ruth,JIN SPICY,,CASH,,,₱150.00,₱70.00,,₱0.00,₱150.00,
"July 7, 2025",,Ma'am Ruth,EGG - ADD ON ,,CASH,,,,,,₱0.00,₱0.00,
"July 7, 2025",,Ma'am Ruth,EGG - ADD ON ,,CASH,,,,,,₱0.00,₱0.00,
"July 7, 2025",,Ma'am Ruth,CHEESE - ADD ON,,CASH,,,,,,₱0.00,₱0.00,
"July 7, 2025",,Ma'am Ruth,CHEESE - ADD ON,,CASH,,,,,,₱0.00,₱0.00,
"July 7, 2025",,Ma'am Ruth,BEEF PHO,,CASH,,,,,,₱0.00,₱0.00,
"July 7, 2025",,Ma'am Ruth,SNAPPLE,,CASH,,,,,,₱0.00,₱0.00,
"July 7, 2025",,Ma'am Ruth,Iced Coffee,,CASH,,,₱80.00,,,₱0.00,₱80.00,
"July 7, 2025",,Ma'am Ruth,FISH CAKE - ADD ON ,,CASH,,,,,,₱0.00,₱0.00,
"July 7, 2025",,Table 1,ZARU SOBA,,CASH,,,₱150.00,,,₱0.00,₱150.00,
"July 7, 2025",,Table 1,SAMGYUP BOWL,,CASH,,,,,,₱0.00,₱0.00,
"July 7, 2025",,Jd,White Chocolate Chip,,CASH,,,,,,₱0.00,₱0.00,
"July 7, 2025",,Table 2,SAMGYUP BOWL,,CASH,,,,,,₱0.00,₱0.00,
"July 7, 2025",,Table 2,JIN SPICY,,CASH,,,₱150.00,₱70.00,,₱0.00,₱150.00,
"July 7, 2025",,Table 2,CAFE LATTE,,CASH,,,₱80.00,,,₱0.00,₱80.00,
"July 7, 2025",,Table 3,JIN MILD ,,CASH,,,₱150.00,₱70.00,,₱0.00,₱150.00,
"July 7, 2025",,Table 3,JIN MILD ,,CASH,,,₱150.00,₱70.00,,₱0.00,₱150.00,
"July 7, 2025",,Table 3,JIN SPICY,,CASH,,,₱150.00,₱70.00,,₱0.00,₱150.00,
"July 7, 2025",,Table 3,JIN SPICY,,CASH,,,₱150.00,₱70.00,,₱0.00,₱150.00,
"July 7, 2025",,Table 3,FISH CAKE - ADD ON ,,CASH,,,,,,₱0.00,₱0.00,
"July 7, 2025",,Table 3,FISH CAKE - ADD ON ,,CASH,,,,,,₱0.00,₱0.00,
"July 7, 2025",,Table 3,FISH CAKE - ADD ON ,,CASH,,,,,,₱0.00,₱0.00,
"July 7, 2025",,Table 3,FISH CAKE - ADD ON ,,CASH,,,,,,₱0.00,₱0.00,
"July 7, 2025",,Table 3,ADD ON - KIMCHI,,CASH,,,,,,₱0.00,₱0.00,
"July 7, 2025",,Table 3,ADD ON - KIMCHI,,CASH,,,,,,₱0.00,₱0.00,
"July 7, 2025",,Table 3,ADD ON - KIMCHI,,CASH,,,,,,₱0.00,₱0.00,
"July 7, 2025",,Table 3,ADD ON - KIMCHI,,CASH,,,,,,₱0.00,₱0.00,
"July 7, 2025",,Table 3,SAMGYUP - ADD ON,,CASH,,,,,,₱0.00,₱0.00,
"July 7, 2025",,Table 3,SAMGYUP - ADD ON,,CASH,,,,,,₱0.00,₱0.00,
"July 7, 2025",,Table 3,SAMGYUP - ADD ON,,CASH,,,,,,₱0.00,₱0.00,
"July 7, 2025",,Table 3,SAMGYUP - ADD ON,,CASH,,,,,,₱0.00,₱0.00,
"July 7, 2025",,Table 3,COKE ZERO,,CASH,,,₱50.00,₱29.00,,₱0.00,₱50.00,
"July 7, 2025",,Table 3,COKE ZERO,,CASH,,,₱50.00,₱29.00,,₱0.00,₱50.00,
,,,,,CASH,,,,,,₱0.00,₱0.00,
July 8 2025,,Sunday (Thai),BEEF PHO,,CASH,,,,,,₱0.00,₱0.00,
July 8 2025,,Sunday (Thai),Iced Coffee,,CASH,,,₱80.00,,,₱0.00,₱80.00,
July 8 2025,,Bryan,ADOBO FLAKES ,,CASH,,,,,,₱0.00,₱0.00,
July 8 2025,,Bryan,SHOYU TONKATSU RAMEN,,CASH,,,₱120.00,,,₱0.00,₱120.00,
July 8 2025,,Bryan,CAFE LATTE,,CASH,,,₱80.00,,,₱0.00,₱80.00,
July 8 2025,,Ann dalisay,BEEF PHO,,MEMBERSHIP,,,,,,₱0.00,₱0.00,
July 8 2025,,Ann dalisay,BULDAK CARBONARA,,MEMBERSHIP,,,₱140.00,,,₱0.00,₱0.00,
July 8 2025,,Krischelle,BEEF PHO,,CASH,,,,,,₱0.00,₱0.00,
July 8 2025,,Krischelle,FRENCH FRIES,,CASH,,,₱60.00,,,₱0.00,₱60.00,
July 8 2025,,Krischelle,CAFE LATTE,,CASH,,,₱80.00,,,₱0.00,₱80.00,
July 8 2025,,Krischelle,CAFE LATTE,,CASH,,,₱80.00,,,₱0.00,₱80.00,
July 8 2025,,Mhik,AMERICANO,,CASH,,,₱70.00,,,₱0.00,₱70.00,
,,,,,CASH,,,,,,₱0.00,₱0.00,
July 9 2025,,Myrna Lulu,COOKIES WALNUT,,GCASH,9030494744046,,,,,₱0.00,₱0.00,
July 9 2025,,Jelyn,CAFE LATTE,,CASH,,,₱80.00,,,₱0.00,₱80.00,
July 9 2025,,Charles,JIN MILD ,,CASH,,,₱150.00,₱70.00,,₱0.00,₱150.00,
July 9 2025,,Charles,JIN MILD ,,CASH,,,₱150.00,₱70.00,,₱0.00,₱150.00,
July 9 2025,,Charles,SAMGYUP - ADD ON,,CASH,,,,,,₱0.00,₱0.00,
July 9 2025,,Charles,SAMGYUP - ADD ON,,CASH,,,,,,₱0.00,₱0.00,
July 9 2025,,Charles,FISH CAKE - ADD ON ,,CASH,,,,,,₱0.00,₱0.00,
July 9 2025,,Charles,FISH CAKE - ADD ON ,,CASH,,,,,,₱0.00,₱0.00,
,,,,,CASH,,,,,,₱0.00,₱0.00,
July 10 2025,,Ruth Samson,SAMGYUP - ADD ON,,CASH,,,,,,₱0.00,₱0.00,
July 10 2025,,Ruth Samson,CHEESE RAMEN,,CASH,,,₱150.00,₱70.00,,₱0.00,₱150.00,
July 10 2025,,Ruth Samson,BEEF PHO,,CASH,,,,,,₱0.00,₱0.00,
July 10 2025,,Ruth Samson,BEEF PHO,,CASH,,,,,,₱0.00,₱0.00,
July 10 2025,,Ruth Samson,ADD ON - KIMCHI,,CASH,,,,,,₱0.00,₱0.00,
July 10 2025,,Ruth Samson,SAMGYUP BOWL,,CASH,,,,,,₱0.00,₱0.00,
July 10 2025,,Ruth Samson,SAMGYUP BOWL,,CASH,,,,,,₱0.00,₱0.00,
July 10 2025,,Ruth Samson,SB DOLCE FRAPPE ,,CASH,,,₱179.00,₱129.00,,₱0.00,₱179.00,
July 10 2025,,Table 1,SHOYU TONKATSU RAMEN,,CASH,,,₱120.00,,,₱0.00,₱120.00,
July 10 2025,,Table 1,LAVENDER TEA,,CASH,,,,,,₱0.00,₱0.00,
July 10 2025,,Ann Manuel,SAMGYUP - ADD ON,EMPLOYEE DISCOUNT,GCASH,207580,,,,20.00%,₱0.00,₱0.00,
July 10 2025,,Ann Manuel,SAMGYUP BOWL,EMPLOYEE DISCOUNT,GCASH,207580,,,,20.00%,₱0.00,₱0.00,
July 10 2025,,Ann Manuel,COOKIES WALNUT,EMPLOYEE DISCOUNT,GCASH,207580,,,,20.00%,₱0.00,₱0.00,
July 10 2025,,Ann Manuel,SNAPPLE,EMPLOYEE DISCOUNT,GCASH,207580,,,,20.00%,₱0.00,₱0.00,
July 10 2025,,Table 2,DR. PEPPERS,,CASH,,,₱55.00,,,₱0.00,₱55.00,
,,,,,,,,,,,₱0.00,₱0.00,
July 11 2025,,Table 4,White Chocolate Chip,,CASH,,,,,,₱0.00,₱0.00,
July 11 2025,,Table 4,Oreo Chocolate Chip,,CASH,,,,,,₱0.00,₱0.00,
July 11 2025,,Table 4,Oreo Chocolate Chip,,CASH,,,,,,₱0.00,₱0.00,
July 11 2025,,Table 4,Iced Coffee,,CASH,,,₱80.00,,,₱0.00,₱80.00,
July 11 2025,,Ola,BULDAK CARBONARA,,CASH,,,₱140.00,,,₱0.00,₱140.00,
July 11 2025,,Mae,BEEF PHO,,CASH,,,,,,₱0.00,₱0.00,
July 11 2025,,Mae,CANADA DRY ,,CASH,,,₱58.00,₱41.00,,₱0.00,₱58.00,
July 11 2025,,Mae,BOTTLED WATER,,CASH,,,,,,₱0.00,₱0.00,
July 11 2025,,Mhikko,JIN MILD ,,CASH,,,₱150.00,₱70.00,,₱0.00,₱150.00,
July 11 2025,,Mhikko,JIN MILD ,,CASH,,,₱150.00,₱70.00,,₱0.00,₱150.00,
July 11 2025,,Mhikko,JIN MILD ,,CASH,,,₱150.00,₱70.00,,₱0.00,₱150.00,
July 11 2025,,Mario,JIN MILD ,,MEMBERSHIP,,,₱150.00,₱70.00,,₱0.00,₱0.00,
July 11 2025,,Jocelyn,AMERICANO,,CASH,,,₱70.00,,,₱0.00,₱70.00,
July 11 2025,,Jocelyn,CAFE LATTE,,CASH,,,₱80.00,,,₱0.00,₱80.00,
July 11 2025,,Jocelyn,SB DOLCE FRAPPE ,,CASH,,,₱179.00,₱129.00,,₱0.00,₱179.00,
July 11 2025,,Jocelyn,JIN MILD ,,FREE,,,₱150.00,₱70.00,100.00%,₱150.00,₱0.00,
July 11 2025,,Jocelyn,JIN MILD ,,FREE,,,₱150.00,₱70.00,100.00%,₱150.00,₱0.00,
July 11 2025,,Jocelyn,JIN MILD ,,FREE,,,₱150.00,₱70.00,100.00%,₱150.00,₱0.00,
July 11 2025,,Tenny,SAMGYUP BOWL,,CASH,,,,,,₱0.00,₱0.00,
July 11 2025,,Tenny,SAMGYUP BOWL,,CASH,,,,,,₱0.00,₱0.00,
July 11 2025,,May Ava,CAFE LATTE,,CASH,,,₱80.00,,,₱0.00,₱80.00,
July 11 2025,,May Ava,JIN SPICY,,CASH,,,₱150.00,₱70.00,,₱0.00,₱150.00,
July 11 2025,,May Ava,ADD ON - KIMCHI,,CASH,,,,,,₱0.00,₱0.00,
July 11 2025,,Via,JIN MILD ,EMPLOYEE DISCOUNT,CASH,,,₱150.00,₱70.00,20.00%,₱30.00,₱120.00,
July 11 2025,,Via,FISH CAKE - ADD ON ,EMPLOYEE DISCOUNT,CASH,,,,,20.00%,₱0.00,₱0.00,
July 11 2025,,Via,SAMGYUP - ADD ON,EMPLOYEE DISCOUNT,CASH,,,,,20.00%,₱0.00,₱0.00,
July 11 2025,,Via,EGG - ADD ON ,EMPLOYEE DISCOUNT,CASH,,,,,20.00%,₱0.00,₱0.00,
July 11 2025,,Table 1,C2,,CASH,,,₱20.00,₱17.00,,₱0.00,₱20.00,
July 11 2025,,Sam Dela Cruz,BEEF PHO,,CASH,,,,,,₱0.00,₱0.00,
July 11 2025,,Sam Dela Cruz,CANADA DRY ,,CASH,,,₱58.00,₱41.00,,₱0.00,₱58.00,
July 11 2025,,Sam Dela Cruz,CHEESE RAMEN,,CASH,,,₱150.00,₱70.00,,₱0.00,₱150.00,
July 11 2025,,Sam Dela Cruz,CANADA DRY ,,CASH,,,₱58.00,₱41.00,,₱0.00,₱58.00,
,,,,,,,,,,,₱0.00,₱0.00,
July 12 2025,,Vangie,FISH CAKE - ADD ON ,EMPLOYEE DISCOUNT,CASH,,,,,20.00%,₱0.00,₱0.00,
July 12 2025,,Vangie,EGG - ADD ON ,EMPLOYEE DISCOUNT,CASH,,,,,20.00%,₱0.00,₱0.00,
July 12 2025,,Vangie,CHEESE RAMEN,EMPLOYEE DISCOUNT,CASH,,,₱150.00,₱70.00,20.00%,₱30.00,₱120.00,
July 12 2025,,Deborah Cristobal,SAMGYUP BOWL,,GCASH,9030592406380,,,,,₱0.00,₱0.00,
July 12 2025,,Deborah Cristobal,SAMGYUP BOWL,,GCASH,9030592406380,,,,,₱0.00,₱0.00,
July 12 2025,,Deborah Cristobal,KOREAN BEEF TAPA,,GCASH,9030592406380,,,,,₱0.00,₱0.00,
July 12 2025,,Deborah Cristobal,KOREAN BEEF TAPA,,GCASH,9030592406380,,,,,₱0.00,₱0.00,
July 12 2025,,Deborah Cristobal,BEEF PHO,,GCASH,9030592406380,,,,,₱0.00,₱0.00,
July 12 2025,,Deborah Cristobal,SHOYU TONKATSU RAMEN,,GCASH,9030592406380,,₱120.00,,,₱0.00,₱120.00,
July 12 2025,,Jill,BEEF PHO,,CASH,,,,,,₱0.00,₱0.00,
July 12 2025,,Jill,SB DOLCE FRAPPE ,,CASH,,,₱179.00,₱129.00,,₱0.00,₱179.00,
July 12 2025,,Jill,JIN SPICY,,CASH,,,₱150.00,₱70.00,,₱0.00,₱150.00,
July 12 2025,,Jill,CAFE LATTE,,CASH,,,₱80.00,,,₱0.00,₱80.00,
July 12 2025,,Jill,KOREAN BEEF TAPA,,CASH,,,,,,₱0.00,₱0.00,
July 12 2025,,Jill,FRENCH FRIES,,CASH,,,₱60.00,,,₱0.00,₱60.00,
July 12 2025,,Jill,NACHOS,,CASH,,,₱120.00,,,₱0.00,₱120.00,
July 12 2025,,Jean,SHOYU TONKATSU RAMEN,,CASH,,,₱120.00,,,₱0.00,₱120.00,
July 12 2025,,Jean,SAMGYUP BOWL,,CASH,,,,,,₱0.00,₱0.00,
July 12 2025,,Fatima,BEEF PHO,,CASH,,,,,,₱0.00,₱0.00,
July 12 2025,,Fatima,ADD ON - KIMCHI,,CASH,,,,,,₱0.00,₱0.00,
July 12 2025,,Fatima,COOKIES WALNUT,,CASH,,,,,,₱0.00,₱0.00,
July 12 2025,,Fatima,DR. PEPPERS,,CASH,,,₱55.00,,,₱0.00,₱55.00,
,,,,,,,,,,,₱0.00,₱0.00,
"July 13,2025",,Jolly,COKE REGULAR ,,CASH,,,₱50.00,₱29.00,,₱0.00,₱50.00,
"July 13,2025",,Plaridel Reyes,JIN MILD ,,CASH,,,₱150.00,₱70.00,,₱0.00,₱150.00,
"July 13,2025",,Plaridel Reyes,Oreo Chocolate Chip,,CASH,,,,,,₱0.00,₱0.00,
"July 13,2025",,Plaridel Reyes,COOKIES OATS,,CASH,,,,,,₱0.00,₱0.00,
"July 13,2025",,Plaridel Reyes,C2,,CASH,,,₱20.00,₱17.00,,₱0.00,₱20.00,
"July 13,2025",,Ash,C2,,CASH,,,₱20.00,₱17.00,,₱0.00,₱20.00,
"July 13,2025",,Yumi,BOTTLED WATER 500ML,,CASH,,,₱25.00,,,₱0.00,₱25.00,
"July 13,2025",,Yumi,Oreo Chocolate Chip,,CASH,,,,,,₱0.00,₱0.00,
,,,,,,,,,,,₱0.00,₱0.00,
July 14 2025,,Ann,JIN MILD ,EMPLOYEE DISCOUNT,CASH,,,₱150.00,₱70.00,20.00%,₱30.00,₱120.00,
July 14 2025,,Ann,EGG - ADD ON ,EMPLOYEE DISCOUNT,CASH,,,,,20.00%,₱0.00,₱0.00,
,,,,,,,,,,,₱0.00,₱0.00,
July 15 2025,,Table 1,SAMGYUP BOWL,,GCASH,123370,,,,,₱0.00,₱0.00,
July 15 2025,,Table 1,CHEESE RAMEN,,GCASH,123370,,₱150.00,₱70.00,,₱0.00,₱150.00,
July 15 2025,,Table 1,EGG - ADD ON ,,GCASH,123370,,,,,₱0.00,₱0.00,
July 15 2025,,Table 1,FISH CAKE - ADD ON ,,GCASH,123370,,,,,₱0.00,₱0.00,
July 15 2025,,Table 1,CANTATA COLD BREW,,GCASH,123370,,,,,₱0.00,₱0.00,
July 15 2025,,Table 2,JIN MILD ,,CASH,,,₱150.00,₱70.00,,₱0.00,₱150.00,
July 15 2025,,Table 3,EGG - ADD ON ,,CASH,,,,,,₱0.00,₱0.00,
July 15 2025,,Table 3,EGG - ADD ON ,,CASH,,,,,,₱0.00,₱0.00,
July 15 2025,,Table 3,CHEESE - ADD ON,,CASH,,,,,,₱0.00,₱0.00,
July 15 2025,,Table 3,FISH CAKE - ADD ON ,,CASH,,,,,,₱0.00,₱0.00,
July 15 2025,,Table 3,SAMGYUP - ADD ON,,CASH,,,,,,₱0.00,₱0.00,
July 15 2025,,Table 3,CAFE LATTE,,CASH,,,₱80.00,,,₱0.00,₱80.00,
July 15 2025,,Table 3,JIN MILD ,,CASH,,,₱150.00,₱70.00,,₱0.00,₱150.00,
July 15 2025,,Table 3,NACHOS,,CASH,,,₱120.00,,,₱0.00,₱120.00,
July 15 2025,,Table 3,SHIN RAMYUN,,CASH,,,₱150.00,₱70.00,,₱0.00,₱150.00,
July 15 2025,,Table 3,FRENCH FRIES,,CASH,,,₱60.00,,,₱0.00,₱60.00,
July 15 2025,,Jelliane Mae Sacdalan,SHOYU TONKATSU RAMEN,,CASH,,,₱120.00,,,₱0.00,₱120.00,
July 15 2025,,Jelliane Mae Sacdalan,FRENCH FRIES,,CASH,,,₱60.00,,,₱0.00,₱60.00,
July 15 2025,,Ma'am Ruth,EGG - ADD ON ,,CASH,,,,,,₱0.00,₱0.00,
July 15 2025,,Ma'am Ruth,ADD ON - KIMCHI,,CASH,,,,,,₱0.00,₱0.00,
July 15 2025,,Ma'am Ruth,SAMGYUP BOWL,,CASH,,,,,,₱0.00,₱0.00,
July 15 2025,,Ma'am Ruth,SAMGYUP BOWL,,CASH,,,,,,₱0.00,₱0.00,
July 15 2025,,Ma'am Ruth,SAMGYUP - ADD ON,,CASH,,,,,,₱0.00,₱0.00,
July 15 2025,,Ma'am Ruth,SB DOLCE FRAPPE ,,CASH,,,₱179.00,₱129.00,,₱0.00,₱179.00,
July 15 2025,,Ma'am Ruth,CHEESE RAMEN,,CASH,,,₱150.00,₱70.00,,₱0.00,₱150.00,
July 15 2025,,Ma'am Ruth,CHEESE RAMEN,,CASH,,,₱150.00,₱70.00,,₱0.00,₱150.00,
July 15 2025,,Ma'am Ruth,Iced Coffee,,CASH,,,₱80.00,,,₱0.00,₱80.00,
July 15 2025,,Table 4,JIN SPICY,EMPLOYEE DISCOUNT,CASH,,,₱150.00,₱70.00,20.00%,₱30.00,₱120.00,
July 15 2025,,Table 4,FISH CAKE - ADD ON ,EMPLOYEE DISCOUNT,CASH,,,,,20.00%,₱0.00,₱0.00,
July 15 2025,,Table 4,SAMGYUP - ADD ON,EMPLOYEE DISCOUNT,CASH,,,,,20.00%,₱0.00,₱0.00,
July 15 2025,,Table 2,COOKIES CHOCO CHIP,SENIOR,CASH,,,,,20.00%,₱0.00,₱0.00,
July 15 2025,,Table 2,COOKIES CHOCO CHIP,SENIOR,CASH,,,,,20.00%,₱0.00,₱0.00,
July 15 2025,,Table 2,COOKIES CHOCO CHIP,SENIOR,CASH,,,,,20.00%,₱0.00,₱0.00,
July 15 2025,,Table 1,EGG - ADD ON ,,CASH,,,,,,₱0.00,₱0.00,
July 15 2025,,Table 1,EGG - ADD ON ,,CASH,,,,,,₱0.00,₱0.00,
July 15 2025,,Table 1,FISH CAKE - ADD ON ,,CASH,,,,,,₱0.00,₱0.00,
July 15 2025,,Table 1,FISH CAKE - ADD ON ,,CASH,,,,,,₱0.00,₱0.00,
July 15 2025,,Table 1,SAMGYUP - ADD ON,,CASH,,,,,,₱0.00,₱0.00,
July 15 2025,,Table 1,SAMGYUP - ADD ON,,CASH,,,,,,₱0.00,₱0.00,
July 15 2025,,Table 1,CHEESE RAMEN,,CASH,,,₱150.00,₱70.00,,₱0.00,₱150.00,
July 15 2025,,Table 1,CHEESE RAMEN,,CASH,,,₱150.00,₱70.00,,₱0.00,₱150.00,
July 15 2025,,Table 2,SAMGYUP BOWL,,CASH,,,,,,₱0.00,₱0.00,
July 15 2025,,Table 2,CHEESE RAMEN,,CASH,,,₱150.00,₱70.00,,₱0.00,₱150.00,
July 15 2025,,Table 2,EGG - ADD ON ,,CASH,,,,,,₱0.00,₱0.00,
July 15 2025,,Table 2,FISH CAKE - ADD ON ,,CASH,,,,,,₱0.00,₱0.00,
July 15 2025,,Table 2,COKE REGULAR ,,CASH,,,₱50.00,₱29.00,,₱0.00,₱50.00,
,,,,,,,,,,,₱0.00,₱0.00,
July 16 2025,,Ralph De Jesus,COKE REGULAR ,,CASH,,,₱50.00,₱29.00,,₱0.00,₱50.00,
July 16 2025,,Table 1,BEEF PHO,,CASH,,,,,,₱0.00,₱0.00,
July 16 2025,,Table 1,SHOYU TONKATSU RAMEN,,CASH,,,₱120.00,,,₱0.00,₱120.00,
July 16 2025,,Table 1,COKE ZERO,,CASH,,,₱50.00,₱29.00,,₱0.00,₱50.00,
July 16 2025,,Table 1,Oreo Chocolate Chip,,CASH,,,,,,₱0.00,₱0.00,
July 16 2025,,Ruth Samson,KOREAN BEEF TAPA,,CASH,,,,,,₱0.00,₱0.00,
July 16 2025,,Ruth Samson,BEEF PHO,,CASH,,,,,,₱0.00,₱0.00,
July 16 2025,,Ruth Samson,COKE ZERO,,CASH,,,₱50.00,₱29.00,,₱0.00,₱50.00,
July 16 2025,,Ruth Samson,NACHOS,,CASH,,,₱120.00,,,₱0.00,₱120.00,
July 16 2025,,Ruth Samson,CHEESE RAMEN,,CASH,,,₱150.00,₱70.00,,₱0.00,₱150.00,
July 16 2025,,Ruth Samson,Iced Coffee,,CASH,,,₱80.00,,,₱0.00,₱80.00,
July 16 2025,,Table 4,BEEF PHO,,CASH,,,,,,₱0.00,₱0.00,
July 16 2025,,Table 4,CAFE LATTE,,CASH,,,₱80.00,,,₱0.00,₱80.00,
July 16 2025,,Table 4,KOREAN BEEF TAPA,,CASH,,,,,,₱0.00,₱0.00,
July 16 2025,,Ann Dalisay,ADOBO FLAKES ,,MEMBERSHIP,,,,,,₱0.00,₱0.00,
July 16 2025,,Ann Dalisay,BEEF PHO,,MEMBERSHIP,,,,,,₱0.00,₱0.00,
July 16 2025,,Jireh,SHOYU TONKATSU RAMEN,,CASH,,,₱120.00,,,₱0.00,₱120.00,
July 16 2025,,Jireh,SAMGYUP BOWL,,CASH,,,,,,₱0.00,₱0.00,
July 16 2025,,Jireh,HONEY CHIA REFRESHER,,CASH,,,₱65.00,,,₱0.00,₱65.00,
July 16 2025,,Chester,White Chocolate Chip,,GCASH,8030719686336,,,,,₱0.00,₱0.00,
,,,,,,,,,,,₱0.00,₱0.00,
July 17 2025,,Vlogger,EGG - ADD ON ,,C/O GIA,,,,,60.00%,₱0.00,₱0.00,
July 17 2025,,Vlogger,EGG - ADD ON ,,C/O GIA,,,,,60.00%,₱0.00,₱0.00,
July 17 2025,,Vlogger,FISH CAKE - ADD ON ,,C/O GIA,,,,,60.00%,₱0.00,₱0.00,
July 17 2025,,Vlogger,FISH CAKE - ADD ON ,,C/O GIA,,,,,60.00%,₱0.00,₱0.00,
July 17 2025,,Vlogger,SAMGYUP - ADD ON,,C/O GIA,,,,,60.00%,₱0.00,₱0.00,
July 17 2025,,Vlogger,SAMGYUP - ADD ON,,C/O GIA,,,,,60.00%,₱0.00,₱0.00,
July 17 2025,,Vlogger,ADOBO FLAKES ,,C/O GIA,,,,,60.00%,₱0.00,₱0.00,
July 17 2025,,Vlogger,COOKIES CHOCO CHIP,,C/O GIA,,,,,60.00%,₱0.00,₱0.00,
July 17 2025,,Vlogger,BULDAK CARBONARA,,C/O GIA,,,₱140.00,,60.00%,₱84.00,₱56.00,
July 17 2025,,Vlogger,CAFE LATTE,,C/O GIA,,,₱80.00,,60.00%,₱48.00,₱32.00,
July 17 2025,,Vlogger,CHEESE RAMEN,,C/O GIA,,,₱150.00,₱70.00,60.00%,₱90.00,₱60.00,
July 17 2025,,Vlogger,FRENCH FRIES,,C/O GIA,,,₱60.00,,60.00%,₱36.00,₱24.00,
July 17 2025,,Vlogger,HONEY CHIA REFRESHER,,C/O GIA,,,₱65.00,,60.00%,₱39.00,₱26.00,
July 17 2025,,Vlogger,JIN SPICY,,C/O GIA,,,₱150.00,₱70.00,60.00%,₱90.00,₱60.00,
July 17 2025,,Vlogger,KOREAN BEEF TAPA,,C/O GIA,,,,,60.00%,₱0.00,₱0.00,
July 17 2025,,Vlogger,NACHOS,,C/O GIA,,,₱120.00,,60.00%,₱72.00,₱48.00,
July 17 2025,,Vlogger,SAMGYUP BOWL,,C/O GIA,,,,,60.00%,₱0.00,₱0.00,
July 17 2025,,Vlogger,KIMCHI GYUDON,,C/O GIA,,,,,60.00%,₱0.00,₱0.00,
July 17 2025,,Glance Cruz,BEEF PHO,,C/O GIA,,,,,60.00%,₱0.00,₱0.00,
July 17 2025,,Jannah,Oreo Chocolate Chip,,CASH,,,,,,₱0.00,₱0.00,
July 17 2025,,Jannah,Oreo Chocolate Chip,,CASH,,,,,,₱0.00,₱0.00,
July 17 2025,,Jannah,Oreo Chocolate Chip,,CASH,,,,,,₱0.00,₱0.00,
July 17 2025,,Jannah,COOKIES WALNUT,,CASH,,,,,,₱0.00,₱0.00,
July 17 2025,,Marielle Valdez,ADOBO FLAKES ,,CASH,,,,,,₱0.00,₱0.00,
July 17 2025,,Marielle Valdez,ADOBO FLAKES ,,CASH,,,,,,₱0.00,₱0.00,
July 17 2025,,Marielle Valdez,ADOBO FLAKES ,,CASH,,,,,,₱0.00,₱0.00,
July 17 2025,,Marielle Valdez,BULDAK CARBONARA,,CASH,,,₱140.00,,,₱0.00,₱140.00,
July 17 2025,,Marielle Valdez,BULDAK CARBONARA,,CASH,,,₱140.00,,,₱0.00,₱140.00,
July 17 2025,,Marielle Valdez,COKE REGULAR ,,CASH,,,₱50.00,₱29.00,,₱0.00,₱50.00,
July 17 2025,,Marielle Valdez,COKE REGULAR ,,CASH,,,₱50.00,₱29.00,,₱0.00,₱50.00,
July 17 2025,,Marielle Valdez,COKE REGULAR ,,CASH,,,₱50.00,₱29.00,,₱0.00,₱50.00,
July 17 2025,,Marielle Valdez,COKE REGULAR ,,CASH,,,₱50.00,₱29.00,,₱0.00,₱50.00,
July 17 2025,,Marielle Valdez,JIN MILD ,,CASH,,,₱150.00,₱70.00,,₱0.00,₱150.00,
July 17 2025,,Marielle Valdez,JIN SPICY,,CASH,,,₱150.00,₱70.00,,₱0.00,₱150.00,
July 17 2025,,Marielle Valdez,CHEESE RAMEN,,CASH,,,₱150.00,₱70.00,,₱0.00,₱150.00,
July 17 2025,,Table 3,ADOBO FLAKES ,,CASH,,,,,,₱0.00,₱0.00,
July 17 2025,,Table 3,ADOBO FLAKES ,,CASH,,,,,,₱0.00,₱0.00,
July 17 2025,,Table 3,ADOBO FLAKES ,,CASH,,,,,,₱0.00,₱0.00,
July 17 2025,,Table 3,SHOYU TONKATSU RAMEN,,CASH,,,₱120.00,,,₱0.00,₱120.00,
July 17 2025,,Table 3,CAFE LATTE,,CASH,,,₱80.00,,,₱0.00,₱80.00,
July 17 2025,,Table 3,CAFE LATTE,,CASH,,,₱80.00,,,₱0.00,₱80.00,
July 17 2025,,Table 3,CAFE LATTE,,CASH,,,₱80.00,,,₱0.00,₱80.00,
July 17 2025,,Table 3,Rice,,CASH,,,₱25.00,,,₱0.00,₱25.00,
July 17 2025,,Emily Cruz,SAMGYUP BOWL,SENIOR,CASH,,,,,20.00%,₱0.00,₱0.00,
July 17 2025,,Emily Cruz,SAMGYUP BOWL,SENIOR,CASH,,,,,20.00%,₱0.00,₱0.00,
July 17 2025,,Emily Cruz,SAMGYUP BOWL,SENIOR,CASH,,,,,20.00%,₱0.00,₱0.00,
July 17 2025,,Emily Cruz,SAMGYUP BOWL,SENIOR,CASH,,,,,20.00%,₱0.00,₱0.00,
July 17 2025,,Emily Cruz,HONEY CHIA REFRESHER,SENIOR,CASH,,,₱65.00,,20.00%,₱13.00,₱52.00,
July 17 2025,,Emily Cruz,HONEY CHIA REFRESHER,SENIOR,CASH,,,₱65.00,,20.00%,₱13.00,₱52.00,
July 17 2025,,Mami Amor,CHEESE RAMEN,SENIOR,CASH,,,₱150.00,,20.00%,₱30.00,₱120.00,
July 17 2025,,Mami Amor,SAMGYUP - ADD ON,SENIOR,CASH,,,,,20.00%,₱0.00,₱0.00,
July 17 2025,,Mami Amor,EGG - ADD ON ,SENIOR,CASH,,,,,20.00%,₱0.00,₱0.00,
July 17 2025,,Mami Amor,COOKIES WALNUT,SENIOR,CASH,,,,,20.00%,₱0.00,₱0.00,
,,,,,,,,,,,₱0.00,₱0.00,
"July 18, 2025",,Kenneth,SHIN RAMYUN,EMPLOYEE DISCOUNT,CASH,,,₱150.00,,,₱0.00,₱150.00,
"July 18, 2025",,Kenneth,SAMGYUP - ADD ON,EMPLOYEE DISCOUNT,CASH,,,,,,₱0.00,₱0.00,
"July 18, 2025",,Kenneth,FISH CAKE - ADD ON ,EMPLOYEE DISCOUNT,CASH,,,,,,₱0.00,₱0.00,
"July 18, 2025",,Jiovani,CHEESE RAMEN,EMPLOYEE DISCOUNT,CASH,,,₱150.00,,,₱0.00,₱150.00,
"July 18, 2025",,Jiovani,FISH CAKE - ADD ON ,EMPLOYEE DISCOUNT,CASH,,,,,,₱0.00,₱0.00,
"July 18, 2025",,Michael Reyes,JIN SPICY,,CASH,,,₱150.00,,,₱0.00,₱150.00,
"July 18, 2025",,Michael Reyes,JIN SPICY,,CASH,,,₱150.00,,,₱0.00,₱150.00,
"July 18, 2025",,Michael Reyes,ADOBO FLAKES ,,CASH,,,,,,₱0.00,₱0.00,
"July 18, 2025",,Michael Reyes,FISH CAKE - ADD ON ,,CASH,,,,,,₱0.00,₱0.00,
"July 18, 2025",,Michael Reyes,FISH CAKE - ADD ON ,,CASH,,,,,,₱0.00,₱0.00,
"July 18, 2025",,Michael Reyes,EGG - ADD ON ,,CASH,,,,,,₱0.00,₱0.00,
"July 18, 2025",,Michael Reyes,EGG - ADD ON ,,CASH,,,,,,₱0.00,₱0.00,
"July 18, 2025",,Rejielyn,CAFE LATTE,,CASH,,,₱80.00,,,₱0.00,₱80.00,
"July 18, 2025",,Rejielyn,ADOBO FLAKES ,,CASH,,,,,,₱0.00,₱0.00,
"July 18, 2025",,Rejielyn,ADOBO FLAKES ,,CASH,,,,,,₱0.00,₱0.00,
"July 18, 2025",,Rejielyn,BEEF PHO,,CASH,,,,,,₱0.00,₱0.00,
"July 18, 2025",,Kim,JIN MILD ,EMPLOYEE DISCOUNT,CASH,,,₱150.00,,,₱0.00,₱150.00,
"July 18, 2025",,Kim,FISH CAKE - ADD ON ,EMPLOYEE DISCOUNT,CASH,,,,,,₱0.00,₱0.00,
"July 18, 2025",,Sheryl Alonzo,CHEESE RAMEN,,GCASH,7030792408264,,₱150.00,,,₱0.00,₱150.00,
"July 18, 2025",,Sheryl Alonzo,FISH CAKE - ADD ON ,,GCASH,7030792408264,,,,,₱0.00,₱0.00,
"July 18, 2025",,Sheryl Alonzo,HONEY CHIA REFRESHER,,GCASH,7030792408264,,₱65.00,,,₱0.00,₱65.00,
"July 18, 2025",,Sheryl Alonzo,HONEY CHIA REFRESHER,,GCASH,7030792408264,,₱65.00,,,₱0.00,₱65.00,
,,,,,,,,,,,₱0.00,₱0.00,
"July 19, 2025",,Jona,SHOYU TONKATSU RAMEN,EMPLOYEE DISCOUNT,CASH,,,₱120.00,,20.00%,₱24.00,₱96.00,
"July 19, 2025",,Jona,C2,EMPLOYEE DISCOUNT,CASH,,,₱20.00,,20.00%,₱4.00,₱16.00,
"July 19, 2025",,Table 3,JIN MILD ,,GCASH,8030831093173,,₱150.00,,,₱0.00,₱150.00,
"July 19, 2025",,Table 3,JIN MILD ,,GCASH,8030831093173,,₱150.00,,,₱0.00,₱150.00,
"July 19, 2025",,Table 3,FISH CAKE - ADD ON ,,GCASH,8030831093173,,,,,₱0.00,₱0.00,
"July 19, 2025",,Table 3,FISH CAKE - ADD ON ,,GCASH,8030831093173,,,,,₱0.00,₱0.00,
"July 19, 2025",,Table 3,JIN SPICY,,GCASH,8030831093173,,₱150.00,,,₱0.00,₱150.00,
"July 19, 2025",,Table 3,JIN SPICY,,GCASH,8030831093173,,₱150.00,,,₱0.00,₱150.00,
"July 19, 2025",,Table 3,SAMGYUP - ADD ON,,GCASH,8030831093173,,,,,₱0.00,₱0.00,
"July 19, 2025",,Table 3,SAMGYUP - ADD ON,,GCASH,8030831093173,,,,,₱0.00,₱0.00,
"July 19, 2025",,Table 3,EGG - ADD ON ,,GCASH,8030831093173,,,,,₱0.00,₱0.00,
"July 19, 2025",,Table 3,EGG - ADD ON ,,GCASH,8030831093173,,,,,₱0.00,₱0.00,
"July 19, 2025",,Table 3,JASMINE TEA,,GCASH,8030831093173,,,,,₱0.00,₱0.00,
"July 19, 2025",,Table 3,LAVENDER TEA,,GCASH,8030831093173,,,,,₱0.00,₱0.00,
"July 19, 2025",,Table 3,AMERICANO,,GCASH,8030831093173,,₱70.00,,,₱0.00,₱70.00,
"July 19, 2025",,Table 3,COKE REGULAR ,,GCASH,8030831093173,,₱50.00,,,₱0.00,₱50.00,
"July 19, 2025",,Table 3,COKE REGULAR ,,GCASH,8030831093173,,₱50.00,,,₱0.00,₱50.00,
"July 19, 2025",,Table 3,C2,,GCASH,8030831093173,,₱20.00,,,₱0.00,₱20.00,
"July 19, 2025",,Table 3,BOTTLED WATER 350ML,,GCASH,8030831093173,,₱15.00,,,₱0.00,₱15.00,
"July 19, 2025",,Table 3,BOTTLED WATER 350ML,,GCASH,8030831093173,,₱15.00,,,₱0.00,₱15.00,
"July 19, 2025",,Table 3,SHOYU TONKATSU RAMEN,SENIOR,GCASH,8030831093173,,₱120.00,,20.00%,₱24.00,₱96.00,
"July 19, 2025",,Table 3,SHOYU TONKATSU RAMEN,,GCASH,8030831093173,,₱120.00,,,₱0.00,₱120.00,
"July 19, 2025",,Table 3,SHOYU TONKATSU RAMEN,,GCASH,8030831093173,,₱120.00,,,₱0.00,₱120.00,
"July 19, 2025",,Table 3,HONEY CHIA REFRESHER,,CASH,,,₱65.00,,,₱0.00,₱65.00,
"July 19, 2025",,Table 3,AMERICANO,,CASH,,,₱70.00,,,₱0.00,₱70.00,
"July 19, 2025",,Table 3,AMERICANO,,CASH,,,₱70.00,,,₱0.00,₱70.00,
"July 19, 2025",,Nicole,SHIN RAMYUN,,CASH,,,₱150.00,,,₱0.00,₱150.00,
"July 19, 2025",,Nicole,CHEESE - ADD ON,,CASH,,,,,,₱0.00,₱0.00,
"July 19, 2025",,Nicole,COOKIES WALNUT,,CASH,,,,,,₱0.00,₱0.00,
"July 19, 2025",,Nicole,BAHN MI ,,CASH,,,,,,₱0.00,₱0.00,
"July 19, 2025",,Francis,BAHN MI ,,CASH,,,,,,₱0.00,₱0.00,
"July 19, 2025",,Francis,JIN MILD ,,CASH,,,₱150.00,,,₱0.00,₱150.00,
"July 19, 2025",,Francis,AMERICANO,,CASH,,,₱70.00,,,₱0.00,₱70.00,
"July 19, 2025",,Francis,EGG - ADD ON ,,CASH,,,,,,₱0.00,₱0.00,
"July 19, 2025",,Francis,FISH CAKE - ADD ON ,,CASH,,,,,,₱0.00,₱0.00,
"July 19, 2025",,Sherwin,CAFE LATTE,,CASH,,,₱80.00,,,₱0.00,₱80.00,
"July 19, 2025",,Joel Odi,JIN MILD ,,CASH,,,₱150.00,,,₱0.00,₱150.00,
"July 19, 2025",,Joel Odi,EGG - ADD ON ,,CASH,,,,,,₱0.00,₱0.00,
"July 19, 2025",,Joel Odi,FISH CAKE - ADD ON ,,CASH,,,,,,₱0.00,₱0.00,
"July 19, 2025",,Joel Odi,AMERICANO,,CASH,,,₱70.00,,,₱0.00,₱70.00,
"July 19, 2025",,Joel Odi,SAMGYUP BOWL,,CASH,,,,,,₱0.00,₱0.00,
"July 19, 2025",,Joel Odi,HONEY CHIA REFRESHER,,CASH,,,₱65.00,,,₱0.00,₱65.00,
"July 19, 2025",,Joel Odi,ADD ON - KIMCHI,,CASH,,,,,,₱0.00,₱0.00,
"July 19, 2025",,Joel Odi,SAMGYUP - ADD ON,,CASH,,,,,,₱0.00,₱0.00,
"July 19, 2025",,Joel Odi,SAMGYUP - ADD ON,,CASH,,,,,,₱0.00,₱0.00,
"July 19, 2025",,Sherwin,BEEF PHO,,CASH,,,,,,₱0.00,₱0.00,
,,,,,,,,,,,₱0.00,₱0.00,
"July 20,2025",,Cha Magpayo,COOKIES WALNUT,,CASH,,,,,,₱0.00,₱0.00,
"July 20,2025",,Cha Magpayo,COOKIES WALNUT,,CASH,,,,,,₱0.00,₱0.00,
"July 20,2025",,Cha Magpayo,White Chocolate Chip,,CASH,,,,,,₱0.00,₱0.00,
,,,,,,,,,,,₱0.00,₱0.00,
"July 21,2025",,Jayson Sumagat,JIN SPICY,,CASH,,,₱150.00,,,₱0.00,₱150.00,
"July 21,2025",,Jayson Sumagat,EGG - ADD ON ,,CASH,,,,,,₱0.00,₱0.00,
"July 21,2025",,Jayson Sumagat,ADD ON - KIMCHI,,CASH,,,,,,₱0.00,₱0.00,
,,,,,,,,,,,₱0.00,₱0.00,
"July 22,2025",,Table 3,Iced Coffee,,CASH,,,₱80.00,,,₱0.00,₱80.00,
"July 22,2025",,Table 3,Iced Coffee,,CASH,,,₱80.00,,,₱0.00,₱80.00,
"July 22,2025",,Table 3,Iced Coffee,,CASH,,,₱80.00,,,₱0.00,₱80.00,
,,,,,,,,,,,₱0.00,₱0.00,
"July 23,2025",,Table 4,Iced Coffee,,GCASH,2030955486069,,₱80.00,,,₱0.00,₱80.00,
"July 23,2025",,Table 4,CAFE LATTE,,GCASH,2030955486069,,₱80.00,,,₱0.00,₱80.00,
"July 23,2025",,Table 4,CAFE LATTE,,GCASH,2030955486069,,₱80.00,,,₱0.00,₱80.00,
"July 23,2025",,Table 4,NACHOS,,GCASH,2030955486069,,₱120.00,,,₱0.00,₱120.00,
,,,,,,,,,,,₱0.00,₱0.00,
"July 24,2025",,Ma'am Gia,BAHN MI ,,C/O GIA,,,,,,₱0.00,₱0.00,
"July 24,2025",,Ma'am Gia,DR. PEPPERS,,C/O GIA,,,₱55.00,,,₱0.00,₱55.00,
"July 24,2025",,Ma'am Gia,CURRY RICE,,C/O GIA,,,,,,₱0.00,₱0.00,
"July 24,2025",,Ma'am Gia,BAHN MI ,,C/O GIA,,,,,,₱0.00,₱0.00,
"July 24,2025",,Ma'am Gia,BAHN MI ,,C/O GIA,,,,,,₱0.00,₱0.00,
,,,,,,,,,,,₱0.00,₱0.00,
"July 25,2025",,Karla,LAVENDER TEA,,CASH,,,,,,₱0.00,₱0.00,
"July 25,2025",,Karla,BEEF PHO,,CASH,,,,,,₱0.00,₱0.00,
,,,,,,,,,,,₱0.00,₱0.00,
"July 26,2025",,Ash,JIN MILD ,,CASH,,,₱150.00,,20.00%,₱30.00,₱120.00,
"July 26,2025",,Ash,JIN SPICY,,CASH,,,₱150.00,,20.00%,₱30.00,₱120.00,
"July 26,2025",,Ash,EGG - ADD ON ,,CASH,,,,,20.00%,₱0.00,₱0.00,
"July 26,2025",,Ash,EGG - ADD ON ,,CASH,,,,,20.00%,₱0.00,₱0.00,
"July 26,2025",,Ash,FISH CAKE - ADD ON ,,CASH,,,,,20.00%,₱0.00,₱0.00,
"July 26,2025",,Ash,ADD ON - KIMCHI,,CASH,,,,,20.00%,₱0.00,₱0.00,
"July 26,2025",,Teddy Cruz,BEEF PHO,,CASH,,,,,,₱0.00,₱0.00,
"July 26,2025",,Teddy Cruz,ADOBO FLAKES ,,CASH,,,,,,₱0.00,₱0.00,
"July 26,2025",,Chloe Magsakay,BAHN MI ,,CASH,,,,,,₱0.00,₱0.00,
"July 26,2025",,Chloe Magsakay,BAHN MI ,,CASH,,,,,,₱0.00,₱0.00,
"July 26,2025",,Chloe Magsakay,HONEY CHIA REFRESHER,,CASH,,,₱65.00,,,₱0.00,₱65.00,
"July 26,2025",,Chloe Magsakay,HONEY CHIA REFRESHER,,CASH,,,₱65.00,,,₱0.00,₱65.00,
"July 26,2025",,Chloe Magsakay,HONEY CHIA REFRESHER,,CASH,,,₱65.00,,,₱0.00,₱65.00,
"July 26,2025",,Chloe Magsakay,HONEY CHIA REFRESHER,,CASH,,,₱65.00,,,₱0.00,₱65.00,
,,,,,,,,,,,₱0.00,₱0.00,
"July 27, 2025",,Mylene,BEEF PHO,,GCASH,7031078949805,,,,,₱0.00,₱0.00,
"July 27, 2025",,Mylene,AMERICANO,,GCASH,5031078803543,,₱70.00,,,₱0.00,₱70.00,
"July 27, 2025",,Mylene,SAMGYUP BOWL,,GCASH,5031078803543,,,,,₱0.00,₱0.00,
"July 27, 2025",,Mylene,ADOBO FLAKES ,,GCASH,5031078803543,,,,,₱0.00,₱0.00,
"July 27, 2025",,Mylene,GREEN TEA,,GCASH,5031078803543,,₱60.00,,,₱0.00,₱60.00,
"July 27, 2025",,Robert Cruz,KOREAN BEEF TAPA,,MEMBERSHIP,,,,,,₱0.00,₱0.00,
"July 27, 2025",,Armie Cruz,SAMGYUP BOWL,,CASH,,,,,,₱0.00,₱0.00,
"July 27, 2025",,Armie Cruz,JIN MILD ,,CASH,,,₱150.00,,,₱0.00,₱150.00,
"July 27, 2025",,Armie Cruz,CHEESE - ADD ON,,CASH,,,,,,₱0.00,₱0.00,₱0.00
"July 27, 2025",,Leah,ADD ON - KIMCHI,,CASH,,,,,20.00%,₱0.00,₱0.00,₱0.00
"July 27, 2025",,Leah,ADD ON - KIMCHI,,CASH,,,,,20.00%,₱0.00,₱0.00,₱0.00
"July 27, 2025",,Leah,EGG - ADD ON ,,CASH,,,,,20.00%,₱0.00,₱0.00,₱0.00
"July 27, 2025",,Leah,EGG - ADD ON ,,CASH,,,,,20.00%,₱0.00,₱0.00,₱0.00
"July 27, 2025",,Leah,EGG - ADD ON ,,CASH,,,,,20.00%,₱0.00,₱0.00,₱0.00
"July 27, 2025",,Leah,JIN MILD ,,CASH,,,₱150.00,₱70.00,20.00%,₱30.00,₱120.00,₱20.00
"July 27, 2025",,Leah,FISH CAKE - ADD ON ,,CASH,,,,,20.00%,₱0.00,₱0.00,₱0.00
"July 27, 2025",,Leah,ADD ON - KIMCHI,,CASH,,,,,20.00%,₱0.00,₱0.00,₱0.00
"July 27, 2025",,Leah,CHEESE - ADD ON,,CASH,,,,,20.00%,₱0.00,₱0.00,₱0.00
"July 27, 2025",,Leah,SAMGYUP - ADD ON,,CASH,,,,,20.00%,₱0.00,₱0.00,₱0.00
"July 27, 2025",,Leah,DR. PEPPERS,,CASH,,,₱55.00,,20.00%,₱11.00,₱44.00,₱33.00
"July 27, 2025",,Leah,SNAPPLE,,CASH,,,,,20.00%,₱0.00,₱0.00,₱0.00
,,,,,,,,,,,₱0.00,₱0.00,₱0.00
"July 28,2025",,Engr CJ,BAHN MI ,,CASH,,,,,,₱0.00,₱0.00,₱0.00
"July 28,2025",,Engr CJ,BEEF PHO,,CASH,,,,,,₱0.00,₱0.00,₱0.00
"July 28,2025",,Engr CJ,JIN SPICY,,MEMBERSHIP,,,₱150.00,₱70.00,,₱0.00,₱0.00,-₱70.00
"July 28,2025",,Engr CJ,Iced Coffee,,CASH,,,₱80.00,,,₱0.00,₱80.00,₱80.00
"July 28,2025",,Jona,C2,,CASH,,,₱20.00,₱17.00,,₱0.00,₱20.00,₱3.00
"July 28,2025",,Bing Lizarondo,JIN MILD ,,CASH,,,₱150.00,₱70.00,,₱0.00,₱150.00,₱80.00
"July 28,2025",,Bing Lizarondo,JIN MILD ,,CASH,,,₱150.00,₱70.00,,₱0.00,₱150.00,₱80.00
,,,,,,,,,,,₱0.00,₱0.00,₱0.00
"July 29,2025",,Kim Jericho De Guzman,BAHN MI ,,GCASH,98251,,,,,₱0.00,₱0.00,₱0.00
"July 29,2025",,Kim Jericho De Guzman,CAFE LATTE,,GCASH,98251,,₱80.00,,,₱0.00,₱80.00,₱80.00
"July 29,2025",,Fatima Cruz,BAHN MI ,,GCASH,6031141715189,,,,,₱0.00,₱0.00,₱0.00
"July 29,2025",,Fatima Cruz,BEEF PHO,,GCASH,6031141715189,,,,,₱0.00,₱0.00,₱0.00
,,,,,,,,,,,₱0.00,₱0.00,₱0.00
"July 30,2025",,Miko,NACHOS,,CASH,,,₱120.00,,,₱0.00,₱120.00,₱120.00
"July 30,2025",,Miko,FRENCH FRIES,,CASH,,,₱60.00,,,₱0.00,₱60.00,₱60.00
"July 30,2025",,Miko,COKE ZERO,,CASH,,,₱50.00,₱29.00,,₱0.00,₱50.00,₱21.00
"July 30,2025",,Miko,COKE ZERO,,CASH,,,₱50.00,₱29.00,,₱0.00,₱50.00,₱21.00
"July 30,2025",,Miko,CHEESE RAMEN,,CASH,,,₱150.00,₱70.00,,₱0.00,₱150.00,₱80.00
"July 30,2025",,Miko,CHEESE RAMEN,,CASH,,,₱150.00,₱70.00,,₱0.00,₱150.00,₱80.00
"July 30,2025",,Miko,SAMGYUP BOWL,,CASH,,,,,,₱0.00,₱0.00,₱0.00
"July 30,2025",,Miko,FISH CAKE - ADD ON ,,CASH,,,,,,₱0.00,₱0.00,₱0.00
"July 30,2025",,Miko,FISH CAKE - ADD ON ,,CASH,,,,,,₱0.00,₱0.00,₱0.00
"July 30,2025",,Miko,ADD ON - KIMCHI,,CASH,,,,,,₱0.00,₱0.00,₱0.00
"July 30,2025",,Miko,NACHOS,,CASH,,,₱120.00,,,₱0.00,₱120.00,₱120.00
"July 30,2025",,Table 4,ADOBO FLAKES ,,CASH,,,,,,₱0.00,₱0.00,₱0.00
"July 30,2025",,Table 4,ADOBO FLAKES ,,CASH,,,,,,₱0.00,₱0.00,₱0.00
"July 30,2025",,Table 4,JIN SPICY,,CASH,,,₱150.00,₱70.00,,₱0.00,₱150.00,₱80.00
"July 30,2025",,Table 4,FISH CAKE - ADD ON ,,CASH,,,,,,₱0.00,₱0.00,₱0.00
"July 30,2025",,Table 4,SHIN RAMYUN,,CASH,,,₱150.00,₱70.00,,₱0.00,₱150.00,₱80.00
"July 30,2025",,Table 4,BULDAK CHEESE,,CASH,,,,,,₱0.00,₱0.00,₱0.00
"July 30,2025",,Table 4,ZARU SOBA,,CASH,,,₱150.00,,,₱0.00,₱150.00,₱150.00
"July 30,2025",,Table 4,Iced Coffee,,CASH,,,₱80.00,,,₱0.00,₱80.00,₱80.00
"July 30,2025",,Table 4,Iced Coffee,,CASH,,,₱80.00,,,₱0.00,₱80.00,₱80.00
"July 30,2025",,Table 4,Iced Coffee,,CASH,,,₱80.00,,,₱0.00,₱80.00,₱80.00
"July 30,2025",,Table 4,AMERICANO,,CASH,,,₱70.00,,,₱0.00,₱70.00,₱70.00
"July 30,2025",,Joyce Pondang,BAHN MI ,,MEMBERSHIP,,,,,,₱0.00,₱0.00,₱0.00
"July 30,2025",,Joyce Pondang,BEEF PHO,,MEMBERSHIP,,,,,,₱0.00,₱0.00,₱0.00
"July 30,2025",,Janis Lumagui,BAHN MI ,,MEMBERSHIP,,,,,,₱0.00,₱0.00,₱0.00
"July 30,2025",,Janis Lumagui,BULDAK CARBONARA,,MEMBERSHIP,,,₱140.00,,,₱0.00,₱0.00,₱0.00
"July 30,2025",,Jasmin Manalili,Iced Coffee,,CASH,,,₱80.00,,,₱0.00,₱80.00,₱80.00
,,,,,,,,,,,₱0.00,₱0.00,₱0.00
"July 31,2025",,Ma'am Gia,SAMGYUP BOWL,,C/O GIA,,,,,,₱0.00,₱0.00,₱0.00
"July 31,2025",,Ma'am Gia,HONEY CHIA REFRESHER,,C/O GIA,,,₱65.00,,,₱0.00,₱65.00,₱65.00
"July 31,2025",,Ma'am Gia,JIN MILD ,,C/O GIA,,,₱150.00,₱70.00,,₱0.00,₱150.00,₱80.00
"July 31,2025",,Ma'am Gia,EGG - ADD ON ,,C/O GIA,,,,,,₱0.00,₱0.00,₱0.00
"July 31,2025",,Ma'am Gia,FISH CAKE - ADD ON ,,C/O GIA,,,,,,₱0.00,₱0.00,₱0.00
"July 31,2025",,Miles,CHEESE RAMEN,,CASH,,,₱150.00,₱70.00,,₱0.00,₱150.00,₱80.00
"July 31,2025",,Miles,ADD ON - KIMCHI,,CASH,,,,,,₱0.00,₱0.00,₱0.00
"July 31,2025",,Miles,CHEESE - ADD ON,,CASH,,,,,,₱0.00,₱0.00,₱0.00
"July 31,2025",,Miles,CHEESE - ADD ON,,CASH,,,,,,₱0.00,₱0.00,₱0.00
"July 31,2025",,Table 3,JIN MILD ,,GCASH,,,₱150.00,₱70.00,,₱0.00,₱150.00,₱80.00
"July 31,2025",,Table 3,JIN SPICY,,GCASH,,,₱150.00,₱70.00,,₱0.00,₱150.00,₱80.00
"July 31,2025",,Table 3,EGG - ADD ON ,,GCASH,,,,,,₱0.00,₱0.00,₱0.00
"July 31,2025",,Table 3,EGG - ADD ON ,,GCASH,,,,,,₱0.00,₱0.00,₱0.00
"July 31,2025",,Table 3,ADD ON - KIMCHI,,GCASH,,,,,,₱0.00,₱0.00,₱0.00
"July 31,2025",,Table 3,ADD ON - KIMCHI,,GCASH,,,,,,₱0.00,₱0.00,₱0.00
"July 31,2025",,Table 3,CHEESE - ADD ON,,GCASH,,,,,,₱0.00,₱0.00,₱0.00
"July 31,2025",,Table 3,CHEESE - ADD ON,,GCASH,,,,,,₱0.00,₱0.00,₱0.00
"July 31,2025",,Ma'am Gia,JIN MILD ,,C/O GIA,,,₱150.00,₱70.00,,₱0.00,₱150.00,₱80.00
"July 31,2025",,Ma'am Gia,FISH CAKE - ADD ON ,,C/O GIA,,,,,,₱0.00,₱0.00,₱0.00
"July 31,2025",,Ma'am Gia,HONEY CHIA REFRESHER,,C/O GIA,,,₱65.00,,,₱0.00,₱65.00,₱65.00
"July 31,2025",,Ma'am Gia,DR. PEPPERS,,C/O GIA,,,₱55.00,,,₱0.00,₱55.00,₱55.00
"July 31,2025",,Maria Elaine Espela,HONEY CHIA REFRESHER,,GCASH,405116,,₱65.00,,,₱0.00,₱65.00,₱65.00
"July 31,2025",,Amee Bautista,CHEESE RAMEN,,CASH,,,₱150.00,₱70.00,,₱0.00,₱150.00,₱80.00
"July 31,2025",,Amee Bautista,EGG - ADD ON ,,CASH,,,,,,₱0.00,₱0.00,₱0.00
"July 31,2025",,Table 1,SAMGYUP BOWL,,CASH,,,,,,₱0.00,₱0.00,₱0.00
"July 31,2025",,Mary Ann,SAMGYUP BOWL,,CASH,,,,,,₱0.00,₱0.00,₱0.00
"July 31,2025",,Table 4,EGG - ADD ON ,,GCASH,110087,,,,,₱0.00,₱0.00,₱0.00
"July 31,2025",,Table 4,FISH CAKE - ADD ON ,,GCASH,110087,,,,,₱0.00,₱0.00,₱0.00
"July 31,2025",,Table 4,JIN MILD ,,GCASH,110087,,₱150.00,₱70.00,,₱0.00,₱150.00,₱80.00
"July 31,2025",,Table 4,BAHN MI ,,GCASH,110087,,,,,₱0.00,₱0.00,₱0.00
"July 31,2025",,Table 4,SAMGYUP BOWL,,GCASH,110087,,,,,₱0.00,₱0.00,₱0.00
"July 31,2025",,Table 4,CANADA DRY ,,GCASH,110087,,₱58.00,₱41.00,,₱0.00,₱58.00,₱17.00
"July 31,2025",,Table 4,ADOBO FLAKES ,,GCASH,110087,,,,,₱0.00,₱0.00,₱0.00
"July 31,2025",,Table 3,BEEF PHO,,CASH,,,,,,₱0.00,₱0.00,₱0.00
"July 31,2025",,Table 3,KOREAN BEEF TAPA,,CASH,,,,,,₱0.00,₱0.00,₱0.00
"July 31,2025",,Table 3,KOREAN BEEF TAPA,,CASH,,,,,,₱0.00,₱0.00,₱0.00
"July 31,2025",,Table 3,AMERICANO,,CASH,,,₱70.00,,,₱0.00,₱70.00,₱70.00
"August 1, 2025",,Jane Domingo,NACHOS,,CASH,,,₱120.00,,,₱0.00,₱120.00,₱120.00
"August 1, 2025",,Jane Domingo,FRENCH FRIES,,CASH,,,₱60.00,,,₱0.00,₱60.00,₱60.00
"August 1, 2025",,Gina Tan,BAHN MI ,,CASH,,,,,,₱0.00,₱0.00,₱0.00
"August 1, 2025",,Gina Tan,BEEF PHO,,CASH,,,,,,₱0.00,₱0.00,₱0.00
"August 1, 2025",,Cel Tayao,BEEF PHO,PLATINUM (Free Pho/ Bahn mi),MEMBERSHIP,,,,,,₱0.00,₱0.00,₱0.00
"August 1, 2025",,Cel Tayao,BULDAK CARBONARA,,CASH,,,₱140.00,,,₱0.00,₱140.00,₱140.00
"August 1, 2025",,Jestine,EGG - ADD ON ,EMPLOYEE DISCOUNT,CASH,,,,,20.00%,₱0.00,₱0.00,₱0.00
"August 1, 2025",,Jestine,CHEESE RAMEN,EMPLOYEE DISCOUNT,CASH,,,₱150.00,₱70.00,20.00%,₱30.00,₱120.00,₱20.00
"August 1, 2025",,Jestine,FISH CAKE - ADD ON ,EMPLOYEE DISCOUNT,CASH,,,,,20.00%,₱0.00,₱0.00,₱0.00
,,,,,,,,,,,₱0.00,₱0.00,
"August 2, 2025",,Michael Reyes,BAHN MI ,VIP,MEMBERSHIP,,,,,,₱0.00,₱0.00,
"August 2, 2025",,Manilyn Sanchez,JIN MILD ,,MEMBERSHIP,,,₱150.00,,,₱0.00,₱0.00,
"August 2, 2025",,Rovie Grace,FRENCH FRIES,,CARD PAYMENT,,,₱60.00,,,₱0.00,₱60.00,
"August 2, 2025",,Rovie Grace,CANADA DRY ,,CARD PAYMENT,,,₱58.00,,,₱0.00,₱58.00,
"August 2, 2025",,Rovie Grace,CANADA DRY ,,CARD PAYMENT,,,₱58.00,,,₱0.00,₱58.00,
"August 2, 2025",,Rovie Grace,CANADA DRY ,,CARD PAYMENT,,,₱58.00,,,₱0.00,₱58.00,
"August 2, 2025",,Boots Dionisio,BAHN MI ,,CASH,,,,,,₱0.00,₱0.00,
"August 2, 2025",,Marco Estrella,Oreo Chocolate Chip,,CASH,,,,,,₱0.00,₱0.00,
"August 2, 2025",,Dorothy Caballero,NACHOS,,CARD PAYMENT,,,₱120.00,,,₱0.00,₱120.00,
"August 2, 2025",,Reynalyn Loyola,BAHN MI ,,CASH,,,,,,₱0.00,₱0.00,
"August 2, 2025",,Jhoana,BEEF PHO,,GCASH,95127,,,,,₱0.00,₱0.00,
"August 2, 2025",,Jhoana,HONEY CHIA REFRESHER,,GCASH,95127,,₱65.00,,,₱0.00,₱65.00,
"August 2, 2025",,Boots Dionisio,BAHN MI ,,CASH,,,,,,₱0.00,₱0.00,
"August 2, 2025",,Boots Dionisio,BAHN MI ,,CASH,,,,,,₱0.00,₱0.00,
"August 2, 2025",,Boots Dionisio,CAFE LATTE,,CASH,,,₱80.00,,,₱0.00,₱80.00,
"August 2, 2025",,Boots Dionisio,CAFE LATTE,,CASH,,,₱80.00,,,₱0.00,₱80.00,
"August 2, 2025",,Boots Dionisio,CAFE LATTE,,CASH,,,₱80.00,,,₱0.00,₱80.00,
,,,,,,,,,,,₱0.00,₱0.00,
"August 3,2025",,Trisha Vitug,BROOKIES,,CARD PAYMENT,,,,,,₱0.00,₱0.00,
"August 3,2025",,Trisha Vitug,BROOKIES,,CARD PAYMENT,,,,,,₱0.00,₱0.00,
"August 3,2025",,Trisha Vitug,ADOBO FLAKES ,,CARD PAYMENT,,,,,,₱0.00,₱0.00,
"August 3,2025",,Trisha Vitug,COKE REGULAR ,,CARD PAYMENT,,,₱50.00,,,₱0.00,₱50.00,
"August 3,2025",,Marco Dropset,BEEF PHO,,CASH,,,,,,₱0.00,₱0.00,
"August 3,2025",,Marco Dropset,BEEF PHO,,CASH,,,,,,₱0.00,₱0.00,
"August 3,2025",,Marco Dropset,KOREAN BEEF TAPA,,CASH,,,,,,₱0.00,₱0.00,
"August 3,2025",,Marco Dropset,White Chocolate Chip,,CASH,,,,,,₱0.00,₱0.00,
"August 3,2025",,Dennis,CAFE LATTE,,CASH,,,₱80.00,,,₱0.00,₱80.00,
"August 3,2025",,Dennis,COOKIES WALNUT,,CASH,,,,,,₱0.00,₱0.00,
"August 3,2025",,Winwin Ellamil,BEEF PHO,,CARD PAYMENT,25344,,,,,₱0.00,₱0.00,
"August 3,2025",,Winwin Ellamil,CAFE LATTE,,CARD PAYMENT,25344,,₱80.00,,,₱0.00,₱80.00,
"August 3,2025",,Bernadette,SAMGYUP BOWL,,CARD PAYMENT,,,,,,₱0.00,₱0.00,
"August 3,2025",,Bernadette,FRENCH FRIES,,CARD PAYMENT,,,₱60.00,,,₱0.00,₱60.00,
"August 3,2025",,Bernadette,COKE REGULAR ,,CARD PAYMENT,,,₱50.00,,,₱0.00,₱50.00,
"August 3,2025",,Marco Dropset,White Chocolate Chip,,CASH,,,,,,₱0.00,₱0.00,
"August 3,2025",,Michael Reyes,BULDAK CARBONARA,,MEMBERSHIP,,,₱140.00,,,₱0.00,₱0.00,
"August 3,2025",,Michael Reyes,HONEY CHIA REFRESHER,,MEMBERSHIP,,,₱65.00,,,₱0.00,₱0.00,
"August 3,2025",,Michael Reyes,HONEY CHIA REFRESHER,,MEMBERSHIP,,,₱65.00,,,₱0.00,₱0.00,
"August 3,2025",,Michael Reyes,White Chocolate Chip,,CASH,,,,,,₱0.00,₱0.00,
"August 3,2025",,Michael Reyes,KOREAN BEEF TAPA,,MEMBERSHIP,,,,,,₱0.00,₱0.00,
,,,,,,,,,,,₱0.00,₱0.00,
"August 4, 2025",,Cel Tayao,BAHN MI ,,GCASH,,,,,,₱0.00,₱0.00,
"August 4, 2025",,Olive ,COOKIES WALNUT,,CASH,,,,,,₱0.00,₱0.00,
"August 4, 2025",,Olive ,COOKIES WALNUT,,CASH,,,,,,₱0.00,₱0.00,
"August 4, 2025",,Olive ,White Chocolate Chip,,CASH,,,,,,₱0.00,₱0.00,
"August 4, 2025",,Olive ,White Chocolate Chip,,CASH,,,,,,₱0.00,₱0.00,
"August 4, 2025",,Ronjae,COOKIES WALNUT,,GCASH,,,,,,₱0.00,₱0.00,
"August 4, 2025",,Ronjae,White Chocolate Chip,,GCASH,,,,,,₱0.00,₱0.00,
"August 4, 2025",,Ronjae,DR. PEPPERS,,GCASH,,,₱55.00,,,₱0.00,₱55.00,
"August 4, 2025",,Ronjae,DR. PEPPERS,,GCASH,,,₱55.00,,,₱0.00,₱55.00,
"August 4, 2025",,Brightspark Teachers,Iced Coffee,,C/O GIA,,,₱80.00,,,₱0.00,₱80.00,
"August 4, 2025",,Brightspark Teachers,Iced Coffee,,C/O GIA,,,₱80.00,,,₱0.00,₱80.00,
"August 4, 2025",,Brightspark Teachers,Iced Coffee,,C/O GIA,,,₱80.00,,,₱0.00,₱80.00,
"August 4, 2025",,Brightspark Teachers,Iced Coffee,,C/O GIA,,,₱80.00,,,₱0.00,₱80.00,
"August 4, 2025",,Brightspark Teachers,BEEF PHO,,C/O GIA,,,,,,₱0.00,₱0.00,
"August 4, 2025",,Brightspark Teachers,BEEF PHO,,C/O GIA,,,,,,₱0.00,₱0.00,
"August 4, 2025",,Brightspark Teachers,BEEF PHO,,C/O GIA,,,,,,₱0.00,₱0.00,
"August 4, 2025",,Brightspark Teachers,BEEF PHO,,C/O GIA,,,,,,₱0.00,₱0.00,
"August 4, 2025",,Brightspark Teachers,SAMGYUP BOWL,,C/O GIA,,,,,,₱0.00,₱0.00,
"August 4, 2025",,Brightspark Teachers,SAMGYUP BOWL,,C/O GIA,,,,,,₱0.00,₱0.00,
"August 4, 2025",,Brightspark Teachers,SAMGYUP BOWL,,C/O GIA,,,,,,₱0.00,₱0.00,
"August 4, 2025",,Brightspark Teachers,AMERICANO,,C/O GIA,,,₱70.00,,,₱0.00,₱70.00,
"August 4, 2025",,Brightspark Teachers,AMERICANO,,C/O GIA,,,₱70.00,,,₱0.00,₱70.00,
"August 4, 2025",,Brightspark Teachers,NACHOS,,C/O GIA,,,₱120.00,,,₱0.00,₱120.00,
"August 4, 2025",,Brightspark Teachers,NACHOS,,C/O GIA,,,₱120.00,,,₱0.00,₱120.00,
"August 4, 2025",,Brightspark Teachers,NACHOS,,C/O GIA,,,₱120.00,,,₱0.00,₱120.00,
"August 4, 2025",,Brightspark Teachers,FRENCH FRIES,,C/O GIA,,,₱60.00,,,₱0.00,₱60.00,
"August 4, 2025",,Brightspark Teachers,DR. PEPPERS,,C/O GIA,,,₱55.00,,,₱0.00,₱55.00,
"August 4, 2025",,Brightspark Teachers,CHICKEN WINGS,,C/O GIA,,,,,,₱0.00,₱0.00,
"August 4, 2025",,Brightspark Teachers,CHICKEN WINGS,,C/O GIA,,,,,,₱0.00,₱0.00,
,,,,,,,,,,,₱0.00,₱0.00,
"August 5, 2025",,Cristina,CAFE LATTE,,CASH,,,₱80.00,,,₱0.00,₱80.00,
"August 5, 2025",,Cristina,AMERICANO,,CASH,,,₱70.00,,,₱0.00,₱70.00,
"August 5, 2025",,Angelica Galvez,JIN MILD ,,CASH,,,₱150.00,,,₱0.00,₱150.00,
"August 5, 2025",,Angelica Galvez,JIN MILD ,,CASH,,,₱150.00,,,₱0.00,₱150.00,
"August 5, 2025",,Angelica Galvez,JIN MILD ,,CASH,,,₱150.00,,,₱0.00,₱150.00,
"August 5, 2025",,Angelica Galvez,JIN MILD ,,CASH,,,₱150.00,,,₱0.00,₱150.00,
"August 5, 2025",,Angelica Galvez,JIN MILD ,,CASH,,,₱150.00,,,₱0.00,₱150.00,
"August 5, 2025",,Angelica Galvez,EGG - ADD ON ,,CASH,,,,,,₱0.00,₱0.00,
"August 5, 2025",,Angelica Galvez,EGG - ADD ON ,,CASH,,,,,,₱0.00,₱0.00,
"August 5, 2025",,Angelica Galvez,EGG - ADD ON ,,CASH,,,,,,₱0.00,₱0.00,
"August 5, 2025",,Angelica Galvez,EGG - ADD ON ,,CASH,,,,,,₱0.00,₱0.00,
"August 5, 2025",,Angelica Galvez,FISH CAKE - ADD ON ,,CASH,,,,,,₱0.00,₱0.00,
"August 5, 2025",,Angelica Galvez,FISH CAKE - ADD ON ,,CASH,,,,,,₱0.00,₱0.00,
"August 5, 2025",,Angelica Galvez,FISH CAKE - ADD ON ,,CASH,,,,,,₱0.00,₱0.00,
"August 5, 2025",,Angelica Galvez,FISH CAKE - ADD ON ,,CASH,,,,,,₱0.00,₱0.00,
"August 5, 2025",,Angelica Galvez,CHEESE - ADD ON,,CASH,,,,,,₱0.00,₱0.00,
"August 5, 2025",,Nuki Tanghal,BAHN MI ,,GCASH,522556,,,,,₱0.00,₱0.00,
,,,,,,,,,,,₱0.00,₱0.00,
August 6 2025,,Jean Lizarondo,CAFE LATTE,,CASH,,,₱80.00,,,₱0.00,₱80.00,
August 6 2025,,Jean Lizarondo,CAFE LATTE,,CASH,,,₱80.00,,,₱0.00,₱80.00,
August 6 2025,,Chi,CHEESE RAMEN,,CASH,,,₱150.00,,,₱0.00,₱150.00,
August 6 2025,,Chi,CHEESE RAMEN,,CASH,,,₱150.00,,,₱0.00,₱150.00,
August 6 2025,,Chi,ADD ON - KIMCHI,,CASH,,,,,,₱0.00,₱0.00,
August 6 2025,,Chi,FISH CAKE - ADD ON ,,CASH,,,,,,₱0.00,₱0.00,
August 6 2025,,Chi,FISH CAKE - ADD ON ,,CASH,,,,,,₱0.00,₱0.00,
August 6 2025,,Chi,SAMGYUP - ADD ON,,CASH,,,,,,₱0.00,₱0.00,
August 6 2025,,Chi,SAMGYUP - ADD ON,,CASH,,,,,,₱0.00,₱0.00,
August 6 2025,,Chi,SB DOLCE FRAPPE ,,CASH,,,₱179.00,,,₱0.00,₱179.00,
August 6 2025,,Chi,SB DOLCE FRAPPE ,,CASH,,,₱179.00,,,₱0.00,₱179.00,
,,,,,,,,,,,₱0.00,₱0.00,
August 7 2025,,Michael Reyes,ADOBO FLAKES ,,MEMBERSHIP,,,,,,₱0.00,₱0.00,
August 7 2025,,Michael Reyes,BULDAK CARBONARA,,MEMBERSHIP,,,₱140.00,,,₱0.00,₱0.00,
August 7 2025,,Michael Reyes,HONEY CHIA REFRESHER,,CASH,,,₱65.00,,,₱0.00,₱65.00,
August 7 2025,,Michael Reyes,HONEY CHIA REFRESHER,,CASH,,,₱65.00,,,₱0.00,₱65.00,
August 7 2025,,Ma'am Gia,JASMINE TEA,,C/O GIA,,,,,,₱0.00,₱0.00,
August 7 2025,,Ma'am Gia,BOTTLED WATER 500ML,,C/O GIA,,,₱25.00,,,₱0.00,₱25.00,
August 7 2025,,Ma'am Gia,Oreo Chocolate Chip,,C/O GIA,,,,,,₱0.00,₱0.00,
August 7 2025,,Ma'am Gia,Oreo Chocolate Chip,,C/O GIA,,,,,,₱0.00,₱0.00,
August 7 2025,,Ma'am Gia,BROOKIES,,C/O GIA,,,,,,₱0.00,₱0.00,
August 7 2025,,Ma'am Gia,BROOKIES,,C/O GIA,,,,,,₱0.00,₱0.00,
August 7 2025,,Ma'am Gia,BROOKIES,,C/O GIA,,,,,,₱0.00,₱0.00,
August 7 2025,,Ma'am Gia,White Chocolate Chip,,C/O GIA,,,,,,₱0.00,₱0.00,
August 7 2025,,Ma'am Gia,ADOBO FLAKES ,,C/O GIA,,,,,,₱0.00,₱0.00,
August 7 2025,,Ma'am Gia,ADOBO FLAKES ,,C/O GIA,,,,,,₱0.00,₱0.00,
August 7 2025,,Ma'am Gia,ADOBO FLAKES ,,C/O GIA,,,,,,₱0.00,₱0.00,
August 7 2025,,Ma'am Gia,JIN MILD ,,C/O GIA,,,₱150.00,,,₱0.00,₱150.00,
August 7 2025,,Ma'am Gia,SNAPPLE,,C/O GIA,,,,,,₱0.00,₱0.00,
August 7 2025,,Genelo Morales,ADOBO FLAKES ,,CASH,,,,,,₱0.00,₱0.00,
August 7 2025,,Genelo Morales,EGG - ADD ON ,,CASH,,,,,,₱0.00,₱0.00,
August 7 2025,,Genelo Morales,EGG - ADD ON ,,CASH,,,,,,₱0.00,₱0.00,
August 7 2025,,Genelo Morales,JIN MILD ,,CASH,,,₱150.00,,,₱0.00,₱150.00,
,,,,,,,,,,,₱0.00,₱0.00,
"August 8, 2025",,Leah,EGG - ADD ON ,EMPLOYEE DISCOUNT,CASH,,,,,20.00%,₱0.00,₱0.00,
"August 8, 2025",,Leah,EGG - ADD ON ,EMPLOYEE DISCOUNT,CASH,,,,,20.00%,₱0.00,₱0.00,
"August 8, 2025",,Leah,EGG - ADD ON ,EMPLOYEE DISCOUNT,CASH,,,,,20.00%,₱0.00,₱0.00,
"August 8, 2025",,Leah,EGG - ADD ON ,EMPLOYEE DISCOUNT,CASH,,,,,20.00%,₱0.00,₱0.00,
"August 8, 2025",,Leah,EGG - ADD ON ,EMPLOYEE DISCOUNT,CASH,,,,,20.00%,₱0.00,₱0.00,
"August 8, 2025",,Leah,FISH CAKE - ADD ON ,EMPLOYEE DISCOUNT,CASH,,,,,20.00%,₱0.00,₱0.00,
"August 8, 2025",,Leah,DR. PEPPERS,EMPLOYEE DISCOUNT,CASH,,,₱55.00,,20.00%,₱11.00,₱44.00,
"August 8, 2025",,Leah,JIN MILD ,EMPLOYEE DISCOUNT,CASH,,,₱150.00,,20.00%,₱30.00,₱120.00,
"August 8, 2025",,Leah,ADOBO FLAKES ,EMPLOYEE DISCOUNT,CASH,,,,,20.00%,₱0.00,₱0.00,
"August 8, 2025",,Jovani,JIN SPICY,EMPLOYEE DISCOUNT,CASH,,,₱150.00,,20.00%,₱30.00,₱120.00,
"August 8, 2025",,Ma'am Gia,BROOKIES,FAMILY (FOOD),C/O GIA,,,,,60.00%,₱0.00,₱0.00,
"August 8, 2025",,Ma'am Gia,BROOKIES,FAMILY (FOOD),C/O GIA,,,,,60.00%,₱0.00,₱0.00,
"August 8, 2025",,Ma'am Gia,BROOKIES,FAMILY (FOOD),C/O GIA,,,,,60.00%,₱0.00,₱0.00,
"August 8, 2025",,Ma'am Gia,White Chocolate Chip,FAMILY (FOOD),C/O GIA,,,,,60.00%,₱0.00,₱0.00,
"August 8, 2025",,Ma'am Gia,White Chocolate Chip,FAMILY (FOOD),C/O GIA,,,,,60.00%,₱0.00,₱0.00,
"August 8, 2025",,Ellen,JIN MILD ,,CASH,,,₱150.00,,,₱0.00,₱150.00,
"August 8, 2025",,Ellen,JIN MILD ,,CASH,,,₱150.00,,,₱0.00,₱150.00,
"August 8, 2025",,Ellen,SHIN RAMYUN,,CASH,,,₱150.00,,,₱0.00,₱150.00,
"August 8, 2025",,Ellen,EGG - ADD ON ,,CASH,,,,,,₱0.00,₱0.00,
"August 8, 2025",,Ellen,EGG - ADD ON ,,CASH,,,,,,₱0.00,₱0.00,
"August 8, 2025",,Ellen,EGG - ADD ON ,,CASH,,,,,,₱0.00,₱0.00,
"August 8, 2025",,Ellen,SAMGYUP - ADD ON,,CASH,,,,,,₱0.00,₱0.00,
"August 8, 2025",,Ellen,SAMGYUP - ADD ON,,CASH,,,,,,₱0.00,₱0.00,
,,,,,,,,,,,₱0.00,₱0.00,
"August 9, 2025",,Ara Solana,SAMGYUP BOWL,,GCASH,46831,,,,,₱0.00,₱0.00,
"August 9, 2025",,Ara Solana,BEEF PHO,,GCASH,46831,,,,,₱0.00,₱0.00,
"August 9, 2025",,Ara Solana,HONEY CHIA REFRESHER,,GCASH,46831,,₱65.00,,,₱0.00,₱65.00,
"August 9, 2025",,Ara Solana,HONEY CHIA REFRESHER,,GCASH,46831,,₱65.00,,,₱0.00,₱65.00,
"August 9, 2025",,Ara Solana,HONEY CHIA REFRESHER,,GCASH,46831,,₱65.00,,,₱0.00,₱65.00,
"August 9, 2025",,Gia Marie,Oreo Chocolate Chip,,C/O GIA,,,,,,₱0.00,₱0.00,
"August 9, 2025",,Gia Marie,Oreo Chocolate Chip,,C/O GIA,,,,,,₱0.00,₱0.00,
"August 9, 2025",,Gia Marie,Oreo Chocolate Chip,,C/O GIA,,,,,,₱0.00,₱0.00,
"August 9, 2025",,Gia Marie,White Chocolate Chip,,C/O GIA,,,,,,₱0.00,₱0.00,
"August 9, 2025",,Cristina Dela Cruz,JIN MILD ,,CASH,,,₱150.00,,,₱0.00,₱150.00,
"August 9, 2025",,Cristina Dela Cruz,JIN MILD ,,CASH,,,₱150.00,,,₱0.00,₱150.00,
,,,,,,,,,,,₱0.00,₱0.00,
August 10 2025,,Abigail ,BEEF PHO,,CASH,,,,,,₱0.00,₱0.00,
August 10 2025,,Abigail ,COKE REGULAR ,,CASH,,,₱50.00,,,₱0.00,₱50.00,
August 10 2025,,Micheal Reyes,SAMGYUP BOWL,,,,,,,,₱0.00,₱0.00,
August 10 2025,,Micheal Reyes,BEEF PHO,,,,,,,,₱0.00,₱0.00,
August 10 2025,,Micheal Reyes,CAFE LATTE,,,,,₱80.00,,,₱0.00,₱80.00,
August 10 2025,,Micheal Reyes,HONEY CHIA REFRESHER,,,,,₱65.00,,,₱0.00,₱65.00,
August 10 2025,,Micheal Reyes,COOKIES WALNUT,,,,,,,,₱0.00,₱0.00,
August 10 2025,,Evelyn Pagsibigan,KOREAN BEEF TAPA,,GCASH,EBB9,,,,,₱0.00,₱0.00,
August 10 2025,,Evelyn Pagsibigan,KOREAN BEEF TAPA,,GCASH,EBB10,,,,,₱0.00,₱0.00,
August 10 2025,,Evelyn Pagsibigan,SAMGYUP BOWL,,GCASH,EBB11,,,,,₱0.00,₱0.00,
August 10 2025,,Gordon Mines,BEEF PHO,,CASH,,,,,,₱0.00,₱0.00,
August 10 2025,,Gordon Mines,CANADA DRY ,,CASH,,,₱58.00,,,₱0.00,₱58.00,
August 10 2025,,Gordon Mines,SAMGYUP BOWL,,CASH,,,,,,₱0.00,₱0.00,
August 10 2025,,Table 4,BEEF PHO,,CASH,,,,,,₱0.00,₱0.00,
August 10 2025,,Table 4,BEEF PHO,,CASH,,,,,,₱0.00,₱0.00,
August 10 2025,,Table 4,SAMGYUP BOWL,,CASH,,,,,,₱0.00,₱0.00,
August 10 2025,,Table 4,SAMGYUP BOWL,,CASH,,,,,,₱0.00,₱0.00,
August 10 2025,,Table 4,COKE REGULAR ,,CASH,,,₱50.00,,,₱0.00,₱50.00,
August 10 2025,,Table 4,COKE REGULAR ,,CASH,,,₱50.00,,,₱0.00,₱50.00,
August 10 2025,,Table 4,SHIN RAMYUN,,CASH,,,₱150.00,,,₱0.00,₱150.00,
August 10 2025,,Table 4,FISH CAKE - ADD ON ,,CASH,,,,,,₱0.00,₱0.00,
August 10 2025,,Robert Cruz,COKE REGULAR ,,CASH,,,₱50.00,,,₱0.00,₱50.00,
August 10 2025,,Robert Cruz,Oreo Chocolate Chip,,CASH,,,,,,₱0.00,₱0.00,
August 10 2025,,Robert Cruz,JIN MILD ,,MEMBERSHIP,,,₱150.00,,,₱0.00,₱0.00,
August 10 2025,,Robert Cruz,COOKIES CHOCO CHIP,,CASH,,,,,,₱0.00,₱0.00,
August 10 2025,,Euzzle Arcilla,CAFE LATTE,,CASH,,,₱80.00,,,₱0.00,₱80.00,
August 10 2025,,Euzzle Arcilla,BEEF PHO,,CASH,,,,,,₱0.00,₱0.00,
August 10 2025,,Euzzle Arcilla,AMERICANO,,CASH,,,₱70.00,,,₱0.00,₱70.00,
August 10 2025,,Euzzle Arcilla,SHIN RAMYUN,,CASH,,,₱150.00,,,₱0.00,₱150.00,
August 10 2025,,Shella Adriano,NACHOS,,GCASH,812345,,₱120.00,,,₱0.00,₱120.00,
August 10 2025,,Shella Adriano,SAMGYUP BOWL,,GCASH,812345,,,,,₱0.00,₱0.00,
August 10 2025,,Shella Adriano,JIN MILD ,,GCASH,812345,,₱150.00,,,₱0.00,₱150.00,
August 10 2025,,Shella Adriano,JIN MILD ,,GCASH,812345,,₱150.00,,,₱0.00,₱150.00,
August 10 2025,,Shella Adriano,CHEESE - ADD ON,,GCASH,812345,,,,,₱0.00,₱0.00,
August 10 2025,,Shella Adriano,CAFE LATTE,,GCASH,812345,,₱80.00,,,₱0.00,₱80.00,
August 10 2025,,Shella Adriano,COOKIES WALNUT,,GCASH,812345,,,,,₱0.00,₱0.00,
August 10 2025,,Shella Adriano,FRENCH FRIES,,GCASH,812345,,₱60.00,,,₱0.00,₱60.00,
August 10 2025,,Jade,Oreo Chocolate Chip,,CARD PAYMENT,50112,,,,,₱0.00,₱0.00,
August 10 2025,,Jade,Oreo Chocolate Chip,,CARD PAYMENT,50112,,,,,₱0.00,₱0.00,
August 10 2025,,Jade,Oreo Chocolate Chip,,CARD PAYMENT,50112,,,,,₱0.00,₱0.00,
August 10 2025,,Jade,BOTTLED WATER 500ML,,CARD PAYMENT,50112,,₱25.00,,,₱0.00,₱25.00,
August 10 2025,,Jade,BOTTLED WATER 500ML,,CARD PAYMENT,50112,,₱25.00,,,₱0.00,₱25.00,
August 10 2025,,Jade,BOTTLED WATER 350ML,,CARD PAYMENT,50112,,₱15.00,,,₱0.00,₱15.00,
,,,,,,,,,,,₱0.00,₱0.00,
,,Maam Trish,BISCOFF COOKIE,,C/O GIA,,,,,,₱0.00,₱0.00,
August 11 2025,,Gia Marie,PECAN NUT COOKIE,,C/O GIA,,,,,,₱0.00,₱0.00,
August 11 2025,,Gia Marie,PECAN NUT COOKIE,,C/O GIA,,,,,,₱0.00,₱0.00,
August 11 2025,,Gia Marie,CRANBERRY COOKIE,,C/O GIA,,,,,,₱0.00,₱0.00,
August 11 2025,,Gia Marie,CRANBERRY COOKIE,,C/O GIA,,,,,,₱0.00,₱0.00,
August 11 2025,,Gia Marie,COOKIES CHOCO CHIP,,C/O GIA,,,,,,₱0.00,₱0.00,
August 11 2025,,Gia Marie,COOKIES CHOCO CHIP,,C/O GIA,,,,,,₱0.00,₱0.00,
August 11 2025,,Gia Marie,Oreo Chocolate Chip,,C/O GIA,,,,,,₱0.00,₱0.00,
August 11 2025,,Gia Marie,Oreo Chocolate Chip,,C/O GIA,,,,,,₱0.00,₱0.00,
August 11 2025,,Gia Marie,BISCOFF COOKIE,,C/O GIA,,,,,,₱0.00,₱0.00,
August 11 2025,,Gia Marie,BISCOFF COOKIE,,C/O GIA,,,,,,₱0.00,₱0.00,
,,,,,,,,,,,₱0.00,₱0.00,
"August 12, 2025",,Mau Viray,ZARU SOBA,,CASH,,,₱150.00,,,₱0.00,₱150.00,
"August 12, 2025",,Mau Viray,ADOBO FLAKES ,,CASH,,,,,,₱0.00,₱0.00,
"August 12, 2025",,Mario Reyes,BEEF PHO,,MEMBERSHIP,,,,,,₱0.00,₱0.00,
"August 12, 2025",,Gia Marie,BISCOFF COOKIE,,C/O GIA,,,,,,₱0.00,₱0.00,
"August 12, 2025",,Gia Marie,BISCOFF COOKIE,,C/O GIA,,,,,,₱0.00,₱0.00,
"August 12, 2025",,Gia Marie,BISCOFF COOKIE,,C/O GIA,,,,,,₱0.00,₱0.00,
"August 12, 2025",,Gia Marie,BISCOFF COOKIE,,C/O GIA,,,,,,₱0.00,₱0.00,
"August 12, 2025",,Gia Marie,BISCOFF COOKIE,,C/O GIA,,,,,,₱0.00,₱0.00,
"August 12, 2025",,Gia Marie,BISCOFF COOKIE,,C/O GIA,,,,,,₱0.00,₱0.00,
"August 12, 2025",,Gia Marie,PECAN NUT COOKIE,,C/O GIA,,,,,,₱0.00,₱0.00,
"August 12, 2025",,Gia Marie,PECAN NUT COOKIE,,C/O GIA,,,,,,₱0.00,₱0.00,
"August 12, 2025",,Gia Marie,PECAN NUT COOKIE,,C/O GIA,,,,,,₱0.00,₱0.00,
"August 12, 2025",,Gia Marie,COOKIES WALNUT,,C/O GIA,,,,,,₱0.00,₱0.00,
"August 12, 2025",,Mau Viray,FRENCH FRIES,,GCASH,,,₱60.00,,,₱0.00,₱60.00,
"August 12, 2025",,Mau Viray,CAFE LATTE,,GCASH,,,₱80.00,,,₱0.00,₱80.00,
"August 12, 2025",,Mau Viray,CAFE LATTE,,GCASH,,,₱80.00,,,₱0.00,₱80.00,
"August 12, 2025",,Cel Tayao,BEEF PHO,,MEMBERSHIP,,,,,,₱0.00,₱0.00,
,,,,,,,,,,,₱0.00,₱0.00,
August 13 2025,,Pastor Erick,ADOBO FLAKES ,,C/O RODERICK,,,,,40.00%,₱0.00,₱0.00,
August 13 2025,,Pastor Erick,JASMINE TEA,,C/O RODERICK,,,,,40.00%,₱0.00,₱0.00,
August 13 2025,,Pastor Erick,COOKIES CHOCO CHIP,,C/O RODERICK,,,,,40.00%,₱0.00,₱0.00,
August 13 2025,,Pastor Erick,KOREAN BEEF TAPA,,C/O RODERICK,,,,,40.00%,₱0.00,₱0.00,
August 13 2025,,Pastor Erick,ZARU SOBA,,C/O RODERICK,,,₱150.00,,40.00%,₱60.00,₱90.00,
August 13 2025,,Pastor Erick,ZARU SOBA,,C/O RODERICK,,,₱150.00,,40.00%,₱60.00,₱90.00,
August 13 2025,,Pastor Erick,Iced Coffee,,C/O RODERICK,,,₱80.00,,40.00%,₱32.00,₱48.00,
August 13 2025,,Pastor Erick,EGG - ADD ON ,,C/O RODERICK,,,,,40.00%,₱0.00,₱0.00,
August 13 2025,,Pastor Erick,EGG - ADD ON ,,C/O RODERICK,,,,,40.00%,₱0.00,₱0.00,
August 13 2025,,Markus De Jesus,JIN MILD ,,CASH,,,₱150.00,,,₱0.00,₱150.00,
August 13 2025,,Markus De Jesus,EGG - ADD ON ,,CASH,,,,,,₱0.00,₱0.00,
August 13 2025,,Maam gia,CURRY RICE,,C/O GIA,,,,,,₱0.00,₱0.00,
August 13 2025,,Maam gia,CURRY RICE,,C/O GIA,,,,,,₱0.00,₱0.00,
August 13 2025,,Maam gia,CURRY RICE,,C/O GIA,,,,,,₱0.00,₱0.00,
August 13 2025,,Maam gia,CURRY RICE,,C/O GIA,,,,,,₱0.00,₱0.00,
August 13 2025,,Maam gia,CURRY RICE,,C/O GIA,,,,,,₱0.00,₱0.00,
August 13 2025,,Maam gia,CURRY RICE,,C/O GIA,,,,,,₱0.00,₱0.00,
August 13 2025,,Maam gia,CURRY RICE,,C/O GIA,,,,,,₱0.00,₱0.00,
August 13 2025,,Maam gia,CURRY RICE,,C/O GIA,,,,,,₱0.00,₱0.00,
August 13 2025,,Maam gia,CURRY RICE,,C/O GIA,,,,,,₱0.00,₱0.00,
August 13 2025,,Maam gia,CURRY RICE,,C/O GIA,,,,,,₱0.00,₱0.00,
August 13 2025,,Maam gia,KOREAN BEEF TAPA,,C/O GIA,,,,,,₱0.00,₱0.00,
August 13 2025,,Maam gia,KOREAN BEEF TAPA,,C/O GIA,,,,,,₱0.00,₱0.00,
August 13 2025,,Maam gia,KOREAN BEEF TAPA,,C/O GIA,,,,,,₱0.00,₱0.00,
August 13 2025,,Maam gia,KOREAN BEEF TAPA,,C/O GIA,,,,,,₱0.00,₱0.00,
August 13 2025,,Maam gia,KOREAN BEEF TAPA,,C/O GIA,,,,,,₱0.00,₱0.00,
August 13 2025,,Maam gia,KOREAN BEEF TAPA,,C/O GIA,,,,,,₱0.00,₱0.00,
August 13 2025,,Maam gia,KOREAN BEEF TAPA,,C/O GIA,,,,,,₱0.00,₱0.00,
August 13 2025,,Maam gia,KOREAN BEEF TAPA,,C/O GIA,,,,,,₱0.00,₱0.00,
August 13 2025,,Maam gia,KOREAN BEEF TAPA,,C/O GIA,,,,,,₱0.00,₱0.00,
August 13 2025,,Maam gia,KOREAN BEEF TAPA,,C/O GIA,,,,,,₱0.00,₱0.00,
August 13 2025,,Maam gia,KOREAN BEEF TAPA,,C/O GIA,,,,,,₱0.00,₱0.00,
August 13 2025,,Maam gia,KOREAN BEEF TAPA,,C/O GIA,,,,,,₱0.00,₱0.00,
August 13 2025,,Madonna Domingo,JIN MILD ,,CASH,,,₱150.00,,,₱0.00,₱150.00,
August 13 2025,,Madonna Domingo,EGG - ADD ON ,,CASH,,,,,,₱0.00,₱0.00,
August 13 2025,,Madonna Domingo,CAFE LATTE,,CASH,,,₱80.00,,,₱0.00,₱80.00,
,,,,,,,,,,,₱0.00,₱0.00,
August 14 2025,,Grace ,ADOBO FLAKES ,,CASH,,,,,20.00%,₱0.00,₱0.00,
August 14 2025,,Grace ,BAHN MI ,,CASH,,,,,20.00%,₱0.00,₱0.00,
August 14 2025,,Grace ,CAFE LATTE,,CASH,,,₱80.00,,,₱0.00,₱80.00,
August 14 2025,,Grace ,COOKIES CHOCO CHIP,,CASH,,,,,,₱0.00,₱0.00,
August 14 2025,,Grace ,COKE REGULAR ,,CASH,,,₱50.00,,,₱0.00,₱50.00,
August 14 2025,,Grace ,NACHOS,,CASH,,,₱120.00,,,₱0.00,₱120.00,
August 14 2025,,Grace ,FRENCH FRIES,,CASH,,,₱60.00,,,₱0.00,₱60.00,
August 14 2025,,Grace ,HONEY CHIA REFRESHER,,CASH,,,₱65.00,,,₱0.00,₱65.00,
,,,,,,,,,,,₱0.00,₱0.00,
August 15 2025,,Jovanie,JIN MILD ,EMPLOYEE DISCOUNT,CASH,,,₱150.00,,,₱0.00,₱150.00,
August 15 2025,,Jovanie,EGG - ADD ON ,EMPLOYEE DISCOUNT,CASH,,,,,,₱0.00,₱0.00,
August 15 2025,,Jona ,COKE ZERO,EMPLOYEE DISCOUNT,CASH,,,₱50.00,,,₱0.00,₱50.00,
August 15 2025,,Jona ,COKE ZERO,EMPLOYEE DISCOUNT,CASH,,,₱50.00,,,₱0.00,₱50.00,
August 15 2025,,Gigi Gerlan c/o pastor,COOKIES CHOCO CHIP,,C/O RODERICK,,,,,40.00%,₱0.00,₱0.00,
August 15 2025,,Gigi Gerlan c/o pastor,Oreo Chocolate Chip,,C/O RODERICK,,,,,40.00%,₱0.00,₱0.00,
August 15 2025,,Gigi Gerlan c/o pastor,CANADA DRY ,,C/O RODERICK,,,₱58.00,,40.00%,₱23.20,₱34.80,
August 15 2025,,Gigi Gerlan c/o pastor,CANADA DRY ,,C/O RODERICK,,,₱58.00,,40.00%,₱23.20,₱34.80,
August 15 2025,,Gigi Gerlan c/o pastor,DR. PEPPERS,,C/O RODERICK,,,₱55.00,,40.00%,₱22.00,₱33.00,
August 15 2025,,Gigi Gerlan c/o pastor,BAHN MI ,,C/O RODERICK,,,,,40.00%,₱0.00,₱0.00,
August 15 2025,,Cynthia,Oreo Chocolate Chip,,CASH,,,,,,₱0.00,₱0.00,
August 15 2025,,Robin,COOKIES WALNUT,,CASH,,,,,,₱0.00,₱0.00,
August 15 2025,,Carl Therese,HONEY CHIA REFRESHER,,BANK TRANSFER,,,₱65.00,,,₱0.00,₱65.00,
August 15 2025,,Carl Therese,NACHOS,,BANK TRANSFER,,,₱120.00,,,₱0.00,₱120.00,
,,,,,,,,,,,₱0.00,₱0.00,
August 16 2025,,Mary Ann Eugenio,COOKIES WALNUT,,CASH,,,,,,₱0.00,₱0.00,
August 16 2025,,Mary Ann Eugenio,HONEY CHIA REFRESHER,,CASH,,,₱65.00,,,₱0.00,₱65.00,
August 16 2025,,Baste,BEEF PHO,,CASH,,,,,,₱0.00,₱0.00,
August 16 2025,,Baste,BAHN MI ,,CASH,,,,,,₱0.00,₱0.00,
August 16 2025,,Baste,BULDAK CARBONARA,,CASH,,,₱140.00,,,₱0.00,₱140.00,
August 16 2025,,Baste,JIN MILD ,,CASH,,,₱150.00,,,₱0.00,₱150.00,
August 16 2025,,Baste,FISH CAKE - ADD ON ,,CASH,,,,,,₱0.00,₱0.00,
August 16 2025,,Baste,FISH CAKE - ADD ON ,,CASH,,,,,,₱0.00,₱0.00,
August 16 2025,,Baste,DR. PEPPERS,,CASH,,,₱55.00,,,₱0.00,₱55.00,
August 16 2025,,Baste,DR. PEPPERS,,CASH,,,₱55.00,,,₱0.00,₱55.00,
August 16 2025,,Micheal Reyes,BAHN MI ,,MEMBERSHIP,,,,,,₱0.00,₱0.00,
August 16 2025,,Micheal Reyes,BEEF PHO,,MEMBERSHIP,,,,,,₱0.00,₱0.00,
,,,,,,,,,,,₱0.00,₱0.00,
August 17 2025,,Shan,COOKIES WALNUT,,CASH,,,,,,₱0.00,₱0.00,
August 17 2025,,Randy Ambito,JIN MILD ,,CASH,,,₱150.00,,,₱0.00,₱150.00,
August 17 2025,,Randy Ambito,FISH CAKE - ADD ON ,,CASH,,,,,,₱0.00,₱0.00,
August 17 2025,,Randy Ambito,JIN SPICY,,CASH,,,₱150.00,,,₱0.00,₱150.00,
August 17 2025,,Randy Ambito,EGG - ADD ON ,,CASH,,,,,,₱0.00,₱0.00,
August 17 2025,,Randy Ambito,COOKIES CHOCO CHIP,,CASH,,,,,,₱0.00,₱0.00,
August 17 2025,,Ann Dalisay,BEEF PHO,,MEMBERSHIP,,,,,,₱0.00,₱0.00,
August 17 2025,,Ann Dalisay,JIN MILD ,,CASH,,,₱150.00,,,₱0.00,₱150.00,
August 17 2025,,Ann Dalisay,JIN MILD ,,CASH,,,₱150.00,,,₱0.00,₱150.00,
August 17 2025,,Ann Dalisay,EGG - ADD ON ,,CASH,,,,,,₱0.00,₱0.00,
August 17 2025,,Recy,BAHN MI ,,CASH,,,,,,₱0.00,₱0.00,
August 17 2025,,Recy,BEEF PHO,,CASH,,,,,,₱0.00,₱0.00,
August 17 2025,,Recy,SAMGYUP BOWL,,CASH,,,,,,₱0.00,₱0.00,
August 17 2025,,Recy,SNAPPLE,,CASH,,,,,,₱0.00,₱0.00,
August 17 2025,,Shan,BEEF PHO,,CASH,,,,,,₱0.00,₱0.00,
August 17 2025,,Shan,BEEF PHO,,CASH,,,,,,₱0.00,₱0.00,
August 17 2025,,Shan,BEEF PHO,,CASH,,,,,,₱0.00,₱0.00,
August 17 2025,,Shan,SAMGYUP BOWL,,CASH,,,,,,₱0.00,₱0.00,
August 17 2025,,Shan,SAMGYUP BOWL,,CASH,,,,,,₱0.00,₱0.00,
August 17 2025,,Shan,ZARU SOBA,,CASH,,,₱150.00,,,₱0.00,₱150.00,
August 17 2025,,Shan,KOREAN BEEF TAPA,,CASH,,,,,,₱0.00,₱0.00,
August 17 2025,,Shan,CAFE LATTE,,CASH,,,₱80.00,,,₱0.00,₱80.00,
August 17 2025,,Shan,COOKIES WALNUT,,CASH,,,,,,₱0.00,₱0.00,
August 17 2025,,Ann ,COKE ZERO,EMPLOYEE DISCOUNT,CASH,,,₱50.00,,20.00%,₱10.00,₱40.00,
,,,,,,,,,,,₱0.00,₱0.00,
August 18 2025,,Bienvenido De Guzman,BEEF PHO,SENIOR,,,,,,,₱0.00,₱0.00,
August 18 2025,,Bienvenido De Guzman,BEEF PHO,SENIOR,,,,,,,₱0.00,₱0.00,
August 18 2025,,Bienvenido De Guzman,BEEF PHO,SENIOR,,,,,,,₱0.00,₱0.00,
August 18 2025,,jenny Lynn Roque,EGG - ADD ON ,,CASH,,,,,,₱0.00,₱0.00,
August 18 2025,,jenny Lynn Roque,BOTTLED WATER 350ML,,CASH,,,₱15.00,,,₱0.00,₱15.00,
August 18 2025,,jenny Lynn Roque,JIN MILD ,,CASH,,,₱150.00,,,₱0.00,₱150.00,
August 18 2025,,Sir Duke,EGG - ADD ON ,,CASH,,,,,,₱0.00,₱0.00,
August 18 2025,,Sir Duke,FISH CAKE - ADD ON ,,CASH,,,,,,₱0.00,₱0.00,
August 18 2025,,Sir Duke,CHEESE - ADD ON,,CASH,,,,,,₱0.00,₱0.00,
August 18 2025,,Sir Duke,JIN MILD ,,CASH,,,₱150.00,,,₱0.00,₱150.00,
August 18 2025,,Sir Duke,JIN MILD ,,CASH,,,₱150.00,,,₱0.00,₱150.00,
August 18 2025,,Sir Duke,Iced Coffee,,CASH,,,₱80.00,,,₱0.00,₱80.00,
August 18 2025,,Mrs. Ibe,BEEF PHO,,CASH,,,,,,₱0.00,₱0.00,
August 18 2025,,Mrs. Ibe,CAFE LATTE,,CASH,,,₱80.00,,,₱0.00,₱80.00,
,,,,,,,,,,,₱0.00,₱0.00,
August 19 2025,,Joy Roque,Iced Coffee,,GCASH,1772,,₱80.00,,,₱0.00,₱80.00,
August 19 2025,,Love Garcia,JIN MILD ,,CARD PAYMENT,,,₱150.00,,,₱0.00,₱150.00,
August 19 2025,,Love Garcia,EGG - ADD ON ,,CARD PAYMENT,,,,,,₱0.00,₱0.00,
August 19 2025,,Love Garcia,EGG - ADD ON ,,CARD PAYMENT,,,,,,₱0.00,₱0.00,
August 19 2025,,Love Garcia,ADD ON - KIMCHI,,CARD PAYMENT,,,,,,₱0.00,₱0.00,
August 19 2025,,Love Garcia,ADD ON - KIMCHI,,CARD PAYMENT,,,,,,₱0.00,₱0.00,
August 19 2025,,Love Garcia,FISH CAKE - ADD ON ,,CARD PAYMENT,,,,,,₱0.00,₱0.00,
August 19 2025,,Love Garcia,CHEESE - ADD ON,,CARD PAYMENT,,,,,,₱0.00,₱0.00,
August 19 2025,,Love Garcia,BULDAK CARBONARA,,CARD PAYMENT,,,₱140.00,,,₱0.00,₱140.00,
August 19 2025,,Love Garcia,SB DOLCE FRAPPE ,,CARD PAYMENT,,,₱179.00,,,₱0.00,₱179.00,
August 19 2025,,Love Garcia,COKE ZERO,,CARD PAYMENT,,,₱50.00,,,₱0.00,₱50.00,
August 19 2025,,Love Garcia,COKE REGULAR ,,CARD PAYMENT,,,₱50.00,,,₱0.00,₱50.00,
August 19 2025,,Love Garcia,COKE REGULAR ,,CARD PAYMENT,,,₱50.00,,,₱0.00,₱50.00,
August 19 2025,,table 1,JIN MILD ,,CASH,,,₱150.00,,,₱0.00,₱150.00,
August 19 2025,,table 1,ADD ON - KIMCHI,,CASH,,,,,,₱0.00,₱0.00,
August 19 2025,,table 1,SAMGYUP - ADD ON,,CASH,,,,,,₱0.00,₱0.00,
August 19 2025,,table 1,CHEESE - ADD ON,,CASH,,,,,,₱0.00,₱0.00,
,,,,,,,,,,,₱0.00,₱0.00,
August 20 2025,,Vina,SAMGYUP BOWL,,CASH,,,,,,₱0.00,₱0.00,
August 20 2025,,Vina,BEEF PHO,,CASH,,,,,,₱0.00,₱0.00,
August 20 2025,,Vina,Oreo Chocolate Chip,,CASH,,,,,,₱0.00,₱0.00,
August 20 2025,,Vina,Oreo Chocolate Chip,,CASH,,,,,,₱0.00,₱0.00,
August 20 2025,,Vina,KOREAN BEEF TAPA,,CASH,,,,,,₱0.00,₱0.00,
,,,,,,,,,,,₱0.00,₱0.00,
August 21 2025,,Sheryl Alonzo,KOREAN BEEF TAPA,,GCASH,20135,,,,,₱0.00,₱0.00,
August 21 2025,,Sheryl Alonzo,CHEESE RAMEN,,GCASH,20135,,₱150.00,,,₱0.00,₱150.00,
August 21 2025,,Micheal Reyes,BAHN MI ,,MEMBERSHIP,,,,,,₱0.00,₱0.00,
August 21 2025,,Micheal Reyes,CHEESE RAMEN,,MEMBERSHIP,,,₱150.00,,,₱0.00,₱0.00,
August 21 2025,,Micheal Reyes,CAFE LATTE,,MEMBERSHIP,,,₱80.00,,,₱0.00,₱0.00,
August 21 2025,,Micheal Reyes,CAFE LATTE,,MEMBERSHIP,,,₱80.00,,,₱0.00,₱0.00,
August 21 2025,,Jenner Cruz,ADOBO FLAKES ,,BANK TRANSFER,,,,,,₱0.00,₱0.00,
August 21 2025,,Jenner Cruz,KOREAN BEEF TAPA,,BANK TRANSFER,,,,,,₱0.00,₱0.00,
,,,,,,,,,,,₱0.00,₱0.00,
August 22 2025,,Ann Dalisay,BEEF PHO,,MEMBERSHIP,,,,,,₱0.00,₱0.00,
August 22 2025,,Ann Dalisay,CHEESE RAMEN,,CASH,,,₱150.00,,,₱0.00,₱150.00,
August 22 2025,,Leann,BEEF PHO,,CASH,,,,,,₱0.00,₱0.00,
August 22 2025,,Leann,CAFE LATTE,,CASH,,,₱80.00,,,₱0.00,₱80.00,
August 22 2025,,Leann,CAFE LATTE,,CASH,,,₱80.00,,,₱0.00,₱80.00,
August 22 2025,,Leann,COOKIES CHOCO CHIP,,CASH,,,,,,₱0.00,₱0.00,
August 22 2025,,Leann,COOKIES CHOCO CHIP,,CASH,,,,,,₱0.00,₱0.00,
August 22 2025,,Leann,BULDAK CARBONARA,,CASH,,,₱140.00,,,₱0.00,₱140.00,
August 22 2025,,Leah,EGG - ADD ON ,,CASH,,,,,,₱0.00,₱0.00,
August 22 2025,,Ash ,EGG - ADD ON ,EMPLOYEE DISCOUNT,,,,,,20.00%,₱0.00,₱0.00,
August 22 2025,,Ash ,EGG - ADD ON ,EMPLOYEE DISCOUNT,,,,,,20.00%,₱0.00,₱0.00,
August 22 2025,,Ash ,SAMGYUP - ADD ON,EMPLOYEE DISCOUNT,,,,,,20.00%,₱0.00,₱0.00,
August 22 2025,,Ash ,SAMGYUP - ADD ON,EMPLOYEE DISCOUNT,,,,,,20.00%,₱0.00,₱0.00,
August 22 2025,,Ash ,FISH CAKE - ADD ON ,EMPLOYEE DISCOUNT,,,,,,20.00%,₱0.00,₱0.00,
August 22 2025,,Ash ,FISH CAKE - ADD ON ,EMPLOYEE DISCOUNT,,,,,,20.00%,₱0.00,₱0.00,
August 22 2025,,Ash ,JIN MILD ,EMPLOYEE DISCOUNT,,,,₱150.00,,20.00%,₱30.00,₱120.00,
August 22 2025,,Ash ,JIN SPICY,EMPLOYEE DISCOUNT,,,,₱150.00,,20.00%,₱30.00,₱120.00,
August 22 2025,,Ash ,JIN SPICY,EMPLOYEE DISCOUNT,,,,₱150.00,,20.00%,₱30.00,₱120.00,
August 22 2025,,kim,JIN MILD ,EMPLOYEE DISCOUNT,,,,₱150.00,,20.00%,₱30.00,₱120.00,
August 22 2025,,kim,FISH CAKE - ADD ON ,EMPLOYEE DISCOUNT,,,,,,20.00%,₱0.00,₱0.00,
August 22 2025,,kim,CHEESE - ADD ON,EMPLOYEE DISCOUNT,,,,,,20.00%,₱0.00,₱0.00,
August 22 2025,,Leah,FISH CAKE - ADD ON ,EMPLOYEE DISCOUNT,,,,,,20.00%,₱0.00,₱0.00,
August 22 2025,,Leah,FISH CAKE - ADD ON ,EMPLOYEE DISCOUNT,,,,,,20.00%,₱0.00,₱0.00,
August 22 2025,,Leah,SAMGYUP - ADD ON,EMPLOYEE DISCOUNT,,,,,,20.00%,₱0.00,₱0.00,
August 22 2025,,Leah,SAMGYUP - ADD ON,EMPLOYEE DISCOUNT,,,,,,20.00%,₱0.00,₱0.00,
August 22 2025,,Leah,JIN MILD ,EMPLOYEE DISCOUNT,,,,₱150.00,,20.00%,₱30.00,₱120.00,
August 22 2025,,Leah,JIN MILD ,EMPLOYEE DISCOUNT,,,,₱150.00,,20.00%,₱30.00,₱120.00,
August 22 2025,,Leah,EGG - ADD ON ,EMPLOYEE DISCOUNT,,,,,,20.00%,₱0.00,₱0.00,
August 22 2025,,Leah,EGG - ADD ON ,EMPLOYEE DISCOUNT,,,,,,20.00%,₱0.00,₱0.00,
August 22 2025,,Leah,EGG - ADD ON ,EMPLOYEE DISCOUNT,,,,,,20.00%,₱0.00,₱0.00,
August 22 2025,,Leah,EGG - ADD ON ,EMPLOYEE DISCOUNT,,,,,,20.00%,₱0.00,₱0.00,
August 22 2025,,Leah,C2,EMPLOYEE DISCOUNT,,,,₱20.00,,20.00%,₱4.00,₱16.00,
August 22 2025,,Leah,C2,EMPLOYEE DISCOUNT,,,,₱20.00,,20.00%,₱4.00,₱16.00,
August 22 2025,,Leah,C2,EMPLOYEE DISCOUNT,,,,₱20.00,,20.00%,₱4.00,₱16.00,
August 22 2025,,Leah,COKE ZERO,EMPLOYEE DISCOUNT,,,,₱50.00,,20.00%,₱10.00,₱40.00,
,,,,,,,,,,,,,
,,,,,,,,,,,₱0.00,₱0.00,
August 23 2025,,Tenny ,BAHN MI ,,C/O RODERICK,,,,,20.00%,₱0.00,₱0.00,
August 23 2025,,Tenny ,SHIN RAMYUN,,C/O RODERICK,,,₱150.00,,20.00%,₱30.00,₱120.00,
August 23 2025,,Tenny ,BULDAK CARBONARA,,C/O RODERICK,,,₱140.00,,20.00%,₱28.00,₱112.00,
August 23 2025,,Tenny ,BULDAK CHEESE,,C/O RODERICK,,,,,20.00%,₱0.00,₱0.00,
August 23 2025,,Tenny ,DR. PEPPERS,,C/O RODERICK,,,₱55.00,,20.00%,₱11.00,₱44.00,
August 23 2025,,Tenny ,DR. PEPPERS,,C/O RODERICK,,,₱55.00,,20.00%,₱11.00,₱44.00,
August 23 2025,,Tenny ,DR. PEPPERS,,C/O RODERICK,,,₱55.00,,20.00%,₱11.00,₱44.00,
August 23 2025,,Paul,SHIN RAMYUN,,BANK TRANSFER,,,₱150.00,,,₱0.00,₱150.00,
August 23 2025,,Paul,CHEESE RAMEN,,BANK TRANSFER,,,₱150.00,,,₱0.00,₱150.00,
August 23 2025,,Gabrielle Shane Dela Cruz,CHEESE RAMEN,,BANK TRANSFER,,,₱150.00,,,₱0.00,₱150.00,
August 23 2025,,Gabrielle Shane Dela Cruz,EGG - ADD ON ,,BANK TRANSFER,,,,,,₱0.00,₱0.00,
August 23 2025,,Jaymark layola,BULDAK CARBONARA,,CASH,,,₱140.00,,,₱0.00,₱140.00,
August 23 2025,,Jaymark layola,C2,,CASH,,,₱20.00,,,₱0.00,₱20.00,
August 23 2025,,Gabriel,ADOBO FLAKES ,,CASH,,,,,,₱0.00,₱0.00,
August 23 2025,,Cel Tayao,BEEF PHO,,CASH,,,,,,₱0.00,₱0.00,
August 23 2025,,Micheal Reyes,BAHN MI ,,MEMBERSHIP,,,,,,₱0.00,₱0.00,
August 23 2025,,Micheal Reyes,COOKIES CHOCO CHIP,,MEMBERSHIP,,,,,,₱0.00,₱0.00,
August 23 2025,,Ronelo Pertubal,ADOBO FLAKES ,,CASH,,,,,,₱0.00,₱0.00,
August 23 2025,,Gia Marie,BAHN MI ,,C/O GIA,,,,,,₱0.00,₱0.00,
August 23 2025,,Gia Marie,BAHN MI ,,C/O GIA,,,,,,₱0.00,₱0.00,
August 23 2025,,Gia Marie,BEEF PHO,,C/O GIA,,,,,,₱0.00,₱0.00,
August 23 2025,,Gia Marie,DR. PEPPERS,,C/O GIA,,,₱55.00,,,₱0.00,₱55.00,
,,,,,,,,,,,₱0.00,₱0.00,
"August 24, 2025",,RJ Carlos,JIN SPICY,,CARD PAYMENT,,,₱150.00,,,₱0.00,₱150.00,
"August 24, 2025",,RJ Carlos,CHEESE RAMEN,,CARD PAYMENT,,,₱150.00,,,₱0.00,₱150.00,
"August 24, 2025",,RJ Carlos,EGG - ADD ON ,,CARD PAYMENT,,,,,,₱0.00,₱0.00,
"August 24, 2025",,RJ Carlos,EGG - ADD ON ,,CARD PAYMENT,,,,,,₱0.00,₱0.00,
"August 24, 2025",,RJ Carlos,EGG - ADD ON ,,CARD PAYMENT,,,,,,₱0.00,₱0.00,
"August 24, 2025",,Catherine Ladera,BEEF PHO,,CARD PAYMENT,,,,,,₱0.00,₱0.00,
"August 24, 2025",,Catherine Ladera,SAMGYUP BOWL,,CARD PAYMENT,,,,,,₱0.00,₱0.00,
"August 24, 2025",,Catherine Ladera,KOREAN BEEF TAPA,,CARD PAYMENT,,,,,,₱0.00,₱0.00,
"August 24, 2025",,Catherine Ladera,COKE ZERO,,CARD PAYMENT,,,₱50.00,,,₱0.00,₱50.00,
"August 24, 2025",,Catherine Ladera,COKE ZERO,,CARD PAYMENT,,,₱50.00,,,₱0.00,₱50.00,
"August 24, 2025",,Nunez,BISCOFF COOKIE,,GCASH,201807,,,,,₱0.00,₱0.00,
"August 24, 2025",,Joyce Rebarter,BULDAK CARBONARA,,CASH,,,₱140.00,,,₱0.00,₱140.00,
"August 24, 2025",,Joyce Rebarter,EGG - ADD ON ,,CASH,,,,,,₱0.00,₱0.00,
"August 24, 2025",,Joyce Rebarter,CHEESE - ADD ON,,CASH,,,,,,₱0.00,₱0.00,
"August 24, 2025",,Joyce Rebarter,SAMGYUP - ADD ON,,CASH,,,,,,₱0.00,₱0.00,
"August 24, 2025",,Joyce Rebarter,SAMGYUP - ADD ON,,CASH,,,,,,₱0.00,₱0.00,
"August 24, 2025",,Joyce Rebarter,FRENCH FRIES,,CASH,,,₱60.00,,,₱0.00,₱60.00,
"August 24, 2025",,Joyce Rebarter,NACHOS,,CASH,,,₱120.00,,,₱0.00,₱120.00,
"August 24, 2025",,Joyce Rebarter,BEEF PHO,,CASH,,,,,,₱0.00,₱0.00,
"August 24, 2025",,Thess Valerio,COOKIES WALNUT,,CASH,,,,,,₱0.00,₱0.00,
"August 24, 2025",,Thess Valerio,COOKIES CHOCO CHIP,,CASH,,,,,,₱0.00,₱0.00,
"August 24, 2025",,Thess Valerio,BROOKIES,,CASH,,,,,,₱0.00,₱0.00,
"August 24, 2025",,Thess Valerio,AMERICANO,,CASH,,,₱70.00,,,₱0.00,₱70.00,
"August 24, 2025",,Thess Valerio,AMERICANO,,CASH,,,₱70.00,,,₱0.00,₱70.00,
"August 24, 2025",,Soledad,AMERICANO,,CASH,,,₱70.00,,,₱0.00,₱70.00,
"August 24, 2025",,Soledad,AMERICANO,,CASH,,,₱70.00,,,₱0.00,₱70.00,
"August 24, 2025",,Soledad,HONEY CHIA REFRESHER,,CASH,,,₱65.00,,,₱0.00,₱65.00,
"August 24, 2025",,Soledad,HONEY CHIA REFRESHER,,CASH,,,₱65.00,,,₱0.00,₱65.00,
"August 24, 2025",,Soledad,FRENCH FRIES,,CASH,,,₱60.00,,,₱0.00,₱60.00,
"August 24, 2025",,Soledad,FRENCH FRIES,,CASH,,,₱60.00,,,₱0.00,₱60.00,
,,,,,,,,,,,₱0.00,₱0.00,
"August 25,2025",,Joe,EGG - ADD ON ,,CARD PAYMENT,,,,,,₱0.00,₱0.00,
"August 25,2025",,Joe,EGG - ADD ON ,,CARD PAYMENT,,,,,,₱0.00,₱0.00,
"August 25,2025",,Joe,ADD ON - KIMCHI,,CARD PAYMENT,,,,,,₱0.00,₱0.00,
"August 25,2025",,Joe,SAMGYUP BOWL,,CARD PAYMENT,,,,,,₱0.00,₱0.00,
"August 25,2025",,Joe,CAFE LATTE,,CARD PAYMENT,,,₱80.00,,,₱0.00,₱80.00,
"August 25,2025",,Joe,CHEESE RAMEN,,CARD PAYMENT,,,₱150.00,,,₱0.00,₱150.00,
"August 25,2025",,Joe,SAMGYUP - ADD ON,,CARD PAYMENT,,,,,,₱0.00,₱0.00,
"August 25,2025",,William Andaya,C2,,CASH,,,₱20.00,,,₱0.00,₱20.00,
"August 25,2025",,Pastor Erick,ADOBO FLAKES ,,C/O RODERICK,,,,,20.00%,₱0.00,₱0.00,
"August 25,2025",,Pastor Erick,BROOKIES,,C/O RODERICK,,,,,20.00%,₱0.00,₱0.00,
"August 25,2025",,Pastor Erick,FRENCH FRIES,,C/O RODERICK,,,₱60.00,,20.00%,₱12.00,₱48.00,
"August 25,2025",,Pastor Erick,FRENCH FRIES,,C/O RODERICK,,,₱60.00,,20.00%,₱12.00,₱48.00,
"August 25,2025",,Pastor Erick,Iced Coffee,,C/O RODERICK,,,₱80.00,,20.00%,₱16.00,₱64.00,
"August 25,2025",,Pastor Erick,BAHN MI ,,C/O RODERICK,,,,,20.00%,₱0.00,₱0.00,
"August 25,2025",,Pastor Erick,BAHN MI ,,C/O RODERICK,,,,,20.00%,₱0.00,₱0.00,
"August 25,2025",,Pastor Erick,CHEESE RAMEN,,C/O RODERICK,,,₱150.00,,20.00%,₱30.00,₱120.00,
"August 25,2025",,Pastor Erick,CHEESE RAMEN,,C/O RODERICK,,,₱150.00,,20.00%,₱30.00,₱120.00,
"August 25,2025",,Pastor Erick,CHEESE - ADD ON,,C/O RODERICK,,,,,20.00%,₱0.00,₱0.00,
"August 25,2025",,Pastor Erick,EGG - ADD ON ,,C/O RODERICK,,,,,20.00%,₱0.00,₱0.00,
"August 25,2025",,Pastor Erick,EGG - ADD ON ,,C/O RODERICK,,,,,20.00%,₱0.00,₱0.00,
"August 25,2025",,Pastor Erick,SAMGYUP - ADD ON,,C/O RODERICK,,,,,20.00%,₱0.00,₱0.00,
"August 25,2025",,Micheal Reyes,BEEF PHO,,MEMBERSHIP,,,,,,₱0.00,₱0.00,
"August 25,2025",,Micheal Reyes,NACHOS,,MEMBERSHIP,,,₱120.00,,100.00%,₱120.00,₱0.00,
"August 25,2025",,Micheal Reyes,HONEY CHIA REFRESHER,,MEMBERSHIP,,,₱65.00,,,₱0.00,₱0.00,
"August 25,2025",,Micheal Reyes,HONEY CHIA REFRESHER,,MEMBERSHIP,,,₱65.00,,,₱0.00,₱0.00,
"August 25,2025",,Jemuel Toledanes,ADD ON - KIMCHI,,CARD PAYMENT,,,,,,₱0.00,₱0.00,
"August 25,2025",,Jemuel Toledanes,BEEF PHO,,CARD PAYMENT,,,,,,₱0.00,₱0.00,
"August 25,2025",,Jemuel Toledanes,C2,,CARD PAYMENT,,,₱20.00,,,₱0.00,₱20.00,
"August 25,2025",,Jemuel Toledanes,BULDAK CARBONARA,,CARD PAYMENT,,,₱140.00,,,₱0.00,₱140.00,
"August 25,2025",,Jemuel Toledanes,CAFE LATTE,,CARD PAYMENT,,,₱80.00,,,₱0.00,₱80.00,
"August 25,2025",,Jemuel Toledanes,CHEESE RAMEN,,CARD PAYMENT,,,₱150.00,,,₱0.00,₱150.00,
"August 25,2025",,Jemuel Toledanes,JIN SPICY,,CARD PAYMENT,,,₱150.00,,,₱0.00,₱150.00,
"August 25,2025",,Jemuel Toledanes,FISH CAKE - ADD ON ,,CARD PAYMENT,,,,,,₱0.00,₱0.00,
"August 25,2025",,Jemuel Toledanes,FISH CAKE - ADD ON ,,CARD PAYMENT,,,,,,₱0.00,₱0.00,
"August 25,2025",,Jemuel Toledanes,COOKIES WALNUT,,CARD PAYMENT,,,,,,₱0.00,₱0.00,
"August 25,2025",,Jemuel Toledanes,BISCOFF COOKIE,,CARD PAYMENT,,,,,,₱0.00,₱0.00,
"August 25,2025",,Jemuel Toledanes,COOKIES CHOCO CHIP,,CARD PAYMENT,,,,,,₱0.00,₱0.00,
"August 25,2025",,Jemuel Toledanes,KOREAN BEEF TAPA,,CARD PAYMENT,,,,,,₱0.00,₱0.00,
"August 25,2025",,Jemuel Toledanes,COKE ZERO,,CARD PAYMENT,,,₱50.00,,,₱0.00,₱50.00,
"August 25,2025",,Jemuel Toledanes,CHEESE - ADD ON,,CARD PAYMENT,,,,,,₱0.00,₱0.00,
,,,,,,,,,,,₱0.00,₱0.00,
"August 26, 2025",,Angelica Bagnes,COOKIES WALNUT,,GCASH,2636,,,,,₱0.00,₱0.00,
"August 26, 2025",,Maam Vernie c/o maam Gia,COOKIES WALNUT,,C/O GIA,,,,,,₱0.00,₱0.00,
"August 26, 2025",,Maam Vernie c/o maam Gia,COOKIES CHOCO CHIP,,C/O GIA,,,,,,₱0.00,₱0.00,
"August 26, 2025",,Maam Vernie c/o maam Gia,BISCOFF COOKIE,,C/O GIA,,,,,,₱0.00,₱0.00,
"August 26, 2025",,Maam Vernie c/o maam Gia,JIN SPICY,,C/O GIA,,,₱150.00,,,₱0.00,₱150.00,
"August 26, 2025",,Arvhiane valero,COOKIES WALNUT,,CARD PAYMENT,,,,,,₱0.00,₱0.00,
"August 26, 2025",,Arvhiane valero,COOKIES CHOCO CHIP,,CARD PAYMENT,,,,,,₱0.00,₱0.00,
,,,,,,,,,,,₱0.00,₱0.00,
"August 27, 2025",,Pastor Erick,NACHOS,,C/O RODERICK,,,₱120.00,,20.00%,₱24.00,₱96.00,
"August 27, 2025",,Pastor Erick,COKE ZERO,,C/O RODERICK,,,₱50.00,,20.00%,₱10.00,₱40.00,
"August 27, 2025",,Pastor Erick,BISCOFF COOKIE,,C/O RODERICK,,,,,20.00%,₱0.00,₱0.00,
"August 27, 2025",,Pastor Erick,BOTTLED WATER 350ML,,C/O RODERICK,,,₱15.00,,20.00%,₱3.00,₱12.00,
"August 27, 2025",,Table 3,HOT CHOC-NUT SYPHON,,CASH,,,,,,₱0.00,₱0.00,
"August 27, 2025",,Table 3,BROOKIES,,CASH,,,,,,₱0.00,₱0.00,
,,,,,,,,,,,₱0.00,₱0.00,
"August 28, 2025",,Rejielyn Maldia,FISH CAKE - ADD ON ,,CASH,,,,,,₱0.00,₱0.00,
"August 28, 2025",,Rejielyn Maldia,CHEESE RAMEN,,CASH,,,₱150.00,,,₱0.00,₱150.00,
"August 28, 2025",,Rejielyn Maldia,ADOBO FLAKES ,,CASH,,,,,,₱0.00,₱0.00,
"August 28, 2025",,Rejielyn Maldia,Iced Coffee,,CASH,,,₱80.00,,,₱0.00,₱80.00,
"August 28, 2025",,Jing Ramirez,BOTTLED WATER 350ML,,CASH,,,₱15.00,,,₱0.00,₱15.00,
"August 28, 2025",,Jing Ramirez,COOKIES CHOCO CHIP,,CASH,,,,,,₱0.00,₱0.00,
"August 28, 2025",,Jing Ramirez,FRENCH FRIES,,CASH,,,₱60.00,,,₱0.00,₱60.00,
"August 28, 2025",,Bea,ADOBO FLAKES ,,CASH,,,,,,₱0.00,₱0.00,
"August 28, 2025",,Bea,BEEF PHO,,CASH,,,,,,₱0.00,₱0.00,
"August 28, 2025",,Bea,NACHOS,,CASH,,,₱120.00,,,₱0.00,₱120.00,
"August 28, 2025",,Bea,ADOBO FLAKES ,,CASH,,,,,,₱0.00,₱0.00,
"August 28, 2025",,Charles Estrella,EGG - ADD ON ,,FREE,,,,,,₱0.00,₱0.00,
"August 28, 2025",,Charles Estrella,EGG - ADD ON ,,FREE,,,,,,₱0.00,₱0.00,
"August 28, 2025",,Charles Estrella,EGG - ADD ON ,,FREE,,,,,,₱0.00,₱0.00,
"August 28, 2025",,Charles Estrella,FISH CAKE - ADD ON ,,FREE,,,,,,₱0.00,₱0.00,
"August 28, 2025",,Charles Estrella,FISH CAKE - ADD ON ,,FREE,,,,,,₱0.00,₱0.00,
"August 28, 2025",,Charles Estrella,FISH CAKE - ADD ON ,,FREE,,,,,,₱0.00,₱0.00,
"August 28, 2025",,Charles Estrella,BULDAK CHEESE,,FREE,,,,,100.00%,₱0.00,₱0.00,
"August 28, 2025",,Charles Estrella,BULDAK CHEESE,,FREE,,,,,100.00%,₱0.00,₱0.00,
"August 28, 2025",,Charles Estrella,BULDAK CHEESE,,FREE,,,,,100.00%,₱0.00,₱0.00,
,,,,,,,,,,,₱0.00,₱0.00,
"August 29,2025",,Anita Momero c/o Pastor Erick,HONEY CHIA REFRESHER,,C/O RODERICK,,,₱65.00,,20.00%,₱13.00,₱52.00,
"August 29,2025",,Anita Momero c/o Pastor Erick,HONEY CHIA REFRESHER,,C/O RODERICK,,,₱65.00,,20.00%,₱13.00,₱52.00,
"August 29,2025",,Anita Momero c/o Pastor Erick,HONEY CHIA REFRESHER,,C/O RODERICK,,,₱65.00,,20.00%,₱13.00,₱52.00,
"August 29,2025",,Anita Momero c/o Pastor Erick,Iced Coffee,,C/O RODERICK,,,₱80.00,,20.00%,₱16.00,₱64.00,
"August 29,2025",,Anita Momero c/o Pastor Erick,CAFE LATTE,,C/O RODERICK,,,₱80.00,,20.00%,₱16.00,₱64.00,
"August 29,2025",,Anita Momero c/o Pastor Erick,COOKIES WALNUT,,C/O RODERICK,,,,,20.00%,₱0.00,₱0.00,
"August 29,2025",,Anita Momero c/o Pastor Erick,HOT CHOC-NUT SYPHON,,C/O RODERICK,,,,,20.00%,₱0.00,₱0.00,
"August 29,2025",,Anita Momero c/o Pastor Erick,BAHN MI ,,C/O RODERICK,,,,,20.00%,₱0.00,₱0.00,
"August 29,2025",,Anita Momero c/o Pastor Erick,BAHN MI ,,C/O RODERICK,,,,,20.00%,₱0.00,₱0.00,
"August 29,2025",,Anita Momero c/o Pastor Erick,BEEF PHO,,C/O RODERICK,,,,,20.00%,₱0.00,₱0.00,
"August 29,2025",,Anita Momero c/o Pastor Erick,BEEF PHO,,C/O RODERICK,,,,,20.00%,₱0.00,₱0.00,
"August 29,2025",,Anita Momero c/o Pastor Erick,ADOBO FLAKES ,,C/O RODERICK,,,,,20.00%,₱0.00,₱0.00,
"August 29,2025",,Anita Momero c/o Pastor Erick,ADOBO FLAKES ,,C/O RODERICK,,,,,20.00%,₱0.00,₱0.00,
"August 29,2025",,Atty. James Cundangan,ADOBO FLAKES ,,C/O RODERICK,,,,,20.00%,₱0.00,₱0.00,
"August 29,2025",,Atty. James Cundangan,ADOBO FLAKES ,,C/O RODERICK,,,,,20.00%,₱0.00,₱0.00,
"August 29,2025",,Atty. James Cundangan,ADOBO FLAKES ,,C/O RODERICK,,,,,20.00%,₱0.00,₱0.00,
"August 29,2025",,Atty. James Cundangan,ADOBO FLAKES ,,C/O RODERICK,,,,,20.00%,₱0.00,₱0.00,
"August 29,2025",,Atty. James Cundangan,Rice,,C/O RODERICK,,,₱25.00,,20.00%,₱5.00,₱20.00,
"August 29,2025",,Atty. James Cundangan,Rice,,C/O RODERICK,,,₱25.00,,20.00%,₱5.00,₱20.00,
"August 29,2025",,Atty. James Cundangan,Rice,,C/O RODERICK,,,₱25.00,,20.00%,₱5.00,₱20.00,
"August 29,2025",,Atty. James Cundangan,Rice,,C/O RODERICK,,,₱25.00,,20.00%,₱5.00,₱20.00,
"August 29,2025",,Atty. James Cundangan,CANADA DRY ,,C/O RODERICK,,,₱58.00,,20.00%,₱11.60,₱46.40,
"August 29,2025",,Atty. James Cundangan,CANADA DRY ,,C/O RODERICK,,,₱58.00,,20.00%,₱11.60,₱46.40,
"August 29,2025",,Atty. James Cundangan,DR. PEPPERS,,C/O RODERICK,,,₱55.00,,20.00%,₱11.00,₱44.00,
"August 29,2025",,Atty. James Cundangan,BROOKIES,,C/O RODERICK,,,,,20.00%,₱0.00,₱0.00,
"August 29,2025",,Atty. James Cundangan,BROOKIES,,C/O RODERICK,,,,,20.00%,₱0.00,₱0.00,
"August 29,2025",,Atty. James Cundangan,COOKIES CHOCO CHIP,,C/O RODERICK,,,,,20.00%,₱0.00,₱0.00,
"August 29,2025",,Atty. James Cundangan,BISCOFF COOKIE,,C/O RODERICK,,,,,20.00%,₱0.00,₱0.00,
"August 29,2025",,Atty. James Cundangan,CAFE LATTE,,C/O RODERICK,,,₱80.00,,20.00%,₱16.00,₱64.00,
"August 29,2025",,Atty. James Cundangan,CAFE LATTE,,C/O RODERICK,,,₱80.00,,20.00%,₱16.00,₱64.00,
"August 29,2025",,Atty. James Cundangan,JASMINE TEA,,C/O RODERICK,,,,,20.00%,₱0.00,₱0.00,
"August 29,2025",,Atty. James Cundangan,JASMINE TEA,,C/O RODERICK,,,,,20.00%,₱0.00,₱0.00,
"August 29,2025",,Atty. James Cundangan,BOTTLED WATER 350ML,,C/O RODERICK,,,₱15.00,,20.00%,₱3.00,₱12.00,
"August 29,2025",,Atty. James Cundangan,BOTTLED WATER 350ML,,C/O RODERICK,,,₱15.00,,20.00%,₱3.00,₱12.00,
"August 29,2025",,CJ Caluag,BISCOFF COOKIE,,MEMBERSHIP,,,,,,₱0.00,₱0.00,
,,,,,,,,,,,₱0.00,₱0.00,
"August 30,2025",,Grace oguilla,BEEF PHO,,FREE,,,,,,₱0.00,₱0.00,
"August 30,2025",,Janis Lumagui,ADOBO FLAKES ,,MEMBERSHIP,,,,,,₱0.00,₱0.00,
"August 30,2025",,Janis Lumagui,BISCOFF COOKIE,,MEMBERSHIP,,,,,,₱0.00,₱0.00,
"August 30,2025",,Table 3,CHEESE RAMEN,,CASH,,,₱150.00,,,₱0.00,₱150.00,
"August 30,2025",,Table 3,CHEESE RAMEN,,CASH,,,₱150.00,,,₱0.00,₱150.00,
"August 30,2025",,Cristina Dela Cruz,CAFE LATTE,,CASH,,,₱80.00,,,₱0.00,₱80.00,
"August 30,2025",,Roselle Dalupang ,BOTTLED WATER 350ML,,CASH,,,₱15.00,,,₱0.00,₱15.00,
"August 30,2025",,Roselle Dalupang ,BOTTLED WATER 350ML,,CASH,,,₱15.00,,,₱0.00,₱15.00,
"August 30,2025",,Roselle Dalupang ,NACHOS,,CASH,,,₱120.00,,,₱0.00,₱120.00,
"August 30,2025",,Roselle Dalupang ,NACHOS,,CASH,,,₱120.00,,,₱0.00,₱120.00,
"August 30,2025",,Roselle Dalupang ,CHEESE RAMEN,,CASH,,,₱150.00,,,₱0.00,₱150.00,
"August 30,2025",,Roselle Dalupang ,BAHN MI ,,CASH,,,,,,₱0.00,₱0.00,
"August 30,2025",,Teresita Cruz,BEEF PHO,SENIOR,CASH,,,,,,₱0.00,₱0.00,
"August 30,2025",,Teresita Cruz,SAMGYUP BOWL,SENIOR,CASH,,,,,,₱0.00,₱0.00,
"August 30,2025",,Teresita Cruz,HONEY CHIA REFRESHER,SENIOR,CASH,,,₱65.00,,,₱0.00,₱65.00,
"August 30,2025",,Teresita Cruz,HONEY CHIA REFRESHER,SENIOR,CASH,,,₱65.00,,,₱0.00,₱65.00,
"August 30,2025",,Joyce Pondang,BROOKIES,,CASH,,,,,,₱0.00,₱0.00,
"August 30,2025",,Joyce Pondang,BAHN MI ,,CASH,,,,,,₱0.00,₱0.00,
,,,,,,,,,,,₱0.00,₱0.00,
"August 31,2025",,Glez Heraldo,JIN SPICY,,CASH,,,₱150.00,,,₱0.00,₱150.00,
"August 31,2025",,Glez Heraldo,ADD ON - KIMCHI,,CASH,,,,,,₱0.00,₱0.00,
"August 31,2025",,Glez Heraldo,CHEESE RAMEN,,CASH,,,₱150.00,,,₱0.00,₱150.00,
"September 1, 2025",,Marilou Miranda,JASMINE TEA,,GCASH,,,,,,₱0.00,₱0.00,₱0.00
"September 2, 2025",,Pastor King Borlongan ,BULDAK CHEESE,,BANK TRANSFER,,,,,,₱0.00,₱0.00,₱0.00
"September 2, 2025",,Pastor King Borlongan ,BULDAK CHEESE,,BANK TRANSFER,,,,,,₱0.00,₱0.00,₱0.00
"September 2, 2025",,Pastor King Borlongan ,BULDAK CHEESE,,BANK TRANSFER,,,,,,₱0.00,₱0.00,₱0.00
"September 2, 2025",,Pastor King Borlongan ,CHEESE RAMEN,,BANK TRANSFER,,,₱150.00,₱70.00,,₱0.00,₱150.00,₱80.00
"September 2, 2025",,Pastor King Borlongan ,CHEESE RAMEN,,BANK TRANSFER,,,₱150.00,₱70.00,,₱0.00,₱150.00,₱80.00
"September 2, 2025",,Pastor King Borlongan ,SHIN RAMYUN,,BANK TRANSFER,,,₱150.00,₱70.00,,₱0.00,₱150.00,₱80.00
"September 2, 2025",,Pastor King Borlongan ,JIN SPICY,,BANK TRANSFER,,,₱150.00,₱70.00,,₱0.00,₱150.00,₱80.00
"September 2, 2025",,Pastor King Borlongan ,BROOKIES,,BANK TRANSFER,,,,,,₱0.00,₱0.00,
"September 2, 2025",,Pastor King Borlongan ,HOT CHOC-NUT SYPHON,,BANK TRANSFER,,,,,,₱0.00,₱0.00,
"September 2, 2025",,Pastor King Borlongan ,CANADA DRY ,,BANK TRANSFER,,,₱58.00,,,₱0.00,₱58.00,
"September 2, 2025",,Jane Domingo,FRENCH FRIES,,CASH,,,₱60.00,,,₱0.00,₱60.00,
"September 2, 2025",,Jane Domingo,FRENCH FRIES,,CASH,,,₱60.00,,,₱0.00,₱60.00,
"September 2, 2025",,Joy Borlongan,BULDAK CHEESE,,MEMBERSHIP,,,,,,₱0.00,₱0.00,
"September 2, 2025",,Tenny Bautista,AMERICANO,,CASH,,,₱70.00,,,₱0.00,₱70.00,
,,,,,,,,,,,₱0.00,₱0.00,
"September 3, 2025",,Pastro Erick Meeting ,BEEF PHO,,C/O RODERICK,,,,,,₱0.00,₱0.00,
"September 3, 2025",,Pastro Erick Meeting ,BAHN MI ,,C/O RODERICK,,,,,,₱0.00,₱0.00,
"September 3, 2025",,Pastro Erick Meeting ,NACHOS,,C/O RODERICK,,,₱120.00,,,₱0.00,₱120.00,
"September 3, 2025",,Pastro Erick Meeting ,CANADA DRY ,,C/O RODERICK,,,₱58.00,,,₱0.00,₱58.00,
"September 3, 2025",,Maam Vernie C/o maam Gia,HONEY CHIA REFRESHER,,C/O GIA,,,₱65.00,,,₱0.00,₱65.00,
"September 3, 2025",,Maam Vernie C/o maam Gia,HONEY CHIA REFRESHER,,C/O GIA,,,₱65.00,,,₱0.00,₱65.00,
"September 3, 2025",,Maam Vernie C/o maam Gia,HONEY CHIA REFRESHER,,C/O GIA,,,₱65.00,,,₱0.00,₱65.00,
"September 3, 2025",,Maam Vernie C/o maam Gia,FRENCH FRIES,,C/O GIA,,,₱60.00,,,₱0.00,₱60.00,
"September 3, 2025",,Maam Vernie C/o maam Gia,BEEF PHO,,C/O GIA,,,,,,₱0.00,₱0.00,
"September 3, 2025",,Maam Vernie C/o maam Gia,BEEF PHO,,C/O GIA,,,,,,₱0.00,₱0.00,
"September 3, 2025",,Maam Vernie C/o maam Gia,BEEF PHO,,C/O GIA,,,,,,₱0.00,₱0.00,
"September 3, 2025",,Maam Vernie C/o maam Gia,BEEF PHO,,C/O GIA,,,,,,₱0.00,₱0.00,
"September 3, 2025",,Maam Vernie C/o maam Gia,CHICKEN WINGS,,C/O GIA,,,,,,₱0.00,₱0.00,
"September 3, 2025",,Maam Vernie C/o maam Gia,CHICKEN WINGS,,C/O GIA,,,,,,₱0.00,₱0.00,
"September 3, 2025",,Maam Vernie C/o maam Gia,CURRY RICE,,C/O GIA,,,,,,₱0.00,₱0.00,
"September 3, 2025",,Maam Vernie C/o maam Gia,CURRY RICE,,C/O GIA,,,,,,₱0.00,₱0.00,
"September 3, 2025",,Maam Vernie C/o maam Gia,ADOBO FLAKES ,,C/O GIA,,,,,,₱0.00,₱0.00,
"September 3, 2025",,Maam Vernie C/o maam Gia,ADOBO FLAKES ,,C/O GIA,,,,,,₱0.00,₱0.00,
"September 3, 2025",,Maam Vernie C/o maam Gia,ADOBO FLAKES ,,C/O GIA,,,,,,₱0.00,₱0.00,
"September 3, 2025",,Maam Vernie C/o maam Gia,ADOBO FLAKES ,,C/O GIA,,,,,,₱0.00,₱0.00,
"September 3, 2025",,Maam Vernie C/o maam Gia,BAHN MI ,,C/O GIA,,,,,,₱0.00,₱0.00,
"September 3, 2025",,Gino Canlas,CHEESE RAMEN,,GCASH,10006,,₱150.00,,,₱0.00,₱150.00,
"September 3, 2025",,Gino Canlas,HONEY CHIA REFRESHER,,GCASH,10006,,₱65.00,,,₱0.00,₱65.00,
"September 3, 2025",,Gino Canlas,BOTTLED WATER 350ML,,GCASH,10006,,₱15.00,,,₱0.00,₱15.00,
"September 3, 2025",,Gino Canlas,CHICKEN WINGS,,GCASH,10006,,,,,₱0.00,₱0.00,
"September 3, 2025",,Sheryl Dela Cruz,BROOKIES,,CASH,,,,,,₱0.00,₱0.00,
,,,,,,,,,,,₱0.00,₱0.00,
"September 4,2025",,Maam Malou,BEEF PHO,,CASH,,,,,,₱0.00,₱0.00,
"September 4,2025",,Maam Malou,FISH CAKE - ADD ON ,,CASH,,,,,,₱0.00,₱0.00,
"September 4,2025",,Maam Malou,EGG - ADD ON ,,CASH,,,,,,₱0.00,₱0.00,
"September 4,2025",,Maam Malou,JIN SPICY,,CASH,,,₱150.00,,,₱0.00,₱150.00,
,,,,,,,,,,,₱0.00,₱0.00,
"September 5, 2025",,Ashley,FISH CAKE - ADD ON ,EMPLOYEE DISCOUNT,,,,,,,₱0.00,₱0.00,
"September 5, 2025",,Ashley,EGG - ADD ON ,EMPLOYEE DISCOUNT,,,,,,,₱0.00,₱0.00,
"September 5, 2025",,Ashley,EGG - ADD ON ,EMPLOYEE DISCOUNT,,,,,,,₱0.00,₱0.00,
"September 5, 2025",,Ashley,EGG - ADD ON ,EMPLOYEE DISCOUNT,,,,,,,₱0.00,₱0.00,
"September 5, 2025",,Ashley,EGG - ADD ON ,EMPLOYEE DISCOUNT,,,,,,,₱0.00,₱0.00,
"September 5, 2025",,Ashley,EGG - ADD ON ,EMPLOYEE DISCOUNT,,,,,,,₱0.00,₱0.00,
"September 5, 2025",,Ashley,EGG - ADD ON ,EMPLOYEE DISCOUNT,,,,,,,₱0.00,₱0.00,
"September 5, 2025",,Ashley,SAMGYUP - ADD ON,EMPLOYEE DISCOUNT,,,,,,,₱0.00,₱0.00,
"September 5, 2025",,Ashley,JIN SPICY,EMPLOYEE DISCOUNT,,,,₱20.00,,,₱0.00,₱20.00,
"September 5, 2025",,Ashley,C2,EMPLOYEE DISCOUNT,,,,₱20.00,,,₱0.00,₱20.00,
"September 5, 2025",,Leah,EGG - ADD ON ,EMPLOYEE DISCOUNT,,,,,,,₱0.00,₱0.00,
"September 5, 2025",,Leah,EGG - ADD ON ,EMPLOYEE DISCOUNT,,,,,,,₱0.00,₱0.00,
"September 5, 2025",,Leah,EGG - ADD ON ,EMPLOYEE DISCOUNT,,,,,,,₱0.00,₱0.00,
"September 5, 2025",,Leah,EGG - ADD ON ,EMPLOYEE DISCOUNT,,,,,,,₱0.00,₱0.00,
"September 5, 2025",,Leah,EGG - ADD ON ,EMPLOYEE DISCOUNT,,,,,,,₱0.00,₱0.00,
"September 5, 2025",,Leah,EGG - ADD ON ,EMPLOYEE DISCOUNT,,,,,,,₱0.00,₱0.00,
"September 5, 2025",,Leah,EGG - ADD ON ,EMPLOYEE DISCOUNT,,,,,,,₱0.00,₱0.00,
"September 5, 2025",,Leah,EGG - ADD ON ,EMPLOYEE DISCOUNT,,,,,,,₱0.00,₱0.00,
"September 5, 2025",,Leah,EGG - ADD ON ,EMPLOYEE DISCOUNT,,,,,,,₱0.00,₱0.00,
"September 5, 2025",,Leah,EGG - ADD ON ,EMPLOYEE DISCOUNT,,,,,,,₱0.00,₱0.00,
"September 5, 2025",,Leah,EGG - ADD ON ,EMPLOYEE DISCOUNT,,,,,,,₱0.00,₱0.00,
"September 5, 2025",,Ara Grace Solana,HONEY CHIA REFRESHER,,GCASH,2124,,₱65.00,,,₱0.00,₱65.00,
"September 5, 2025",,Ara Grace Solana,HONEY CHIA REFRESHER,,GCASH,2124,,₱65.00,,,₱0.00,₱65.00,
"September 5, 2025",,Ara Grace Solana,SAMGYUP BOWL,,GCASH,2124,,,,,₱0.00,₱0.00,
"September 5, 2025",,Ara Grace Solana,EGG - ADD ON ,,GCASH,2124,,,,,₱0.00,₱0.00,
"September 5, 2025",,Ara Grace Solana,FISH CAKE - ADD ON ,,GCASH,2124,,,,,₱0.00,₱0.00,
,,,,,,,,,,,₱0.00,₱0.00,
"September 6, 2025",,Liezel,BEEF PHO,,CASH,,,,,,₱0.00,₱0.00,
"September 6, 2025",,Ruth Geronimo,BEEF PHO,,CASH,,,,,,₱0.00,₱0.00,
"September 6, 2025",,Ruth Geronimo,JIN SPICY,,CASH,,,₱150.00,,,₱0.00,₱150.00,
"September 6, 2025",,Benedict Sombillo,HONEY CHIA REFRESHER,,CASH,,,₱65.00,,,₱0.00,₱65.00,
"September 6, 2025",,Benedict Sombillo,NACHOS,,CASH,,,₱120.00,,,₱0.00,₱120.00,
"September 6, 2025",,Benedict Sombillo,SAMGYUP BOWL,,CASH,,,,,,₱0.00,₱0.00,
"September 6, 2025",,Leah Herera,CHEESE RAMEN,,CASH,,,₱150.00,,,₱0.00,₱150.00,
"September 6, 2025",,Leah Herera,CHEESE RAMEN,,CASH,,,₱150.00,,,₱0.00,₱150.00,
"September 6, 2025",,Leah Herera,CHEESE RAMEN,,CASH,,,₱150.00,,,₱0.00,₱150.00,
"September 6, 2025",,Leah Herera,NACHOS,,CASH,,,₱120.00,,,₱0.00,₱120.00,
"September 6, 2025",,Leah Herera,NACHOS,,CASH,,,₱120.00,,,₱0.00,₱120.00,
"September 6, 2025",,Leah Herera,FRENCH FRIES,,CASH,,,₱60.00,,,₱0.00,₱60.00,
"September 6, 2025",,Desimae Susi,BEEF PHO,,GCASH,18007,,,,,₱0.00,₱0.00,
"September 6, 2025",,Desimae Susi,BEEF GYUDON,,GCASH,18007,,,,,₱0.00,₱0.00,
"September 6, 2025",,Randy Ambito,JIN SPICY,,CASH,,,₱150.00,,,₱0.00,₱150.00,
"September 6, 2025",,Randy Ambito,JIN SPICY,,CASH,,,₱150.00,,,₱0.00,₱150.00,
"September 6, 2025",,Randy Ambito,EGG - ADD ON ,,CASH,,,,,,₱0.00,₱0.00,
"September 6, 2025",,Randy Ambito,EGG - ADD ON ,,CASH,,,,,,₱0.00,₱0.00,
"September 6, 2025",,Randy Ambito,FISH CAKE - ADD ON ,,CASH,,,,,,₱0.00,₱0.00,
"September 6, 2025",,Randy Ambito,CHEESE - ADD ON,,CASH,,,,,,₱0.00,₱0.00,
"September 6, 2025",,Randy Ambito,HONEY CHIA REFRESHER,,CASH,,,₱65.00,,,₱0.00,₱65.00,
,,,,,,,,,,,₱0.00,₱0.00,
September 7 2025,,Table 4,KOREAN BEEF TAPA,,CASH,,,,,,₱0.00,₱0.00,
September 7 2025,,Table 4,SAMGYUP BOWL,,CASH,,,,,,₱0.00,₱0.00,
September 7 2025,,Maam Dalisay,CHEESE RAMEN,,MEMBERSHIP,,,₱150.00,,,₱0.00,₱0.00,
September 7 2025,,Maam Dalisay,CHEESE RAMEN,,MEMBERSHIP,,,₱150.00,,,₱0.00,₱0.00,
September 7 2025,,Janina,FRENCH FRIES,,CASH,,,₱60.00,,,₱0.00,₱60.00,
September 7 2025,,Janina,Iced Coffee,,CASH,,,₱80.00,,,₱0.00,₱80.00,
September 7 2025,,Janina,Iced Coffee,,CASH,,,₱80.00,,,₱0.00,₱80.00,
September 7 2025,,Janina,NACHOS,,CASH,,,₱120.00,,,₱0.00,₱120.00,
September 7 2025,,Amor Carlos,KOREAN BEEF TAPA,,GCASH,969004,,,,,₱0.00,₱0.00,
September 7 2025,,Amor Carlos,SAMGYUP BOWL,,GCASH,969004,,,,,₱0.00,₱0.00,
September 7 2025,,Amor Carlos,COKE ZERO,,GCASH,969004,,₱50.00,,,₱0.00,₱50.00,
September 7 2025,,Amor Carlos,DR. PEPPERS,,GCASH,969004,,₱55.00,,,₱0.00,₱55.00,
September 7 2025,,Maam Aimie,CHICKEN WINGS,,CASH,,,,,,₱0.00,₱0.00,
September 7 2025,,Maam Aimie,CHEESE RAMEN,,CASH,,,₱150.00,,,₱0.00,₱150.00,
September 7 2025,,Maam Aimie,CHEESE RAMEN,,CASH,,,₱150.00,,,₱0.00,₱150.00,
September 7 2025,,Maam Aimie,C2,,CASH,,,₱20.00,,,₱0.00,₱20.00,
September 7 2025,,Maam Aimie,C2,,CASH,,,₱20.00,,,₱0.00,₱20.00,
,,,,,,,,,,,₱0.00,₱0.00,
September 8 2025,, Victory C/O pastor,BEEF PHO,,C/O RODERICK,,,,,,₱0.00,₱0.00,
September 8 2025,, Victory C/O pastor,BEEF PHO,,C/O RODERICK,,,,,,₱0.00,₱0.00,
September 8 2025,, Victory C/O pastor,BEEF PHO,,C/O RODERICK,,,,,,₱0.00,₱0.00,
September 8 2025,, Victory C/O pastor,AMERICANO,,C/O RODERICK,,,₱70.00,,,₱0.00,₱70.00,
September 8 2025,, Victory C/O pastor,DR. PEPPERS,,C/O RODERICK,,,₱55.00,,,₱0.00,₱55.00,
September 8 2025,, Victory C/O pastor,KOREAN BEEF TAPA,,C/O RODERICK,,,,,,₱0.00,₱0.00,
September 8 2025,, Victory C/O pastor,KOREAN BEEF TAPA,,C/O RODERICK,,,,,,₱0.00,₱0.00,
September 8 2025,, Victory C/O pastor,NACHOS,,C/O RODERICK,,,₱120.00,,,₱0.00,₱120.00,
September 8 2025,, Victory C/O pastor,NACHOS,,C/O RODERICK,,,₱120.00,,,₱0.00,₱120.00,
September 8 2025,, Victory C/O pastor,Iced Coffee,,C/O RODERICK,,,₱80.00,,,₱0.00,₱80.00,
September 8 2025,, Victory C/O pastor,HOT CHOC-NUT SYPHON,,C/O RODERICK,,,,,,₱0.00,₱0.00,
September 8 2025,,Cel Tayao,BEEF PHO,,CASH,,,,,,₱0.00,₱0.00,
September 8 2025,,Cel Tayao,ADOBO FLAKES ,,MEMBERSHIP,,,,,,₱0.00,₱0.00,
September 8 2025,,Sandra Manalaysay,BAHN MI ,,CASH,,,,,,₱0.00,₱0.00,
September 8 2025,,Sandra Manalaysay,BEEF PHO,,CASH,,,,,,₱0.00,₱0.00,
September 8 2025,,Joy Borlongan,GREEN TEA,,CARD PAYMENT,,,₱60.00,,,₱0.00,₱60.00,
September 8 2025,,Joy Borlongan,GREEN TEA,,CARD PAYMENT,,,₱60.00,,,₱0.00,₱60.00,
September 8 2025,,Joy Borlongan,BEEF PHO,,CARD PAYMENT,,,,,,₱0.00,₱0.00,
September 8 2025,,Joy Borlongan,BAHN MI ,,CARD PAYMENT,,,,,,₱0.00,₱0.00,
September 8 2025,,Joy Borlongan,CHEESE RAMEN,,CARD PAYMENT,,,₱150.00,,,₱0.00,₱150.00,
September 8 2025,,Joy Borlongan,BAHN MI ,,MEMBERSHIP,,,,,,₱0.00,₱0.00,
September 8 2025,,Camber Pharmacuetical,EGG - ADD ON ,,BANK TRANSFER,,,,,,₱0.00,₱0.00,
September 8 2025,,Camber Pharmacuetical,ADD ON - KIMCHI,,BANK TRANSFER,,,,,,₱0.00,₱0.00,
September 8 2025,,Camber Pharmacuetical,CHEESE RAMEN,,BANK TRANSFER,,,₱150.00,,,₱0.00,₱150.00,
September 8 2025,,Camber Pharmacuetical,FRENCH FRIES,,BANK TRANSFER,,,₱60.00,,,₱0.00,₱60.00,
September 8 2025,,Camber Pharmacuetical,NACHOS,,BANK TRANSFER,,,₱120.00,,,₱0.00,₱120.00,
,,,,,,,,,,,₱0.00,₱0.00,
"September 10, 2025",,Jing Lizarondo,SHOYU TONKATSU RAMEN,,CASH,,,₱120.00,,,₱0.00,₱120.00,
"September 10, 2025",,Jing Lizarondo,KOREAN BEEF TAPA,,CASH,,,,,,₱0.00,₱0.00,
"September 10, 2025",,Pastor King Borlongan,KOREAN BEEF TAPA,,BANK TRANSFER,,,,,,₱0.00,₱0.00,
"September 10, 2025",,Pastor King Borlongan,ADOBO FLAKES ,,BANK TRANSFER,,,,,,₱0.00,₱0.00,
"September 10, 2025",,Pastor King Borlongan,FRENCH FRIES,,BANK TRANSFER,,,₱60.00,,,₱0.00,₱60.00,
"September 10, 2025",,Pastor King Borlongan,ADOBO FLAKES ,,MEMBERSHIP,,,,,,₱0.00,₱0.00,
"September 10, 2025",,Jelyn Dela Cruz,FRENCH FRIES,,CASH,,,₱60.00,,,₱0.00,₱60.00,
"September 10, 2025",,Jelyn Dela Cruz,SNAPPLE,,CASH,,,,,,₱0.00,₱0.00,
"September 10, 2025",,Randel Santos,AMERICANO,,GCASH,1291,,₱70.00,,,₱0.00,₱70.00,
"September 10, 2025",,Arvin Garcia,Iced Coffee,,GCASH,1826,,₱80.00,,,₱0.00,₱80.00,
"September 10, 2025",,Randel Santos,CAFE LATTE,,GCASH,6749,,₱80.00,,,₱0.00,₱80.00,
,,,,,,,,,,,₱0.00,₱0.00,
"September 11, 2025",,Kiko Nicolas,SAMGYUP BOWL,,CASH,,,,,,₱0.00,₱0.00,
"September 11, 2025",,Kiko Nicolas,SHOYU TONKATSU RAMEN,,CASH,,,₱120.00,,,₱0.00,₱120.00,
"September 11, 2025",,Kiko Nicolas,LAVENDER TEA,,CASH,,,,,,₱0.00,₱0.00,
"September 11, 2025",,Kiko Nicolas,BEEF PHO,,CASH,,,,,,₱0.00,₱0.00,
,,,,,,,,,,,₱0.00,₱0.00,
"September 12, 2025",,Marty Santos,CHEESE RAMEN,,CASH,,,₱150.00,,,₱0.00,₱150.00,
"September 12, 2025",,Marty Santos,FRENCH FRIES,,CASH,,,₱60.00,,,₱0.00,₱60.00,
"September 12, 2025",,Marty Santos,EGG - ADD ON ,,CASH,,,,,,₱0.00,₱0.00,
"September 12, 2025",,Marty Santos,BEEF PHO,,CASH,,,,,,₱0.00,₱0.00,
"September 12, 2025",,Marty Santos,COKE ZERO,,CASH,,,₱50.00,,,₱0.00,₱50.00,
"September 12, 2025",,Marty Santos,CHICKEN WINGS,,CASH,,,,,,₱0.00,₱0.00,
"September 12, 2025",,Jerome Reyes,ZARU SOBA,,CASH,,,₱150.00,,,₱0.00,₱150.00,
"September 12, 2025",,Jerome Reyes,SHIN RAMYUN,,CASH,,,₱150.00,,,₱0.00,₱150.00,
"September 12, 2025",,Jerome Reyes,CHEESE - ADD ON,,CASH,,,,,,₱0.00,₱0.00,
"September 12, 2025",,Jerome Reyes,SAMGYUP BOWL,,CASH,,,,,,₱0.00,₱0.00,
"September 12, 2025",,Jerome Reyes,SAMGYUP BOWL,,CASH,,,,,,₱0.00,₱0.00,
"September 12, 2025",,Jerome Reyes,BAHN MI ,,CASH,,,,,,₱0.00,₱0.00,
"September 12, 2025",,Maam Ruth,Iced Coffee,,CASH,,,₱80.00,,,₱0.00,₱80.00,
"September 12, 2025",,Maam Ruth,HONEY CHIA REFRESHER,,CASH,,,₱65.00,,,₱0.00,₱65.00,
"September 12, 2025",,Antonio Barreno,ADOBO FLAKES ,,CASH,,,,,,₱0.00,₱0.00,
"September 12, 2025",,Antonio Barreno,FRENCH FRIES,,CASH,,,₱60.00,,,₱0.00,₱60.00,
"September 12, 2025",,Joana Fuster,BEEF PHO,,GCASH,,,,,,₱0.00,₱0.00,
"September 12, 2025",,Joana Fuster,BEEF PHO,,GCASH,,,,,,₱0.00,₱0.00,
"September 12, 2025",,Ann Dalisay,CHEESE RAMEN,,MEMBERSHIP,,,₱150.00,,,₱0.00,₱0.00,
"September 12, 2025",,Ann Dalisay,CHEESE RAMEN,,MEMBERSHIP,,,₱150.00,,,₱0.00,₱0.00,
"September 12, 2025",,Sir Micheal ,NACHOS,,MEMBERSHIP,,,₱120.00,,,₱0.00,₱0.00,
"September 12, 2025",,Sir Micheal ,HONEY CHIA REFRESHER,,MEMBERSHIP,,,₱65.00,,,₱0.00,₱0.00,
"September 12, 2025",,Sir Micheal ,HONEY CHIA REFRESHER,,MEMBERSHIP,,,₱65.00,,,₱0.00,₱0.00,
"September 12, 2025",,Sir Micheal ,CHEESE RAMEN,,MEMBERSHIP,,,₱150.00,,,₱0.00,₱0.00,
"September 12, 2025",,Athena Macam,CHEESE RAMEN,,,,,₱150.00,,,₱0.00,₱150.00,
"September 12, 2025",,Athena Macam,FISH CAKE - ADD ON ,,,,,,,,₱0.00,₱0.00,
"September 12, 2025",,Athena Macam,AMERICANO,,,,,₱70.00,,,₱0.00,₱70.00,
,,,,,,,,,,,₱0.00,₱0.00,
September 13 2025,,Maam Camille,ADOBO FLAKES ,,CASH,,,,,,₱0.00,₱0.00,
September 13 2025,,Maam Camille,ADOBO FLAKES ,,CASH,,,,,,₱0.00,₱0.00,
September 13 2025,,Maam Camille,HONEY CHIA REFRESHER,,CASH,,,₱65.00,,,₱0.00,₱65.00,
September 13 2025,,Christell Pangan,BEEF PHO,,MEMBERSHIP,,,,,,₱0.00,₱0.00,
September 13 2025,,Bea Candelaria,BEEF PHO,,GCASH,40397,,,,,₱0.00,₱0.00,
September 13 2025,,Bea Candelaria,NACHOS,,GCASH,40397,,₱120.00,,,₱0.00,₱120.00,
September 13 2025,,Christell Pangan,CHEESE RAMEN,,CASH,,,₱150.00,,,₱0.00,₱150.00,
September 13 2025,,Christell Pangan,EGG - ADD ON ,,CASH,,,,,,₱0.00,₱0.00,
September 13 2025,,Christell Pangan,FISH CAKE - ADD ON ,,CASH,,,,,,₱0.00,₱0.00,
September 13 2025,,Christell Pangan,CHICKEN WINGS,,CASH,,,,,,₱0.00,₱0.00,
September 13 2025,,Christell Pangan,ADOBO FLAKES ,,CASH,,,,,,₱0.00,₱0.00,
September 13 2025,,Christell Pangan,HOT CHOC-NUT SYPHON,,CASH,,,,,,₱0.00,₱0.00,
September 13 2025,,Christell Pangan,SAMGYUP - ADD ON,,CASH,,,,,,₱0.00,₱0.00,
September 13 2025,,Roma Guevarra,BEEF PHO,,CASH,,,,,,₱0.00,₱0.00,
September 13 2025,,Roma Guevarra,BAHN MI ,,CASH,,,,,,₱0.00,₱0.00,
September 13 2025,,Roma Guevarra,SNAPPLE,,CASH,,,,,,₱0.00,₱0.00,
,,,,,,,,,,,₱0.00,₱0.00,
September 14 2025,,Christell Pangan,BISCOFF COOKIE,,MEMBERSHIP,,,,,,₱0.00,₱0.00,
September 14 2025,, Marc Rivera C/o Maam Gia,HONEY CHIA REFRESHER,,C/O GIA,,,₱65.00,,,₱0.00,₱65.00,
September 14 2025,, Marc Rivera C/o Maam Gia,BEEF PHO,,C/O GIA,,,,,,₱0.00,₱0.00,
September 14 2025,, Marc Rivera C/o Maam Gia,BEEF PHO,,C/O GIA,,,,,,₱0.00,₱0.00,
September 14 2025,, Marc Rivera C/o Maam Gia,ADOBO FLAKES ,,C/O GIA,,,,,,₱0.00,₱0.00,
September 14 2025,, Marc Rivera C/o Maam Gia,HONEY CHIA REFRESHER,,C/O GIA,,,₱65.00,,,₱0.00,₱65.00,
September 14 2025,,Nickie Silao,COOKIES CHOCO CHIP,,CARD PAYMENT,,,,,,₱0.00,₱0.00,
September 14 2025,,Nickie Silao,SAMGYUP BOWL,,CARD PAYMENT,,,,,,₱0.00,₱0.00,
September 14 2025,,Nickie Silao,BEEF PHO,,CARD PAYMENT,,,,,,₱0.00,₱0.00,
September 14 2025,,Sheryl Geronimo,SHOYU TONKATSU RAMEN,,CASH,,,₱120.00,,,₱0.00,₱120.00,
September 14 2025,,Anna Verdon,BEEF PHO,,CASH,,,,,,₱0.00,₱0.00,
September 14 2025,,Anna Verdon,CHEESE RAMEN,,CASH,,,₱150.00,,,₱0.00,₱150.00,
September 14 2025,,Anna Verdon,EGG - ADD ON ,,CASH,,,,,,₱0.00,₱0.00,
September 14 2025,,Anna Verdon,FISH CAKE - ADD ON ,,CASH,,,,,,₱0.00,₱0.00,
,,,,,,,,,,,₱0.00,₱0.00,
"September 15, 2025",,Charish Ramos,BAHN MI ,,BANK TRANSFER,,,,,,₱0.00,₱0.00,
"September 15, 2025",,Charish Ramos,BEEF PHO,,BANK TRANSFER,,,,,,₱0.00,₱0.00,
"September 15, 2025",,Charish Ramos,LAVENDER TEA,,BANK TRANSFER,,,,,,₱0.00,₱0.00,
,,,,,,,,,,,₱0.00,₱0.00,
"September 16, 2025",,Maam Gia,BISCOFF COOKIE,,C/O GIA,,,,,,₱0.00,₱0.00,
"September 16, 2025",,Maam Gia,BISCOFF COOKIE,,C/O GIA,,,,,,₱0.00,₱0.00,
"September 16, 2025",,Maam Gia,BISCOFF COOKIE,,C/O GIA,,,,,,₱0.00,₱0.00,
"September 16, 2025",,Christell Pangan,COOKIES WALNUT,,MEMBERSHIP,,,,,,₱0.00,₱0.00,
"September 16, 2025",,Ej Geronimo,JIN MILD ,,CASH,,,₱150.00,,,₱0.00,₱150.00,
"September 16, 2025",,Ej Geronimo,DR. PEPPERS,,CASH,,,₱55.00,,,₱0.00,₱55.00,
"September 16, 2025",,Ej Geronimo,COOKIES CHOCO CHIP,,CASH,,,,,,₱0.00,₱0.00,
"September 16, 2025",,Jestine ,C2,,CASH,,,₱20.00,,,₱0.00,₱20.00,
,,,,,,,,,,,₱0.00,₱0.00,
"September 17, 2025",,Aiya Darcen,COOKIES WALNUT,,FREE,,,,,,₱0.00,₱0.00,
,,,,,,,,,,,₱0.00,₱0.00,
"September 18, 2025",,Via,EGG - ADD ON ,EMPLOYEE DISCOUNT,,,,,,,₱0.00,₱0.00,
"September 18, 2025",,Via,EGG - ADD ON ,EMPLOYEE DISCOUNT,,,,,,,₱0.00,₱0.00,
"September 18, 2025",,Via,CHEESE RAMEN,EMPLOYEE DISCOUNT,,,,₱150.00,,,₱0.00,₱150.00,
"September 18, 2025",,Falls De Leon,BEEF PHO,,GCASH,,,,,,₱0.00,₱0.00,
"September 18, 2025",,Falls De Leon,ADD ON - KIMCHI,,GCASH,,,,,,₱0.00,₱0.00,
"September 18, 2025",,Christell pangan,COOKIES WALNUT,,MEMBERSHIP,,,,,,₱0.00,₱0.00,
"September 18, 2025",,Take Out Order,BEEF PHO,,CASH,,,,,,₱0.00,₱0.00,
"September 18, 2025",,Take Out Order,CHEESE RAMEN,,CASH,,,₱150.00,,,₱0.00,₱150.00,
,,,,,,,,,,,₱0.00,₱0.00,
September 19 2025,,Andre Cruz,BEEF PHO,,MEMBERSHIP,,,,,,₱0.00,₱0.00,
September 19 2025,,Andre Cruz,COOKIES WALNUT,,MEMBERSHIP,,,,,,₱0.00,₱0.00,
September 19 2025,,Andre Cruz,COOKIES CHOCO CHIP,,MEMBERSHIP,,,,,,₱0.00,₱0.00,
September 19 2025,,Maam Gia,BEEF PHO,,C/O GIA,,,,,,₱0.00,₱0.00,
September 19 2025,,Jd Gumba,COOKIES CHOCO CHIP,,C/O GIA,,,,,,₱0.00,₱0.00,
September 19 2025,,Jd Gumba,BISCOFF COOKIE,,C/O GIA,,,,,,₱0.00,₱0.00,
September 19 2025,,Jd Gumba,BEEF PHO,,C/O GIA,,,,,,₱0.00,₱0.00,
September 19 2025,,Jd Gumba,BEEF PHO,,C/O GIA,,,,,,₱0.00,₱0.00,
September 19 2025,,Sheryl Alonzo,SAMGYUP BOWL,,GCASH,9239,,,,,₱0.00,₱0.00,
September 19 2025,,Christell Pangan,COOKIES WALNUT,,MEMBERSHIP,,,,,,₱0.00,₱0.00,
September 19 2025,,Ellen Santiago,ADOBO FLAKES ,,CARD PAYMENT,,,,,,₱0.00,₱0.00,
September 19 2025,,Ellen Santiago,COKE ZERO,,CARD PAYMENT,,,₱50.00,,,₱0.00,₱50.00,
September 19 2025,,Ellen Santiago,CHEESE RAMEN,,CARD PAYMENT,,,₱150.00,,,₱0.00,₱150.00,
September 19 2025,,Ellen Santiago,FISH CAKE - ADD ON ,,CARD PAYMENT,,,,,,₱0.00,₱0.00,
September 19 2025,,Sheryl Alonzo,SAMGYUP BOWL,,GCASH,6651,,,,,₱0.00,₱0.00,
September 19 2025,,Steven Schumacher,CHICKEN WINGS,,CASH,,,,,,₱0.00,₱0.00,
September 19 2025,,Steven Schumacher,SAMGYUP BOWL,,CASH,,,,,,₱0.00,₱0.00,
September 19 2025,,Steven Schumacher,Rice,,CASH,,,₱25.00,,,₱0.00,₱25.00,
,,,,,,,,,,,₱0.00,₱0.00,
September 20 2025,,Cel Tayao,BEEF PHO,,MEMBERSHIP,,,,,,₱0.00,₱0.00,
September 20 2025,,Julia Aura ,COOKIES WALNUT,,GCASH,1545,,,,,₱0.00,₱0.00,
September 20 2025,,Julia Aura ,BISCOFF COOKIE,,GCASH,1545,,,,,₱0.00,₱0.00,
September 20 2025,,Cel Tayao,COKE REGULAR ,,CASH,,,₱50.00,,,₱0.00,₱50.00,
September 20 2025,,Cel Tayao,BISCOFF COOKIE,,CASH,,,,,,₱0.00,₱0.00,
September 20 2025,,Cel Tayao,COOKIES CHOCO CHIP,,CASH,,,,,,₱0.00,₱0.00,
September 20 2025,,Cel Tayao,COOKIES WALNUT,,CASH,,,,,,₱0.00,₱0.00,
September 20 2025,,Cel Tayao,AMERICANO,,CASH,,,₱70.00,,,₱0.00,₱70.00,
September 20 2025,,Cel Tayao,AMERICANO,,CASH,,,₱70.00,,,₱0.00,₱70.00,
,,,,,,,,,,,₱0.00,₱0.00,
September 21 2025,,Christell Pangan,COOKIES WALNUT,,MEMBERSHIP,,,,,,₱0.00,₱0.00,
September 21 2025,,Adrian Talucod,BEEF PHO,,CARD PAYMENT,,,,,,₱0.00,₱0.00,
September 21 2025,,Adrian Talucod,ADOBO FLAKES ,,CARD PAYMENT,,,,,,₱0.00,₱0.00,
September 21 2025,,Adrian Talucod,BAHN MI ,,CARD PAYMENT,,,,,,₱0.00,₱0.00,
September 21 2025,,Liezel Lee,CHEESE RAMEN,,FREE,,,₱150.00,,,₱0.00,₱150.00,
September 21 2025,,Liezel Lee,JIN MILD ,,FREE,,,₱150.00,,,₱0.00,₱150.00,
September 21 2025,,Analee Serano,NACHOS,,CASH,,,₱120.00,,,₱0.00,₱120.00,
September 21 2025,,Analee Serano,SHOYU TONKATSU RAMEN,,CASH,,,₱120.00,,,₱0.00,₱120.00,
September 21 2025,,Analee Serano,C2,,CASH,,,₱20.00,,,₱0.00,₱20.00,
September 21 2025,,Analee Serano,SHOYU TONKATSU RAMEN,,CASH,,,₱65.00,,,₱0.00,₱65.00,
September 21 2025,,Micheal Reyes,HONEY CHIA REFRESHER,,MEMBERSHIP,,,₱65.00,,,₱0.00,₱0.00,
September 21 2025,,Micheal Reyes,HONEY CHIA REFRESHER,,MEMBERSHIP,,,₱65.00,,,₱0.00,₱0.00,
September 21 2025,,Micheal Reyes,NACHOS,,MEMBERSHIP,,,₱120.00,,,₱0.00,₱0.00,
September 21 2025,,Micheal Reyes,BEEF PHO,,MEMBERSHIP,,,,,,₱0.00,₱0.00,
September 21 2025,,Mc Rowin Tanglao,ADOBO FLAKES ,,CARD PAYMENT,,,,,,₱0.00,₱0.00,
September 21 2025,,Mc Rowin Tanglao,BEEF PHO,,CARD PAYMENT,,,,,,₱0.00,₱0.00,
September 21 2025,,Mc Rowin Tanglao,BAHN MI ,,CARD PAYMENT,,,,,,₱0.00,₱0.00,
September 21 2025,,Mc Rowin Tanglao,AMERICANO,,CARD PAYMENT,,,₱70.00,,,₱0.00,₱70.00,
,,,,,,,,,,,₱0.00,₱0.00,
September 22 2025,,Maam Gia,DR. PEPPERS,,C/O GIA,,,₱55.00,,,₱0.00,₱55.00,
September 22 2025,,Maam Gia,CANADA DRY ,,C/O GIA,,,₱58.00,,,₱0.00,₱58.00,
September 22 2025,,Bill Santos,COOKIES CHOCO CHIP,,FREE,,,,,,₱0.00,₱0.00,
,,,,,,,,,,,₱0.00,₱0.00,
September 23 2025,,Sir CJ,CHEESE RAMEN,,CASH,,,₱150.00,,,₱0.00,₱150.00,
September 23 2025,,Sir CJ,SHOYU TONKATSU RAMEN,,CASH,,,₱120.00,,,₱0.00,₱120.00,
September 23 2025,,Sir CJ,BISCOFF COOKIE,,CASH,,,,,,₱0.00,₱0.00,
September 23 2025,,Sir CJ,COOKIES CHOCO CHIP,,MEMBERSHIP,,,,,,₱0.00,₱0.00,
September 23 2025,,Christell Pangan,COOKIES CHOCO CHIP,,MEMBERSHIP,,,,,,₱0.00,₱0.00,
September 23 2025,,Ana Grace Solano,EGG - ADD ON ,,GCASH,,,,,,₱0.00,₱0.00,
September 23 2025,,Ana Grace Solano,EGG - ADD ON ,,GCASH,,,,,,₱0.00,₱0.00,
September 23 2025,,Ana Grace Solano,HONEY CHIA REFRESHER,,GCASH,,,₱65.00,,,₱0.00,₱65.00,
September 23 2025,,Ana Grace Solano,ADOBO FLAKES ,,GCASH,,,,,,₱0.00,₱0.00,
September 23 2025,,Drew Tada,BEEF PHO,,CARD PAYMENT,,,,,,₱0.00,₱0.00,
September 23 2025,,Drew Tada,BISCOFF COOKIE,,CARD PAYMENT,,,,,,₱0.00,₱0.00,
September 23 2025,,Nina Flores,SHOYU TONKATSU RAMEN,,CASH,,,₱120.00,,,₱0.00,₱120.00,
September 23 2025,,Nina Flores,SAMGYUP BOWL,,CASH,,,,,,₱0.00,₱0.00,
September 23 2025,,Nina Flores,SAMGYUP BOWL,,CASH,,,,,,₱0.00,₱0.00,
,,,,,,,,,,,₱0.00,₱0.00,
September 24 2025,,Estrelita Herradura,BEEF PHO,,CARD PAYMENT,,,,,,₱0.00,₱0.00,
September 24 2025,,Estrelita Herradura,BEEF PHO,,CARD PAYMENT,,,,,,₱0.00,₱0.00,
September 24 2025,,Estrelita Herradura,CAFE LATTE,,CARD PAYMENT,,,₱80.00,,,₱0.00,₱80.00,
September 24 2025,,Estrelita Herradura,Iced Coffee,,CARD PAYMENT,,,₱80.00,,,₱0.00,₱80.00,
September 24 2025,,Estrelita Herradura,BAHN MI ,,CARD PAYMENT,,,,,,₱0.00,₱0.00,
September 24 2025,,Allan Francis Manlapig,SHOYU TONKATSU RAMEN,,GCASH,,,₱120.00,,,₱0.00,₱120.00,
September 24 2025,,Allan Francis Manlapig,BEEF PHO,,GCASH,,,,,,₱0.00,₱0.00,
September 24 2025,,Allan Francis Manlapig,BAHN MI ,,GCASH,,,,,,₱0.00,₱0.00,
September 24 2025,,Allan Francis Manlapig,HONEY CHIA REFRESHER,,GCASH,,,₱65.00,,,₱0.00,₱65.00,
September 24 2025,,Allan Francis Manlapig,LAVENDER TEA,,GCASH,,,,,,₱0.00,₱0.00,
,,,,,,,,,,,₱0.00,₱0.00,
September 25 2025,,Christel Pangan,COOKIES WALNUT,,MEMBERSHIP,,,,,,₱0.00,₱0.00,
September 25 2025,,Maam Gia,BEEF PHO,,C/O GIA,,,,,,₱0.00,₱0.00,
September 25 2025,,Maam Gia,BEEF PHO,,C/O GIA,,,,,,₱0.00,₱0.00,
September 25 2025,,Maam Gia,BEEF PHO,,C/O GIA,,,,,,₱0.00,₱0.00,
September 25 2025,,Maam Gia,ADOBO FLAKES ,,C/O GIA,,,,,,₱0.00,₱0.00,
September 25 2025,,Maam Gia,ADOBO FLAKES ,,C/O GIA,,,,,,₱0.00,₱0.00,
September 25 2025,,Maam Gia,BOTTLED WATER 500ML,,C/O GIA,,,₱25.00,,,₱0.00,₱25.00,
September 25 2025,,Maam Gia,BOTTLED WATER 500ML,,C/O GIA,,,₱25.00,,,₱0.00,₱25.00,
September 25 2025,,Maam Gia,CANADA DRY ,,C/O GIA,,,₱58.00,,,₱0.00,₱58.00,
September 25 2025,,Maam Gia,CANADA DRY ,,C/O GIA,,,₱58.00,,,₱0.00,₱58.00,
September 25 2025,,Maam Gia,DR. PEPPERS,,C/O GIA,,,₱55.00,,,₱0.00,₱55.00,
September 25 2025,,Maam Gia,EGG - ADD ON ,,C/O GIA,,,,,,₱0.00,₱0.00,
September 25 2025,,Maam Gia,JIN MILD ,,C/O GIA,,,₱150.00,,,₱0.00,₱150.00,
September 25 2025,,Maam Gia,CAFE LATTE,,C/O GIA,,,₱80.00,,,₱0.00,₱80.00,
September 25 2025,,Maam Gia,Iced Coffee,,C/O GIA,,,₱80.00,,,₱0.00,₱80.00,
September 25 2025,,Maam Gia,BAHN MI ,,C/O GIA,,,,,,₱0.00,₱0.00,
September 25 2025,,Maam Gia,BAHN MI ,,C/O GIA,,,,,,₱0.00,₱0.00,
September 25 2025,,Maam Gia,COOKIES CHOCO CHIP,,C/O GIA,,,,,,₱0.00,₱0.00,
September 25 2025,,Maam Gia,COOKIES CHOCO CHIP,,C/O GIA,,,,,,₱0.00,₱0.00,
September 25 2025,,Maam Gia,COOKIES WALNUT,,C/O GIA,,,,,,₱0.00,₱0.00,
September 25 2025,,Maam Gia,BISCOFF COOKIE,,C/O GIA,,,,,,₱0.00,₱0.00,
September 25 2025,,Maam Gia,BISCOFF COOKIE,,C/O GIA,,,,,,₱0.00,₱0.00,
,,,,,,,,,,,₱0.00,₱0.00,
September 26 2025,,Yannica Cabentado,BISCOFF COOKIE,,GCASH,,,,,,₱0.00,₱0.00,
September 26 2025,,Vangie,JIN MILD ,EMPLOYEE DISCOUNT,,,,₱150.00,,,₱0.00,₱150.00,
September 26 2025,,Vangie,CHEESE RAMEN,EMPLOYEE DISCOUNT,,,,₱150.00,,,₱0.00,₱150.00,
September 26 2025,,Vangie,NACHOS,EMPLOYEE DISCOUNT,,,,₱120.00,,,₱0.00,₱120.00,
September 26 2025,,Vin,CAFE LATTE,,CASH,,,₱80.00,,,₱0.00,₱80.00,
September 26 2025,,Vin,AMERICANO,,CASH,,,₱70.00,,,₱0.00,₱70.00,
September 26 2025,,Vin,Iced Coffee,,CASH,,,₱80.00,,,₱0.00,₱80.00,
September 26 2025,,Vin,Iced Coffee,,CASH,,,₱80.00,,,₱0.00,₱80.00,
September 26 2025,,Vin,Iced Coffee,,CASH,,,₱80.00,,,₱0.00,₱80.00,
September 26 2025,,Vin,NACHOS,,CASH,,,₱120.00,,,₱0.00,₱120.00,
September 26 2025,,Leah,C2,EMPLOYEE DISCOUNT,,,,₱20.00,,,₱0.00,₱20.00,
September 26 2025,,Leah,JIN MILD ,EMPLOYEE DISCOUNT,,,,₱150.00,,,₱0.00,₱150.00,
September 26 2025,,Leah,JIN MILD ,EMPLOYEE DISCOUNT,,,,₱150.00,,,₱0.00,₱150.00,
September 26 2025,,Leah,FISH CAKE - ADD ON ,EMPLOYEE DISCOUNT,,,,,,,₱0.00,₱0.00,
September 26 2025,,Leah,EGG - ADD ON ,EMPLOYEE DISCOUNT,,,,,,,₱0.00,₱0.00,
September 26 2025,,Leah,EGG - ADD ON ,EMPLOYEE DISCOUNT,,,,,,,₱0.00,₱0.00,
September 26 2025,,Leah,EGG - ADD ON ,EMPLOYEE DISCOUNT,,,,,,,₱0.00,₱0.00,
September 26 2025,,Leah,EGG - ADD ON ,EMPLOYEE DISCOUNT,,,,,,,₱0.00,₱0.00,
September 26 2025,,Leah,EGG - ADD ON ,EMPLOYEE DISCOUNT,,,,,,,₱0.00,₱0.00,
September 26 2025,,Leah,EGG - ADD ON ,EMPLOYEE DISCOUNT,,,,,,,₱0.00,₱0.00,
September 26 2025,,Leah,EGG - ADD ON ,EMPLOYEE DISCOUNT,,,,,,,₱0.00,₱0.00,
September 26 2025,,Leah,EGG - ADD ON ,EMPLOYEE DISCOUNT,,,,,,,₱0.00,₱0.00,
September 26 2025,,Leah,EGG - ADD ON ,EMPLOYEE DISCOUNT,,,,,,,₱0.00,₱0.00,
September 26 2025,,Mark Rigor,BEEF PHO,,GCASH,,,,,,₱0.00,₱0.00,
September 26 2025,,Shanny Torres,COOKIES CHOCO CHIP,,CASH,,,,,,₱0.00,₱0.00,
September 26 2025,,Shanny Torres,COOKIES WALNUT,,CASH,,,,,,₱0.00,₱0.00,
,,,,,,,,,,,₱0.00,₱0.00,
September 27 2025,,Christel Pangan,COOKIES WALNUT,,MEMBERSHIP,,,,,,₱0.00,₱0.00,
September 27 2025,,JD Gumba,SAMGYUP BOWL,,GCASH,,,,,,₱0.00,₱0.00,
September 27 2025,,JD Gumba,SAMGYUP BOWL,,GCASH,,,,,,₱0.00,₱0.00,
September 27 2025,,JD Gumba,SAMGYUP BOWL,,GCASH,,,,,,₱0.00,₱0.00,
September 27 2025,,JD Gumba,SAMGYUP BOWL,,GCASH,,,,,,₱0.00,₱0.00,
September 27 2025,,JD Gumba,SAMGYUP BOWL,,GCASH,,,,,,₱0.00,₱0.00,
September 27 2025,,JD Gumba,SAMGYUP BOWL,,GCASH,,,,,,₱0.00,₱0.00,
September 27 2025,,Maricel Hermosura,COOKIES CHOCO CHIP,,CASH,,,,,,₱0.00,₱0.00,
September 27 2025,,Maricel Hermosura,COOKIES CHOCO CHIP,,CASH,,,,,,₱0.00,₱0.00,
September 27 2025,,Maricel Hermosura,BISCOFF COOKIE,,CASH,,,,,,₱0.00,₱0.00,
September 27 2025,,Maricel Hermosura,BOTTLED WATER 350ML,,CASH,,,₱15.00,,,₱0.00,₱15.00,
September 27 2025,,Therese Santos,NACHOS,,CASH,,,₱120.00,,,₱0.00,₱120.00,
September 27 2025,,Therese Santos,COKE REGULAR ,,CASH,,,₱50.00,,,₱0.00,₱50.00,
September 27 2025,,Therese Santos,LAVENDER TEA,,CASH,,,,,,₱0.00,₱0.00,
,,,,,,,,,,,₱0.00,₱0.00,
September 28 2025,,Neron,COOKIES CHOCO CHIP,,GCASH,,,,,,₱0.00,₱0.00,
September 28 2025,,Table 2,COKE REGULAR ,,CASH,,,₱50.00,,,₱0.00,₱50.00,
September 28 2025,,Table 2,COKE REGULAR ,,CASH,,,₱50.00,,,₱0.00,₱50.00,
September 28 2025,,Table 2,C2,,CASH,,,₱20.00,,,₱0.00,₱20.00,
September 28 2025,,Pastor Erick,BAHN MI ,,C/O RODERICK,,,,,,₱0.00,₱0.00,
September 28 2025,,Pastor Erick,BAHN MI ,,C/O RODERICK,,,,,,₱0.00,₱0.00,
September 28 2025,,Pastor Erick,BAHN MI ,,C/O RODERICK,,,,,,₱0.00,₱0.00,
September 28 2025,,Pastor Erick,BEEF PHO,,C/O RODERICK,,,,,,₱0.00,₱0.00,
September 28 2025,,Pastor Erick,BEEF PHO,,C/O RODERICK,,,,,,₱0.00,₱0.00,
September 28 2025,,Pastor Erick,BEEF PHO,,C/O RODERICK,,,,,,₱0.00,₱0.00,
September 28 2025,,Pastor Erick,ADOBO FLAKES ,,C/O RODERICK,,,,,,₱0.00,₱0.00,
September 28 2025,,Pastor Erick,ADOBO FLAKES ,,C/O RODERICK,,,,,,₱0.00,₱0.00,
September 28 2025,,Pastor Erick,NACHOS,,C/O RODERICK,,,₱120.00,,,₱0.00,₱120.00,
September 28 2025,,Pastor Erick,NACHOS,,C/O RODERICK,,,₱120.00,,,₱0.00,₱120.00,
September 28 2025,,Pastor Erick,NACHOS,,C/O RODERICK,,,₱120.00,,,₱0.00,₱120.00,
September 28 2025,,Pastor Erick,NACHOS,,C/O RODERICK,,,₱120.00,,,₱0.00,₱120.00,
September 28 2025,,Pastor Erick,FRENCH FRIES,,C/O RODERICK,,,₱60.00,,,₱0.00,₱60.00,
September 28 2025,,Pastor Erick,FRENCH FRIES,,C/O RODERICK,,,₱60.00,,,₱0.00,₱60.00,
September 28 2025,,Pastor Erick,FRENCH FRIES,,C/O RODERICK,,,₱60.00,,,₱0.00,₱60.00,
September 28 2025,,Pastor Erick,FRENCH FRIES,,C/O RODERICK,,,₱60.00,,,₱0.00,₱60.00,
September 28 2025,,Pastor Erick,CANADA DRY ,,C/O RODERICK,,,₱58.00,,,₱0.00,₱58.00,
September 28 2025,,Pastor Erick,CANADA DRY ,,C/O RODERICK,,,₱58.00,,,₱0.00,₱58.00,
September 28 2025,,Pastor Erick,DR. PEPPERS,,C/O RODERICK,,,₱55.00,,,₱0.00,₱55.00,
September 28 2025,,Pastor Erick,BOTTLED WATER 350ML,,C/O RODERICK,,,₱15.00,,,₱0.00,₱15.00,
September 28 2025,,Pastor Erick,BOTTLED WATER 350ML,,C/O RODERICK,,,₱15.00,,,₱0.00,₱15.00,
September 28 2025,,Pastor Erick,BOTTLED WATER 350ML,,C/O RODERICK,,,₱15.00,,,₱0.00,₱15.00,
September 28 2025,,Pastor Erick,BOTTLED WATER 350ML,,C/O RODERICK,,,₱15.00,,,₱0.00,₱15.00,
September 28 2025,,Pastor Erick,BOTTLED WATER 350ML,,C/O RODERICK,,,₱15.00,,,₱0.00,₱15.00,
September 28 2025,,Pastor Erick,C2,,C/O RODERICK,,,₱20.00,,,₱0.00,₱20.00,
September 28 2025,,Pastor Erick,C2,,C/O RODERICK,,,₱20.00,,,₱0.00,₱20.00,
September 28 2025,,Pastor Erick,C2,,C/O RODERICK,,,₱20.00,,,₱0.00,₱20.00,
September 28 2025,,Pastor Erick,COKE REGULAR ,,C/O RODERICK,,,₱50.00,,,₱0.00,₱50.00,
September 28 2025,,Pastor Erick,COKE REGULAR ,,C/O RODERICK,,,₱50.00,,,₱0.00,₱50.00,
September 28 2025,,Pastor Erick,COKE REGULAR ,,C/O RODERICK,,,₱50.00,,,₱0.00,₱50.00,
September 28 2025,,Pastor Erick,COKE ZERO,,C/O RODERICK,,,₱50.00,,,₱0.00,₱50.00,
September 28 2025,,Pastor Erick,COKE ZERO,,C/O RODERICK,,,₱50.00,,,₱0.00,₱50.00,
September 28 2025,,Pastor Erick,COKE ZERO,,C/O RODERICK,,,₱50.00,,,₱0.00,₱50.00,
September 28 2025,,Pastor Erick,COOKIES WALNUT,,C/O RODERICK,,,,,,,,
September 28 2025,,Pastor Erick,COOKIES WALNUT,,C/O RODERICK,,,,,,₱0.00,₱0.00,
September 28 2025,,Pastor Erick,COOKIES WALNUT,,C/O RODERICK,,,,,,₱0.00,₱0.00,
September 28 2025,,Pastor Erick,COOKIES WALNUT,,C/O RODERICK,,,,,,₱0.00,₱0.00,
September 28 2025,,Pastor Erick,COOKIES WALNUT,,C/O RODERICK,,,,,,₱0.00,₱0.00,
September 28 2025,,Pastor Erick,BISCOFF COOKIE,,C/O RODERICK,,,,,,₱0.00,₱0.00,
September 28 2025,,Pastor Erick,BISCOFF COOKIE,,C/O RODERICK,,,,,,₱0.00,₱0.00,
September 28 2025,,Pastor Erick,BISCOFF COOKIE,,C/O RODERICK,,,,,,₱0.00,₱0.00,
September 28 2025,,Pastor Erick,BISCOFF COOKIE,,C/O RODERICK,,,,,,₱0.00,₱0.00,
September 28 2025,,Pastor Erick,BISCOFF COOKIE,,C/O RODERICK,,,,,,₱0.00,₱0.00,
September 28 2025,,Pastor Erick,BISCOFF COOKIE,,C/O RODERICK,,,,,,₱0.00,₱0.00,
September 28 2025,,Pastor Erick,COOKIES CHOCO CHIP,,C/O RODERICK,,,,,,₱0.00,₱0.00,
September 28 2025,,Pastor Erick,COOKIES CHOCO CHIP,,C/O RODERICK,,,,,,₱0.00,₱0.00,
September 28 2025,,Pastor Erick,COOKIES CHOCO CHIP,,C/O RODERICK,,,,,,₱0.00,₱0.00,
September 28 2025,,Pastor Erick,COOKIES CHOCO CHIP,,C/O RODERICK,,,,,,₱0.00,₱0.00,
September 28 2025,,Pastor Erick,CAFE LATTE,,C/O RODERICK,,,₱80.00,,,₱0.00,₱80.00,
September 28 2025,,Pastor Erick,CAFE LATTE,,C/O RODERICK,,,₱80.00,,,₱0.00,₱80.00,
September 28 2025,,Pastor Erick,CAFE LATTE,,C/O RODERICK,,,₱80.00,,,₱0.00,₱80.00,
September 28 2025,,Pastor Erick,HOT CHOC-NUT SYPHON,,C/O RODERICK,,,,,,₱0.00,₱0.00,
September 28 2025,,Pastor Erick,HOT CHOC-NUT SYPHON,,C/O RODERICK,,,,,,₱0.00,₱0.00,
September 28 2025,,Pastor Erick,SNAPPLE,,C/O RODERICK,,,,,,₱0.00,₱0.00,
September 28 2025,,Omar Alob,BEEF PHO,,CASH,,,,,,₱0.00,₱0.00,
September 28 2025,,Omar Alob,EGG - ADD ON ,,CASH,,,,,,₱0.00,₱0.00,
September 28 2025,,Omar Alob,CHEESE RAMEN,,CASH,,,₱150.00,,,₱0.00,₱150.00,
September 28 2025,,Omar Alob,FISH CAKE - ADD ON ,,CASH,,,,,,₱0.00,₱0.00,
September 28 2025,,Omar Alob,ADD ON - KIMCHI,,CASH,,,,,,₱0.00,₱0.00,
September 28 2025,,Omar Alob,ADD ON - KIMCHI,,CASH,,,,,,₱0.00,₱0.00,
September 28 2025,,Omar Alob,SHIN RAMYUN,,CASH,,,₱150.00,,,₱0.00,₱150.00,
,,,,,,,,,,,₱0.00,₱0.00,
"September 29, 2025",,Christel Pangan,COOKIES WALNUT,,MEMBERSHIP,,,,,,₱0.00,₱0.00,
"September 29, 2025",,Virginia Lopez,COKE REGULAR ,,CASH,,,₱50.00,,,₱0.00,₱50.00,
,,,,,,,,,,,₱0.00,₱0.00,
September 30 2025,,Yumi,COOKIES CHOCO CHIP,,CASH,,,,,,₱0.00,₱0.00,
September 30 2025,,Yumi,BISCOFF COOKIE,,CASH,,,,,,₱0.00,₱0.00,
September 30 2025,,Jam Roque,ADOBO FLAKES ,,CASH,,,,,,₱0.00,₱0.00,
September 30 2025,,Jam Roque,CHEESE RAMEN,,CASH,,,₱150.00,,,₱0.00,₱150.00,
September 30 2025,,Jam Roque,EGG - ADD ON ,,CASH,,,,,,₱0.00,₱0.00,
September 30 2025,,Jam Roque,BEEF PHO,,CASH,,,,,,₱0.00,₱0.00,
September 30 2025,,Jam Roque,CANADA DRY ,,CASH,,,₱58.00,,,₱0.00,₱58.00,
September 30 2025,,Jam Roque,HOT CHOC-NUT SYPHON,,CASH,,,,,,₱0.00,₱0.00,
September 30 2025,,Jam Roque,FRENCH FRIES,,CASH,,,₱60.00,,,₱0.00,₱60.00,
September 30 2025,,Christel pangan ,LAVENDER TEA,,MEMBERSHIP,,,,,,₱0.00,₱0.00,
September 30 2025,,Christel pangan ,COOKIES WALNUT,,MEMBERSHIP,,,,,,₱0.00,₱0.00,
"October 1, 2025",,Icca Dela Paz,BEEF PHO,,CASH,,,,,,₱0.00,₱0.00,
"October 1, 2025",,Table 3,BEEF PHO,,CASH,,,,,,₱0.00,₱0.00,
"October 1, 2025",,Table 3,BAHN MI ,,CASH,,,,,,₱0.00,₱0.00,
"October 1, 2025",,Table 3,CHEESE RAMEN,,CASH,,,₱150.00,₱70.00,,₱0.00,₱150.00,
"October 1, 2025",,Table 3,ADD ON - KIMCHI,,CASH,,,,,,₱0.00,₱0.00,
"October 1, 2025",,Table 3,EGG - ADD ON ,,CASH,,,,,,₱0.00,₱0.00,
"October 1, 2025",,Table 3,NACHOS,,CASH,,,₱120.00,,,₱0.00,₱120.00,
"October 1, 2025",,Table 3,SNAPPLE,,CASH,,,,,,₱0.00,₱0.00,
"October 1, 2025",,Table 3,SNAPPLE,,CASH,,,,,,₱0.00,₱0.00,
"October 1, 2025",,Ana Grace Solana,HONEY CHIA REFRESHER,,GCASH,,,₱65.00,,,₱0.00,₱65.00,
"October 1, 2025",,Ana Grace Solana,EGG - ADD ON ,,GCASH,,,,,,₱0.00,₱0.00,
"October 1, 2025",,Ana Grace Solana,EGG - ADD ON ,,GCASH,,,,,,₱0.00,₱0.00,
"October 1, 2025",,Ana Grace Solana,ADOBO FLAKES ,,GCASH,,,,,,₱0.00,₱0.00,
"October 1, 2025",,Ana Grace Solana,BOTTLED WATER 350ML,,GCASH,,,₱15.00,,,₱0.00,₱15.00,
,,,,,,,,,,,₱0.00,₱0.00,
"October 2, 2025",,Christel Pangan,COOKIES WALNUT,,MEMBERSHIP,,,,,,₱0.00,₱0.00,
"October 2, 2025",,Table 1,CHEESE RAMEN,,CASH,,,₱150.00,,,₱0.00,₱150.00,
"October 2, 2025",,Sam Sumalca,EGG - ADD ON ,,CASH,,,,,,₱0.00,₱0.00,
"October 2, 2025",,Sam Sumalca,JIN SPICY,,CASH,,,₱150.00,,,₱0.00,₱150.00,
"October 2, 2025",,Sam Sumalca,COKE ZERO,,CASH,,,₱50.00,,,₱0.00,₱50.00,
"October 2, 2025",,Sir Micheal,BEEF PHO,,MEMBERSHIP,,,,,,₱0.00,₱0.00,
"October 2, 2025",,Sir Micheal,CHEESE RAMEN,,MEMBERSHIP,,,₱150.00,,,₱0.00,₱0.00,
"October 2, 2025",,Sir Micheal,CAFE LATTE,,MEMBERSHIP,,,₱80.00,,,₱0.00,₱0.00,
"October 2, 2025",,Sir Micheal,HONEY CHIA REFRESHER,,MEMBERSHIP,,,₱65.00,,,₱0.00,₱0.00,
"October 2, 2025",,Gwyneth Garcia,JIN MILD ,,CASH,,,₱150.00,,,₱0.00,₱150.00,
"October 2, 2025",,Gwyneth Garcia,FRENCH FRIES,,CASH,,,₱60.00,,,₱0.00,₱60.00,
"October 2, 2025",,Joi Bautista,ADOBO FLAKES ,,BANK TRANSFER,,,,,,₱0.00,₱0.00,
"October 2, 2025",,Joi Bautista,COKE ZERO,,BANK TRANSFER,,,₱50.00,,,₱0.00,₱50.00,
"October 2, 2025",,Table 2,Iced Coffee,,CASH,,,₱80.00,,,₱0.00,₱80.00,
"October 2, 2025",,Table 3,BISCOFF COOKIE,,CASH,,,,,,₱0.00,₱0.00,
"October 2, 2025",,Aubrey,COOKIES WALNUT,,CASH,,,,,,₱0.00,₱0.00,
"October 2, 2025",,Aubrey,BISCOFF COOKIE,,CASH,,,,,,₱0.00,₱0.00,
"October 2, 2025",,Aubrey,CAFE LATTE,,CASH,,,₱80.00,,,₱0.00,₱80.00,
,,,,,,,,,,,₱0.00,₱0.00,
"October 3, 2025",,Maam Ruth,Iced Coffee,,CASH,,,₱80.00,,,₱0.00,₱80.00,
"October 3, 2025",,Maam Ruth,ADOBO FLAKES ,,CASH,,,,,,₱0.00,₱0.00,
"October 3, 2025",,Via,CHEESE RAMEN,EMPLOYEE DISCOUNT,,,,₱150.00,,,₱0.00,₱150.00,
"October 3, 2025",,Christell Pangan,BEEF PHO,,BANK TRANSFER,,,,,,₱0.00,₱0.00,
"October 3, 2025",,Christell Pangan,JIN MILD ,,BANK TRANSFER,,,₱150.00,,,₱0.00,₱150.00,
"October 3, 2025",,Christell Pangan,COOKIES WALNUT,,MEMBERSHIP,,,,,,₱0.00,₱0.00,
"October 3, 2025",,Arlyn Orong ,SHOYU TONKATSU RAMEN,,CASH,,,₱120.00,,,₱0.00,₱120.00,
"October 3, 2025",,Arlyn Orong ,SHOYU TONKATSU RAMEN,,CASH,,,₱120.00,,,₱0.00,₱120.00,
"October 3, 2025",,Azel Bondoc,FRENCH FRIES,,CASH,,,₱60.00,,,₱0.00,₱60.00,
"October 3, 2025",,Azel Bondoc,BEEF PHO,,CASH,,,,,,₱0.00,₱0.00,
"October 3, 2025",,Azel Bondoc,SHOYU TONKATSU RAMEN,,CASH,,,₱120.00,,,₱0.00,₱120.00,
,,,,,,,,,,,₱0.00,₱0.00,
"October 4,2025",,Louie Punongbayan,SHOYU TONKATSU RAMEN,,CASH,,,₱120.00,,,₱0.00,₱120.00,
"October 4,2025",,Louie Punongbayan,CHEESE RAMEN,,CASH,,,₱150.00,,,₱0.00,₱150.00,
"October 4,2025",,Anjo De Leon,COOKIES CHOCO CHIP,,CASH,,,,,,₱0.00,₱0.00,
"October 4,2025",,Maam Ruth ,BOTTLED WATER 350ML,,CASH,,,₱15.00,,,₱0.00,₱15.00,
"October 4,2025",,Maam Gia,COOKIES WALNUT,,C/O GIA,,,,,,₱0.00,₱0.00,
"October 4,2025",,Maam Gia,COOKIES WALNUT,,C/O GIA,,,,,,₱0.00,₱0.00,
"October 4,2020",,Maam Gia,CANADA DRY ,,C/O GIA,,,₱58.00,,,₱0.00,₱58.00,
"October 4,2025",,Maam Gia,DR. PEPPERS,,C/O GIA,,,₱55.00,,,₱0.00,₱55.00,
,,,,,MEMBERSHIP,,,,,,₱0.00,₱0.00,
"October 5, 2025",,AK5,CHEESE RAMEN,,BANK TRANSFER,,,₱150.00,,,₱0.00,₱150.00,
"October 5, 2025",,AK6,CHEESE RAMEN,,BANK TRANSFER,,,₱150.00,,,₱0.00,₱150.00,
"October 5, 2025",,AK7,BAHN MI ,,BANK TRANSFER,,,,,,₱0.00,₱0.00,
"October 5, 2025",,AK8,LAVENDER TEA,,MEMBERSHIP,,,,,,₱0.00,₱0.00,
"October 5, 2025",,AK9,COOKIES WALNUT,,BANK TRANSFER,,,,,,₱0.00,₱0.00,
"October 5, 2025",,AK10,COOKIES WALNUT,,BANK TRANSFER,,,,,,₱0.00,₱0.00,
"October 5, 2025",,AK11,COOKIES WALNUT,,BANK TRANSFER,,,,,,₱0.00,₱0.00,
"October 5, 2025",,AK12,BISCOFF COOKIE,,BANK TRANSFER,,,,,,₱0.00,₱0.00,
"October 5, 2025",,Cherry Corpuz,SNAPPLE,,CASH,,,,,,₱0.00,₱0.00,
"October 5, 2025",,Cherry Corpuz,COOKIES WALNUT,,CASH,,,,,,₱0.00,₱0.00,
,,,,,,,,,,,₱0.00,₱0.00,
"October 6, 2025",,Hent Panopio,ADOBO FLAKES ,,CASH,,,,,,₱0.00,₱0.00,
"October 6, 2025",,Hent Panopio,COKE REGULAR ,,CASH,,,₱50.00,,,₱0.00,₱50.00,
"October 6, 2025",,Hent Panopio,Iced Coffee,,CASH,,,₱80.00,,,₱0.00,₱80.00,
,,,,,,,,,,,₱0.00,₱0.00,
"October 8, 2025",,Family of Maam Gia,FRENCH FRIES,,CASH,,,₱60.00,,,₱0.00,₱60.00,
"October 8, 2025",,Family of Maam Gia,FRENCH FRIES,,CASH,,,₱60.00,,,₱0.00,₱60.00,
"October 8, 2025",,Family of Maam Gia,FRENCH FRIES,,CASH,,,₱60.00,,,₱0.00,₱60.00,
"October 8, 2025",,Family of Maam Gia,FRENCH FRIES,,CASH,,,₱60.00,,,₱0.00,₱60.00,
"October 8, 2025",,Family of Maam Gia,C2,,CASH,,,₱20.00,,,₱0.00,₱20.00,
"October 8, 2025",,Family of Maam Gia,LAVENDER TEA,,CASH,,,,,,₱0.00,₱0.00,
"October 8, 2025",,Family of Maam Gia,CHICKEN WINGS,,CASH,,,,,,₱0.00,₱0.00,
"October 8, 2025",,Family of Maam Gia,CHICKEN WINGS,,CASH,,,,,,₱0.00,₱0.00,
"October 8, 2025",,Family of Maam Gia,CHICKEN WINGS,,CASH,,,,,,₱0.00,₱0.00,
"October 8, 2025",,Family of Maam Gia,NACHOS,,CASH,,,₱120.00,,,₱0.00,₱120.00,
"October 8, 2025",,Family of Maam Gia,NACHOS,,CASH,,,₱120.00,,,₱0.00,₱120.00,
"October 8, 2025",,Family of Maam Gia,Iced Coffee,,CASH,,,₱80.00,,,₱0.00,₱80.00,
"October 8, 2025",,Family of Maam Gia,Iced Coffee,,CASH,,,₱80.00,,,₱0.00,₱80.00,
"October 8, 2025",,Arnaldo Dela Cruz,BEEF PHO,,GCASH,799350,,,,,₱0.00,₱0.00,
"October 8, 2025",,Arnaldo Dela Cruz,BEEF PHO,,GCASH,799350,,,,,₱0.00,₱0.00,
,,,,,,,,,,,₱0.00,₱0.00,
"October 9, 2025",,table 1,DR. PEPPERS,,CASH,,,₱55.00,,,₱0.00,₱55.00,
"October 9, 2025",,Joyce Pondang,COOKIES WALNUT,,MEMBERSHIP,,,,,,₱0.00,₱0.00,
"October 9, 2025",,Mara Sisperez,ADOBO FLAKES ,,CASH,,,,,,₱0.00,₱0.00,
"October 9, 2025",,Mara Sisperez,ADOBO FLAKES ,,CASH,,,,,,₱0.00,₱0.00,
"October 9, 2025",,Mara Sisperez,COKE REGULAR ,,CASH,,,₱50.00,,,₱0.00,₱50.00,
"October 9, 2025",,Mara Sisperez,COKE REGULAR ,,CASH,,,₱50.00,,,₱0.00,₱50.00,
"October 9, 2025",,Mara Sisperez,COKE REGULAR ,,CASH,,,₱50.00,,,₱0.00,₱50.00,
"October 9, 2025",,Mara Sisperez,Rice,,CASH,,,₱25.00,,,₱0.00,₱25.00,
"October 9, 2025",,Mara Sisperez,BISCOFF COOKIE,,CASH,,,,,,₱0.00,₱0.00,
"October 9, 2025",,Mara Sisperez,BISCOFF COOKIE,,CASH,,,,,,₱0.00,₱0.00,
,,,,,,,,,,,₱0.00,₱0.00,
"October 10, 2025",,Christel Pangan,COOKIES WALNUT,,MEMBERSHIP,,,,,,₱0.00,₱0.00,
"October 10, 2025",,Table 4,BEEF PHO,,CASH,,,,,,₱0.00,₱0.00,
"October 10, 2025",,Table 4,SHOYU TONKATSU RAMEN,,CASH,,,₱120.00,,,₱0.00,₱120.00,
"October 10, 2025",,Table 4,NACHOS,,CASH,,,₱120.00,,,₱0.00,₱120.00,
"October 10, 2025",,Table 4,HOT CHOC-NUT SYPHON,,CASH,,,,,,₱0.00,₱0.00,
"October 10, 2025",,Roscel Perez,JASMINE TEA,,CASH,,,,,,₱0.00,₱0.00,
"October 10, 2025",,Roscel Perez,CAFE LATTE,,CASH,,,₱80.00,,,₱0.00,₱80.00,
"October 10, 2025",,Roscel Perez,HOT CHOC-NUT SYPHON,,CASH,,,,,,₱0.00,₱0.00,
"October 10, 2025",,Roscel Perez,BEEF PHO,,GCASH,,,,,,₱0.00,₱0.00,
"October 10, 2025",,Roscel Perez,JIN MILD ,,GCASH,,,₱150.00,,,₱0.00,₱150.00,
"October 10, 2025",,Roscel Perez,FISH CAKE - ADD ON ,,GCASH,,,,,,₱0.00,₱0.00,
"October 10, 2025",,Roscel Perez,EGG - ADD ON ,,GCASH,,,,,,₱0.00,₱0.00,
"October 10, 2025",,Ruth Samson,CAFE LATTE,,CASH,,,₱80.00,,,₱0.00,₱80.00,
,,,,,,,,,,,₱0.00,₱0.00,
October 11 2025,,Table 2,Iced Coffee,,CASH,,,₱80.00,,,₱0.00,₱80.00,
October 11 2025,,Table 2,DR. PEPPERS,,CASH,,,₱55.00,,,₱0.00,₱55.00,
October 11 2025,,Table 2,FRENCH FRIES,,CASH,,,₱60.00,,,₱0.00,₱60.00,
October 11 2025,,Cristina Mendez,COOKIES WALNUT,,CASH,,,,,,₱0.00,₱0.00,
October 11 2025,,Rens Ocampo,EGG - ADD ON ,,CARD PAYMENT,,,,,,₱0.00,₱0.00,
October 11 2025,,Rens Ocampo,EGG - ADD ON ,,CARD PAYMENT,,,,,,₱0.00,₱0.00,
October 11 2025,,Rens Ocampo,EGG - ADD ON ,,CARD PAYMENT,,,,,,₱0.00,₱0.00,
October 11 2025,,Rens Ocampo,CHEESE RAMEN,,CARD PAYMENT,,,₱150.00,,,₱0.00,₱150.00,
October 11 2025,,Rens Ocampo,JIN MILD ,,CARD PAYMENT,,,₱150.00,,,₱0.00,₱150.00,
October 11 2025,,Rens Ocampo,ADD ON - KIMCHI,,CARD PAYMENT,,,,,,₱0.00,₱0.00,
October 11 2025,,Rens Ocampo,ADD ON - KIMCHI,,CARD PAYMENT,,,,,,₱0.00,₱0.00,
October 11 2025,,Rens Ocampo,HONEY CHIA REFRESHER,,CARD PAYMENT,,,₱65.00,,,₱0.00,₱65.00,
October 11 2025,,Rens Ocampo,HONEY CHIA REFRESHER,,CARD PAYMENT,,,₱65.00,,,₱0.00,₱65.00,
October 11 2025,,Rens Ocampo,DR. PEPPERS,,CARD PAYMENT,,,₱55.00,,,₱0.00,₱55.00,
October 11 2025,,Lalaine Casaje,CAFE LATTE,,GCASH,,,₱80.00,,,₱0.00,₱80.00,
October 11 2025,,Lalaine Casaje,CAFE LATTE,,GCASH,,,₱80.00,,,₱0.00,₱80.00,
October 11 2025,,Lalaine Casaje,CAFE LATTE,,GCASH,,,₱80.00,,,₱0.00,₱80.00,
October 11 2025,,Lalaine Casaje,CAFE LATTE,,GCASH,,,₱80.00,,,₱0.00,₱80.00,
October 11 2025,,Sarry Victoria,CHICKEN WINGS,,GCASH,,,,,,₱0.00,₱0.00,
October 11 2025,,Sarry Victoria,BEEF PHO,,GCASH,,,,,,₱0.00,₱0.00,
October 11 2025,,Sarry Victoria,BEEF PHO,,GCASH,,,,,,₱0.00,₱0.00,
October 11 2025,,Sarry Victoria,COOKIES WALNUT,,GCASH,,,,,,₱0.00,₱0.00,
October 11 2025,,Sarry Victoria,COOKIES WALNUT,,GCASH,,,,,,₱0.00,₱0.00,
October 11 2025,,Vanessa Eugenio,COKE REGULAR ,,CARD PAYMENT,,,₱50.00,,,₱0.00,₱50.00,
October 11 2025,,Vanessa Eugenio,NACHOS,,CARD PAYMENT,,,₱120.00,,,₱0.00,₱120.00,
October 11 2025,,Vanessa Eugenio,NACHOS,,CARD PAYMENT,,,₱120.00,,,₱0.00,₱120.00,
October 11 2025,,Vanessa Eugenio,COOKIES WALNUT,,CARD PAYMENT,,,,,,₱0.00,₱0.00,
October 11 2025,,Ace Galang Celeste,SAMGYUP BOWL,,QR AUB,,,,,,₱0.00,₱0.00,
October 11 2025,,Ace Galang Celeste,LAVENDER TEA,,QR AUB,,,,,,₱0.00,₱0.00,
,,,,,,,,,,,₱0.00,₱0.00,
October 12 2025,,Jana Anne Villarico,DR. PEPPERS,,GCASH,,,₱55.00,,,₱0.00,₱55.00,
October 12 2025,,Jana Anne Villarico,SHIN RAMYUN,,BIRTHDAY TREAT,,,₱150.00,,100.00%,₱150.00,₱0.00,
October 12 2025,,Maureen Cleofe,BEEF PHO,,CASH,,,,,,₱0.00,₱0.00,
October 12 2025,,Maureen Cleofe,BEEF PHO,,CASH,,,,,,₱0.00,₱0.00,
October 12 2025,,Maureen Cleofe,BEEF PHO,,CASH,,,,,,₱0.00,₱0.00,
October 12 2025,,Maureen Cleofe,JIN MILD ,,CASH,,,₱150.00,,,₱0.00,₱150.00,
October 12 2025,,Maureen Cleofe,FISH CAKE - ADD ON ,,CASH,,,,,,₱0.00,₱0.00,
October 12 2025,,Maureen Cleofe,ADD ON - KIMCHI,,CASH,,,,,,₱0.00,₱0.00,
October 12 2025,,Maureen Cleofe,Iced Coffee,,CASH,,,₱80.00,,,₱0.00,₱80.00,
October 12 2025,,Maureen Cleofe,SAMGYUP BOWL,,CASH,,,,,,₱0.00,₱0.00,
October 12 2025,,Table 3,SHOYU TONKATSU RAMEN,,CASH,,,₱120.00,,,₱0.00,₱120.00,
October 12 2025,,Clarence Moratal,BOTTLED WATER 350ML,,CASH,,,₱15.00,,,₱0.00,₱15.00,
,,,,,,,,,,,₱0.00,₱0.00,
"October 13, 2025",,Raquel Villaceran,BEEF PHO,,CARD PAYMENT,,,,,,₱0.00,₱0.00,
"October 13, 2025",,Raquel Villaceran,BEEF PHO,,CARD PAYMENT,,,,,,₱0.00,₱0.00,
"October 13, 2025",,Raquel Villaceran,SHOYU TONKATSU RAMEN,,CARD PAYMENT,,,₱120.00,,,₱0.00,₱120.00,
"October 13, 2025",,Raquel Villaceran,SHOYU TONKATSU RAMEN,,CARD PAYMENT,,,₱120.00,,,₱0.00,₱120.00,
"October 13, 2025",,Raquel Villaceran,NACHOS,,CARD PAYMENT,,,₱120.00,,,₱0.00,₱120.00,
"October 13, 2025",,Raquel Villaceran,SB DOLCE FRAPPE ,,CARD PAYMENT,,,₱179.00,,,₱0.00,₱179.00,
"October 13, 2025",,Raquel Villaceran,HONEY CHIA REFRESHER,,CARD PAYMENT,,,₱65.00,,,₱0.00,₱65.00,
"October 13, 2025",,Table 3 ,BEEF PHO,,GCASH,,,,,,₱0.00,₱0.00,
"October 13, 2025",,Table 3 ,BEEF PHO,,GCASH,,,,,,₱0.00,₱0.00,
"October 13, 2025",,Table 3 ,BAHN MI ,,GCASH,,,,,,₱0.00,₱0.00,
"October 13, 2025",,Table 3 ,NACHOS,,GCASH,,,₱120.00,,,₱0.00,₱120.00,
"October 13, 2025",,Sir JD,BEEF PHO,,CASH,,,,,,₱0.00,₱0.00,
"October 13, 2025",,Ann Dalisay,CHEESE RAMEN,,MEMBERSHIP,,,₱150.00,,,₱0.00,₱0.00,
"October 13, 2025",,Ann Dalisay,BEEF PHO,,MEMBERSHIP,,,,,,₱0.00,₱0.00,
"October 13, 2025",,Christel Pangan,BAHN MI ,,MEMBERSHIP,,,,,,₱0.00,₱0.00,
"October 13, 2025",,Christel Pangan,CAFE LATTE,,MEMBERSHIP,,,₱80.00,,,₱0.00,₱0.00,
"October 13, 2025",,Maam Gia,CANADA DRY ,,C/O GIA,,,₱58.00,,,₱0.00,₱58.00,
"October 13, 2025",,Maam Gia,BEEF PHO,,C/O GIA,,,,,,₱0.00,₱0.00,
"October 13, 2025",,Maam Gia,BEEF PHO,,C/O GIA,,,,,,₱0.00,₱0.00,
"October 13, 2025",,Maam Gia,KOREAN BEEF TAPA,,C/O GIA,,,,,,₱0.00,₱0.00,
"October 13, 2025",,Maam Gia,KOREAN BEEF TAPA,,C/O GIA,,,,,,₱0.00,₱0.00,
"October 13, 2025",,Maam Gia,Rice,,C/O GIA,,,₱25.00,,,₱0.00,₱25.00,
"October 13, 2025",,Maam Gia,Rice,,C/O GIA,,,₱25.00,,,₱0.00,₱25.00,
"October 13, 2025",,Maam Gia,Rice,,C/O GIA,,,₱25.00,,,₱0.00,₱25.00,
"October 13, 2025",,Maam Gia,Rice,,C/O GIA,,,₱25.00,,,₱0.00,₱25.00,
"October 13, 2025",,Maam Gia,NACHOS,,C/O GIA,,,₱120.00,,,₱0.00,₱120.00,
"October 13, 2025",,Maam Gia,NACHOS,,C/O GIA,,,₱120.00,,,₱0.00,₱120.00,
"October 13, 2025",,Maam Gia,DR. PEPPERS,,C/O GIA,,,₱55.00,,,₱0.00,₱55.00,
"October 13, 2025",,Maam Gia,HONEY CHIA REFRESHER,,C/O GIA,,,₱65.00,,,₱0.00,₱65.00,
"October 13, 2025",,Jhoana Fuster,CHEESE RAMEN,,GCASH,,,₱150.00,,,₱0.00,₱150.00,
"October 13, 2025",,Jhoana Fuster,BEEF PHO,,GCASH,,,,,,₱0.00,₱0.00,
,,,,,,,,,,,₱0.00,₱0.00,
"October 15, 2025",,Christel Pangan,COOKIES WALNUT,,CASH,,,,,,₱0.00,₱0.00,
"October 15, 2025",,Christel Pangan,COOKIES WALNUT,,MEMBERSHIP,,,,,,₱0.00,₱0.00,
"October 15, 2025",,Jude Jamero,BISCOFF COOKIE,,CASH,,,,,,₱0.00,₱0.00,
"October 15, 2025",,Pastor Erick,BOTTLED WATER 350ML,,C/O RODERICK,,,₱15.00,,,₱0.00,₱15.00,
"October 15, 2025",,Pastor Erick,BOTTLED WATER 350ML,,C/O RODERICK,,,₱15.00,,,₱0.00,₱15.00,
"October 15, 2025",,Pastor Erick,BOTTLED WATER 350ML,,C/O RODERICK,,,₱15.00,,,₱0.00,₱15.00,
"October 15, 2025",,Pastor Erick,BOTTLED WATER 350ML,,C/O RODERICK,,,₱15.00,,,₱0.00,₱15.00,
"October 15, 2025",,Pastor Erick,BOTTLED WATER 350ML,,C/O RODERICK,,,₱15.00,,,₱0.00,₱15.00,
"October 15, 2025",,Pastor Erick,BAHN MI ,,C/O RODERICK,,,,,,₱0.00,₱0.00,
,,,,,,,,,,,₱0.00,₱0.00,
October 16 2025,,Christel Pangan,COOKIES WALNUT,,MEMBERSHIP,,,,,,₱0.00,₱0.00,
,,,,,,,,,,,₱0.00,₱0.00,
October 17 2025,,Janina Lising,COOKIES CHOCO CHIP,,CASH,,,,,,₱0.00,₱0.00,
October 17 2025,,Janina Lising,BISCOFF COOKIE,,CASH,,,,,,₱0.00,₱0.00,
October 17 2025,,Janina Lising,EGG - ADD ON ,,CASH,,,,,,₱0.00,₱0.00,
October 17 2025,,Janina Lising,EGG - ADD ON ,,CASH,,,,,,₱0.00,₱0.00,
October 17 2025,,Janina Lising,ADD ON - KIMCHI,,CASH,,,,,,₱0.00,₱0.00,
October 17 2025,,Janina Lising,SAMGYUP - ADD ON,,CASH,,,,,,₱0.00,₱0.00,
October 17 2025,,Janina Lising,CHEESE - ADD ON,,CASH,,,,,,₱0.00,₱0.00,
October 17 2025,,Janina Lising,COKE ZERO,,CASH,,,₱50.00,,,₱0.00,₱50.00,
October 17 2025,,Janina Lising,COKE ZERO,,CASH,,,₱50.00,,,₱0.00,₱50.00,
October 17 2025,,Janina Lising,SHIN RAMYUN,,CASH,,,₱150.00,,,₱0.00,₱150.00,
October 17 2025,,Janina Lising,CHEESE RAMEN,,CASH,,,₱150.00,,,₱0.00,₱150.00,
October 17 2025,,Owner,COOKIES CHOCO CHIP,,CASH,,,,,,₱0.00,₱0.00,
October 17 2025,,Table 1,ADOBO FLAKES ,,CASH,,,,,,₱0.00,₱0.00,
October 17 2025,,Table 1,KOREAN BEEF TAPA,,CASH,,,,,,₱0.00,₱0.00,
October 17 2025,,Table 1,CHEESE RAMEN,,CASH,,,₱150.00,,,₱0.00,₱150.00,
October 17 2025,,Annie ,SAMGYUP BOWL,,CASH,,,,,,₱0.00,₱0.00,
October 17 2025,,Annie ,NACHOS,,CASH,,,₱120.00,,,₱0.00,₱120.00,
October 17 2025,,Annie ,Iced Coffee,,CASH,,,₱80.00,,,₱0.00,₱80.00,
October 17 2025,,Annie ,HONEY CHIA REFRESHER,,CASH,,,₱65.00,,,₱0.00,₱65.00,
October 17 2025,,Jolina Tiongson,ADOBO FLAKES ,,CASH,,,,,,₱0.00,₱0.00,
October 17 2025,,Jolina Tiongson,HONEY CHIA REFRESHER,,CASH,,,₱65.00,,,₱0.00,₱65.00,
October 17 2025,,Jolina Tiongson,BEEF PHO,,CASH,,,,,,₱0.00,₱0.00,
October 17 2025,,Angeline Cheska Ocampo,HONEY CHIA REFRESHER,,CASH,,,₱65.00,,,₱0.00,₱65.00,
October 17 2025,,Angeline Cheska Ocampo,COOKIES CHOCO CHIP,,CASH,,,,,,₱0.00,₱0.00,
October 17 2025,,Angeline Cheska Ocampo,NACHOS,,CASH,,,₱120.00,,,₱0.00,₱120.00,
October 17 2025,,Angeline Cheska Ocampo,HONEY CHIA REFRESHER,,CASH,,,₱65.00,,,₱0.00,₱65.00,
,,,,,,,,,,,₱0.00,₱0.00,
"October 18, 2025",,JD Gumba,BEEF PHO,,CASH,,,,,,₱0.00,₱0.00,
"October 18, 2025",,JD Gumba,BEEF PHO,,CASH,,,,,,₱0.00,₱0.00,
"October 18, 2025",,Nira De Guzman,FRENCH FRIES,,CARD PAYMENT,,,₱60.00,,,₱0.00,₱60.00,
"October 18, 2025",,Nira De Guzman,FRENCH FRIES,,CARD PAYMENT,,,₱60.00,,,₱0.00,₱60.00,
"October 18, 2025",,Nira De Guzman,AMERICANO,,CARD PAYMENT,,,₱70.00,,,₱0.00,₱70.00,
"October 18, 2025",,Nira De Guzman,HONEY CHIA REFRESHER,,CARD PAYMENT,,,₱65.00,,,₱0.00,₱65.00,
"October 18, 2025",,Carolyn Sabanal,FRENCH FRIES,,GCASH,,,₱60.00,,,₱0.00,₱60.00,
"October 18, 2025",,Carolyn Sabanal,FRENCH FRIES,,GCASH,,,₱60.00,,,₱0.00,₱60.00,
"October 18, 2025",,Carolyn Sabanal,NACHOS,,GCASH,,,₱120.00,,,₱0.00,₱120.00,
"October 18, 2025",,Carolyn Sabanal,CAFE LATTE,,GCASH,,,₱80.00,,,₱0.00,₱80.00,
"October 18, 2025",,Carolyn Sabanal,BISCOFF COOKIE,,GCASH,,,,,,₱0.00,₱0.00,
"October 18, 2025",,Carolyn Sabanal,COOKIES WALNUT,,GCASH,,,,,,₱0.00,₱0.00,
"October 18, 2025",,Carolyn Sabanal,COOKIES CHOCO CHIP,,GCASH,,,,,,₱0.00,₱0.00,
"October 18, 2025",,Erick Fernandez,Iced Coffee,,GCASH,,,₱80.00,,,₱0.00,₱80.00,
"October 18, 2025",,Erick Fernandez,Iced Coffee,,GCASH,,,₱80.00,,,₱0.00,₱80.00,
"October 18, 2025",,Erick Fernandez,SHOYU TONKATSU RAMEN,,GCASH,,,₱120.00,,,₱0.00,₱120.00,
"October 18, 2025",,Erick Fernandez,SHIN RAMYUN,,GCASH,,,₱150.00,,,₱0.00,₱150.00,
"October 18, 2025",,Erick Fernandez,FISH CAKE - ADD ON ,,GCASH,,,,,,₱0.00,₱0.00,
"October 18, 2025",,Erick Fernandez,SAMGYUP - ADD ON,,GCASH,,,,,,₱0.00,₱0.00,
"October 18, 2025",,Hapon,COKE REGULAR ,,CASH,,,₱50.00,,,₱0.00,₱50.00,
"October 18, 2025",,Hapon,COKE REGULAR ,,CASH,,,₱50.00,,,₱0.00,₱50.00,
"October 18, 2025",,Hapon,COOKIES CHOCO CHIP,,CASH,,,,,,₱0.00,₱0.00,
"October 18, 2025",,Hapon,COOKIES CHOCO CHIP,,CASH,,,,,,₱0.00,₱0.00,
"October 18, 2025",,Hapon,BISCOFF COOKIE,,CASH,,,,,,₱0.00,₱0.00,
"October 18, 2025",,Paulo Santos,SHOYU TONKATSU RAMEN,,CASH,,,₱120.00,,,₱0.00,₱120.00,
"October 18, 2025",,Paulo Santos,SAMGYUP BOWL,,CASH,,,,,,₱0.00,₱0.00,
"October 18, 2025",,Paulo Santos,SAMGYUP BOWL,,CASH,,,,,,₱0.00,₱0.00,
"October 18, 2025",,Paulo Santos,FRENCH FRIES,,CASH,,,₱60.00,,,₱0.00,₱60.00,
"October 18, 2025",,Paulo Santos,HONEY CHIA REFRESHER,,CASH,,,₱65.00,,,₱0.00,₱65.00,
"October 18, 2025",,Paulo Santos,HONEY CHIA REFRESHER,,CASH,,,₱65.00,,,₱0.00,₱65.00,
"October 18, 2025",,Ash,C2,,CASH,,,₱20.00,,,₱0.00,₱20.00,
"October 18, 2025",,John Kenneth Lontoc,C2,,CASH,,,₱20.00,,,₱0.00,₱20.00,
"October 18, 2025",,John Kenneth Lontoc,COKE ZERO,,CASH,,,₱50.00,,,₱0.00,₱50.00,
"October 18, 2025",,John Kenneth Lontoc,COKE ZERO,,CASH,,,₱50.00,,,₱0.00,₱50.00,
"October 18, 2025",,John Kenneth Lontoc,COKE ZERO,,CASH,,,₱50.00,,,₱0.00,₱50.00,
,,,,,,,,,,,₱0.00,₱0.00,
October 19 2025,,Jodie Maclang ,FRENCH FRIES,,GCASH,,,₱60.00,,,₱0.00,₱60.00,
October 19 2025,,Anne Espiritu,JIN MILD ,,GCASH,,,₱150.00,,,₱0.00,₱150.00,
October 19 2025,,Anne Espiritu,EGG - ADD ON ,,GCASH,,,,,,₱0.00,₱0.00,
October 19 2025,,Anne Espiritu,CHEESE - ADD ON,,GCASH,,,,,,₱0.00,₱0.00,
,,,,,,,,,,,₱0.00,₱0.00,
October 20 2025,,Mam Gia,CANADA DRY ,,C/O GIA,,,₱58.00,,,₱0.00,₱58.00,
October 20 2025,,Roscel Perez,ADOBO FLAKES ,,GCASH,,,,,,₱0.00,₱0.00,
October 20 2025,,Roscel Perez,COKE REGULAR ,,GCASH,,,₱50.00,,,₱0.00,₱50.00,
October 20 2025,,Mark Gerson Nual,BEEF PHO,,GCASH,,,,,,₱0.00,₱0.00,
October 20 2025,,Mark Gerson Nual,SHOYU TONKATSU RAMEN,,GCASH,,,₱120.00,,,₱0.00,₱120.00,
October 20 2025,,Mark Gerson Nual,COOKIES CHOCO CHIP,,GCASH,,,,,,₱0.00,₱0.00,
October 20 2025,,Chester,JIN MILD ,,CASH,,,₱150.00,,,₱0.00,₱150.00,
October 20 2025,,Chester,SAMGYUP - ADD ON,,CASH,,,,,,₱0.00,₱0.00,
October 20 2025,,Chester,BOTTLED WATER 500ML,,CASH,,,₱25.00,,,₱0.00,₱25.00,
,,,,,,,,,,,₱0.00,₱0.00,
October 21 2025,,Christel Pangan,HONEY CHIA REFRESHER,,MEMBERSHIP,,,₱65.00,,,₱0.00,₱0.00,
October 21 2025,,Christel Pangan,COOKIES WALNUT,,MEMBERSHIP,,,,,,₱0.00,₱0.00,
October 21 2025,,Pastor Erick Meeting,DR. PEPPERS,,C/O RODERICK,,,₱55.00,,,₱0.00,₱55.00,
October 21 2025,,Pastor Erick Meeting,C2,,C/O RODERICK,,,₱20.00,,,₱0.00,₱20.00,
October 21 2025,,Pastor Erick Meeting,BOTTLED WATER 500ML,,C/O RODERICK,,,₱25.00,,,₱0.00,₱25.00,
October 21 2025,,Pastor Erick Meeting,BAHN MI ,,C/O RODERICK,,,,,,₱0.00,₱0.00,
October 21 2025,,Pastor Erick Meeting,BAHN MI ,,C/O RODERICK,,,,,,₱0.00,₱0.00,
October 21 2025,,Pastor Erick Meeting,BEEF PHO,,C/O RODERICK,,,,,,₱0.00,₱0.00,
October 21 2025,,Pastor Erick Meeting,HOT CHOC-NUT SYPHON,,C/O RODERICK,,,,,,₱0.00,₱0.00,
October 21 2025,,Pastor Erick Meeting,ZARU SOBA,,C/O RODERICK,,,₱150.00,,,₱0.00,₱150.00,
October 21 2025,,Joshua Coronel,C2,,QR AUB,,,₱20.00,,,₱0.00,₱20.00,
October 21 2025,,Joshua Coronel,COOKIES CHOCO CHIP,,QR AUB,,,,,,₱0.00,₱0.00,
October 21 2025,,John Paulo Sacayanan Cruz,C2,,GCASH,,,₱20.00,,,₱0.00,₱20.00,
October 21 2025,,Danielle Gwen Gatchalian,FRENCH FRIES,,BANK TRANSFER,,,₱60.00,,,₱0.00,₱60.00,
October 21 2025,,Danielle Gwen Gatchalian,AMERICANO,,BANK TRANSFER,,,₱70.00,,,₱0.00,₱70.00,
October 21 2025,,Danielle Gwen Gatchalian,CAFE LATTE,,BANK TRANSFER,,,₱80.00,,,₱0.00,₱80.00,
October 21 2025,,Joy Borlongan,ADOBO FLAKES ,,CARD PAYMENT,,,,,,₱0.00,₱0.00,
October 21 2025,,Joy Borlongan,EGG - ADD ON ,,CARD PAYMENT,,,,,,₱0.00,₱0.00,
October 21 2025,,Joy Borlongan,EGG - ADD ON ,,CARD PAYMENT,,,,,,₱0.00,₱0.00,
October 21 2025,,Joy Borlongan,BAHN MI ,,MEMBERSHIP,,,,,,₱0.00,₱0.00,
October 21 2025,,Gyne Buenaventura,SAMGYUP BOWL,,CARD PAYMENT,,,,,,₱0.00,₱0.00,
October 21 2025,,Gyne Buenaventura,BISCOFF COOKIE,,CARD PAYMENT,,,,,,₱0.00,₱0.00,
October 21 2025,,Dea Cruz,BISCOFF COOKIE,,CASH,,,,,,₱0.00,₱0.00,
October 21 2025,,Dea Cruz,BOTTLED WATER 500ML,,CASH,,,₱25.00,,,₱0.00,₱25.00,
October 21 2025,,Owner ,FRENCH FRIES,,CASH,,,₱60.00,,,₱0.00,₱60.00,
October 21 2025,,Owner ,FRENCH FRIES,,CASH,,,₱60.00,,,₱0.00,₱60.00,
October 21 2025,,Owner ,COOKIES WALNUT,,CASH,,,,,,₱0.00,₱0.00,
October 21 2025,,Owner ,COKE REGULAR ,,CASH,,,₱50.00,,,₱0.00,₱50.00,
,,,,,,,,,,,₱0.00,₱0.00,
October 22 2025,,Glen Diaz,HONEY CHIA REFRESHER,,CASH,,,₱65.00,,,₱0.00,₱65.00,
October 22 2025,,Table 3,BEEF PHO,,CASH,,,,,,₱0.00,₱0.00,
October 22 2025,,Table 3,BEEF PHO,,CASH,,,,,,₱0.00,₱0.00,
October 22 2025,,Table 3,HONEY CHIA REFRESHER,,CASH,,,₱65.00,,,₱0.00,₱65.00,
October 22 2025,,Table 3,BISCOFF COOKIE,,CASH,,,,,,₱0.00,₱0.00,
October 22 2025,,Table 3,LAVENDER TEA,,CASH,,,,,,₱0.00,₱0.00,
,,,,,,,,,,,₱0.00,₱0.00,
October 23 2025,,Anthonio De Guzman,AMERICANO,SENIOR,,,,₱70.00,,,₱0.00,₱70.00,
October 23 2025,,Anthonio De Guzman,BAHN MI ,SENIOR,,,,,,,₱0.00,₱0.00,
October 23 2025,,Khaye Canlas,SNAPPLE,,QR AUB,,,,,,₱0.00,₱0.00,
October 23 2025,,Khaye Canlas,SHOYU TONKATSU RAMEN,,QR AUB,,,₱120.00,,,₱0.00,₱120.00,
October 23 2025,,Khaye Canlas,SHOYU TONKATSU RAMEN,,QR AUB,,,₱120.00,,,₱0.00,₱120.00,
October 23 2025,,Khaye Canlas,CHICKEN WINGS,,QR AUB,,,,,,₱0.00,₱0.00,
October 23 2025,,Khaye Canlas,BAHN MI ,,QR AUB,,,,,,₱0.00,₱0.00,
October 23 2025,,Khaye Canlas,BISCOFF COOKIE,,QR AUB,,,,,,₱0.00,₱0.00,
October 23 2025,,Armida Penaverde,ADOBO FLAKES ,,CARD PAYMENT,,,,,,₱0.00,₱0.00,
October 23 2025,,Armida Penaverde,FRENCH FRIES,,CARD PAYMENT,,,₱60.00,,,₱0.00,₱60.00,
October 23 2025,,Armida Penaverde,SHOYU TONKATSU RAMEN,,CARD PAYMENT,,,₱120.00,,,₱0.00,₱120.00,
October 23 2025,,Armida Penaverde,SHOYU TONKATSU RAMEN,,CARD PAYMENT,,,₱120.00,,,₱0.00,₱120.00,
October 23 2025,,Armida Penaverde,ADOBO FLAKES ,,CARD PAYMENT,,,,,,₱0.00,₱0.00,
October 23 2025,,Armida Penaverde,FRENCH FRIES,FREE,,,,₱60.00,,,₱0.00,₱60.00,
October 23 2025,,Armida Penaverde,FRENCH FRIES,FREE,,,,₱60.00,,,₱0.00,₱60.00,
October 23 2025,,Armida Penaverde,FRENCH FRIES,FREE,,,,₱60.00,,,₱0.00,₱60.00,
October 23 2025,,Armida Penaverde,NACHOS,FREE,,,,₱120.00,,,₱0.00,₱120.00,
October 23 2025,,Armida Penaverde,NACHOS,FREE,,,,₱120.00,,,₱0.00,₱120.00,
October 23 2025,,Armida Penaverde,CHICKEN WINGS,FREE,,,,,,,₱0.00,₱0.00,
October 23 2025,,Armida Penaverde,JIN MILD ,,CARD PAYMENT,,,₱150.00,,,₱0.00,₱150.00,
October 23 2025,,Armida Penaverde,BEEF PHO,,CARD PAYMENT,,,,,,₱0.00,₱0.00,
October 23 2025,,Armida Penaverde,COOKIES CHOCO CHIP,,CARD PAYMENT,,,,,,₱0.00,₱0.00,
October 23 2025,,Armida Penaverde,JASMINE TEA,,CARD PAYMENT,,,,,,₱0.00,₱0.00,
,,,,,,,,,,,₱0.00,₱0.00,
October 24 2025,,Jovanie,JIN SPICY,EMPLOYEE DISCOUNT,,,,₱150.00,,,₱0.00,₱150.00,
October 24 2025,,Leah,C2,EMPLOYEE DISCOUNT,,,,₱20.00,,,₱0.00,₱20.00,
October 24 2025,,Leah,C2,EMPLOYEE DISCOUNT,,,,₱20.00,,,₱0.00,₱20.00,
October 24 2025,,Leah,C2,EMPLOYEE DISCOUNT,,,,₱20.00,,,₱0.00,₱20.00,
October 24 2025,,Leah,C2,EMPLOYEE DISCOUNT,,,,₱20.00,,,₱0.00,₱20.00,
October 24 2025,,Leah,SHOYU TONKATSU RAMEN,EMPLOYEE DISCOUNT,,,,₱120.00,,,₱0.00,₱120.00,
October 24 2025,,Leah,EGG - ADD ON ,EMPLOYEE DISCOUNT,,,,,,,₱0.00,₱0.00,
October 24 2025,,Leah,EGG - ADD ON ,EMPLOYEE DISCOUNT,,,,,,,₱0.00,₱0.00,
October 24 2025,,Leah,EGG - ADD ON ,EMPLOYEE DISCOUNT,,,,,,,₱0.00,₱0.00,
October 24 2025,,Leah,EGG - ADD ON ,EMPLOYEE DISCOUNT,,,,,,,₱0.00,₱0.00,
October 24 2025,,Leah,EGG - ADD ON ,EMPLOYEE DISCOUNT,,,,,,,₱0.00,₱0.00,
October 24 2025,,Leah,EGG - ADD ON ,EMPLOYEE DISCOUNT,,,,,,,₱0.00,₱0.00,
October 24 2025,,Mario Reyes,BAHN MI ,,CASH,,,,,,₱0.00,₱0.00,
October 24 2025,,Mario Reyes,COOKIES CHOCO CHIP,,MEMBERSHIP,,,,,,₱0.00,₱0.00,
October 24 2025,,Mario Reyes,C2,,MEMBERSHIP,,,₱20.00,,,₱0.00,₱0.00,
October 24 2025,,Table 2,JIN MILD ,,GCASH,,,₱150.00,,,₱0.00,₱150.00,
October 24 2025,,Table 2,CHEESE RAMEN,,GCASH,,,₱150.00,,,₱0.00,₱150.00,
October 24 2025,,Table 2,ADD ON - KIMCHI,,GCASH,,,,,,₱0.00,₱0.00,
October 24 2025,,Table 2,BISCOFF COOKIE,,GCASH,,,,,,₱0.00,₱0.00,
October 24 2025,,Table 4,NACHOS,,CASH,,,₱120.00,,,₱0.00,₱120.00,
October 24 2025,,Table 4,ADOBO FLAKES ,,CASH,,,,,,₱0.00,₱0.00,
October 24 2025,,Table 4,KOREAN BEEF TAPA,,CASH,,,,,,₱0.00,₱0.00,
October 24 2025,,Table 4,HONEY CHIA REFRESHER,,CASH,,,₱65.00,,,₱0.00,₱65.00,
October 24 2025,,Table 4,HONEY CHIA REFRESHER,,CASH,,,₱65.00,,,₱0.00,₱65.00,
October 24 2025,,CJ Caluag,KOREAN BEEF TAPA,,CASH,,,,,,₱0.00,₱0.00,
October 24 2025,,CJ Caluag,COOKIES CHOCO CHIP,,CASH,,,,,,₱0.00,₱0.00,
October 24 2025,,CJ Caluag,BEEF PHO,,CASH,,,,,,₱0.00,₱0.00,
October 24 2025,,CJ Caluag,BISCOFF COOKIE,,CASH,,,,,,₱0.00,₱0.00,
October 24 2025,,CJ Caluag,CHEESE RAMEN,,MEMBERSHIP,,,₱150.00,,,₱0.00,₱0.00,
October 24 2025,,Table 3,BEEF PHO,,QR AUB,,,,,,₱0.00,₱0.00,
October 24 2025,,Table 3,BAHN MI ,,QR AUB,,,,,,₱0.00,₱0.00,
October 24 2025,,Table 3,CAFE LATTE,,QR AUB,,,₱80.00,,,₱0.00,₱80.00,
,,,,,,,,,,,₱0.00,₱0.00,
October 25 2025,,Christel Pangan ,COOKIES WALNUT,,MEMBERSHIP,,,,,,₱0.00,₱0.00,
October 25 2025,,Candy Mundo,COOKIES CHOCO CHIP,,GCASH,,,,,,₱0.00,₱0.00,
October 25 2025,,Candy Mundo,ADOBO FLAKES ,,GCASH,,,,,,₱0.00,₱0.00,
October 25 2025,,Table 2,SAMGYUP BOWL,,CASH,,,,,,₱0.00,₱0.00,
October 25 2025,,Table 2,SAMGYUP BOWL,,CASH,,,,,,₱0.00,₱0.00,
October 25 2025,,Table 2,JIN SPICY,,CASH,,,₱150.00,,,₱0.00,₱150.00,
October 25 2025,,Table 2,COOKIES CHOCO CHIP,,CASH,,,,,,₱0.00,₱0.00,
October 25 2025,,Table 2,CHEESE RAMEN,,CASH,,,₱150.00,,,₱0.00,₱150.00,
October 25 2025,,Table 2,NACHOS,,CASH,,,₱120.00,,,₱0.00,₱120.00,
October 25 2025,,Table 2,C2,,CASH,,,₱20.00,,,₱0.00,₱20.00,
October 25 2025,,Table 2,ADD ON - KIMCHI,,CASH,,,,,,₱0.00,₱0.00,
October 25 2025,,Table 2,ADD ON - KIMCHI,,CASH,,,,,,₱0.00,₱0.00,
October 25 2025,,Paula Nunez,COOKIES WALNUT,,CASH,,,,,,₱0.00,₱0.00,
October 25 2025,,Paula Nunez,COOKIES CHOCO CHIP,,CASH,,,,,,₱0.00,₱0.00,
October 25 2025,,Sir Ted,COOKIES WALNUT,,CARD PAYMENT,,,,,,₱0.00,₱0.00,
October 25 2025,,Sir Ted,COOKIES WALNUT,,CARD PAYMENT,,,,,,₱0.00,₱0.00,
October 25 2025,,Sir Ted,BAHN MI ,,CARD PAYMENT,,,,,,₱0.00,₱0.00,
October 25 2025,,Sir Ted,BOTTLED WATER 500ML,,CARD PAYMENT,,,₱25.00,,,₱0.00,₱25.00,
October 25 2025,,Sir Ted,BOTTLED WATER 500ML,,CARD PAYMENT,,,₱25.00,,,₱0.00,₱25.00,
October 25 2025,,Sir Ted,SHOYU TONKATSU RAMEN,,CARD PAYMENT,,,₱120.00,,,₱0.00,₱120.00,
October 25 2025,,Charlie Herrera,COOKIES CHOCO CHIP,,BANK TRANSFER,,,,,,₱0.00,₱0.00,
October 25 2025,,Table 3,C2,,GCASH,,,₱20.00,,,₱0.00,₱20.00,
October 25 2025,,Table 3,NACHOS,,GCASH,,,₱120.00,,,₱0.00,₱120.00,
,,,,,,,,,,,₱0.00,₱0.00,
October 26 2025,,Jestine,FRENCH FRIES,EMPLOYEE DISCOUNT,,,,₱60.00,,,₱0.00,₱60.00,
October 26 2025,,Jestine,FRENCH FRIES,EMPLOYEE DISCOUNT,,,,₱60.00,,,₱0.00,₱60.00,
October 26 2025,,Christel Pangan,COOKIES WALNUT,,MEMBERSHIP,,,,,,₱0.00,₱0.00,
October 26 2025,,Trish Vitug,COKE REGULAR ,,GCASH,,,₱50.00,,,₱0.00,₱50.00,
October 26 2025,,Ana Grace Solana,SAMGYUP BOWL,,GCASH,,,,,,₱0.00,₱0.00,
October 26 2025,,Ana Grace Solana,SAMGYUP BOWL,,GCASH,,,,,,₱0.00,₱0.00,
October 26 2025,,Ana Grace Solana,HONEY CHIA REFRESHER,,GCASH,,,₱65.00,,,₱0.00,₱65.00,
October 26 2025,,Ana Grace Solana,HONEY CHIA REFRESHER,,GCASH,,,₱65.00,,,₱0.00,₱65.00,
October 26 2025,,Leonisa Pulumbarit,BISCOFF COOKIE,,CASH,,,,,,₱0.00,₱0.00,
October 26 2025,,Leonisa Pulumbarit,BISCOFF COOKIE,,CASH,,,,,,₱0.00,₱0.00,
October 26 2025,,Leonisa Pulumbarit,COOKIES WALNUT,,CASH,,,,,,₱0.00,₱0.00,
October 26 2025,,Sheila mae Geronimo,BAHN MI ,,CASH,,,,,,₱0.00,₱0.00,
October 26 2025,,Sheila mae Geronimo,ADOBO FLAKES ,,CASH,,,,,,₱0.00,₱0.00,
October 26 2025,,Sheila mae Geronimo,ADOBO FLAKES ,,CASH,,,,,,₱0.00,₱0.00,
October 26 2025,,Sheila mae Geronimo,ADOBO FLAKES ,,CASH,,,,,,₱0.00,₱0.00,
October 26 2025,,Kim Quetua,BISCOFF COOKIE,,MEMBERSHIP,,,,,,₱0.00,₱0.00,
October 26 2025,,Kim Quetua,BISCOFF COOKIE,,MEMBERSHIP,,,,,,₱0.00,₱0.00,
,,,,,,,,,,,₱0.00,₱0.00,
October 27 2025,,Pastor elvin c/o Pastor Erick,BOTTLED WATER 500ML,,C/O RODERICK,,,₱25.00,,,₱0.00,₱25.00,
October 27 2025,,Pastor elvin c/o Pastor Erick,BOTTLED WATER 500ML,,C/O RODERICK,,,₱25.00,,,₱0.00,₱25.00,
October 27 2025,,Pastor elvin c/o Pastor Erick,BOTTLED WATER 500ML,,C/O RODERICK,,,₱25.00,,,₱0.00,₱25.00,
October 27 2025,,Pastor elvin c/o Pastor Erick,HONEY CHIA REFRESHER,,C/O RODERICK,,,₱65.00,,,₱0.00,₱65.00,
October 27 2025,,Pastor elvin c/o Pastor Erick,HONEY CHIA REFRESHER,,C/O RODERICK,,,₱65.00,,,₱0.00,₱65.00,
October 27 2025,,Pastor elvin c/o Pastor Erick,HONEY CHIA REFRESHER,,C/O RODERICK,,,₱65.00,,,₱0.00,₱65.00,
October 27 2025,,Table 4,KIMCHI GYUDON,,CASH,,,,,,₱0.00,₱0.00,
October 27 2025,,Table 4,CHEESE RAMEN,,CASH,,,₱150.00,,,₱0.00,₱150.00,
October 27 2025,,Table 4,SAMGYUP - ADD ON,,CASH,,,,,,₱0.00,₱0.00,
October 27 2025,,Table 4,BULDAK CARBONARA,,CASH,,,₱140.00,,,₱0.00,₱140.00,
,,,,,,,,,,,₱0.00,₱0.00,
October 28 2025,,Dennis Garcia,SHOYU TONKATSU RAMEN,,CASH,,,₱120.00,,,₱0.00,₱120.00,
October 28 2025,,Dennis Garcia,CAFE LATTE,,CASH,,,₱80.00,,,₱0.00,₱80.00,
October 28 2025,,Dennis Garcia,BEEF PHO,,CASH,,,,,,,,
October 28 2025,,Christel Pangan,COOKIES WALNUT,,MEMBERSHIP,,,,,,₱0.00,₱0.00,
October 28 2025,,Gamelo Morales,FRENCH FRIES,,CASH,,,₱60.00,,,₱0.00,₱60.00,
October 28 2025,,Gamelo Morales,COOKIES WALNUT,,CASH,,,,,,₱0.00,₱0.00,
,,,,,,,,,,,₱0.00,₱0.00,
October 29 2025,,christel Pangan ,ADOBO FLAKES ,,MEMBERSHIP,,,,,,₱0.00,₱0.00,
,,,,,,,,,,,₱0.00,₱0.00,
October 30 2025,,Lenie Mendoza,COKE ZERO,,CASH,,,₱50.00,,,₱0.00,₱50.00,
October 30 2025,,Maam Gia,COOKIES CHOCO CHIP,,C/O GIA,,,,,,₱0.00,₱0.00,
October 30 2025,,Maam Gia,COOKIES CHOCO CHIP,,C/O GIA,,,,,,₱0.00,₱0.00,
October 30 2025,,Maam Gia,BOTTLED WATER 500ML,,C/O GIA,,,₱25.00,,,₱0.00,₱25.00,
October 30 2025,,Maam Gia,CHEESE RAMEN,,C/O GIA,,,₱150.00,,,₱0.00,₱150.00,
October 30 2025,,Maam Gia,CHEESE - ADD ON,,C/O GIA,,,,,,₱0.00,₱0.00,
October 30 2025,,Maam Gia,BULDAK CHEESE,,C/O GIA,,,,,,₱0.00,₱0.00,
October 30 2025,,Maam Gia,SAMGYUP - ADD ON,,C/O GIA,,,,,,₱0.00,₱0.00,
October 30 2025,,Maam Gia,SAMGYUP - ADD ON,,C/O GIA,,,,,,₱0.00,₱0.00,
October 30 2025,,sheryl Degala,SAMGYUP BOWL,,CASH,,,,,,₱0.00,₱0.00,
October 30 2025,,sheryl Degala,SAMGYUP BOWL,,CASH,,,,,,₱0.00,₱0.00,
October 30 2025,,sheryl Degala,SHOYU TONKATSU RAMEN,,CASH,,,₱120.00,,,₱0.00,₱120.00,
October 30 2025,,sheryl Degala,SHOYU TONKATSU RAMEN,,CASH,,,₱120.00,,,₱0.00,₱120.00,
October 30 2025,,sheryl Degala,BEEF PHO,,CASH,,,,,,₱0.00,₱0.00,
October 30 2025,,sheryl Degala,KOREAN BEEF TAPA,,CASH,,,,,,₱0.00,₱0.00,
October 30 2025,,Mario reyes,COOKIES WALNUT,,BIRTHDAY TREAT,,,,,,₱0.00,₱0.00,
October 30 2025,,Mario reyes,JIN MILD ,,MEMBERSHIP,,,₱150.00,,,₱0.00,₱0.00,
October 30 2025,,JD Gumba,BISCOFF COOKIE,,CASH,,,,,,₱0.00,₱0.00,
October 30 2025,,JD Gumba,BOTTLED WATER 500ML,,CASH,,,₱25.00,,,₱0.00,₱25.00,
,,,,,,,,,,,₱0.00,₱0.00,
"October 31, 2025",,Cecile Velasquez,CHEESE RAMEN,,CARD PAYMENT,,,₱150.00,,,₱0.00,₱150.00,
"October 31, 2025",,Cecile Velasquez,CHEESE RAMEN,,CARD PAYMENT,,,₱150.00,,,₱0.00,₱150.00,
"October 31, 2025",,Cecile Velasquez,FISH CAKE - ADD ON ,,CARD PAYMENT,,,,,,₱0.00,₱0.00,
"October 31, 2025",,Cecile Velasquez,FISH CAKE - ADD ON ,,CARD PAYMENT,,,,,,₱0.00,₱0.00,
"October 31, 2025",,Cecile Velasquez,JIN MILD ,,CARD PAYMENT,,,₱150.00,,,₱0.00,₱150.00,
"October 31, 2025",,Cecile Velasquez,JIN MILD ,,CARD PAYMENT,,,₱150.00,,,₱0.00,₱150.00,
"October 31, 2025",,Cecile Velasquez,EGG - ADD ON ,,CARD PAYMENT,,,,,,₱0.00,₱0.00,
"October 31, 2025",,Cecile Velasquez,CHEESE - ADD ON,,CARD PAYMENT,,,,,,₱0.00,₱0.00,
"October 31, 2025",,Cecile Velasquez,CHEESE - ADD ON,,CARD PAYMENT,,,,,,₱0.00,₱0.00,
"October 31, 2025",,Cecile Velasquez,CHEESE - ADD ON,,CARD PAYMENT,,,,,,₱0.00,₱0.00,
"October 31, 2025",,Cecile Velasquez,CHEESE - ADD ON,,CARD PAYMENT,,,,,,₱0.00,₱0.00,
"October 31, 2025",,Christel Pangan,COOKIES WALNUT,,CASH,,,,,,₱0.00,₱0.00,
"October 31, 2025",,Christel Pangan,HONEY CHIA REFRESHER,,MEMBERSHIP,,,₱65.00,,,₱0.00,₱0.00,
"October 31, 2025",,Christel Pangan,JIN MILD ,,MEMBERSHIP,,,₱150.00,,,₱0.00,₱0.00,
"October 31, 2025",,Christel Pangan,SAMGYUP BOWL,,CASH,,,,,,₱0.00,₱0.00,
"October 31, 2025",,Elissa Garcia,CAFE LATTE,,QR AUB,,,₱80.00,,,₱0.00,₱80.00,
"October 31, 2025",,Elissa Garcia,Iced Coffee,,QR AUB,,,₱80.00,,,₱0.00,₱80.00,
"October 31, 2025",,Table 3,C2,,CASH,,,₱20.00,,,₱0.00,₱20.00,
"October 31, 2025",,Table 3,C2,,CASH,,,₱20.00,,,₱0.00,₱20.00,
"October 31, 2025",,Table 3,C2,,CASH,,,₱20.00,,,₱0.00,₱20.00,
"October 31, 2025",,Table 3,FRENCH FRIES,,CASH,,,₱60.00,,,₱0.00,₱60.00,
"October 31, 2025",,Table 3,FRENCH FRIES,,CASH,,,₱60.00,,,₱0.00,₱60.00,
"October 31, 2025",,Table 3,COKE REGULAR MINI,,CASH,,,,,,₱0.00,₱0.00,
"October 31, 2025",,Ronjae Leoncio,SB DOLCE FRAPPE ,,CASH,,,₱179.00,,,₱0.00,₱179.00,
"October 31, 2025",,Ronjae Leoncio,BISCOFF COOKIE,,CASH,,,,,,₱0.00,₱0.00,
"October 31, 2025",,Ronjae Leoncio,BEEF PHO,,CASH,,,,,,₱0.00,₱0.00,
"October 31, 2025",,Ronjae Leoncio,BEEF PHO,,CASH,,,,,,₱0.00,₱0.00,
"October 31, 2025",,Take Out,BULDAK CARBONARA,,CASH,,,₱140.00,,,₱0.00,₱140.00,
"October 31, 2025",,Take Out,HONEY CHIA REFRESHER,,CASH,,,₱65.00,,,₱0.00,₱65.00,
"October 31, 2025",,Take Out,NACHOS,,CASH,,,₱120.00,,,₱0.00,₱120.00,
"October 31, 2025",,Take Out,FRENCH FRIES,,CASH,,,₱60.00,,,₱0.00,₱60.00,
"October 31, 2025",,Tine Dela Cruz,C2,,GIFT CARD,,,₱20.00,,,₱0.00,₱0.00,
"October 31, 2025",,Tine Dela Cruz,C2,,GIFT CARD,,,₱20.00,,,₱0.00,₱0.00,
"October 31, 2025",,Tine Dela Cruz,COKE REGULAR ,,GIFT CARD,,,₱50.00,,,₱0.00,₱0.00,
"October 31, 2025",,Tine Dela Cruz,FRENCH FRIES,,GIFT CARD,,,₱60.00,,,₱0.00,₱0.00,
"October 31, 2025",,Tine Dela Cruz,FRENCH FRIES,,GIFT CARD,,,₱60.00,,,₱0.00,₱0.00,
"October 31, 2025",,Tine Dela Cruz,COKE ZERO,,GIFT CARD,,,₱50.00,,,₱0.00,₱0.00,
"October 31, 2025",,Beth Yamzon,JIN SPICY,,CASH,,,₱150.00,,,₱0.00,₱150.00,
"October 31, 2025",,Beth Yamzon,CHEESE RAMEN,,CASH,,,₱150.00,,,₱0.00,₱150.00,
"October 31, 2025",,Enrique calalang,JIN MILD ,,CARD PAYMENT,,,₱150.00,,,₱0.00,₱150.00,
"October 31, 2025",,Enrique calalang,CHEESE - ADD ON,,CARD PAYMENT,,,,,,₱0.00,₱0.00,
"October 31, 2025",,Enrique calalang,SAMGYUP BOWL,,CARD PAYMENT,,,,,,₱0.00,₱0.00,
"October 31, 2025",,Enrique calalang,HONEY CHIA REFRESHER,,CARD PAYMENT,,,₱65.00,,,₱0.00,₱65.00,
"October 31, 2025",,Enrique calalang,HONEY CHIA REFRESHER,,CARD PAYMENT,,,₱65.00,,,₱0.00,₱65.00,
"October 31, 2025",,Enrique calalang,SAMGYUP - ADD ON,,CARD PAYMENT,,,,,,₱0.00,₱0.00,
"October 31, 2025",,JD Gumba,SB DOLCE FRAPPE ,,CASH,,,₱179.00,,,₱0.00,₱179.00,
"October 31, 2025",,JD Gumba,COOKIES CHOCO CHIP,,CASH,,,,,,₱0.00,₱0.00,
"October 31, 2025",,JD Gumba,ADOBO FLAKES ,,CASH,,,,,,₱0.00,₱0.00,
"October 31, 2025",,JD Gumba,SAMGYUP BOWL,,CASH,,,,,,₱0.00,₱0.00,
"October 31, 2025",,Radie Deregala,COOKIES WALNUT,,BIRTHDAY TREAT,,,,,,₱0.00,₱0.00,
"November 1,2025",,Table 4,BISCOFF COOKIE,,CARD PAYMENT,,,,,,₱0.00,₱0.00,
"November 1,2025",,Table 4,BISCOFF COOKIE,,CARD PAYMENT,,,,,,₱0.00,₱0.00,
"November 1,2025",,Table 4,EGG - ADD ON ,,CARD PAYMENT,,,,,,₱0.00,₱0.00,
"November 1,2025",,Table 4,BULDAK CARBONARA,,CARD PAYMENT,,,₱140.00,,,₱0.00,₱140.00,
"November 1,2025",,Table 4,COOKIES CHOCO CHIP,,CARD PAYMENT,,,,,,₱0.00,₱0.00,
"November 1,2025",,Table 4,SAMGYUP - ADD ON,,CARD PAYMENT,,,,,,₱0.00,₱0.00,
"November 1,2025",,Table 4,SAMGYUP BOWL,,CARD PAYMENT,,,,,,₱0.00,₱0.00,
"November 1,2025",,Table 4,GREEN TEA,,CARD PAYMENT,,,₱60.00,,,₱0.00,₱60.00,
"November 1,2025",,Table 4,JASMINE TEA,,CARD PAYMENT,,,,,,₱0.00,₱0.00,
"November 1,2025",,Table 4,Iced Coffee,,CARD PAYMENT,,,₱80.00,,,₱0.00,₱80.00,
"November 1,2025",,Table 4,CANADA DRY ,,CARD PAYMENT,,,₱58.00,₱41.00,,₱0.00,₱58.00,
"November 1,2025",,Take Out,ADOBO FLAKES ,,CASH,,,,,,₱0.00,₱0.00,
"November 1,2025",,Take Out,ADOBO FLAKES ,,CASH,,,,,,₱0.00,₱0.00,
"November 1,2025",,Viel Cruz,HONEY CHIA REFRESHER,,CASH,,,₱65.00,,,₱0.00,₱65.00,
"November 1,2025",,Viel Cruz,HOT CHOC-NUT SYPHON,,CASH,,,,,,₱0.00,₱0.00,
"November 1,2025",,Madel ,CHEESE RAMEN,,CASH,,,₱150.00,,,₱0.00,₱150.00,
"November 1,2025",,Madel ,EGG - ADD ON ,,CASH,,,,,,₱0.00,₱0.00,
"November 1,2025",,Madel ,HONEY CHIA REFRESHER,,CASH,,,₱65.00,,,₱0.00,₱65.00,
"November 1,2025",,Camille Estrella,HONEY CHIA REFRESHER,,CASH,,,₱65.00,,,₱0.00,₱65.00,
"November 1,2025",,Camille Estrella,NACHOS,,CASH,,,₱120.00,,,₱0.00,₱120.00,
"November 1,2025",,Ronjae Leoncio,ADOBO FLAKES ,,GCASH,,,,,,₱0.00,₱0.00,
"November 1,2025",,Ronjae Leoncio,ADOBO FLAKES ,,GCASH,,,,,,₱0.00,₱0.00,
"November 1,2025",,Ronjae Leoncio,FRENCH FRIES,,GCASH,,,₱60.00,,,₱0.00,₱60.00,
"November 1,2025",,Ayen Hipolito,SAMGYUP BOWL,,PAYMAYA,,,,,,₱0.00,₱0.00,
"November 1,2025",,Ayen Hipolito,HONEY CHIA REFRESHER,,PAYMAYA,,,₱65.00,,,₱0.00,₱65.00,
"November 1,2025",,Ayen Hipolito,CAFE LATTE,,PAYMAYA,,,₱80.00,,,₱0.00,₱80.00,
"November 1,2025",,Ayen Hipolito,BULDAK CARBONARA,,PAYMAYA,,,₱140.00,,,₱0.00,₱140.00,
"November 1,2025",,Ayen Hipolito,CHEESE - ADD ON,,PAYMAYA,,,,,,₱0.00,₱0.00,
"November 1,2025",,Ayen Hipolito,FISH CAKE - ADD ON ,,PAYMAYA,,,,,,₱0.00,₱0.00,
"November 1,2025",,Ayen Hipolito,EGG - ADD ON ,,PAYMAYA,,,,,,₱0.00,₱0.00,
"November 1,2025",,Ayen Hipolito,SAMGYUP - ADD ON,,PAYMAYA,,,,,,₱0.00,₱0.00,
,,,,,,,,,,,₱0.00,₱0.00,
"November 5, 2025",,Maam Vernie c/o maam Gia,BEEF PHO,,C/O GIA,,,,,,₱0.00,₱0.00,
"November 5, 2025",,Maam Vernie c/o maam Gia,BEEF PHO,,C/O GIA,,,,,,₱0.00,₱0.00,
"November 5, 2025",,Maam Vernie c/o maam Gia,BEEF PHO,,C/O GIA,,,,,,₱0.00,₱0.00,
"November 5, 2025",,Maam Vernie c/o maam Gia,FRENCH FRIES,,C/O GIA,,,₱60.00,,,₱0.00,₱60.00,
"November 5, 2025",,Maam Vernie c/o maam Gia,FRENCH FRIES,,C/O GIA,,,₱60.00,,,₱0.00,₱60.00,
,,,,,,,,,,,₱0.00,₱0.00,
"November 6, 2025",,Rikki Tamayo,JIN SPICY,,CASH,,,₱150.00,,,₱0.00,₱150.00,
"November 6, 2025",,Rikki Tamayo,JIN SPICY,,CASH,,,₱150.00,,,₱0.00,₱150.00,
"November 6, 2025",,Rikki Tamayo,FISH CAKE - ADD ON ,,CASH,,,,,,₱0.00,₱0.00,
"November 6, 2025",,Rikki Tamayo,SAMGYUP - ADD ON,,CASH,,,,,,₱0.00,₱0.00,
"November 6, 2025",,Rikki Tamayo,COKE REGULAR ,,CASH,,,₱50.00,,,₱0.00,₱50.00,
"November 6, 2025",,Rikki Tamayo,COKE REGULAR ,,CASH,,,₱50.00,,,₱0.00,₱50.00,
"November 6, 2025",,Rikki Tamayo,COKE REGULAR ,,CASH,,,₱50.00,,,₱0.00,₱50.00,
"November 6, 2025",,Rikki Tamayo,FRENCH FRIES,,CASH,,,₱60.00,,,₱0.00,₱60.00,
"November 6, 2025",,Rikki Tamayo,KOREAN BEEF TAPA,,CASH,,,,,,₱0.00,₱0.00,
"November 6, 2025",,Rikki Tamayo,CHEESE RAMEN,,CASH,,,₱150.00,,,₱0.00,₱150.00,
"November 6, 2025",,Rikki Tamayo,BULDAK CARBONARA,,CASH,,,₱140.00,,,₱0.00,₱140.00,
"November 6, 2025",,Rikki Tamayo,BULDAK CHEESE,,CASH,,,,,,₱0.00,₱0.00,
"November 6, 2025",,Rikki Tamayo,FISH CAKE - ADD ON ,,CASH,,,,,,₱0.00,₱0.00,
"November 6, 2025",,Christel Pangan,ADOBO FLAKES ,,MEMBERSHIP,,,,,,₱0.00,₱0.00,
"November 6, 2025",,Lara De Leon,CANADA DRY ,,GCASH,,,₱58.00,,,₱0.00,₱58.00,
"November 6, 2025",,Lara De Leon,CHEESE - ADD ON,,GCASH,,,,,,₱0.00,₱0.00,
"November 6, 2025",,Lara De Leon,CHEESE - ADD ON,,GCASH,,,,,,₱0.00,₱0.00,
"November 6, 2025",,Lara De Leon,EGG - ADD ON ,,GCASH,,,,,,₱0.00,₱0.00,
"November 6, 2025",,Lara De Leon,JIN SPICY,,GCASH,,,₱150.00,,,₱0.00,₱150.00,
"November 6, 2025",,Lara De Leon,BISCOFF COOKIE,,GCASH,,,,,,₱0.00,₱0.00,
"November 6, 2025",,Nadine martinez,NACHOS,,BANK TRANSFER,,,₱120.00,,,₱0.00,₱120.00,
"November 6, 2025",,Nadine martinez,ADOBO FLAKES ,,BANK TRANSFER,,,,,,₱0.00,₱0.00,
,,,,,,,,,,,₱0.00,₱0.00,
"November 7, 2025",,Table 2 ,CAFE LATTE,,CASH,,,₱80.00,,,₱0.00,₱80.00,
"November 7, 2025",,Table 2 ,FRENCH FRIES,,CASH,,,₱60.00,,,₱0.00,₱60.00,
"November 7, 2025",,Mark Anthony Lodrigito,FISH CAKE - ADD ON ,,CASH,,,,,,₱0.00,₱0.00,
"November 7, 2025",,Mark Anthony Lodrigito,JIN MILD ,,CASH,,,₱150.00,,,₱0.00,₱150.00,
"November 7, 2025",,Mark Anthony Lodrigito,SAMGYUP - ADD ON,,CASH,,,,,,₱0.00,₱0.00,
"November 7, 2025",, Mesezabel Obrador,CAFE LATTE,,BANK TRANSFER,,,₱80.00,,,₱0.00,₱80.00,
"November 7, 2025",, Mesezabel Obrador,ADOBO FLAKES ,,BANK TRANSFER,,,,,,₱0.00,₱0.00,
"November 7, 2025",,Shakira Gole,JIN MILD ,,GCASH,,,₱150.00,,,₱0.00,₱150.00,
"November 7, 2025",,Shakira Gole,CHEESE - ADD ON,,GCASH,,,,,,₱0.00,₱0.00,
"November 7, 2025",,Shakira Gole,JIN MILD ,,GCASH,,,₱150.00,,,₱0.00,₱150.00,
"November 7, 2025",,Shakira Gole,CHEESE - ADD ON,,GCASH,,,,,,₱0.00,₱0.00,
"November 7, 2025",,Mary elaine Espela,HONEY CHIA REFRESHER,,CARD PAYMENT,,,₱65.00,,,₱0.00,₱65.00,
"November 7, 2025",,Mary elaine Espela,BEEF PHO,,CARD PAYMENT,,,,,,₱0.00,₱0.00,
"November 7, 2025",,Table 4,BEEF PHO,,CASH,,,,,,₱0.00,₱0.00,
"November 7, 2025",,Table 4,JIN MILD ,,CASH,,,₱150.00,,,₱0.00,₱150.00,
"November 7, 2025",,Table 4,HONEY CHIA REFRESHER,,CASH,,,₱65.00,,,₱0.00,₱65.00,
"November 7, 2025",,Table 4,COKE ZERO,,CASH,,,₱50.00,,,₱0.00,₱50.00,
"November 7, 2025",,JD Gumba,BEEF PHO,,GCASH,,,,,,₱0.00,₱0.00,
"November 7, 2025",,JD Gumba,BEEF PHO,,GCASH,,,,,,₱0.00,₱0.00,
"November 7, 2025",,Tenny Bautista,BAHN MI ,,CASH,,,,,,₱0.00,₱0.00,
"November 7, 2025",,Tenny Bautista,BAHN MI ,,CASH,,,,,,₱0.00,₱0.00,
"November 7, 2025",,Tenny Bautista,BAHN MI ,,CASH,,,,,,₱0.00,₱0.00,
"November 7, 2025",,Tenny Bautista,BAHN MI ,,CASH,,,,,,₱0.00,₱0.00,
"November 7, 2025",,Tenny Bautista,BAHN MI ,,CASH,,,,,,₱0.00,₱0.00,
"November 7, 2025",,Tenny Bautista,FRENCH FRIES,,CASH,,,₱60.00,,,₱0.00,₱60.00,
"November 7, 2025",,Tenny Bautista,FRENCH FRIES,,CASH,,,₱60.00,,,₱0.00,₱60.00,
"November 7, 2025",,Tenny Bautista,CHEESE - ADD ON,,CASH,,,,,,₱0.00,₱0.00,
"November 7, 2025",,Tenny Bautista,ADD ON - KIMCHI,,CASH,,,,,,₱0.00,₱0.00,
"November 7, 2025",,Tenny Bautista,JIN SPICY,,CASH,,,₱150.00,,,₱0.00,₱150.00,
"November 7, 2025",,Tenny Bautista,EGG - ADD ON ,,CASH,,,,,,₱0.00,₱0.00,
"November 7, 2025",,Tenny Bautista,FISH CAKE - ADD ON ,,CASH,,,,,,₱0.00,₱0.00,
"November 7, 2025",,Tenny Bautista,FISH CAKE - ADD ON ,,CASH,,,,,,₱0.00,₱0.00,
"November 7, 2025",,Tenny Bautista,SHOYU TONKATSU RAMEN,,CASH,,,₱120.00,,,₱0.00,₱120.00,
"November 7, 2025",,Tenny Bautista,KOREAN BEEF TAPA,,CASH,,,,,,₱0.00,₱0.00,
"November 7, 2025",,Tenny Bautista,LAVENDER TEA,,CASH,,,,,,₱0.00,₱0.00,
"November 7, 2025",,Tenny Bautista,HONEY CHIA REFRESHER,,CASH,,,₱65.00,,,₱0.00,₱65.00,
"November 7, 2025",,Tenny Bautista,HONEY CHIA REFRESHER,,CASH,,,₱65.00,,,₱0.00,₱65.00,
"November 7, 2025",,Tenny Bautista,AMERICANO,,CASH,,,₱70.00,,,₱0.00,₱70.00,
,,,,,,,,,,,₱0.00,₱0.00,
"November 8, 2025",,Marco Brand,CAFE LATTE,,CASH,,,₱80.00,,,₱0.00,₱80.00,
"November 8, 2025",,Marco Brand,CAFE LATTE,,CASH,,,₱80.00,,,₱0.00,₱80.00,
"November 8, 2025",,Kate Ramada,COOKIES CHOCO CHIP,,CARD PAYMENT,,,,,,₱0.00,₱0.00,
"November 8, 2025",,Kate Ramada,COOKIES WALNUT,,CARD PAYMENT,,,,,,₱0.00,₱0.00,
"November 8, 2025",,Kate Ramada,COOKIES WALNUT,,CARD PAYMENT,,,,,,₱0.00,₱0.00,
"November 8, 2025",,Kate Ramada,CAFE LATTE,,CARD PAYMENT,,,₱80.00,,,₱0.00,₱80.00,
"November 8, 2025",,Kate Ramada,CAFE LATTE,,CARD PAYMENT,,,₱80.00,,,₱0.00,₱80.00,
"November 8, 2025",,Maam Gia,BAHN MI ,,C/O GIA,,,,,,₱0.00,₱0.00,
"November 8, 2025",,Maam Gia,BAHN MI ,,C/O GIA,,,,,,₱0.00,₱0.00,
"November 8, 2025",,Maam Gia,SHOYU TONKATSU RAMEN,,C/O GIA,,,₱120.00,,,₱0.00,₱120.00,
"November 8, 2025",,Maam Gia,CHEESE RAMEN,,C/O GIA,,,₱150.00,,,₱0.00,₱150.00,
"November 8, 2025",,Maam Gia,CHEESE RAMEN,,C/O GIA,,,₱150.00,,,₱0.00,₱150.00,
"November 8, 2025",,Beth Yamzon,COOKIES CHOCO CHIP,,CASH,,,,,,₱0.00,₱0.00,
"November 8, 2025",,Beth Yamzon,JIN SPICY,,CASH,,,₱150.00,,,₱0.00,₱150.00,
"November 8, 2025",,Beth Yamzon,CHEESE RAMEN,,CASH,,,₱150.00,,,₱0.00,₱150.00,
"November 8, 2025",,Shakira Gole,SHOYU TONKATSU RAMEN,,GCASH,,,₱120.00,,,₱0.00,₱120.00,
"November 8, 2025",,Shakira Gole,SAMGYUP BOWL,,GCASH,,,,,,₱0.00,₱0.00,
"November 8, 2025",,Shakira Gole,Iced Coffee,,GCASH,,,₱80.00,,,₱0.00,₱80.00,
"November 8, 2025",,Shakira Gole,SAMGYUP - ADD ON,,GCASH,,,,,,₱0.00,₱0.00,
"November 8, 2025",,wax Ramirez,COOKIES CHOCO CHIP,,GCASH,,,,,,₱0.00,₱0.00,
"November 8, 2025",,James Tan ,JIN MILD ,,GCASH,,,₱150.00,,,₱0.00,₱150.00,
"November 8, 2025",,James Tan ,FISH CAKE - ADD ON ,,GCASH,,,,,,₱0.00,₱0.00,
"November 8, 2025",,James Tan ,EGG - ADD ON ,,GCASH,,,,,,₱0.00,₱0.00,
"November 8, 2025",,James Tan ,FISH CAKE - ADD ON ,,GCASH,,,,,,₱0.00,₱0.00,
"November 8, 2025",,James Tan ,EGG - ADD ON ,,GCASH,,,,,,₱0.00,₱0.00,
"November 8, 2025",,James Tan ,SAMGYUP - ADD ON,,GCASH,,,,,,₱0.00,₱0.00,
"November 8, 2025",,James Tan ,HOT CHOC-NUT SYPHON,,GCASH,,,,,,₱0.00,₱0.00,
"November 8, 2025",,Joshua Coronel,COOKIES WALNUT,,CASH,,,,,,₱0.00,₱0.00,
"November 8, 2025",,Ana Jimenez,NACHOS,,CASH,,,₱120.00,,,₱0.00,₱120.00,
"November 8, 2025",,Ana Jimenez,FRENCH FRIES,,CASH,,,₱60.00,,,₱0.00,₱60.00,
"November 8, 2025",,Ana Jimenez,COKE REGULAR ,,CASH,,,₱50.00,,,₱0.00,₱50.00,
,,,,,,,,,,,₱0.00,₱0.00,
November 9 2025,,Christel Pangan,ADOBO FLAKES ,,MEMBERSHIP,,,,,,₱0.00,₱0.00,
November 9 2025,,Christel Pangan,CAFE LATTE,,GCASH,,,₱80.00,,,₱0.00,₱80.00,
November 9 2025,,Christel Pangan,BEEF PHO,,GCASH,,,,,,₱0.00,₱0.00,
,,,,,,,,,,,₱0.00,₱0.00,
November 10 2025,,Kris Angeles,COOKIES CHOCO CHIP,,CASH,,,,,,₱0.00,₱0.00,
,,,,,,,,,,,₱0.00,₱0.00,
November 11 2025,,Engnr CJ,KOREAN BEEF TAPA,,CASH,,,,,,₱0.00,₱0.00,
November 11 2025,,Engnr CJ,BISCOFF COOKIE,,CASH,,,,,,₱0.00,₱0.00,
November 11 2025,,Engnr CJ,SHOYU TONKATSU RAMEN,,CASH,,,₱120.00,,,₱0.00,₱120.00,
November 11 2025,,Engnr CJ,CHEESE RAMEN,,CASH,,,₱150.00,,,₱0.00,₱150.00,
November 11 2025,,Cel Tayao,BEEF PHO,,CASH,,,,,,₱0.00,₱0.00,
November 11 2025,,Cel Tayao,BAHN MI ,,CASH,,,,,,₱0.00,₱0.00,
November 11 2025,,Bianca Bautista,ADOBO FLAKES ,,CASH,,,,,,₱0.00,₱0.00,
November 11 2025,,Bianca Bautista,ADOBO FLAKES ,,CASH,,,,,,₱0.00,₱0.00,
November 11 2025,,Joan Mendoza,BAHN MI ,,CARD PAYMENT,,,,,,₱0.00,₱0.00,
November 11 2025,,Joan Mendoza,BEEF PHO,,CARD PAYMENT,,,,,,₱0.00,₱0.00,
November 11 2025,,Denz Izic,Iced Coffee,,CASH,,,₱80.00,,,₱0.00,₱80.00,
November 11 2025,,Denz Izic,SAMGYUP BOWL,,CASH,,,,,,₱0.00,₱0.00,
November 11 2025,,Denz Izic,FRENCH FRIES,,CASH,,,₱60.00,,,₱0.00,₱60.00,
,,,,,,,,,,,₱0.00,₱0.00,
November 12 2025,,Mario Reyes,JIN MILD ,,MEMBERSHIP,,,₱150.00,,,₱0.00,₱0.00,
"November 12, 2025",,Krys Aniag,BEEF PHO,,CASH,,,,,,₱0.00,₱0.00,
,,,,,,,,,,,₱0.00,₱0.00,
"November 13, 2025",,Joel Cosay,JIN MILD ,,CASH,,,₱150.00,,,₱0.00,₱150.00,
"November 13, 2025",,Joel Cosay,EGG - ADD ON ,,CASH,,,,,,₱0.00,₱0.00,
"November 13, 2025",,Joel Cosay,FISH CAKE - ADD ON ,,CASH,,,,,,₱0.00,₱0.00,
"November 13, 2025",,Christel Pangan,COOKIES WALNUT,,MEMBERSHIP,,,,,,₱0.00,₱0.00,
"November 13, 2025",,Carl Lukban,CAFE LATTE,,CASH,,,₱80.00,,,₱0.00,₱80.00,
,,,,,,,,,,,₱0.00,₱0.00,
"November 14, 2025",,Jenny Esteves,COOKIES CHOCO CHIP,,CARD PAYMENT,,,,,,₱0.00,₱0.00,
"November 14, 2025",,Unilab,COOKIES CHOCO CHIP,,CARD PAYMENT,,,,,,₱0.00,₱0.00,
"November 14, 2025",,Unilab,COOKIES CHOCO CHIP,,CARD PAYMENT,,,,,,₱0.00,₱0.00,
"November 14, 2025",,Unilab,COOKIES WALNUT,,CARD PAYMENT,,,,,,₱0.00,₱0.00,
"November 14, 2025",,Unilab,FRENCH FRIES,,CARD PAYMENT,,,₱60.00,,,₱0.00,₱60.00,
"November 14, 2025",,Unilab,FRENCH FRIES,,CARD PAYMENT,,,₱60.00,,,₱0.00,₱60.00,
"November 14, 2025",,Unilab,FRENCH FRIES,,CARD PAYMENT,,,₱60.00,,,₱0.00,₱60.00,
"November 14, 2025",,Unilab,FRENCH FRIES,,CARD PAYMENT,,,₱60.00,,,₱0.00,₱60.00,
"November 14, 2025",,Unilab,FRENCH FRIES,,CARD PAYMENT,,,₱60.00,,,₱0.00,₱60.00,
"November 14, 2025",,Unilab,HONEY CHIA REFRESHER,,CARD PAYMENT,,,₱65.00,,,₱0.00,₱65.00,
"November 14, 2025",,Unilab,JASMINE TEA,,CARD PAYMENT,,,,,,₱0.00,₱0.00,
"November 14, 2025",,Unilab,LAVENDER TEA,,CARD PAYMENT,,,,,,₱0.00,₱0.00,
"November 14, 2025",,Unilab,DR. PEPPERS,,CARD PAYMENT,,,₱55.00,,,₱0.00,₱55.00,
"November 14, 2025",,Unilab,DR. PEPPERS,,CARD PAYMENT,,,₱55.00,,,₱0.00,₱55.00,
"November 14, 2025",,Unilab,DR. PEPPERS,,CARD PAYMENT,,,₱55.00,,,₱0.00,₱55.00,
"November 14, 2025",,Unilab,COKE ZERO,,CARD PAYMENT,,,₱50.00,,,₱0.00,₱50.00,
"November 14, 2025",,Unilab,COKE ZERO,,CARD PAYMENT,,,₱50.00,,,₱0.00,₱50.00,
"November 14, 2025",,Unilab,COKE ZERO,,CARD PAYMENT,,,₱50.00,,,₱0.00,₱50.00,
"November 14, 2025",,Unilab,BEEF PHO,,CARD PAYMENT,,,,,,₱0.00,₱0.00,
"November 14, 2025",,Unilab,BEEF PHO,,CARD PAYMENT,,,,,,₱0.00,₱0.00,
"November 14, 2025",,Unilab,BEEF PHO,,CARD PAYMENT,,,,,,₱0.00,₱0.00,
"November 14, 2025",,Unilab,BEEF PHO,,CARD PAYMENT,,,,,,₱0.00,₱0.00,
"November 14, 2025",,Unilab,BEEF PHO,,CARD PAYMENT,,,,,,₱0.00,₱0.00,
"November 14, 2025",,Unilab,BEEF PHO,,CARD PAYMENT,,,,,,₱0.00,₱0.00,
"November 14, 2025",,Unilab,BEEF PHO,,CARD PAYMENT,,,,,,₱0.00,₱0.00,
"November 14, 2025",,Unilab,BEEF PHO,,CARD PAYMENT,,,,,,₱0.00,₱0.00,
"November 14, 2025",,Unilab,BEEF PHO,,CARD PAYMENT,,,,,,₱0.00,₱0.00,
"November 14, 2025",,Unilab,BEEF PHO,,CARD PAYMENT,,,,,,₱0.00,₱0.00,
"November 14, 2025",,Unilab,CHICKEN WINGS,,CARD PAYMENT,,,,,,₱0.00,₱0.00,
"November 14, 2025",,Unilab,CHICKEN WINGS,,CARD PAYMENT,,,,,,₱0.00,₱0.00,
"November 14, 2025",,Unilab,CHICKEN WINGS,,CARD PAYMENT,,,,,,₱0.00,₱0.00,
"November 14, 2025",,Unilab,BAHN MI ,,CARD PAYMENT,,,,,,₱0.00,₱0.00,
"November 14, 2025",,Unilab,BULDAK CARBONARA,,CARD PAYMENT,,,₱140.00,,,₱0.00,₱140.00,
"November 14, 2025",,Unilab,BULDAK CARBONARA,,CARD PAYMENT,,,₱140.00,,,₱0.00,₱140.00,
"November 14, 2025",,Unilab,SAMGYUP BOWL,,CARD PAYMENT,,,,,,₱0.00,₱0.00,
"November 14, 2025",,Unilab,SAMGYUP BOWL,,CARD PAYMENT,,,,,,₱0.00,₱0.00,
"November 14, 2025",,Unilab,SAMGYUP BOWL,,CARD PAYMENT,,,,,,₱0.00,₱0.00,
"November 14, 2025",,Unilab,NACHOS,,CARD PAYMENT,,,₱120.00,,,₱0.00,₱120.00,
"November 14, 2025",,Unilab,NACHOS,,CARD PAYMENT,,,₱120.00,,,₱0.00,₱120.00,
"November 14, 2025",,Unilab,NACHOS,,CARD PAYMENT,,,₱120.00,,,₱0.00,₱120.00,
"November 14, 2025",,Unilab,NACHOS,,CARD PAYMENT,,,₱120.00,,,₱0.00,₱120.00,
"November 14, 2025",,Unilab,NACHOS,,CARD PAYMENT,,,₱120.00,,,₱0.00,₱120.00,
"November 14, 2025",,Unilab,NACHOS,,CARD PAYMENT,,,₱120.00,,,₱0.00,₱120.00,
"November 14, 2025",,Unilab,NACHOS,,CARD PAYMENT,,,₱120.00,,,₱0.00,₱120.00,
"November 14, 2025",,Unilab,KOREAN BEEF TAPA,,CARD PAYMENT,,,,,,₱0.00,₱0.00,
"November 14, 2025",,Unilab,KOREAN BEEF TAPA,,CARD PAYMENT,,,,,,₱0.00,₱0.00,
"November 14, 2025",,Unilab,ADOBO FLAKES ,,CARD PAYMENT,,,,,,₱0.00,₱0.00,
"November 14, 2025",,Unilab,ADOBO FLAKES ,,CARD PAYMENT,,,,,,₱0.00,₱0.00,
"November 14, 2025",,Unilab,SNAPPLE,,CARD PAYMENT,,,,,,₱0.00,₱0.00,
"November 14, 2025",,Unilab,SNAPPLE,,CARD PAYMENT,,,,,,₱0.00,₱0.00,
"November 14, 2025",,Unilab,SNAPPLE,,CARD PAYMENT,,,,,,₱0.00,₱0.00,
"November 14, 2025",,Unilab,BISCOFF COOKIE,,CARD PAYMENT,,,,,,₱0.00,₱0.00,
"November 14, 2025",,Unilab,BISCOFF COOKIE,,CARD PAYMENT,,,,,,₱0.00,₱0.00,
"November 14, 2025",,Unilab,BISCOFF COOKIE,,CARD PAYMENT,,,,,,₱0.00,₱0.00,
"November 14, 2025",,Unilab,COKE REGULAR ,,CARD PAYMENT,,,₱50.00,,,₱0.00,₱50.00,
"November 14, 2025",,Unilab,COKE REGULAR ,,CARD PAYMENT,,,₱50.00,,,₱0.00,₱50.00,
"November 14, 2025",,Unilab,CHEESE RAMEN,,CARD PAYMENT,,,₱150.00,,,₱0.00,₱150.00,
"November 14, 2025",,Unilab,CHEESE - ADD ON,,CARD PAYMENT,,,,,,₱0.00,₱0.00,
"November 14, 2025",,Unilab,FISH CAKE - ADD ON ,,CARD PAYMENT,,,,,,₱0.00,₱0.00,
"November 14, 2025",,Unilab,FISH CAKE - ADD ON ,,CARD PAYMENT,,,,,,₱0.00,₱0.00,
"November 14, 2025",,Unilab,FISH CAKE - ADD ON ,,CARD PAYMENT,,,,,,₱0.00,₱0.00,
"November 14, 2025",,Unilab,EGG - ADD ON ,,CARD PAYMENT,,,,,,₱0.00,₱0.00,
"November 14, 2025",,Unilab,EGG - ADD ON ,,CARD PAYMENT,,,,,,₱0.00,₱0.00,
"November 14, 2025",,Unilab,ADD ON - KIMCHI,,CARD PAYMENT,,,,,,₱0.00,₱0.00,
"November 14, 2025",,Unilab,SAMGYUP - ADD ON,,CARD PAYMENT,,,,,,₱0.00,₱0.00,
"November 14, 2025",,Unilab,SAMGYUP - ADD ON,,CARD PAYMENT,,,,,,₱0.00,₱0.00,
"November 14, 2025",,Unilab,SAMGYUP - ADD ON,,CARD PAYMENT,,,,,,₱0.00,₱0.00,
"November 14, 2025",,Unilab,SHOYU TONKATSU RAMEN,,CARD PAYMENT,,,₱120.00,,,₱0.00,₱120.00,
"November 14, 2025",,Unilab,SHOYU TONKATSU RAMEN,,CARD PAYMENT,,,₱120.00,,,₱0.00,₱120.00,
"November 14, 2025",,Unilab,CANADA DRY ,,CARD PAYMENT,,,₱58.00,,,₱0.00,₱58.00,
"November 14, 2025",,Unilab,CANADA DRY ,,CARD PAYMENT,,,₱58.00,,,₱0.00,₱58.00,
"November 14, 2025",,Unilab,CANADA DRY ,,CARD PAYMENT,,,₱58.00,,,₱0.00,₱58.00,
"November 14, 2025",,Unilab,Iced Coffee,,CARD PAYMENT,,,₱80.00,,,₱0.00,₱80.00,
"November 14, 2025",,Unilab,SB DOLCE FRAPPE ,,CARD PAYMENT,,,₱179.00,,,₱0.00,₱179.00,
"November 14, 2025",,Unilab,SB DOLCE FRAPPE ,,CARD PAYMENT,,,₱179.00,,,₱0.00,₱179.00,
"November 14, 2025",,Unilab,SB DOLCE FRAPPE ,,CARD PAYMENT,,,₱179.00,,,₱0.00,₱179.00,
"November 14, 2025",,Unilab,SB DOLCE FRAPPE ,,CARD PAYMENT,,,₱179.00,,,₱0.00,₱179.00,
"November 14, 2025",,Unilab,SB DOLCE FRAPPE ,,CARD PAYMENT,,,₱179.00,,,₱0.00,₱179.00,
"November 14, 2025",,Unilab,SB DOLCE FRAPPE ,,CARD PAYMENT,,,₱179.00,,,₱0.00,₱179.00,
"November 14, 2025",,Unilab,CAFE LATTE,,CARD PAYMENT,,,₱80.00,,,₱0.00,₱80.00,
"November 14, 2025",,Unilab,CAFE LATTE,,CARD PAYMENT,,,₱80.00,,,₱0.00,₱80.00,
"November 14, 2025",,Unilab,CAFE LATTE,,CARD PAYMENT,,,₱80.00,,,₱0.00,₱80.00,
"November 14, 2025",,Unilab,CAFE LATTE,,CARD PAYMENT,,,₱80.00,,,₱0.00,₱80.00,
"November 14, 2025",,Unilab,CAFE LATTE,,CARD PAYMENT,,,₱80.00,,,₱0.00,₱80.00,
"November 14, 2025",,Unilab,CAFE LATTE,,CARD PAYMENT,,,₱80.00,,,₱0.00,₱80.00,
"November 14, 2025",,Unilab,CAFE LATTE,,CARD PAYMENT,,,₱80.00,,,₱0.00,₱80.00,
"November 14, 2025",,Unilab,CAFE LATTE,,CARD PAYMENT,,,₱80.00,,,₱0.00,₱80.00,
,,,,,,,,,,,₱0.00,₱0.00,
"November 15, 2025",,Sarah Martin,BISCOFF COOKIE,,CASH,,,,,,₱0.00,₱0.00,
"November 15, 2025",,Sarah Martin,BISCOFF COOKIE,,CASH,,,,,,₱0.00,₱0.00,
"November 15, 2025",,Em Nazario,FRENCH FRIES,,GCASH,,,₱60.00,,,₱0.00,₱60.00,
"November 15, 2025",,Gerimhae Palad,BISCOFF COOKIE,,BANK TRANSFER,,,,,,₱0.00,₱0.00,
"November 15, 2025",,Gerimhae Palad,COOKIES CHOCO CHIP,,BANK TRANSFER,,,,,,₱0.00,₱0.00,
"November 15, 2025",,Table 3,SAMGYUP BOWL,,CASH,,,,,,₱0.00,₱0.00,
"November 15, 2025",,Table 3,SHOYU TONKATSU RAMEN,,CASH,,,₱120.00,,,₱0.00,₱120.00,
"November 15, 2025",,Table 3,BAHN MI ,,CASH,,,,,,₱0.00,₱0.00,
,,,,,,,,,,,₱0.00,₱0.00,
"November 16, 2025",,Maam Gia,CHEESE RAMEN,,C/O GIA,,,₱150.00,,,₱0.00,₱150.00,
"November 16, 2025",,Maam Gia,CHEESE - ADD ON,,C/O GIA,,,,,,₱0.00,₱0.00,
"November 16, 2025",,Sir JD co maam Gia,BISCOFF COOKIE,,C/O GIA,,,,,,₱0.00,₱0.00,
"November 16, 2025",,Cristina Mendez,BOTTLED WATER 500ML,,CASH,,,₱25.00,,,₱0.00,₱25.00,
"November 16, 2025",,Cristina Mendez,BOTTLED WATER 500ML,,CASH,,,₱25.00,,,₱0.00,₱25.00,
"November 16, 2025",,Jessica Liaoanag,NACHOS,,CASH,,,₱120.00,,,₱0.00,₱120.00,
"November 16, 2025",,Jessica Liaoanag,NACHOS,,CASH,,,₱120.00,,,₱0.00,₱120.00,
"November 16, 2025",,Jessica Liaoanag,FRENCH FRIES,,CASH,,,₱60.00,,,₱0.00,₱60.00,
"November 16, 2025",,Jessica Liaoanag,CAFE LATTE,,CASH,,,₱80.00,,,₱0.00,₱80.00,
"November 16, 2025",,Jessica Liaoanag,CAFE LATTE,,CASH,,,₱80.00,,,₱0.00,₱80.00,
"November 16, 2025",,Jessica Liaoanag,CAFE LATTE,,CASH,,,₱80.00,,,₱0.00,₱80.00,
"November 16, 2025",,Jessica Liaoanag,Iced Coffee,,CASH,,,₱80.00,,,₱0.00,₱80.00,
"November 16, 2025",,Jessica Liaoanag,Iced Coffee,,CASH,,,₱80.00,,,₱0.00,₱80.00,
"November 16, 2025",,Jessica Liaoanag,Iced Coffee,,CASH,,,₱80.00,,,₱0.00,₱80.00,
"November 16, 2025",,Jessica Liaoanag,HONEY CHIA REFRESHER,,CASH,,,₱65.00,,,₱0.00,₱65.00,
"November 16, 2025",,Jessica Liaoanag,HONEY CHIA REFRESHER,,CASH,,,₱65.00,,,₱0.00,₱65.00,
"November 16, 2025",,Jessica Liaoanag,CANADA DRY ,,CASH,,,₱58.00,,,₱0.00,₱58.00,
November 16 2025,,Christel Pangan,ADOBO FLAKES ,,MEMBERSHIP,,,,,,₱0.00,₱0.00,
November 16 2025,,Table 3,ADOBO FLAKES ,,CASH,,,,,,₱0.00,₱0.00,
November 16 2025,,Table 3,FRENCH FRIES,,CASH,,,₱60.00,,,₱0.00,₱60.00,
November 16 2025,,Table 3,DR. PEPPERS,,CASH,,,₱55.00,,,₱0.00,₱55.00,
November 16 2025,,Table 3,COKE REGULAR MINI,,CASH,,,,,,₱0.00,₱0.00,
November 16 2025,,John Yumul,SHOYU TONKATSU RAMEN,,CASH,,,₱120.00,,,₱0.00,₱120.00,
,,,,,,,,,,,₱0.00,₱0.00,
November 17 2025,,Table 3,CAFE LATTE,,GCASH,,,₱80.00,,,₱0.00,₱80.00,
November 17 2025,,Table 3,COKE REGULAR ,,GCASH,,,₱50.00,,,₱0.00,₱50.00,
November 17 2025,,Table 3,CHEESE RAMEN,,GCASH,,,₱150.00,,,₱0.00,₱150.00,
November 17 2025,,Table 3,SAMGYUP - ADD ON,,GCASH,,,,,,₱0.00,₱0.00,
November 17 2025,,Table 3,SAMGYUP - ADD ON,,GCASH,,,,,,₱0.00,₱0.00,
November 17 2025,,Table 3,EGG - ADD ON ,,GCASH,,,,,,₱0.00,₱0.00,
November 17 2025,,Table 3,EGG - ADD ON ,,GCASH,,,,,,₱0.00,₱0.00,
November 17 2025,,Table 3,JIN SPICY,,GCASH,,,₱150.00,,,₱0.00,₱150.00,
,,,,,,,,,,,₱0.00,₱0.00,
November 18 2025,,Jocelyn Manzano,EGG - ADD ON ,,CASH,,,,,,₱0.00,₱0.00,
November 18 2025,,Jocelyn Manzano,EGG - ADD ON ,,CASH,,,,,,₱0.00,₱0.00,
November 18 2025,,Jocelyn Manzano,EGG - ADD ON ,,CASH,,,,,,₱0.00,₱0.00,
November 18 2025,,Jocelyn Manzano,EGG - ADD ON ,,CASH,,,,,,₱0.00,₱0.00,
November 18 2025,,Jocelyn Manzano,EGG - ADD ON ,,CASH,,,,,,₱0.00,₱0.00,
November 18 2025,,Jocelyn Manzano,EGG - ADD ON ,,CASH,,,,,,₱0.00,₱0.00,
November 18 2025,,Jocelyn Manzano,HONEY CHIA REFRESHER,,CASH,,,₱65.00,,,₱0.00,₱65.00,
November 18 2025,,Jocelyn Manzano,CAFE LATTE,,CASH,,,₱80.00,,,₱0.00,₱80.00,
November 18 2025,,Jocelyn Manzano,CAFE LATTE,,CASH,,,₱80.00,,,₱0.00,₱80.00,
November 18 2025,,Table 3,SNAPPLE,,CASH,,,,,,₱0.00,₱0.00,
November 18 2025,,Dan Bautista,CAFE LATTE,,CASH,,,₱80.00,,,₱0.00,₱80.00,
,,,,,,,,,,,₱0.00,₱0.00,
"November 19, 2025",,Pol Hernandez,HOT CHOC-NUT SYPHON,,CASH,,,,,,₱0.00,₱0.00,
"November 19, 2025",,Kristel Yambao,Iced Coffee,,CASH,,,₱80.00,,,₱0.00,₱80.00,
"November 19, 2025",,Angela Marcos,BISCOFF COOKIE,,CASH,,,,,,₱0.00,₱0.00,
"November 19, 2025",,Angela Marcos,COOKIES WALNUT,,CASH,,,,,,₱0.00,₱0.00,
"November 19, 2025",,Angela Marcos,BISCOFF COOKIE,,CASH,,,,,,₱0.00,₱0.00,
"November 19, 2025",,Angela Marcos,COOKIES CHOCO CHIP,,CASH,,,,,,₱0.00,₱0.00,
"November 19, 2025",,Raymark Urquico,Iced Coffee,,CARD PAYMENT,,,₱80.00,,,₱0.00,₱80.00,
"November 19, 2025",,Raymark Urquico,Iced Coffee,,CARD PAYMENT,,,₱80.00,,,₱0.00,₱80.00,
"November 19, 2025",,Raymark Urquico,CAFE LATTE,,CARD PAYMENT,,,₱80.00,,,₱0.00,₱80.00,
"November 19, 2025",,Raymark Urquico,BISCOFF COOKIE,,CARD PAYMENT,,,,,,₱0.00,₱0.00,
"November 19, 2025",,Raymark Urquico,HONEY CHIA REFRESHER,,CARD PAYMENT,,,₱65.00,,,₱0.00,₱65.00,
"November 19, 2025",,Raymark Urquico,HONEY CHIA REFRESHER,,CARD PAYMENT,,,₱65.00,,,₱0.00,₱65.00,
"November 19, 2025",,Raymark Urquico,SHOYU TONKATSU RAMEN,,CARD PAYMENT,,,₱120.00,,,₱0.00,₱120.00,
"November 19, 2025",,Raymark Urquico,SHOYU TONKATSU RAMEN,,CARD PAYMENT,,,₱120.00,,,₱0.00,₱120.00,
"November 19, 2025",,Raymark Urquico,SHOYU TONKATSU RAMEN,,CARD PAYMENT,,,₱120.00,,,₱0.00,₱120.00,
"November 19, 2025",,Raymark Urquico,SHOYU TONKATSU RAMEN,,CARD PAYMENT,,,₱120.00,,,₱0.00,₱120.00,
"November 19, 2025",,Raymark Urquico,SHOYU TONKATSU RAMEN,,CARD PAYMENT,,,₱120.00,,,₱0.00,₱120.00,
"November 19, 2025",,Raymark Urquico,SHOYU TONKATSU RAMEN,,CARD PAYMENT,,,₱120.00,,,₱0.00,₱120.00,
"November 19, 2025",,Raymark Urquico,BULDAK CARBONARA,,CARD PAYMENT,,,₱140.00,,,₱0.00,₱140.00,
"November 19, 2025",,Raymark Urquico,CHEESE RAMEN,,CARD PAYMENT,,,₱150.00,,,₱0.00,₱150.00,
"November 19, 2025",,Raymark Urquico,JIN SPICY,,CARD PAYMENT,,,₱150.00,,,₱0.00,₱150.00,
"November 19, 2025",,Raymark Urquico,NACHOS,,CARD PAYMENT,,,₱120.00,,,₱0.00,₱120.00,
"November 19, 2025",,Raymark Urquico,NACHOS,,CARD PAYMENT,,,₱120.00,,,₱0.00,₱120.00,
"November 19, 2025",,Raymark Urquico,NACHOS,,CARD PAYMENT,,,₱120.00,,,₱0.00,₱120.00,
"November 19, 2025",,Raymark Urquico,FRENCH FRIES,,CARD PAYMENT,,,₱60.00,,,₱0.00,₱60.00,
"November 19, 2025",,Raymark Urquico,FRENCH FRIES,,CARD PAYMENT,,,₱60.00,,,₱0.00,₱60.00,
"November 19, 2025",,Raymark Urquico,FRENCH FRIES,,CARD PAYMENT,,,₱60.00,,,₱0.00,₱60.00,
"November 19, 2025",,Raymark Urquico,FRENCH FRIES,,CARD PAYMENT,,,₱60.00,,,₱0.00,₱60.00,
"November 19, 2025",,Raymark Urquico,FRENCH FRIES,,CARD PAYMENT,,,₱60.00,,,₱0.00,₱60.00,
"November 19, 2025",,Raymark Urquico,FRENCH FRIES,,CARD PAYMENT,,,₱60.00,,,₱0.00,₱60.00,
"November 19, 2025",,Raymark Urquico,COKE REGULAR ,,CARD PAYMENT,,,₱50.00,,,₱0.00,₱50.00,
"November 19, 2025",,Sheryl Alonzo,SAMGYUP BOWL,,BANK TRANSFER,,,,,,₱0.00,₱0.00,
"November 19, 2025",,Sheryl Alonzo,COKE REGULAR ,,BANK TRANSFER,,,₱50.00,,,₱0.00,₱50.00,
"November 19, 2025",,Joyce Pondang,BOTTLED WATER 500ML,,CASH,,,₱25.00,,,₱0.00,₱25.00,
,,,,,,,,,,,₱0.00,₱0.00,
"November 20, 2025",,Trish Vitug,BROOKIES,,CASH,,,,,,₱0.00,₱0.00,
"November 20, 2025",,Mario Reyes,JIN MILD ,,CASH,,,₱150.00,,,₱0.00,₱150.00,
"November 20, 2025",,Mario Reyes,JIN MILD ,,MEMBERSHIP,,,₱150.00,,,₱0.00,₱0.00,
"November 20, 2025",,Mario Reyes,CAFE LATTE,,MEMBERSHIP,,,₱80.00,,,₱0.00,₱0.00,
"November 20, 2025",,Mario Reyes,CAFE LATTE,,CASH,,,₱80.00,,,₱0.00,₱80.00,
"November 20, 2025",,Mario Reyes,CAFE LATTE,,CASH,,,₱80.00,,,₱0.00,₱80.00,
"November 20, 2025",,Mario Reyes,JIN MILD ,,CASH,,,₱150.00,,,₱0.00,₱150.00,
"November 20, 2025",,Ann,COKE REGULAR MINI,,CASH,,,,,,₱0.00,₱0.00,
,,,,,,,,,,,₱0.00,₱0.00,
"November 21, 2025",,Christel Pangan,BROOKIES,,MEMBERSHIP,,,,,,₱0.00,₱0.00,
"November 21, 2025",,Katy Yap,COOKIES CHOCO CHIP,,CASH,,,,,,₱0.00,₱0.00,
"November 21, 2025",,Katy Yap,CAFE LATTE,,CASH,,,₱80.00,,,₱0.00,₱80.00,
"November 21, 2025",,Katy Yap,LAVENDER TEA,,CASH,,,,,,₱0.00,₱0.00,
"November 21, 2025",,Mary Grace Gan,FRENCH FRIES,,CASH,,,₱60.00,,,₱0.00,₱60.00,
"November 21, 2025",,Mary Grace Gan,CAFE LATTE,,CASH,,,₱80.00,,,₱0.00,₱80.00,
"November 21, 2025",,Ma. Victoria Enriquez,FRENCH FRIES,,CASH,,,₱60.00,,,₱0.00,₱60.00,
"November 21, 2025",,Ma. Victoria Enriquez,SHOYU TONKATSU RAMEN,,CASH,,,₱120.00,,,₱0.00,₱120.00,
"November 21, 2025",,Nonito Junno,BISCOFF COOKIE,,CASH,,,,,,₱0.00,₱0.00,
,,,,,,,,,,,₱0.00,₱0.00,
"November 22, 2025",,Leah,BULDAK CARBONARA,EMPLOYEE DISCOUNT,,,,₱140.00,,,₱0.00,₱140.00,
"November 22, 2025",,Leah,EGG - ADD ON ,EMPLOYEE DISCOUNT,,,,,,,₱0.00,₱0.00,
"November 22, 2025",,Leah,EGG - ADD ON ,EMPLOYEE DISCOUNT,,,,,,,₱0.00,₱0.00,
"November 22, 2025",,Leah,JIN MILD ,EMPLOYEE DISCOUNT,,,,₱150.00,,,₱0.00,₱150.00,
"November 22, 2025",,Leah,COOKIES WALNUT,EMPLOYEE DISCOUNT,,,,,,,₱0.00,₱0.00,
"November 22, 2025",,Leah,FRENCH FRIES,EMPLOYEE DISCOUNT,,,,₱60.00,,,₱0.00,₱60.00,
"November 22, 2025",,Leah,BISCOFF COOKIE,EMPLOYEE DISCOUNT,,,,,,,₱0.00,₱0.00,
"November 22, 2025",,Leah,COKE REGULAR ,EMPLOYEE DISCOUNT,,,,₱50.00,,,₱0.00,₱50.00,
"November 22, 2025",,Leah,SNAPPLE,EMPLOYEE DISCOUNT,,,,,,,₱0.00,₱0.00,
"November 22, 2025",,Leah,C2,EMPLOYEE DISCOUNT,,,,₱20.00,,,₱0.00,₱20.00,
"November 22, 2025",,Leah,BULDAK CARBONARA,EMPLOYEE DISCOUNT,,,,₱140.00,,,₱0.00,₱140.00,
"November 22, 2025",,John Yumul,SHOYU TONKATSU RAMEN,,CASH,,,₱120.00,,,₱0.00,₱120.00,
"November 22, 2025",,John Yumul,SHOYU TONKATSU RAMEN,,CASH,,,₱120.00,,,₱0.00,₱120.00,
"November 22, 2025",,John Yumul,SHOYU TONKATSU RAMEN,,CASH,,,₱120.00,,,₱0.00,₱120.00,
"November 22, 2025",,John Yumul,SHOYU TONKATSU RAMEN,,CASH,,,₱120.00,,,₱0.00,₱120.00,
"November 22, 2025",,John Yumul,BROOKIES,,CASH,,,,,,₱0.00,₱0.00,
"November 22, 2025",,John Yumul,FISH CAKE - ADD ON ,,CASH,,,,,,₱0.00,₱0.00,
"November 22, 2025",,John Yumul,FISH CAKE - ADD ON ,,CASH,,,,,,₱0.00,₱0.00,
"November 22, 2025",,John Yumul,SAMGYUP - ADD ON,,CASH,,,,,,₱0.00,₱0.00,
"November 22, 2025",,John Yumul,SAMGYUP - ADD ON,,CASH,,,,,,₱0.00,₱0.00,
"November 22, 2025",,John Yumul,SAMGYUP - ADD ON,,CASH,,,,,,₱0.00,₱0.00,
"November 22, 2025",,John Yumul,SAMGYUP - ADD ON,,CASH,,,,,,₱0.00,₱0.00,
"November 22, 2025",,John Yumul,HONEY CHIA REFRESHER,,CASH,,,₱65.00,,,₱0.00,₱65.00,
"November 22, 2025",,John Yumul,HONEY CHIA REFRESHER,,CASH,,,₱65.00,,,₱0.00,₱65.00,
"November 22, 2025",,John Yumul,CAFE LATTE,,CASH,,,₱80.00,,,₱0.00,₱80.00,
"November 22, 2025",,hope Javier,NACHOS,,CASH,,,₱120.00,,,₱0.00,₱120.00,
"November 22, 2025",,hope Javier,FRENCH FRIES,,CASH,,,₱60.00,,,₱0.00,₱60.00,
"November 22, 2025",,hope Javier,CAFE LATTE,,CASH,,,₱80.00,,,₱0.00,₱80.00,
"November 22, 2025",,hope Javier,LAVENDER TEA,,CASH,,,,,,₱0.00,₱0.00,
"November 22, 2025",,hope Javier,BULDAK CARBONARA,,CASH,,,₱140.00,,,₱0.00,₱140.00,
"November 22, 2025",,hope Javier,EGG - ADD ON ,,CASH,,,,,,₱0.00,₱0.00,
"November 22, 2025",,hope Javier,JIN MILD ,,CASH,,,₱150.00,,,₱0.00,₱150.00,
"November 22, 2025",,hope Javier,BULDAK CARBONARA,,CASH,,,₱140.00,,,₱0.00,₱140.00,
"November 22, 2025",,hope Javier,BULDAK CARBONARA,,CASH,,,₱140.00,,,₱0.00,₱140.00,
"November 22, 2025",,hope Javier,BROOKIES,,CASH,,,,,,₱0.00,₱0.00,
"November 22, 2025",,hope Javier,BISCOFF COOKIE,,CASH,,,,,,₱0.00,₱0.00,
"November 22, 2025",,Ernest Kyle Agay,COOKIES CHOCO CHIP,,CASH,,,,,,₱0.00,₱0.00,
"November 22, 2025",,Ernest Kyle Agay,BROOKIES,,CASH,,,,,,₱0.00,₱0.00,
"November 22, 2025",,Ernest Kyle Agay,COKE REGULAR ,,CASH,,,₱50.00,,,₱0.00,₱50.00,
"November 22, 2025",,Clarence Moratal,JIN MILD ,,CASH,,,₱150.00,,,₱0.00,₱150.00,
"November 22, 2025",,Clarence Moratal,FISH CAKE - ADD ON ,,CASH,,,,,,₱0.00,₱0.00,
"November 22, 2025",,Table 2,BISCOFF COOKIE,,CASH,,,,,,₱0.00,₱0.00,
"November 22, 2025",,Andrea Abusn,BISCOFF COOKIE,,CASH,,,,,,₱0.00,₱0.00,
"November 22, 2025",,Andrea Abusn,COOKIES CHOCO CHIP,,CASH,,,,,,₱0.00,₱0.00,
"November 22, 2025",,Gracie Leslie Bengga,FISH CAKE - ADD ON ,,CASH,,,,,,₱0.00,₱0.00,
"November 22, 2025",,Gracie Leslie Bengga,CHEESE - ADD ON,,CASH,,,,,,₱0.00,₱0.00,
"November 22, 2025",,Gracie Leslie Bengga,BULDAK CARBONARA,,CASH,,,₱140.00,,,₱0.00,₱140.00,
"November 22, 2025",,Gracie Leslie Bengga,BISCOFF COOKIE,,CASH,,,,,,₱0.00,₱0.00,
"November 22, 2025",,Roel Arellano,CANADA DRY ,,CASH,,,₱58.00,,,₱0.00,₱58.00,
"November 22, 2025",,Jhirro Santos,COOKIES CHOCO CHIP,,BIRTHDAY TREAT,,,,,,₱0.00,₱0.00,
,,,,,,,,,,,₱0.00,₱0.00,
"November 23, 2025",,Table 1,LAVENDER TEA,,CASH,,,,,,₱0.00,₱0.00,
"November 23, 2025",,Chris Santiago,EGG - ADD ON ,,CASH,,,,,,₱0.00,₱0.00,
"November 23, 2025",,Chris Santiago,CHEESE RAMEN,,CASH,,,₱150.00,,,₱0.00,₱150.00,
"November 23, 2025",,Chris Santiago,BULDAK CARBONARA,,CASH,,,₱140.00,,,₱0.00,₱140.00,
"November 23, 2025",,Chris Santiago,BEEF PHO,,CASH,,,,,,₱0.00,₱0.00,
"November 23, 2025",,Manilyn Yap,CHEESE - ADD ON,,CASH,,,,,,₱0.00,₱0.00,
"November 23, 2025",,Manilyn Yap,CHEESE - ADD ON,,CASH,,,,,,₱0.00,₱0.00,
"November 23, 2025",,Manilyn Yap,EGG - ADD ON ,,CASH,,,,,,₱0.00,₱0.00,
"November 23, 2025",,Manilyn Yap,EGG - ADD ON ,,CASH,,,,,,₱0.00,₱0.00,
"November 23, 2025",,Manilyn Yap,FISH CAKE - ADD ON ,,CASH,,,,,,₱0.00,₱0.00,
"November 23, 2025",,Manilyn Yap,ADD ON - KIMCHI,,CASH,,,,,,₱0.00,₱0.00,
"November 23, 2025",,Manilyn Yap,ADD ON - KIMCHI,,CASH,,,,,,₱0.00,₱0.00,
"November 23, 2025",,Manilyn Yap,SAMGYUP - ADD ON,,CASH,,,,,,₱0.00,₱0.00,
"November 23, 2025",,Manilyn Yap,SAMGYUP - ADD ON,,CASH,,,,,,₱0.00,₱0.00,
"November 23, 2025",,Manilyn Yap,JIN MILD ,,CASH,,,₱150.00,,,₱0.00,₱150.00,
"November 23, 2025",,Manilyn Yap,JIN MILD ,,CASH,,,₱150.00,,,₱0.00,₱150.00,
"November 23, 2025",,Cath simon,FRENCH FRIES,,GCASH,,,₱60.00,,,₱0.00,₱60.00,
"November 23, 2025",,Mark Domingo,CHEESE - ADD ON,,CASH,,,,,,₱0.00,₱0.00,
"November 23, 2025",,Mark Domingo,EGG - ADD ON ,,CASH,,,,,,₱0.00,₱0.00,
"November 23, 2025",,Mark Domingo,FISH CAKE - ADD ON ,,CASH,,,,,,₱0.00,₱0.00,
"November 23, 2025",,Mark Domingo,ADD ON - KIMCHI,,CASH,,,,,,₱0.00,₱0.00,
"November 23, 2025",,Mark Domingo,SAMGYUP - ADD ON,,CASH,,,,,,₱0.00,₱0.00,
"November 23, 2025",,Mark Domingo,JIN MILD ,,CASH,,,₱150.00,,,₱0.00,₱150.00,
"November 23, 2025",,Mark Domingo,JIN SPICY,,CASH,,,₱150.00,,,₱0.00,₱150.00,
,,,,,,,,,,,₱0.00,₱0.00,
"November 24, 2025",,Alcon Mendoza,BAHN MI ,,GCASH,,,,,,₱0.00,₱0.00,
"November 24, 2025",,Alcon Mendoza,BEEF PHO,,GCASH,,,,,,₱0.00,₱0.00,
"November 24, 2025",,Alcon Mendoza,ADOBO FLAKES ,,GCASH,,,,,,₱0.00,₱0.00,
"November 24, 2025",,Nikole Yco,BEEF PHO,,QR AUB,,,,,,₱0.00,₱0.00,
"November 24, 2025",,Chester Valenzuela,FRENCH FRIES,,CARD PAYMENT,,,₱60.00,,,₱0.00,₱60.00,
"November 24, 2025",,Table 4,FRENCH FRIES,,CASH,,,₱60.00,,,₱0.00,₱60.00,
"November 24, 2025",,Table 5,CHEESE RAMEN,,CASH,,,₱150.00,,,₱0.00,₱150.00,
"November 24, 2025",,Table 6,HOT CHOC-NUT SYPHON,,CASH,,,,,,₱0.00,₱0.00,
"November 24, 2025",,Patrick Pineda,BOTTLED WATER 500ML,,QR AUB,,,₱25.00,,,₱0.00,₱25.00,
"November 24, 2025",,Ruchiel Reyes,JIN MILD ,,CASH,,,₱150.00,,,₱0.00,₱150.00,
"November 24, 2025",,Ruchiel Reyes,CANADA DRY ,,CASH,,,₱58.00,,,₱0.00,₱58.00,
"November 24, 2025",,Ruchiel Reyes,CHEESE RAMEN,,CASH,,,₱150.00,,,₱0.00,₱150.00,
"November 24, 2025",,Ruchiel Reyes,EGG - ADD ON ,,CASH,,,,,,₱0.00,₱0.00,
"November 24, 2025",,Ruchiel Reyes,FISH CAKE - ADD ON ,,CASH,,,,,,₱0.00,₱0.00,
"November 24, 2025",,Ruchiel Reyes,ADD ON - KIMCHI,,CASH,,,,,,₱0.00,₱0.00,
"November 24, 2025",,Ruchiel Reyes,NACHOS,,CASH,,,₱120.00,,,₱0.00,₱120.00,
,,,,,,,,,,,₱0.00,₱0.00,
"November 25, 2025",,Mylene Aguello,COOKIES CHOCO CHIP,,CASH,,,,,,₱0.00,₱0.00,
"November 25, 2025",,Mylene Aguello,COOKIES CHOCO CHIP,,CASH,,,,,,₱0.00,₱0.00,
"November 25, 2025",,Mylene Aguello,BEEF PHO,,CASH,,,,,,₱0.00,₱0.00,
"November 25, 2025",,Mylene Aguello,BEEF PHO,,CASH,,,,,,₱0.00,₱0.00,
"November 25, 2025",,Mylene Aguello,KOREAN BEEF TAPA,,CASH,,,,,,₱0.00,₱0.00,
"November 25, 2025",,Mylene Aguello,SAMGYUP BOWL,,CASH,,,,,,₱0.00,₱0.00,
"November 25, 2025",,Mylene Aguello,SAMGYUP BOWL,,CASH,,,,,,₱0.00,₱0.00,
"November 25, 2025",,Mylene Aguello,SAMGYUP BOWL,,CASH,,,,,,₱0.00,₱0.00,
"November 25, 2025",,Mylene Aguello,ADOBO FLAKES ,,CASH,,,,,,₱0.00,₱0.00,
"November 25, 2025",,Mylene Aguello,ZARU SOBA,,CASH,,,₱150.00,,,₱0.00,₱150.00,
"November 25, 2025",,Mylene Aguello,JIN SPICY,,CASH,,,₱150.00,,,₱0.00,₱150.00,
"November 25, 2025",,Mylene Aguello,SAMGYUP - ADD ON,,CASH,,,,,,₱0.00,₱0.00,
"November 25, 2025",,Mylene Aguello,EGG - ADD ON ,,CASH,,,,,,₱0.00,₱0.00,
"November 25, 2025",,Mylene Aguello,EGG - ADD ON ,,CASH,,,,,,₱0.00,₱0.00,
"November 25, 2025",,Mylene Aguello,EGG - ADD ON ,,CASH,,,,,,₱0.00,₱0.00,
"November 25, 2025",,Mylene Aguello,BULDAK CARBONARA,,CASH,,,₱140.00,,,₱0.00,₱140.00,
"November 25, 2025",,Mylene Aguello,COKE ZERO,,CASH,,,₱50.00,,,₱0.00,₱50.00,
"November 25, 2025",,Mylene Aguello,DR. PEPPERS,,CASH,,,₱55.00,,,₱0.00,₱55.00,
"November 25, 2025",,Mylene Aguello,AMERICANO,,CASH,,,₱70.00,,,₱0.00,₱70.00,
"November 25, 2025",,Mylene Aguello,COOKIES CHOCO CHIP,,CASH,,,,,,₱0.00,₱0.00,
"November 25, 2025",,Mylene Aguello,BROOKIES,,CASH,,,,,,₱0.00,₱0.00,
"November 25, 2025",,Mylene Aguello,BISCOFF COOKIE,,CASH,,,,,,₱0.00,₱0.00,
"November 25, 2025",,Abigail baldomero,JIN MILD ,,CASH,,,₱150.00,,,₱0.00,₱150.00,
"November 25, 2025",,Abigail baldomero,CHEESE RAMEN,,CASH,,,₱150.00,,,₱0.00,₱150.00,
"November 25, 2025",,Abigail baldomero,EGG - ADD ON ,,CASH,,,,,,₱0.00,₱0.00,
"November 25, 2025",,Abigail baldomero,EGG - ADD ON ,,CASH,,,,,,₱0.00,₱0.00,
"November 25, 2025",,Abigail baldomero,EGG - ADD ON ,,CASH,,,,,,₱0.00,₱0.00,
"November 25, 2025",,Abigail baldomero,SAMGYUP - ADD ON,,CASH,,,,,,₱0.00,₱0.00,
"November 25, 2025",,Abigail baldomero,COKE ZERO,,CASH,,,₱50.00,,,₱0.00,₱50.00,
"November 25, 2025",,Abigail baldomero,CANADA DRY ,,CASH,,,₱58.00,,,₱0.00,₱58.00,
"November 25, 2025",,Vince,BAHN MI ,,CASH,,,,,,₱0.00,₱0.00,
"November 25, 2025",,Vince,SAMGYUP BOWL,,CASH,,,,,,₱0.00,₱0.00,
"November 25, 2025",,Vince,COKE REGULAR ,,CASH,,,₱50.00,,,₱0.00,₱50.00,
"November 25, 2025",,Table 3,BULDAK CARBONARA,,CASH,,,₱140.00,,,₱0.00,₱140.00,
"November 25, 2025",,Table 3,EGG - ADD ON ,,CASH,,,,,,₱0.00,₱0.00,
"November 25, 2025",,Table 3,EGG - ADD ON ,,CASH,,,,,,₱0.00,₱0.00,
"November 25, 2025",,Table 3,FISH CAKE - ADD ON ,,CASH,,,,,,₱0.00,₱0.00,
"November 25, 2025",,Table 3,FISH CAKE - ADD ON ,,CASH,,,,,,₱0.00,₱0.00,
,,,,,,,,,,,₱0.00,₱0.00,
"November 26, 2025",,Leah,C2,,CASH,,,₱20.00,,,₱0.00,₱20.00,
,,,,,,,,,,,₱0.00,₱0.00,
"November 27, 2025",,Rhea Estrella ,COOKIES CHOCO CHIP,,BIRTHDAY TREAT,,,,,,₱0.00,₱0.00,
"November 27, 2025",,Rhea Estrella ,JIN SPICY,,CASH,,,₱150.00,,,₱0.00,₱150.00,
"November 27, 2025",,Rhea Estrella ,NACHOS,,CASH,,,₱120.00,,,₱0.00,₱120.00,
"November 27, 2025",,Rhea Estrella ,EGG - ADD ON ,,CASH,,,,,,₱0.00,₱0.00,
"November 27, 2025",,Rhea Estrella ,EGG - ADD ON ,,CASH,,,,,,₱0.00,₱0.00,
,,,,,,,,,,,₱0.00,₱0.00,
"November 28, 2025",,eric Pan,SNAPPLE,,CASH,,,,,,₱0.00,₱0.00,
"November 28, 2025",,Table 4,BEEF PHO,,CASH,,,,,,₱0.00,₱0.00,
"November 28, 2025",,Table 4,ADOBO FLAKES ,,CASH,,,,,,₱0.00,₱0.00,
"November 28, 2025",,Table 4,SAMGYUP BOWL,,CASH,,,,,,₱0.00,₱0.00,
"November 28, 2025",,Table 4,C2,,CASH,,,₱20.00,,,₱0.00,₱20.00,
"November 28, 2025",,Ron Castro,CANADA DRY ,,CASH,,,₱58.00,,,₱0.00,₱58.00,
"November 28, 2025",,Ron Castro,DR. PEPPERS,,CASH,,,₱55.00,,,₱0.00,₱55.00,
"November 28, 2025",,Ron Castro,SAMGYUP BOWL,,CASH,,,,,,₱0.00,₱0.00,
"November 28, 2025",,Ron Castro,SHOYU TONKATSU RAMEN,,CASH,,,₱120.00,,,₱0.00,₱120.00,
"November 28, 2025",,Lyla Garcia,BEEF PHO,,CASH,,,,,,₱0.00,₱0.00,
"November 28, 2025",,Lyla Garcia,SAMGYUP BOWL,,CASH,,,,,,₱0.00,₱0.00,
"November 28, 2025",,Lyla Garcia,Iced Coffee,,CASH,,,₱80.00,,,₱0.00,₱80.00,
"November 28, 2025",,Lyla Garcia,LAVENDER TEA,,CASH,,,,,,₱0.00,₱0.00,
"November 28, 2025",,Christel Pangan,ADOBO FLAKES ,,MEMBERSHIP,,,,,,₱0.00,₱0.00,
"November 28, 2025",,Kenneth,EGG - ADD ON ,,CASH,,,,,,₱0.00,₱0.00,
"November 28, 2025",,Kenneth,EGG - ADD ON ,,CASH,,,,,,₱0.00,₱0.00,
"November 28, 2025",,Jona,C2,,CASH,,,₱20.00,,,₱0.00,₱20.00,
"November 28, 2025",,Micheal Reyes,JIN MILD ,,MEMBERSHIP,,,₱150.00,,,₱0.00,₱0.00,
"November 28, 2025",,Micheal Reyes,FRENCH FRIES,,MEMBERSHIP,,,₱60.00,,,₱0.00,₱0.00,
"November 28, 2025",,Micheal Reyes,LAVENDER TEA,,MEMBERSHIP,,,,,,₱0.00,₱0.00,
"November 28, 2025",,Micheal Reyes,LAVENDER TEA,,MEMBERSHIP,,,,,,₱0.00,₱0.00,
"November 28, 2025",,Sofia roxas,BROOKIES,,QR AUB,,,,,,₱0.00,₱0.00,
"November 28, 2025",,Kim Quetua,CHEESE RAMEN,,MEMBERSHIP,,,₱150.00,,,₱0.00,₱0.00,
"November 28, 2025",,Kim Quetua,CHEESE RAMEN,,MEMBERSHIP,,,₱150.00,,,₱0.00,₱0.00,
,,,,,,,,,,,₱0.00,₱0.00,
"November 29, 2025",,Vivian,AMERICANO,,CASH,,,₱70.00,,,₱0.00,₱70.00,
"November 29, 2025",,Geonell Dela Cruz,DR. PEPPERS,,CASH,,,₱55.00,,,₱0.00,₱55.00,
"November 29, 2025",,Geonell Dela Cruz,Iced Coffee,,CASH,,,₱80.00,,,₱0.00,₱80.00,
"November 29, 2025",,Nino Lopez,FRENCH FRIES,,CASH,,,₱60.00,,,₱0.00,₱60.00,
"November 29, 2025",,Nicole YB,BULDAK CARBONARA,,CASH,,,₱140.00,,,₱0.00,₱140.00,
"November 29, 2025",,Nicole YB,CHEESE - ADD ON,,CASH,,,,,,₱0.00,₱0.00,
"November 29, 2025",,Nicole YB,FRENCH FRIES,,CASH,,,₱60.00,,,₱0.00,₱60.00,
"November 29, 2025",,Nicole YB,FRENCH FRIES,,CASH,,,₱60.00,,,₱0.00,₱60.00,
"November 29, 2025",,Table 3,JIN MILD ,,CASH,,,₱150.00,,,₱0.00,₱150.00,
"November 29, 2025",,Table 3,CHEESE RAMEN,,CASH,,,₱150.00,,,₱0.00,₱150.00,
"November 29, 2025",,Table 3,ADD ON - KIMCHI,,CASH,,,,,,₱0.00,₱0.00,
"November 29, 2025",,Patrick Vistan,BULDAK CARBONARA,,PAYMAYA,,,₱140.00,,,₱0.00,₱140.00,
"November 29, 2025",,Patrick Vistan,BULDAK CARBONARA,,PAYMAYA,,,₱140.00,,,₱0.00,₱140.00,
"November 29, 2025",,Patrick Vistan,EGG - ADD ON ,,PAYMAYA,,,,,,₱0.00,₱0.00,
"November 29, 2025",,Patrick Vistan,EGG - ADD ON ,,PAYMAYA,,,,,,₱0.00,₱0.00,
"November 29, 2025",,Alfie Pascual,ADOBO FLAKES ,,CASH,,,,,,₱0.00,₱0.00,
"November 29, 2025",,Alfie Pascual,ADOBO FLAKES ,,CASH,,,,,,₱0.00,₱0.00,
"November 29, 2025",,Alfie Pascual,ADD ON - KIMCHI,,CASH,,,,,,₱0.00,₱0.00,
"November 29, 2025",,Alfie Pascual,BISCOFF COOKIE,,CASH,,,,,,,,
"November 29, 2025",,Grachelle Gallardo,NACHOS,,CASH,,,,,,,,
"November 29, 2025",,Grachelle Gallardo,Iced Coffee,,CASH,,,,,,,,
"November 29, 2025",,Grachelle Gallardo,BULDAK CARBONARA,,CASH,,,,,,,,
"November 29, 2025",,Chloe Anne Devera,Iced Coffee,,CASH,,,,,,,,
"November 29, 2025",,Gracie Denaga,BULDAK CARBONARA,,CASH,,,,,,,,
"November 29, 2025",,Gracie Denaga,BULDAK CARBONARA,,CASH,,,,,,,,
"November 29, 2025",,Gracie Denaga,BULDAK CARBONARA,,CASH,,,,,,,,
"November 29, 2025",,Gracie Denaga,CHEESE - ADD ON,,CASH,,,,,,,,
"November 29, 2025",,Gracie Denaga,CHEESE - ADD ON,,CASH,,,,,,,,
"November 29, 2025",,Gracie Denaga,CHEESE - ADD ON,,CASH,,,,,,,,
"November 29, 2025",,Gracie Denaga,FISH CAKE - ADD ON ,,CASH,,,,,,,,
"November 29, 2025",,Gracie Denaga,FISH CAKE - ADD ON ,,CASH,,,,,,,,
"November 29, 2025",,Gracie Denaga,FISH CAKE - ADD ON ,,CASH,,,,,,,,
"November 29, 2025",,Gracie Denaga,SAMGYUP - ADD ON,,CASH,,,,,,,,
"November 29, 2025",,Gracie Denaga,BISCOFF COOKIE,,CASH,,,,,,,,
"November 29, 2025",,Gracie Denaga,LAVENDER TEA,,CASH,,,,,,,,
"November 29, 2025",,Gracie Denaga,C2,,CASH,,,,,,,,
"November 29, 2025",,Gracie Denaga,C2,,CASH,,,,,,,,
,,,,,,,,,,,,,
"November 30, 2025",,Michaella Valerio,CHEESE RAMEN,,CASH,,,,,,,,
"November 30, 2025",,Michaella Valerio,JIN SPICY,,CASH,,,,,,,,
"November 30, 2025",,Michaella Valerio,EGG - ADD ON ,,CASH,,,,,,,,
"November 30, 2025",,Michaella Valerio,JIN MILD ,,CASH,,,,,,,,
"November 30, 2025",,Michaella Valerio,EGG - ADD ON ,,CASH,,,,,,,,
"November 30, 2025",,Michaella Valerio,EGG - ADD ON ,,CASH,,,,,,,,
"November 30, 2025",,Michaella Valerio,SAMGYUP - ADD ON,,CASH,,,,,,,,
"November 30, 2025",,Michaella Valerio,SAMGYUP - ADD ON,,CASH,,,,,,,,
"November 30, 2025",,Michaella Valerio,SAMGYUP - ADD ON,,CASH,,,,,,,,
"November 30, 2025",,Suzeth De Guzman,FRENCH FRIES,,GCASH,,,,,,,,
"November 30, 2025",,Christel Pangan,COOKIES CHOCO CHIP,,MEMBERSHIP,,,,,,,,
"November 30, 2025",,John Eric Yumul,FRENCH FRIES,,CASH,,,,,,,,
"November 30, 2025",,John Eric Yumul,FRENCH FRIES,,CASH,,,,,,,,
"November 30, 2025",,John Eric Yumul,C2,,CASH,,,,,,,,
"November 30, 2025",,Michelle,FRENCH FRIES,,CASH,,,,,,,,
"November 30, 2025",,Leah,C2,,CASH,,,,,,,,
"November 30, 2025",,Leah,C2,,CASH,,,,,,,,
,,,,,,,,,,,,,
"December 1, 2025",,Ash,EGG - ADD ON ,,CASH,,,,,,,,
"December 1, 2025",,Ash,EGG - ADD ON ,,CASH,,,,,,,,
"December 1, 2025",,Ash,EGG - ADD ON ,,CASH,,,,,,,,
"December 1, 2025",,Mae Bunca,BULDAK CARBONARA,,GCASH,,,,,,,,
"December 1, 2025",,Mae Bunca,CHEESE - ADD ON,,GCASH,,,,,,,,
"December 1, 2025",,Mae Bunca,EGG - ADD ON ,,GCASH,,,,,,,,
"December 1, 2025",,Ian Fernandez,CAFE LATTE,,GCASH,,,,,,,,
"December 1, 2025",,Ian Fernandez,CAFE LATTE,,GCASH,,,,,,,,
"December 1, 2025",,Ian Fernandez,CAFE LATTE,,GCASH,,,,,,,,
"December 1, 2025",,Ian Fernandez,CAFE LATTE,,GCASH,,,,,,,,
"December 1, 2025",,Ian Fernandez,KOREAN BEEF TAPA,,GCASH,,,,,,,,
"December 1, 2025",,Ian Fernandez,KOREAN BEEF TAPA,,GCASH,,,,,,,,
"December 1, 2025",,Ian Fernandez,ADOBO FLAKES ,,GCASH,,,,,,,,
"December 1, 2025",,Ena Claur,BISCOFF COOKIE,,BIRTHDAY TREAT,,,,,,,,
,,,,,,,,,,,,,
"December 2, 2025",,Micita Cho,BAHN MI ,,GCASH,,,,,,,,
"December 2, 2025",,Micita Cho,JASMINE TEA,,GCASH,,,,,,,,
"December 2, 2025",,Micita Cho,NACHOS,,GCASH,,,,,,,,
"December 2, 2025",,Princess,AMERICANO,,CASH,,,,,,,,
"December 2, 2025",,Marlon Valenzuela,JIN MILD ,,CASH,,,,,,,,
"December 2, 2025",,Marlon Valenzuela,SAMGYUP BOWL,,CASH,,,,,,,,
"December 2, 2025",,Micheal Balisi,BISCOFF COOKIE,,GCASH,,,,,,,,
,,,,,,,,,,,,,
"December 3, 2025",,Engr CJ Caluag,COOKIES CHOCO CHIP,,MEMBERSHIP,,,,,,,,
"December 3, 2025",,Engr CJ Caluag,BISCOFF COOKIE,,MEMBERSHIP,,,,,,,,
"December 3, 2025",,Christel Pangan,ADOBO FLAKES ,,MEMBERSHIP,,,,,,,,
,,,,,,,,,,,,,
"December 4, 2025",,Elaine Espela,BEEF PHO,,CASH,,,,,,,,
"December 4, 2025",,Elaine Espela,CHEESE RAMEN,,CASH,,,,,,,,
,,,,,,,,,,,,,
"December 5, 2025",,Vangie,EGG - ADD ON ,,,,,,,,,,
"December 5, 2025",,Vangie,EGG - ADD ON ,,CASH,,,,,,,,
"December 5, 2025",,Ian Fernandez,ADOBO FLAKES ,,GCASH,,,,,,,,
"December 5, 2025",,Ian Fernandez,BROOKIES,,C/O GIA,,,,,,,,
"December 5, 2025",,Ian Fernandez,SAMGYUP BOWL,,GCASH,,,,,,,,
"December 5, 2025",,Ian Fernandez,SAMGYUP BOWL,,GCASH,,,,,,,,
"December 5, 2025",,Ian Fernandez,ADOBO FLAKES ,,GCASH,,,,,,,,
,,,,,,,,,,,,,
"December 6, 2025",,Rhica Unlayao,DR. PEPPERS,,CASH,,,,,,,,
"December 6, 2025",,Hannah Leoncio,CHEESE RAMEN,,CASH,,,,,,,,
"December 6, 2025",,Christel Pangan,ADOBO FLAKES ,,MEMBERSHIP,,,,,,,,
"December 6, 2025",,Jonah Gutierrez,BAHN MI ,,GCASH,,,,,,,,
"December 6, 2025",,Jonah Gutierrez,BEEF PHO,,GCASH,,,,,,,,
"December 6, 2025",,Jonah Gutierrez,BEEF PHO,,GCASH,,,,,,,,
"December 6, 2025",,Jonah Gutierrez,BAHN MI ,,GCASH,,,,,,,,
"December 6, 2025",,Gracelle,JIN MILD ,,CASH,,,,,,,,
"December 6, 2025",,Gracelle,JIN SPICY,,FREE,,,,,,,,
"December 6, 2025",,Joanne Reyes,BULDAK CARBONARA,,GCASH,,,,,,,,
"December 6, 2025",,Joanne Reyes,FRENCH FRIES,,GCASH,,,,,,,,
"December 6, 2025",,Joanne Reyes,ADOBO FLAKES ,,GCASH,,,,,,,,
"December 6, 2025",,Joanne Reyes,COOKIES CHOCO CHIP,,GCASH,,,,,,,,
"December 6, 2025",,Leah,C2,,CASH,,,,,,,,
,,,,,,,,,,,,,
"December 7, 2025",,Arveilyn De Guzman,ADOBO FLAKES ,,CASH,,,,,,,,
"December 7, 2025",,Michael Reyes,CHEESE RAMEN,,CASH,,,,,,,,
"December 7, 2025",,Michael Reyes,BEEF PHO,,CASH,,,,,,,,
"December 7, 2025",,Michael Reyes,BAHN MI ,,CASH,,,,,,,,
"December 7, 2025",,Michael Reyes,BISCOFF COOKIE,,CASH,,,,,,,,
"December 7, 2025",,Michael Reyes,C2,,CASH,,,,,,,,
"December 7, 2025",,Michael Reyes,CANADA DRY ,,CASH,,,,,,,,
"December 7, 2025",,Via,,,CASH,,,,,,,,
,,,,,,,,,,,,,
"December 8, 2025",,Table 3,SAMGYUP BOWL,,CASH,,,,,,,,
,,Table 3,ADOBO FLAKES ,,CASH,,,,,,,,
,,Table 3,CAFE LATTE,,CASH,,,,,,,,
,,Table 3,FRENCH FRIES,,CASH,,,,,,,,
,,Abraham,SAMGYUP BOWL,,CARD PAYMENT,,,,,,,,
,,Abraham,HOT CHOC-NUT SYPHON,,CARD PAYMENT,,,,,,,,
,,Abraham,FRENCH FRIES,,CARD PAYMENT,,,,,,,,
,,Abraham,CHEESE RAMEN,,CARD PAYMENT,,,,,,,,
,,Abraham,EGG - ADD ON ,,CARD PAYMENT,,,,,,,,
,,Abraham,ADD ON - KIMCHI,,CARD PAYMENT,,,,,,,,
,,Anne King,FRENCH FRIES,,BANK TRANSFER,,,,,,,,
,,Anne King,AMERICANO,,BANK TRANSFER,,,,,,,,
,,Claire Ahorro,GREEN TEA,,BANK TRANSFER,,,,,,,,
,,Claire Ahorro,NACHOS,,BANK TRANSFER,,,,,,,,
,,Ruchiel Reyes,FRENCH FRIES,,CASH,,,,,,,,
,,Ruchiel Reyes,CANADA DRY ,,CASH,,,,,,,,
,,Jim,BEEF PHO,,CASH,,,,,,,,
,,Jim,SNAPPLE,,CASH,,,,,,,,
,,Jim,SAMGYUP BOWL,,CASH,,,,,,,,
,,Melanie Canilao,Iced Coffee,,CASH,,,,,,,,
,,Melanie Canilao,CAFE LATTE,,CASH,,,,,,,,
,,Rachel Alvarez,SAMGYUP BOWL,,CASH,,,,,,,,
,,Rachel Alvarez,BEEF PHO,,CASH,,,,,,,,
,,Rachel Alvarez,ADOBO FLAKES ,,CASH,,,,,,,,
,,Rachel Alvarez,COKE ZERO,,CASH,,,,,,,,
,,Mario Reyes,JIN MILD ,,MEMBERSHIP,,,,,,,,
,,Mario Reyes,BAHN MI ,,CASH,,,,,,,,
"December 1, 2025",,Ash,EGG - ADD ON ,,CASH,,,,,,₱0.00,₱0.00,
"December 1, 2025",,Ash,EGG - ADD ON ,,CASH,,,,,,₱0.00,₱0.00,
"December 1, 2025",,Ash,EGG - ADD ON ,,CASH,,,,,,₱0.00,₱0.00,
"December 1, 2025",,Mae Bunca,BULDAK CARBONARA,,GCASH,,,₱140.00,,,₱0.00,₱140.00,
"December 1, 2025",,Mae Bunca,CHEESE - ADD ON,,GCASH,,,,,,₱0.00,₱0.00,
"December 1, 2025",,Mae Bunca,EGG - ADD ON ,,GCASH,,,,,,₱0.00,₱0.00,
"December 1, 2025",,Ian Fernandez,CAFE LATTE,,GCASH,,,₱80.00,,,₱0.00,₱80.00,
"December 1, 2025",,Ian Fernandez,CAFE LATTE,,GCASH,,,₱80.00,,,₱0.00,₱80.00,
"December 1, 2025",,Ian Fernandez,CAFE LATTE,,GCASH,,,₱80.00,,,₱0.00,₱80.00,
"December 1, 2025",,Ian Fernandez,CAFE LATTE,,GCASH,,,₱80.00,,,₱0.00,₱80.00,
"December 1, 2025",,Ian Fernandez,KOREAN BEEF TAPA,,GCASH,,,,,,₱0.00,₱0.00,
"December 1, 2025",,Ian Fernandez,KOREAN BEEF TAPA,,GCASH,,,,,,₱0.00,₱0.00,
"December 1, 2025",,Ian Fernandez,ADOBO FLAKES ,,GCASH,,,,,,₱0.00,₱0.00,
"December 1, 2025",,Ena Claur,BISCOFF COOKIE,,BIRTHDAY TREAT,,,,,,₱0.00,₱0.00,
,,,,,,,,,,,₱0.00,₱0.00,
"December 2, 2025",,Micita Cho,BAHN MI ,,GCASH,,,,,,₱0.00,₱0.00,
"December 2, 2025",,Micita Cho,JASMINE TEA,,GCASH,,,,,,₱0.00,₱0.00,
"December 2, 2025",,Micita Cho,NACHOS,,GCASH,,,₱120.00,,,₱0.00,₱120.00,
"December 2, 2025",,Princess,AMERICANO,,CASH,,,₱70.00,,,₱0.00,₱70.00,
"December 2, 2025",,Marlon Valenzuela,JIN MILD ,,CASH,,,₱150.00,,,₱0.00,₱150.00,
"December 2, 2025",,Marlon Valenzuela,SAMGYUP BOWL,,CASH,,,,,,₱0.00,₱0.00,
"December 2, 2025",,Micheal Balisi,BISCOFF COOKIE,,GCASH,,,,,,₱0.00,₱0.00,
,,,,,,,,,,,₱0.00,₱0.00,
"December 3, 2025",,Engr CJ Caluag,COOKIES CHOCO CHIP,,MEMBERSHIP,,,,,,₱0.00,₱0.00,
"December 3, 2025",,Engr CJ Caluag,BISCOFF COOKIE,,MEMBERSHIP,,,,,,₱0.00,₱0.00,
"December 3, 2025",,Christel Pangan,ADOBO FLAKES ,,MEMBERSHIP,,,,,,₱0.00,₱0.00,
,,,,,,,,,,,₱0.00,₱0.00,
"December 4, 2025",,Elaine Espela,BEEF PHO,,CASH,,,,,,₱0.00,₱0.00,
"December 4, 2025",,Elaine Espela,CHEESE RAMEN,,CASH,,,₱150.00,,,₱0.00,₱150.00,
,,,,,,,,,,,₱0.00,₱0.00,
"December 5, 2025",,Vangie,EGG - ADD ON ,,,,,,,,₱0.00,₱0.00,
"December 5, 2025",,Vangie,EGG - ADD ON ,,CASH,,,,,,₱0.00,₱0.00,
"December 5, 2025",,Ian Fernandez,ADOBO FLAKES ,,GCASH,,,,,,₱0.00,₱0.00,
"December 5, 2025",,Ian Fernandez,BROOKIES,,C/O GIA,,,,,,₱0.00,₱0.00,
"December 5, 2025",,Ian Fernandez,SAMGYUP BOWL,,GCASH,,,,,,₱0.00,₱0.00,
"December 5, 2025",,Ian Fernandez,SAMGYUP BOWL,,GCASH,,,,,,₱0.00,₱0.00,
"December 5, 2025",,Ian Fernandez,ADOBO FLAKES ,,GCASH,,,,,,₱0.00,₱0.00,
,,,,,,,,,,,₱0.00,₱0.00,
"December 6, 2025",,Rhica Unlayao,DR. PEPPERS,,CASH,,,₱55.00,,,₱0.00,₱55.00,
"December 6, 2025",,Hannah Leoncio,CHEESE RAMEN,,CASH,,,₱150.00,,,₱0.00,₱150.00,
"December 6, 2025",,Christel Pangan,ADOBO FLAKES ,,MEMBERSHIP,,,,,,₱0.00,₱0.00,
"December 6, 2025",,Jonah Gutierrez,BAHN MI ,,GCASH,,,,,,₱0.00,₱0.00,
"December 6, 2025",,Jonah Gutierrez,BEEF PHO,,GCASH,,,,,,₱0.00,₱0.00,
"December 6, 2025",,Jonah Gutierrez,BEEF PHO,,GCASH,,,,,,₱0.00,₱0.00,
"December 6, 2025",,Jonah Gutierrez,BAHN MI ,,GCASH,,,,,,₱0.00,₱0.00,
"December 6, 2025",,Gracelle,JIN MILD ,,CASH,,,₱150.00,,,₱0.00,₱150.00,
"December 6, 2025",,Gracelle,JIN SPICY,,FREE,,,₱150.00,,,₱0.00,₱150.00,
"December 6, 2025",,Joanne Reyes,BULDAK CARBONARA,,GCASH,,,₱140.00,,,₱0.00,₱140.00,
"December 6, 2025",,Joanne Reyes,FRENCH FRIES,,GCASH,,,₱60.00,,,₱0.00,₱60.00,
"December 6, 2025",,Joanne Reyes,ADOBO FLAKES ,,GCASH,,,,,,₱0.00,₱0.00,
"December 6, 2025",,Joanne Reyes,COOKIES CHOCO CHIP,,GCASH,,,,,,₱0.00,₱0.00,
"December 6, 2025",,Leah,C2,,CASH,,,₱20.00,,,₱0.00,₱20.00,
,,,,,,,,,,,₱0.00,₱0.00,
"December 7, 2025",,Arveilyn De Guzman,ADOBO FLAKES ,,CASH,,,,,,₱0.00,₱0.00,
"December 7, 2025",,Michael Reyes,CHEESE RAMEN,,CASH,,,₱150.00,,,₱0.00,₱150.00,
"December 7, 2025",,Michael Reyes,BEEF PHO,,CASH,,,,,,₱0.00,₱0.00,
"December 7, 2025",,Michael Reyes,BAHN MI ,,CASH,,,,,,₱0.00,₱0.00,
"December 7, 2025",,Michael Reyes,BISCOFF COOKIE,,CASH,,,,,,₱0.00,₱0.00,
"December 7, 2025",,Michael Reyes,C2,,CASH,,,₱20.00,,,₱0.00,₱20.00,
"December 7, 2025",,Michael Reyes,CANADA DRY ,,CASH,,,₱58.00,,,₱0.00,₱58.00,
"December 7, 2025",,Via,,,CASH,,,,,,₱0.00,₱0.00,
,,,,,,,,,,,₱0.00,₱0.00,
"December 8, 2025",,Table 3,SAMGYUP BOWL,,CASH,,,,,,₱0.00,₱0.00,
"December 8, 2025",,Table 3,ADOBO FLAKES ,,CASH,,,,,,₱0.00,₱0.00,
"December 8, 2025",,Table 3,CAFE LATTE,,CASH,,,₱80.00,,,₱0.00,₱80.00,
"December 8, 2025",,Table 3,FRENCH FRIES,,CASH,,,₱60.00,,,₱0.00,₱60.00,
"December 8, 2025",,Abraham,SAMGYUP BOWL,,CARD PAYMENT,,,,,,₱0.00,₱0.00,
"December 8, 2025",,Abraham,HOT CHOC-NUT SYPHON,,CARD PAYMENT,,,,,,₱0.00,₱0.00,
"December 8, 2025",,Abraham,FRENCH FRIES,,CARD PAYMENT,,,₱60.00,,,₱0.00,₱60.00,
"December 8, 2025",,Abraham,CHEESE RAMEN,,CARD PAYMENT,,,₱150.00,,,₱0.00,₱150.00,
"December 8, 2025",,Abraham,EGG - ADD ON ,,CARD PAYMENT,,,,,,₱0.00,₱0.00,
"December 8, 2025",,Abraham,ADD ON - KIMCHI,,CARD PAYMENT,,,,,,₱0.00,₱0.00,
"December 8, 2025",,Anne King,FRENCH FRIES,,BANK TRANSFER,,,₱60.00,,,₱0.00,₱60.00,
"December 8, 2025",,Anne King,AMERICANO,,BANK TRANSFER,,,₱70.00,,,₱0.00,₱70.00,
"December 8, 2025",,Claire Ahorro,GREEN TEA,,BANK TRANSFER,,,₱60.00,,,₱0.00,₱60.00,
"December 8, 2025",,Claire Ahorro,NACHOS,,BANK TRANSFER,,,₱120.00,,,₱0.00,₱120.00,
"December 8, 2025",,Ruchiel Reyes,FRENCH FRIES,,CASH,,,₱60.00,,,₱0.00,₱60.00,
"December 8, 2025",,Ruchiel Reyes,CANADA DRY ,,CASH,,,₱58.00,,,₱0.00,₱58.00,
"December 8, 2025",,Jim,BEEF PHO,,CASH,,,,,,₱0.00,₱0.00,
"December 8, 2025",,Jim,SNAPPLE,,CASH,,,,,,₱0.00,₱0.00,
"December 8, 2025",,Jim,SAMGYUP BOWL,,CASH,,,,,,₱0.00,₱0.00,
"December 8, 2025",,Melanie Canilao,Iced Coffee,,CASH,,,₱80.00,,,₱0.00,₱80.00,
"December 8, 2025",,Melanie Canilao,CAFE LATTE,,CASH,,,₱80.00,,,₱0.00,₱80.00,
"December 8, 2025",,Rachel Alvarez,SAMGYUP BOWL,,CASH,,,,,,₱0.00,₱0.00,
"December 8, 2025",,Rachel Alvarez,BEEF PHO,,CASH,,,,,,₱0.00,₱0.00,
"December 8, 2025",,Rachel Alvarez,ADOBO FLAKES ,,CASH,,,,,,₱0.00,₱0.00,
"December 8, 2025",,Rachel Alvarez,COKE ZERO,,CASH,,,₱50.00,,,₱0.00,₱50.00,
"December 8, 2025",,Mario Reyes,JIN MILD ,,MEMBERSHIP,,,₱150.00,,,₱0.00,₱0.00,
"December 8, 2025",,Mario Reyes,BAHN MI ,,CASH,,,,,,₱0.00,₱0.00,
"December 8, 2025",,Aj Garcia,Iced Coffee,,CASH,,,₱80.00,,,₱0.00,₱80.00,
"December 8, 2025",,Aj Garcia,Iced Coffee,,CASH,,,₱80.00,,,₱0.00,₱80.00,
"December 8, 2025",,Aj Garcia,SAMGYUP BOWL,,CASH,,,,,,₱0.00,₱0.00,
"December 8, 2025",,Aj Garcia,CHEESE RAMEN,,CASH,,,₱150.00,,,₱0.00,₱150.00,
"December 8, 2025",,Aj Garcia,FISH CAKE - ADD ON ,,CASH,,,,,,₱0.00,₱0.00,
"December 8, 2025",,Moriel Dionisio,COKE ZERO,,CASH,,,₱50.00,,,₱0.00,₱50.00,
"December 8, 2025",,Ronald Vicente,CAFE LATTE,,CASH,,,₱80.00,,,₱0.00,₱80.00,
"December 8, 2025",,Ronald Vicente,FRENCH FRIES,,CASH,,,₱60.00,,,₱0.00,₱60.00,
,,,,,,,,,,,₱0.00,₱0.00,
"December 9, 2025",,Fatima ,COOKIES WALNUT,,BANK TRANSFER,,,,,,₱0.00,₱0.00,
"December 9, 2025",,Anne King,C2,,GCASH,,,₱20.00,,,₱0.00,₱20.00,
"December 9, 2025",,Anne King,AMERICANO,,GCASH,,,₱70.00,,,₱0.00,₱70.00,
"December 9, 2025",,Anne King,BAHN MI ,,GCASH,,,,,,₱0.00,₱0.00,
"December 9, 2025",,Anne King,BULDAK CARBONARA,,GCASH,,,₱140.00,,,₱0.00,₱140.00,
"December 9, 2025",,Anne King,FRENCH FRIES,,GCASH,,,₱60.00,,,₱0.00,₱60.00,
"December 9, 2025",,Anne King,FRENCH FRIES,,GCASH,,,₱60.00,,,₱0.00,₱60.00,
,,,,,,,,,,,₱0.00,₱0.00,
"December 10, 2025",,Christel Pangan,COOKIES WALNUT,,MEMBERSHIP,,,,,,₱0.00,₱0.00,
,,,,,,,,,,,₱0.00,₱0.00,
"December 11, 2025",,Fatima Cruz,BISCOFF COOKIE,,GCASH,,,,,,₱0.00,₱0.00,
"December 11, 2025",,Fatima Cruz,COOKIES CHOCO CHIP,,GCASH,,,,,,₱0.00,₱0.00,
"December 11, 2025",,Janna,BULDAK CARBONARA,,CASH,,,₱140.00,,,₱0.00,₱140.00,
"December 11, 2025",,Janna,DR. PEPPERS,,CASH,,,₱55.00,,,₱0.00,₱55.00,
"December 11, 2025",,Jennina Galman,COOKIES CHOCO CHIP,,GCASH,,,,,,₱0.00,₱0.00,
"December 11, 2025",,Jennina Galman,COOKIES CHOCO CHIP,,GCASH,,,,,,₱0.00,₱0.00,
"December 11, 2025",,Jesita Martin,BOTTLED WATER 500ML,,CARD PAYMENT,,,₱25.00,,,₱0.00,₱25.00,
"December 11, 2025",,Jesita Martin,BOTTLED WATER 500ML,,CARD PAYMENT,,,₱25.00,,,₱0.00,₱25.00,
"December 11, 2025",,Jesita Martin,FRENCH FRIES,,CARD PAYMENT,,,₱60.00,,,₱0.00,₱60.00,
"December 11, 2025",,Jesita Martin,FRENCH FRIES,,CARD PAYMENT,,,₱60.00,,,₱0.00,₱60.00,
"December 11, 2025",,Jesita Martin,COKE REGULAR MINI,,CARD PAYMENT,,,,,,₱0.00,₱0.00,
,,,,,,,,,,,₱0.00,₱0.00,
"December 12, 2025",,Via,EGG - ADD ON ,,CASH,,,,,,₱0.00,₱0.00,
"December 12, 2025",,Via,EGG - ADD ON ,,CASH,,,,,,₱0.00,₱0.00,
"December 12, 2025",,Juvy Raymundo,SHOYU TONKATSU RAMEN,,CASH,,,₱120.00,,,₱0.00,₱120.00,
"December 12, 2025",,Juvy Raymundo,FISH CAKE - ADD ON ,,CASH,,,,,,₱0.00,₱0.00,
"December 12, 2025",,Juvy Raymundo,CHEESE - ADD ON,,CASH,,,,,,₱0.00,₱0.00,
"December 12, 2025",,Juvy Raymundo,BROOKIES,,CASH,,,,,,₱0.00,₱0.00,
"December 12, 2025",,Leigh Quetua,BEEF PHO,,MEMBERSHIP,,,,,,₱0.00,₱0.00,
"December 12, 2025",,Leigh Quetua,BEEF PHO,,MEMBERSHIP,,,,,,₱0.00,₱0.00,
"December 12, 2025",,Vangie,EGG - ADD ON ,,CASH,,,,,,₱0.00,₱0.00,
,,,,,,,,,,,₱0.00,₱0.00,
December 13 2025,,Ash,EGG - ADD ON ,,CASH,,,,,,₱0.00,₱0.00,
December 13 2025,,Ash,EGG - ADD ON ,,CASH,,,,,,₱0.00,₱0.00,
December 13 2025,,Christel Pangan,COOKIES WALNUT,,MEMBERSHIP,,,,,,₱0.00,₱0.00,
December 13 2025,,Nanette Garcia,BEEF PHO,,CARD PAYMENT,,,,,,₱0.00,₱0.00,
December 13 2025,,Nanette Garcia,BAHN MI ,,CARD PAYMENT,,,,,,₱0.00,₱0.00,
December 13 2025,,Nanette Garcia,CHEESE - ADD ON,,CARD PAYMENT,,,,,,₱0.00,₱0.00,
December 13 2025,,Nanette Garcia,FRENCH FRIES,,CARD PAYMENT,,,₱60.00,,,₱0.00,₱60.00,
December 13 2025,,Nanette Garcia,JIN SPICY,,CARD PAYMENT,,,₱150.00,,,₱0.00,₱150.00,
December 13 2025,,Nanette Garcia,COKE ZERO,,CARD PAYMENT,,,₱50.00,,,₱0.00,₱50.00,
December 13 2025,,Nanette Garcia,COKE ZERO,,CARD PAYMENT,,,₱50.00,,,₱0.00,₱50.00,
December 13 2025,,Evan Lim Renola,CAFE LATTE,,BANK TRANSFER,,,₱80.00,,,₱0.00,₱80.00,
December 13 2025,,Rochelle,HONEY CHIA REFRESHER,,CASH,,,₱65.00,,,₱0.00,₱65.00,
December 13 2025,,Charlie Herrera,JIN MILD ,,GCASH,,,₱150.00,,,₱0.00,₱150.00,
December 13 2025,,Charlie Herrera,JIN MILD ,,GCASH,,,₱150.00,,,₱0.00,₱150.00,
,,,,,,,,,,,₱0.00,₱0.00,
December 14 2025,,Lhea,C2,,CASH,,,₱20.00,,,₱0.00,₱20.00,
December 14 2025,,Kimberly Milag,BOTTLED WATER 500ML,,CASH,,,₱25.00,,,₱0.00,₱25.00,
December 14 2025,,Wendy Ligon,HONEY CHIA REFRESHER,,CASH,,,₱65.00,,,₱0.00,₱65.00,
December 14 2025,,Wendy Ligon,JASMINE TEA,,CASH,,,,,,₱0.00,₱0.00,
December 14 2025,,Wendy Ligon,JASMINE TEA,,CASH,,,,,,₱0.00,₱0.00,
December 14 2025,,Wendy Ligon,CAFE LATTE,,CASH,,,₱80.00,,,₱0.00,₱80.00,
December 14 2025,,Wendy Ligon,HOT CHOC-NUT SYPHON,,CASH,,,,,,₱0.00,₱0.00,
December 14 2025,,Wendy Ligon,NACHOS,,CASH,,,₱120.00,,,₱0.00,₱120.00,
December 14 2025,,Shie Nojadera,FRENCH FRIES,,CARD PAYMENT,,,₱60.00,,,₱0.00,₱60.00,
December 14 2025,,Jam Roque,CAFE LATTE,,CASH,,,₱80.00,,,₱0.00,₱80.00,
December 14 2025,,Jam Roque,HONEY CHIA REFRESHER,,CASH,,,₱65.00,,,₱0.00,₱65.00,
December 14 2025,,Jam Roque,Iced Coffee,,CASH,,,₱80.00,,,₱0.00,₱80.00,
December 14 2025,,Jam Roque,FRENCH FRIES,,CASH,,,₱60.00,,,₱0.00,₱60.00,
,,,,,,,,,,,₱0.00,₱0.00,
"December 15, 2025",,Nails,JIN MILD ,,BANK TRANSFER,,,₱150.00,,,₱0.00,₱150.00,
"December 15, 2025",,Nails,JIN MILD ,,BANK TRANSFER,,,₱150.00,,,₱0.00,₱150.00,
"December 15, 2025",,Nails,EGG - ADD ON ,,BANK TRANSFER,,,,,,₱0.00,₱0.00,
"December 15, 2025",,Nails,FISH CAKE - ADD ON ,,BANK TRANSFER,,,,,,₱0.00,₱0.00,
"December 15, 2025",,Nails,FISH CAKE - ADD ON ,,BANK TRANSFER,,,,,,₱0.00,₱0.00,
"December 15, 2025",,Nails,CHEESE - ADD ON,,BANK TRANSFER,,,,,,₱0.00,₱0.00,
"December 15, 2025",,Nails,CHEESE - ADD ON,,BANK TRANSFER,,,,,,₱0.00,₱0.00,
"December 15, 2025",,Nails,SAMGYUP - ADD ON,,BANK TRANSFER,,,,,,₱0.00,₱0.00,
"December 15, 2025",,Nails,SAMGYUP - ADD ON,,BANK TRANSFER,,,,,,₱0.00,₱0.00,
"December 15, 2025",,Nails,COKE ZERO,,BANK TRANSFER,,,₱50.00,,,₱0.00,₱50.00,
"December 15, 2025",,Nails,COKE ZERO,,BANK TRANSFER,,,₱50.00,,,₱0.00,₱50.00,
"December 15, 2025",,Lineth Kim,BEEF PHO,,CASH,,,,,,₱0.00,₱0.00,
"December 15, 2025",,Lineth Kim,BEEF PHO,,CASH,,,,,,₱0.00,₱0.00,
"December 15, 2025",,Lineth Kim,BAHN MI ,,CASH,,,,,,₱0.00,₱0.00,
"December 15, 2025",,Lineth Kim,HONEY CHIA REFRESHER,,CASH,,,₱65.00,,,₱0.00,₱65.00,
"December 15, 2025",,Lineth Kim,Iced Coffee,,CASH,,,₱80.00,,,₱0.00,₱80.00,
"December 15, 2025",,Rose Sarion,CHEESE RAMEN,,CASH,,,₱150.00,,,₱0.00,₱150.00,
"December 15, 2025",,Rose Sarion,CHEESE RAMEN,,CASH,,,₱150.00,,,₱0.00,₱150.00,
"December 15, 2025",,Rose Sarion,CHEESE RAMEN,,CASH,,,₱150.00,,,₱0.00,₱150.00,
"December 15, 2025",,Rose Sarion,CHEESE RAMEN,,CASH,,,₱150.00,,,₱0.00,₱150.00,
"December 15, 2025",,Rose Sarion,FRENCH FRIES,,CASH,,,₱60.00,,,₱0.00,₱60.00,
"December 15, 2025",,Rose Sarion,COKE REGULAR ,,CASH,,,₱50.00,,,₱0.00,₱50.00,
"December 15, 2025",,Rose Sarion,HONEY CHIA REFRESHER,,CASH,,,₱65.00,,,₱0.00,₱65.00,
"December 15, 2025",,Theo Deleon,BEEF PHO,,CASH,,,,,,₱0.00,₱0.00,
"December 15, 2025",,Theo Deleon,BAHN MI ,,CASH,,,,,,₱0.00,₱0.00,
"December 15, 2025",,Theo Deleon,FRENCH FRIES,,CASH,,,₱60.00,,,₱0.00,₱60.00,
"December 15, 2025",,Theo Deleon,Iced Coffee,,CASH,,,₱80.00,,,₱0.00,₱80.00,
"December 15, 2025",,Theo Deleon,Iced Coffee,,CASH,,,₱80.00,,,₱0.00,₱80.00,
,,,,,,,,,,,₱0.00,₱0.00,
"December 16, 2025",,Christine Joy Falsario,SHOYU TONKATSU RAMEN,,GCASH,,,₱120.00,,,₱0.00,₱120.00,
"December 16, 2025",,Christine Joy Falsario,BISCOFF COOKIE,,GCASH,,,,,,₱0.00,₱0.00,
"December 16, 2025",,Christine Joy Falsario,Iced Coffee,,GCASH,,,₱80.00,,,₱0.00,₱80.00,
"December 16, 2025",,Micah Camille,BOTTLED WATER 500ML,,CASH,,,₱25.00,,,₱0.00,₱25.00,
"December 16, 2025",,Micah Camille,COOKIES CHOCO CHIP,,CASH,,,,,,₱0.00,₱0.00,
"December 16, 2025",,Alvin Lizarondo,CAFE LATTE,,CASH,,,₱80.00,,,₱0.00,₱80.00,
"December 16, 2025",,Alvin Lizarondo,CAFE LATTE,,CASH,,,₱80.00,,,₱0.00,₱80.00,
"December 16, 2025",,Via,C2,,CASH,,,₱20.00,,,₱0.00,₱20.00,
,,,,,,,,,,,₱0.00,₱0.00,
"December 17, 2025",,James Cervantes,COKE REGULAR MINI,,CASH,,,,,,₱0.00,₱0.00,
"December 17, 2025",,Wariel Batac,BISCOFF COOKIE,,CASH,,,,,,₱0.00,₱0.00,
"December 17, 2025",,Lilibeth Ventura,COOKIES WALNUT,,C/O RODERICK,,,,,,₱0.00,₱0.00,
"December 17, 2025",,Lilibeth Ventura,COOKIES WALNUT,,C/O RODERICK,,,,,,₱0.00,₱0.00,
"December 17, 2025",,Lilibeth Ventura,COOKIES CHOCO CHIP,,C/O RODERICK,,,,,,₱0.00,₱0.00,
"December 17, 2025",,Lilibeth Ventura,COOKIES CHOCO CHIP,,C/O RODERICK,,,,,,₱0.00,₱0.00,
"December 17, 2025",,Roscel Perez,CAFE LATTE,,CASH,,,₱80.00,,,₱0.00,₱80.00,
,,,,,,,,,,,₱0.00,₱0.00,
"December 18, 2025",,Lyn Borlongan,BULDAK CARBONARA,,CARD PAYMENT,,,₱140.00,,,₱0.00,₱140.00,
"December 18, 2025",,Ara,HONEY CHIA REFRESHER,,CASH,,,₱65.00,,,₱0.00,₱65.00,
"December 18, 2025",,Ara,COOKIES WALNUT,,CASH,,,,,,₱0.00,₱0.00,
"December 18, 2025",,Adrian Marasigan,JIN MILD ,,CASH,,,₱150.00,,,₱0.00,₱150.00,
"December 18, 2025",,Adrian Marasigan,SAMGYUP - ADD ON,,CASH,,,,,,₱0.00,₱0.00,
"December 18, 2025",,Adrian Marasigan,EGG - ADD ON ,,CASH,,,,,,₱0.00,₱0.00,
"December 18, 2025",,Adrian Marasigan,FISH CAKE - ADD ON ,,CASH,,,,,,₱0.00,₱0.00,
"December 18, 2025",,Faye Sarvona,SHOYU TONKATSU RAMEN,,CASH,,,₱120.00,,,₱0.00,₱120.00,
"December 18, 2025",,Faye Sarvona,SHOYU TONKATSU RAMEN,,CASH,,,₱120.00,,,₱0.00,₱120.00,
"December 18, 2025",,Faye Sarvona,AMERICANO,,CASH,,,₱70.00,,,₱0.00,₱70.00,
"December 18, 2025",,Faye Sarvona,COKE ZERO,,CASH,,,₱50.00,,,₱0.00,₱50.00,
"December 18, 2025",,Clarissa Maclang,BISCOFF COOKIE,,CASH,,,,,,₱0.00,₱0.00,
"December 18, 2025",,Clarissa Maclang,HONEY CHIA REFRESHER,,CASH,,,₱65.00,,,₱0.00,₱65.00,
"December 18, 2025",,Clarissa Maclang,COKE ZERO,,CASH,,,₱50.00,,,₱0.00,₱50.00,
"December 18, 2025",,Clarissa Maclang,SHOYU TONKATSU RAMEN,,CASH,,,₱120.00,,,₱0.00,₱120.00,
"December 18, 2025",,Clarissa Maclang,NACHOS,,CASH,,,₱120.00,,,₱0.00,₱120.00,
"December 18, 2025",,Clarissa Maclang,NACHOS,,CASH,,,₱120.00,,,₱0.00,₱120.00,
"December 18, 2025",,Clarissa Maclang,BEEF PHO,,CASH,,,,,,₱0.00,₱0.00,
"December 18, 2025",,Clarissa Maclang,JASMINE TEA,,CASH,,,,,,₱0.00,₱0.00,
,,,,,,,,,,,₱0.00,₱0.00,
"December 19, 2025",,Juliet Salamat,BROOKIES,,BIRTHDAY TREAT,,,,,,₱0.00,₱0.00,
"December 19, 2025",,Mary Ann Tomaquin,JIN MILD ,,CASH,,,₱150.00,,,₱0.00,₱150.00,
"December 19, 2025",,Mary Ann Tomaquin,BULDAK CARBONARA,,CASH,,,₱140.00,,,₱0.00,₱140.00,
"December 19, 2025",,Mary Ann Tomaquin,FISH CAKE - ADD ON ,,CASH,,,,,,₱0.00,₱0.00,
"December 19, 2025",,Mary Ann Tomaquin,EGG - ADD ON ,,CASH,,,,,,₱0.00,₱0.00,
"December 19, 2025",,Mary Ann Tomaquin,EGG - ADD ON ,,CASH,,,,,,₱0.00,₱0.00,
,,,,,,,,,,,₱0.00,₱0.00,
"December 20, 2025",,Jaycee Quijano,COKE REGULAR ,,CARD PAYMENT,,,₱50.00,,,₱0.00,₱50.00,
"December 20, 2025",,Jaycee Quijano,COKE REGULAR ,,CARD PAYMENT,,,₱50.00,,,₱0.00,₱50.00,
"December 20, 2025",,Jaycee Quijano,COKE REGULAR ,,CARD PAYMENT,,,₱50.00,,,₱0.00,₱50.00,
"December 20, 2025",,Jaycee Quijano,COKE REGULAR ,,CARD PAYMENT,,,₱50.00,,,₱0.00,₱50.00,
"December 20, 2025",,Jaycee Quijano,COKE ZERO,,CARD PAYMENT,,,₱50.00,,,₱0.00,₱50.00,
"December 20, 2025",,Marion Reyes,BROOKIES,,CASH,,,,,,₱0.00,₱0.00,
"December 20, 2025",,Marion Reyes,C2,,CASH,,,₱20.00,,,₱0.00,₱20.00,
"December 20, 2025",,Kyla Calayag,HONEY CHIA REFRESHER,,GCASH,,,₱65.00,,,₱0.00,₱65.00,
"December 20, 2025",,Al Dungo,COOKIES CHOCO CHIP,,GCASH,,,,,,₱0.00,₱0.00,
,,,,,,,,,,,₱0.00,₱0.00,
"December 21, 2025",,Martin,COKE ZERO,,CASH,,,₱50.00,,,₱0.00,₱50.00,
"December 21, 2025",,Valerion Martin Guio,JIN MILD ,,FREE,,,₱150.00,,,₱0.00,₱150.00,
"December 21, 2025",,Reymar Canada,HONEY CHIA REFRESHER,,CASH,,,₱65.00,,,₱0.00,₱65.00,
"December 21, 2025",,Reymar Canada,SAMGYUP BOWL,,CASH,,,,,,₱0.00,₱0.00,
"December 21, 2025",,Reymar Canada,SHOYU TONKATSU RAMEN,,CASH,,,₱120.00,,,₱0.00,₱120.00,
"December 21, 2025",,Katrina Perez,SHOYU TONKATSU RAMEN,,CASH,,,₱120.00,,,₱0.00,₱120.00,
"December 21, 2025",,Katrina Perez,SHOYU TONKATSU RAMEN,,CASH,,,₱120.00,,,₱0.00,₱120.00,
"December 21, 2025",,Katrina Perez,COKE REGULAR MINI,,CASH,,,,,,₱0.00,₱0.00,
"December 21, 2025",,Hasley Joy Santiago,BROOKIES,,BIRTHDAY TREAT,,,,,,₱0.00,₱0.00,
"January 2,2026",,Jeff Domingo,BEEF PHO,,,,,,,,,,
"January 2,2026",,Jeff Domingo,ADOBO FLAKES ,,,,,,,,,,
"January 2,2026",,Jeff Domingo,C2,,,,,,,,,,
"January 2,2026",,Gracelle,BEEF PHO,,,,,,,,,,
"January 2,2026",,Klea Kate Colon,Iced Coffee,,,,,,,,,,
"January 2,2026",,Klea Kate Colon,CANADA DRY ,,,,,,,,,,
"January 2,2026",,Rudy Rubiano,BEEF PHO,,,,,,,,,,
"January 2,2026",,Rudy Rubiano,JIN SPICY,,,,,,,,,,
"January 2,2026",,Leo,FISH CAKE - ADD ON ,,,,,,,,,,
"January 2,2026",,Leo,ADD ON - KIMCHI,,,,,,,,,,
"January 2,2026",,Leo,CHEESE - ADD ON,,,,,,,,,,
"January 2,2026",,Table 3,BEEF PHO,,,,,,,,,,
"January 2,2026",,Table 3,JIN SPICY,,,,,,,,,,
"January 2,2026",,Table 3,JIN SPICY,,,,,,,,,,
"January 2,2026",,Table 3,CHEESE - ADD ON,,,,,,,,,,
"January 2,2026",,Table 3,CHEESE - ADD ON,,,,,,,,,,
"January 2,2026",,Table 3,HONEY CHIA REFRESHER,,,,,,,,,,
"January 2,2026",,Table 3,HONEY CHIA REFRESHER,,,,,,,,,,
"January 2,2026",,Table 1,JIN SPICY,,,,,,,,,,
"January 2,2026",,Table 1,HONEY CHIA REFRESHER,,,,,,,,,,
"January 2,2026",, Table 1,COKE REGULAR ,,,,,,,,,,
"January 2,2026",,Table 4,JIN SPICY,,,,,,,,,,
"January 2,2026",,Table 4,JIN SPICY,,,,,,,,,,
,,,,,,,,,,,,,
"January 4, 2026",,Table 1,SNAPPLE,,,,,,,,,,
,,,,,,,,,,,,,
"January 5,2026",,Mario Reyes,JIN SPICY,,MEMBERSHIP,,,,,,,,
"January 5, 2026",,Joselle reyes,BOTTLED WATER 500ML,,,,,,,,,,
"January 5, 2026",,Joselle reyes,BOTTLED WATER 500ML,,,,,,,,,,
,,,,,,,,,,,,,
"January 6, 2026",,Kate Tomaquin,Iced Coffee,,,,,,,,,,
"January 6, 2026",,Sheila Reyes,FRENCH FRIES,,,,,,,,,,
"January 6, 2026",,Larryca Cruz,BULDAK CARBONARA,,,,,,,,,,
"January 6, 2026",,Larryca Cruz,FRENCH FRIES,,,,,,,,,,
"January 6, 2026",,Larryca Cruz,CAFE LATTE,,,,,,,,,,
"January 6, 2026",,larryca Cruz,ADD ON - KIMCHI,,,,,,,,,,
,,,,,,,,,,,,,
"January 7, 2026",,Angie Bonifacio,BEEF PHO,,,,,,,,,,
"January 7, 2026",,Mary Ann Serrano,NACHOS,,,,,,,,,,
"January 7, 2026",,Rica Marie Rivera,Iced Coffee,,,,,,,,,,
"January 7, 2026",,Sheryl Alonzo,C2,,,,,,,,,,
"January 7, 2026",,Sheryl Alonzo,SAMGYUP BOWL,,,,,,,,,,
"January 7, 2026",,Sheryl Alonzo,C2,,,,,,,,,,
"January 7, 2026",,Krys Aniag,C2,,,,,,,,,,
"January 7, 2026",,Krys Aniag,C2,,,,,,,,,,
,,,,,,,,,,,,,
"January 8, 2026",,Mary Grace Dacayan,BEEF PHO,,,,,,,,,,
"January 8, 2026",,Mary Grace Dacayan,BEEF PHO,,,,,,,,,,
"January 8, 2026",,Mary Grace Dacayan,BEEF PHO,,,,,,,,,,
"January 8, 2026",,Mary Grace Dacayan,CANADA DRY ,,,,,,,,,,
"January 8, 2026",,Mary Grace Dacayan,FRENCH FRIES,,,,,,,,,,
"January 8, 2026",,Mary Grace Dacayan,NACHOS,,,,,,,,,,
"January 8, 2026",,Ma Corazon Lim,ADOBO FLAKES ,,,,,,,,,,
"January 8, 2026",,Ma Corazon Lim,FRENCH FRIES,,,,,,,,,,
"January 8, 2026",,Ma Corazon Lim,JIN MILD ,,BIRTHDAY TREAT,,,,,,,,
,,,,,,,,,,,,,
"January 10, 2026",,Table 2,BEEF PHO,,,,,,,,,,
"January 10, 2026",,Table 2,HONEY CHIA REFRESHER,,,,,,,,,,
"January 10, 2026",,Table 3,BOTTLED WATER 350ML,,,,,,,,,,
"January 10, 2026",,Table 3,FRENCH FRIES,,,,,,,,,,
"January 10, 2026",,Table 3,NACHOS,,,,,,,,,,
"January 10, 2026",,Gelaine Marquez,BEEF PHO,,,,,,,,,,
"January 10, 2026",,Cel Tayao,JIN MILD ,,MEMBERSHIP,,,,,,,,
"January 10, 2026",,Table 4,CHEESE - ADD ON,,,,,,,,,,
"January 10, 2026",,Table 4,JIN MILD ,,,,,,,,,,
"January 10, 2026",,Christel Pangan,ADOBO FLAKES ,,,,,,,,,,
,,,,,,,,,,,,,
"January 11, 2026",,Via,C2,,,,,,,,,,
"January 11, 2026",,Via,C2,,,,,,,,,,
,,,,,,,,,,,,,
"January 12, 2026",,Ellen Grace Sulit,SAMGYUP BOWL,,,,,,,,,,
"January 12, 2026",,Ellen Grace Sulit,CAFE LATTE,,,,,,,,,,
"January 12, 2026",,Ellen Grace Sulit,Iced Coffee,,,,,,,,,,
"January 12, 2026",,Sir Duke,KOREAN BEEF TAPA,,,,,,,,,,
"January 12, 2026",,Sir Duke,SAMGYUP BOWL,,,,,,,,,,
"January 12, 2026",,Darwin Alonzo,BULDAK CARBONARA,,,,,,,,,,
"January 12, 2026",,Darwin Alonzo,CHEESE - ADD ON,,,,,,,,,,
"January 12, 2026",,Sir Charles,EGG - ADD ON ,,,,,,,,,,
"January 12, 2026",,Sir Charles,FISH CAKE - ADD ON ,,,,,,,,,,
"January 12, 2026",,Sir Charles,BULDAK CARBONARA,,,,,,,,,,
"January 12, 2026",,Mely Tengco,COKE ZERO,,,,,,,,,,
,,,,,,,,,,,,,
"January 13, 2026",,Sel Ramos,CHEESE RAMEN,,,,,,,,,,
"January 13, 2026",,Sel Ramos,EGG - ADD ON ,,,,,,,,,,
"January 13, 2026",,Sel Ramos,FISH CAKE - ADD ON ,,,,,,,,,,
"January 13, 2026",,Sel Ramos,SAMGYUP BOWL,,,,,,,,,,
"January 13, 2026",,Sel Ramos,FRENCH FRIES,,,,,,,,,,
"January 13, 2026",,Sel Ramos,CAFE LATTE,,,,,,,,,,
"January 13, 2026",,Sel Ramos,AMERICANO,,,,,,,,,,
,,,,,,,,,,,,,
"January 15, 2026",,Eleine Calderon,CANADA DRY ,,,,,,,,,,
"January 15, 2026",,Paula Cruz,Iced Coffee,,,,,,,,,,
"January 15, 2026",,Paula Cruz,Iced Coffee,,,,,,,,,,
"January 15, 2026",,Paula Cruz,FRENCH FRIES,,,,,,,,,,
"January 15, 2026",,JM angeles,DR. PEPPERS,,,,,,,,,,
"January 15, 2026",,Ca Ico,COKE REGULAR ,,,,,,,,,,
,,,,,,,,,,,,,
"January 16, 2026",,Abi Santiago,FRENCH FRIES,,,,,,,,,,
"January 16, 2026",,Abi Santiago,BULDAK CARBONARA,,,,,,,,,,
"January 16, 2026",,Table 3,BEEF PHO,,,,,,,,,,
"January 16, 2026",,Table 3,JIN MILD ,,,,,,,,,,
"January 16, 2026",,Table 3,ADD ON - KIMCHI,,,,,,,,,,
"January 16, 2026",,Table 3,SAMGYUP BOWL,,,,,,,,,,
"January 16, 2026",,Table 3,FRENCH FRIES,,,,,,,,,,
"January 16, 2026",,Table 3,KOREAN BEEF TAPA,,,,,,,,,,
"January 16, 2026",,Kathleen Delos Lado,JIN MILD ,FREE,,,,,,,,,
"January 16, 2026",,Kathleen Delos Lado,CHEESE RAMEN,FREE,,,,,,,,,
"January 16, 2026",,Ada Angeles,BEEF PHO,,,,,,,,,,
"January 16, 2026",,Ada Angeles,BEEF PHO,,,,,,,,,,
"January 16, 2026",,Paula Dela Cruz,BEEF PHO,,,,,,,,,,
"January 16, 2026",,Paula Dela Cruz,BEEF PHO,,,,,,,,,,
,,,,,,,,,,,,,
"January 18, 2026",,John Cedrick Torres,FRENCH FRIES,,,,,,,,,,
"January 18, 2026",,John Cedrick Torres,BOTTLED WATER 500ML,,,,,,,,,,
"January 18, 2026",,Mae Reyes,BEEF PHO,,,,,,,,,,
"January 18, 2026",,Mae Reyes,SAMGYUP BOWL,,,,,,,,,,
"January 18, 2026",,Mae Reyes,SAMGYUP BOWL,,,,,,,,,,
"January 18, 2026",,Mae Reyes,HOT CHOC-NUT SYPHON,,,,,,,,,,
"January 18, 2026",,Mae Reyes,Iced Coffee,,,,,,,,,,
"January 18, 2026",,Table 1,HOT CHOC-NUT SYPHON,,,,,,,,,,
"January 18, 2026",,Pastor Jemar,COKE REGULAR ,,,,,,,,,,
"January 18, 2026",,pastor Jemar,KOREAN BEEF TAPA,,,,,,,,,,
"January 18, 2026",,Divine,FRENCH FRIES,EMPLOYEE DISCOUNT,,,,,,,,,
"January 18, 2026",,Abigail Aguilar,CHEESE RAMEN,,,,,,,,,,
,,,,,,,,,,,,,
"January 19, 2025",,Anthony Deleon,FRENCH FRIES,,,,,,,,,,
"January 19, 2025",,Anthony Deleon,JIN MILD ,,,,,,,,,,
"January 19, 2025",,Table 1,CANADA DRY ,,,,,,,,,,
"January 19, 2025",,Table 1,SAMGYUP BOWL,,,,,,,,,,
"January 19, 2025",,Table 1,KOREAN BEEF TAPA,,,,,,,,,,
"January 19, 2025",,Table 1,NACHOS,,,,,,,,,,
"January 19, 2025",,Michelle Faminial,JIN MILD ,,,,,,,,,,
"January 19, 2025",,Michelle Faminial,COKE ZERO,,,,,,,,,,
"January 19, 2025",,Michelle Faminial,KOREAN BEEF TAPA,,,,,,,,,,
"January 19, 2025",,Michelle Faminial,SAMGYUP BOWL,,,,,,,,,,
"January 19, 2025",,Beverly,KOREAN BEEF TAPA,,,,,,,,,,
"January 19, 2025",,Beverly,BOTTLED WATER 500ML,,,,,,,,,,
"January 19, 2025",,Beverly,BOTTLED WATER 500ML,,,,,,,,,,
"January 19, 2025",,Beverly,BOTTLED WATER 500ML,,,,,,,,,,
,,,,,,,,,,,,,
January 20 2026,,Marites,EGG - ADD ON ,,,,,,,,,,
January 20 2026,,Marites,EGG - ADD ON ,,,,,,,,,,
January 20 2026,,Marites,EGG - ADD ON ,,,,,,,,,,
January 20 2026,,Marites,EGG - ADD ON ,,,,,,,,,,
January 20 2026,,Marites,CHEESE RAMEN,,,,,,,,,,
January 20 2026,,Marites,CHEESE RAMEN,,,,,,,,,,
January 20 2026,,Marites,CHEESE RAMEN,,,,,,,,,,
January 20 2026,,Marites,JIN MILD ,,,,,,,,,,
January 20 2026,,Marites,JIN MILD ,,,,,,,,,,
January 20 2026,,Marites,CAFE LATTE,,,,,,,,,,
January 20 2026,,Marites,CAFE LATTE,,,,,,,,,,
January 20 2026,,Ara Solana,EGG - ADD ON ,,,,,,,,,,
January 20 2026,,Ara Solana,HONEY CHIA REFRESHER,,,,,,,,,,
January 20 2026,,Ara Solana,CHEESE RAMEN,,,,,,,,,,
January 20 2026,,Jona,C2,,,,,,,,,,
January 20 2026,,ann,C2,,,,,,,,,,
January 20 2026,,Sheryl Alonzo,SAMGYUP BOWL,,,,,,,,,,
,,,,,,,,,,,,,
January 21 2026,,Ashley Jane,C2,,,,,,,,,,
January 21 2026,,Ashley Jane,C2,,,,,,,,,,
January 21 2026,,Leah,COKE REGULAR MINI,,,,,,,,,,
,,,,,,,,,,,,,
"January 22, 2026",,Michael Reyes,NACHOS,,MEMBERSHIP,,,,,,,,
"January 22, 2026",,Michael Reyes,CHEESE RAMEN,,MEMBERSHIP,,,,,,,,
"January 22, 2026",,Ann,C2,,,,,,,,,,
"January 22, 2026",,Ann,C2,,,,,,,,,,
"January 22, 2026",,Table 3,NACHOS,,,,,,,,,,
"January 22, 2026",,Liza Asuncion,KOREAN BEEF TAPA,,,,,,,,,,
"January 22, 2026",,Liza Asuncion,SHOYU TONKATSU RAMEN,,,,,,,,,,
"January 22, 2026",,Liza Asuncion,SHOYU TONKATSU RAMEN,,,,,,,,,,
"January 22, 2026",,Liza Asuncion,BOTTLED WATER 500ML,,,,,,,,,,
"January 22, 2026",,Liza Asuncion,BOTTLED WATER 500ML,,,,,,,,,,
"January 22, 2026",,Zhen,NACHOS,,,,,,,,,,
"January 22, 2026",,Mhay,KOREAN BEEF TAPA,,,,,,,,,,
"January 22, 2026",,Mhay,SHOYU TONKATSU RAMEN,,,,,,,,,,
"January 22, 2026",,Mhay,HONEY CHIA REFRESHER,,,,,,,,,,
,,,,,,,,,,,,,
"January 23, 2026",,Lhady Ortega,FRENCH FRIES,,,,,,,,,,
"January 23, 2026",,Lhady Ortega,COKE ZERO,,,,,,,,,,
"January 23, 2026",,Lhady Ortega,COKE ZERO,,,,,,,,,,
"January 23, 2026",,Lhady Ortega,SHOYU TONKATSU RAMEN,,,,,,,,,,
"January 23, 2026",,Lhady Ortega,CHEESE RAMEN,,,,,,,,,,
"January 23, 2026",,Lhady Ortega,SAMGYUP BOWL,,,,,,,,,,
"January 23, 2026",,Grace,HONEY CHIA REFRESHER,,,,,,,,,,
"January 23, 2026",,Grace,CAFE LATTE,,,,,,,,,,
"January 23, 2026",,Table 3,AMERICANO,,,,,,,,,,
"January 23, 2026",,Table 3,CAFE LATTE,,,,,,,,,,
"January 23, 2026",,Table 3,FRENCH FRIES,,,,,,,,,,
"January 23, 2026",,Sarah Yadao,BOTTLED WATER 500ML,,,,,,,,,,
"January 23, 2026",,Sarah Yadao,CAFE LATTE,,,,,,,,,,
"January 23, 2026",,John Dexter Perona,ZARU SOBA,,,,,,,,,,
"January 23, 2026",,Emerita Sombero,CHEESE RAMEN,,,,,,,,,,
"January 23, 2026",,Emerita Sombero,CHEESE RAMEN,,,,,,,,,,
"January 23, 2026",,Emerita Sombero,EGG - ADD ON ,,,,,,,,,,
"January 23, 2026",,Emerita Sombero,EGG - ADD ON ,,,,,,,,,,
"January 23, 2026",,Paul Perona,COKE ZERO,,,,,,,,,,
"January 23, 2026",,Ash,C2,,,,,,,,,,
"January 23, 2026",,Ash,C2,,,,,,,,,,
"January 23, 2026",,Ash,C2,,,,,,,,,,
,,,,,,,,,,,,,
"January 24, 2026",,Clarissa Maclang,SAMGYUP BOWL,,,,,,,,,,
"January 24, 2026",,Clarissa Maclang,BEEF PHO,,,,,,,,,,
"January 24, 2026",,Clarissa Maclang,SHOYU TONKATSU RAMEN,,,,,,,,,,
"January 24, 2026",,Clarissa Maclang,FRENCH FRIES,,,,,,,,,,
"January 24, 2026",,Clarissa Maclang,COKE REGULAR ,,,,,,,,,,
"January 24, 2026",,Clarissa Maclang,COKE ZERO,,,,,,,,,,
"January 24, 2026",,Clarissa Maclang,JASMINE TEA,,,,,,,,,,
"January 24, 2026",,Jobel Mallo,HONEY CHIA REFRESHER,,,,,,,,,,
"January 24, 2026",,Arwyn Fernandez,KOREAN BEEF TAPA,,,,,,,,,,
"January 24, 2026",,Arwyn Fernandez,HONEY CHIA REFRESHER,,,,,,,,,,
"January 24, 2026",,Victoria,korean Spam,,,,,,,,,,
"January 24, 2026",,Victoria,Korean Spam,,,,,,,,,,
"January 24, 2026",,Victoria,SHOYU TONKATSU RAMEN,,,,,,,,,,
,,,,,,,,,,,,,
"January 25, 2026",,Hazel,BEEF PHO,,,,,,,,,,
"January 25, 2026",,Ann,C2,,,,,,,,,,
"January 25, 2026",,Ann,C2,,,,,,,,,,
,,,,,,,,,,,,,
"January 26, 2026",,Carlo,SHOYU TONKATSU RAMEN,,,,,,,,,,
,,,,,,,,,,,,,
"January 27, 2026",,Shiela,FRENCH FRIES,,,,,,,,,,
"January 27, 2026",,Shiela,CAFE LATTE,,,,,,,,,,
"January 27, 2026",,Shiela,BOTTLED WATER 500ML,,,,,,,,,,
"January 27, 2026",,Ronalyn Diaz,SHOYU TONKATSU RAMEN,,,,,,,,,,
"January 27, 2026",,Ronalyn Diaz,SAMGYUP BOWL,,,,,,,,,,
"January 27, 2026",,Angelica Hanaya,SAMGYUP BOWL,,,,,,,,,,
"January 27, 2026",,Angelica Hanaya,COKE REGULAR ,,,,,,,,,,
"January 27, 2026",,marinela Agot,BEEF PHO,,,,,,,,,,
"January 27, 2026",,Micheal Reyes,BEEF PHO,,MEMBERSHIP,,,,,,,,
"January 27, 2026",,Micheal Reyes,HONEY CHIA REFRESHER,,MEMBERSHIP,,,,,,,,
"January 27, 2026",,Micheal Reyes,HONEY CHIA REFRESHER,,MEMBERSHIP,,,,,,,,
"January 27, 2026",,Micheal Reyes,KOREAN BEEF TAPA,,MEMBERSHIP,,,,,,,,
"January 27, 2026",,Bob Agot,FRENCH FRIES,,,,,,,,,,
"January 27, 2026",,Bob Agot,FRENCH FRIES,,,,,,,,,,
,,,,,,,,,,,,,
"January 29, 2026",,shine,C2,,,,,,,,,,
"January 29, 2026",,Carol Cruz,SHOYU TONKATSU RAMEN,,,,,,,,,,
"January 29, 2026",,Carol Cruz,SAMGYUP BOWL,,,,,,,,,,
"January 29, 2026",,Divine,C2,,,,,,,,,,
"January 29, 2026",,Craig santos,BOTTLED WATER 500ML,,,,,,,,,,
"January 29, 2026",,Craig santos,HOT CHOC-NUT SYPHON,,,,,,,,,,
"January 29, 2026",,Craig santos,BEEF PHO,,,,,,,,,,
"January 29, 2026",,Craig santos,FRENCH FRIES,,,,,,,,,,
"January 29, 2026",,Jelyn Magsakay,CAFE LATTE,,,,,,,,,,
"January 29, 2026",,Christel Pangan,ADOBO FLAKES ,,,,,,,,,,
,,,,,,,,,,,,,
"January 30, 2026",,Table 2,C2,,,,,,,,,,
"January 30, 2026",,Table 2,CHEESE RAMEN,,,,,,,,,,
,,,,,,,,,,,,,
"January 31, 2026",,Michael Reyes,BEEF PHO,,,,,,,,,,
"January 31, 2026",,Michael Reyes,SAMGYUP BOWL,,,,,,,,,,
"January 31, 2026",,Michael Reyes,HONEY CHIA REFRESHER,,,,,,,,,,
"January 31, 2026",,Michael Reyes,HONEY CHIA REFRESHER,,,,,,,,,,
"January 31, 2026",,Mato Mendoza,FRENCH FRIES,,,,,,,,,,
"January 31, 2026",,Table 1,FRENCH FRIES,,,,,,,,,,
"January 31, 2026",,Leonissa Machate,CAFE LATTE,,,,,,,,,,
"January 31, 2026",,Jescel Galang,FRENCH FRIES,,,,,,,,,,
"January 31, 2026",,Jescel Galang,HOT CHOC-NUT SYPHON,,,,,,,,,,
"January 31, 2026",,Jescel Galang,CAFE LATTE,,,,,,,,,,
"February 1,2026",,Michell Santos,KOREAN BEEF TAPA,,,,,,,,,,
"February 1,2026",,Michell Santos,SHOYU TONKATSU RAMEN,,,,,,,,,,
"February 1,2026",,Michell Santos,BOTTLED WATER 500ML,,,,,,,,,,
"February 1,2026",,Michell Santos,COKE ZERO,,,,,,,,,,
"February 1,2026",,Vangie,FISH CAKE - ADD ON ,,,,,,,,,,
"February 1,2026",,Vangie,EGG - ADD ON ,,,,,,,,,,
"February 1,2026",,Joanne Reyes,KOREAN BEEF TAPA,,,,,,,,,,
"February 1,2026",,Joanne Reyes,ADOBO FLAKES ,,,,,,,,,,
"February 1,2026",,Joanne Reyes,COKE REGULAR MINI,,,,,,,,,,
"February 1,2026",,Joanne Reyes,FRENCH FRIES,,,,,,,,,,
"February 1,2026",,Joanne Reyes,FRENCH FRIES,,,,,,,,,,
"February 1,2026",,Joanne Reyes,BULDAK CARBONARA,,,,,,,,,,
"February 1,2026",, Amie Calalang,SHOYU TONKATSU RAMEN,,,,,,,,,,
"February 1,2026",,Amie Calalang,FRENCH FRIES,,,,,,,,,,
"February 1,2026",,Bonifie buenaventura,C2,,,,,,,,,,
"February 1,2026",,Bonifie buenaventura,SHOYU TONKATSU RAMEN,,,,,,,,,,
"February 1,2026",,Bonifie buenaventura,NACHOS,,,,,,,,,,
"February 1,2026",,Bonifie buenaventura,BULDAK CARBONARA,,,,,,,,,,
"February 1,2026",,Bonifie buenaventura,BULDAK CARBONARA,,,,,,,,,,
"February 1,2026",,Bonifie buenaventura,FRENCH FRIES,,,,,,,,,,
"February 1,2026",,Bonifie buenaventura,FRENCH FRIES,,,,,,,,,,
,,,,,,,,,,,,,
"February 2, 2026",,Jay Rodriguez,ADOBO FLAKES ,FREE,,,,,,,,,
"February 2, 2026",,Jay Rodriguez,ADOBO FLAKES ,FREE,,,,,,,,,
"February 2, 2026",,Jay Rodriguez,HONEY CHIA REFRESHER,FREE,,,,,,,,,
"February 2, 2026",,Jay Rodriguez,HONEY CHIA REFRESHER,FREE,,,,,,,,,
"February 2, 2026",,Ding,DR. PEPPERS,,,,,,,,,,
"February 2, 2026",,Ding,COKE ZERO,,,,,,,,,,
,,,,,,,,,,,,,
"February 3, 2026",,Maria Cho,COKE ZERO,,,,,,,,,,
"February 3, 2026",,Maria Cho,COKE ZERO,,,,,,,,,,
"February 3, 2026",,Maria Cho,CANADA DRY ,,,,,,,,,,
"February 3, 2026",,Maria Cho,NACHOS,,,,,,,,,,
"February 3, 2026",,Maria Cho,NACHOS,,,,,,,,,,
"February 3, 2026",,Maria Cho,SHOYU TONKATSU RAMEN,,,,,,,,,,
"February 3, 2026",,Maria Cho,HONEY CHIA REFRESHER,,,,,,,,,,
"February 3, 2026",,Maria Cho,CAFE LATTE,,,,,,,,,,
,,,,,,,,,,,,,
"February 4, 2026",,Divine,C2,,,,,,,,,,
,,,,,,,,,,,,,
"February 5, 2026",,Client,CANADA DRY ,,,,,,,,,,
"February 5, 2026",,Shiela Adiano,NACHOS,,,,,,,,,,
"February 5, 2026",,Shiela Adiano,CAFE LATTE,,,,,,,,,,
"February 5, 2026",,Shiela Adiano,CAFE LATTE,,,,,,,,,,
"February 5, 2026",,Shiela Adiano,FRENCH FRIES,,,,,,,,,,
"February 5, 2026",,Nino,HONEY CHIA REFRESHER,,,,,,,,,,
"February 5, 2026",,Nino,CAFE LATTE,,,,,,,,,,
,,,,,,,,,,,,,
"February 6, 2026",,Aldwin,COKE ZERO,,BIRTHDAY TREAT,,,,,,,,
"February 6, 2026",,Ben,KOREAN BEEF TAPA,,,,,,,,,,
"February 6, 2026",,Ben,ADOBO FLAKES ,,,,,,,,,,
"February 6, 2026",,Ben,SHOYU TONKATSU RAMEN,,,,,,,,,,
"February 6, 2026",,Rona Daluz,SHOYU TONKATSU RAMEN,,,,,,,,,,
"February 6, 2026",,Rona Daluz,FRENCH FRIES,,,,,,,,,,
"February 6, 2026",,Rona Daluz,SAMGYUP BOWL,,,,,,,,,,
"February 6, 2026",,Rona Daluz,FRENCH FRIES,,,,,,,,,,
"February 6, 2026",,Rona Daluz,ADOBO FLAKES ,,,,,,,,,,
"February 6, 2026",,Rona Daluz,SHOYU TONKATSU RAMEN,,,,,,,,,,
"February 6, 2026",,Rona Daluz,SHOYU TONKATSU RAMEN,,,,,,,,,,
"February 6, 2026",,Carlo Hernandez,BOTTLED WATER 500ML,,,,,,,,,,
"February 6, 2026",,Carlo Hernandez,BOTTLED WATER 500ML,,,,,,,,,,
,,,,,,,,,,,,,
"February 7, 2026",,Judy Grace,HONEY CHIA REFRESHER,,,,,,,,,,
"February 7, 2026",,Judy Grace,HOT CHOC-NUT SYPHON,,,,,,,,,,
"February 7, 2026",,Leah,EGG - ADD ON ,,,,,,,,,,
"February 7, 2026",,Leah,EGG - ADD ON ,,,,,,,,,,
"February 7, 2026",,Leah,EGG - ADD ON ,,,,,,,,,,
"February 7, 2026",,Leah,EGG - ADD ON ,,,,,,,,,,
"February 7, 2026",,Precious Cristobal,SAMGYUP - ADD ON,,,,,,,,,,
"February 7, 2026",,Precious Cristobal,SAMGYUP - ADD ON,,,,,,,,,,
"February 7, 2026",,Precious Cristobal,JIN SPICY,,,,,,,,,,
"February 7, 2026",,Precious Cristobal,SAMGYUP BOWL,,,,,,,,,,
"February 7, 2026",,Precious Cristobal,EGG - ADD ON ,,,,,,,,,,
"February 7, 2026",,Ann,EGG - ADD ON ,,,,,,,,,,
"February 7, 2026",,Ann,EGG - ADD ON ,,,,,,,,,,
"February 7, 2026",,Lou Tadeo,FISH CAKE - ADD ON ,,,,,,,,,,
"February 7, 2026",,Lou Tadeo,SAMGYUP - ADD ON,,,,,,,,,,
"February 7, 2026",,Lou Tadeo,CHEESE RAMEN,,,,,,,,,,
"February 7, 2026",,Ara,SAMGYUP BOWL,,,,,,,,,,
"February 7, 2026",,Ara,SAMGYUP BOWL,,,,,,,,,,
"February 7, 2026",,Ara,COKE ZERO,,,,,,,,,,
"February 7, 2026",,Mario reyes,JIN MILD ,,MEMBERSHIP,,,,,,,,
"February 7, 2026",,hazel caparas,CHEESE RAMEN,,MEMBERSHIP,,,,,,,,
,,,,,,,,,,,,,
"February 8, 2026",,Ash,C2,,,,,,,,,,
"February 8, 2026",,Ash,C2,,,,,,,,,,
"February 8, 2026",,Ash,EGG - ADD ON ,,,,,,,,,,
"February 8, 2026",,Ash,EGG - ADD ON ,,,,,,,,,,
,,,,,,,,,,,,,
"February 9, 2026",,Kathlyn Tan,BOTTLED WATER 500ML,,,,,,,,,,
"February 9, 2026",,Kathlyn Tan,NACHOS,,,,,,,,,,
"February 9, 2026",,Kathlyn Tan,CHEESE RAMEN,,,,,,,,,,
"February 9, 2026",,Kathlyn Tan,SHOYU TONKATSU RAMEN,,,,,,,,,,
"February 9, 2026",,Kathlyn Tan,SHOYU TONKATSU RAMEN,,,,,,,,,,
"February 9, 2026",,Kathlyn Tan,CHEESE RAMEN,,BIRTHDAY TREAT,,,,,,,,
"February 9, 2026",,Ana,EGG - ADD ON ,,,,,,,,,,
"February 9, 2026",,Ana,EGG - ADD ON ,,,,,,,,,,
"February 9, 2026",,Ana,ADOBO FLAKES ,,,,,,,,,,
"February 9, 2026",,Ana,HONEY CHIA REFRESHER,,,,,,,,,,
"February 9, 2026",,Mhaii,SAMGYUP BOWL,,,,,,,,,,
"February 9, 2026",,Mhaii,COKE REGULAR ,,,,,,,,,,
,,,,,,,,,,,,,
"February 11, 2026",,Hazel Batic,CHEESE RAMEN,,BIRTHDAY TREAT,,,,,,,,
"February 11, 2026",,Hazel Batic,CHEESE RAMEN,,,,,,,,,,
"February 11, 2026",,Hazel Batic,CHEESE RAMEN,,,,,,,,,,
"February 11, 2026",,Tin Lopez,BOTTLED WATER 500ML,,,,,,,,,,
"February 11, 2026",,Tin Lopez,HONEY CHIA REFRESHER,,,,,,,,,,
"February 11, 2026",,Christel Pangan,ADOBO FLAKES ,,,,,,,,,,
,,,,,,,,,,,,,
"February 12, 2026",,Janica Yan,NACHOS,,,,,,,,,,
"February 12, 2026",,Helen,NACHOS,,,,,,,,,,
"February 12, 2026",,Helen,JIN MILD ,,,,,,,,,,
"February 12, 2026",,Helen,CANADA DRY ,,,,,,,,,,
"February 12, 2026",,Wilfredo Cho,NACHOS,,,,,,,,,,
,,,,,,,,,,,,,
"February 13, 2026",,Ana,SAMGYUP BOWL,,,,,,,,,,
"February 13, 2026",,Ana,KOREAN BEEF TAPA,,,,,,,,,,
"February 13, 2026",,Ana,KOREAN BEEF TAPA,,,,,,,,,,
"February 13, 2026",,Ana,COKE ZERO,,,,,,,,,,
"February 13, 2026",,Ana,HONEY CHIA REFRESHER,,,,,,,,,,
"February 13, 2026",,Bobet,NACHOS,,,,,,,,,,
"February 13, 2026",,Bobet,JIN SPICY,,,,,,,,,,
"February 13, 2026",,Bobet,CHEESE RAMEN,,,,,,,,,,
"February 13, 2026",,Bobet,BULDAK CARBONARA,,,,,,,,,,
"February 13, 2026",,Mario Reyes,JIN MILD ,,MEMBERSHIP,,,,,,,,
"February 13, 2026",,Mario Reyes,C2,,MEMBERSHIP,,,,,,,,
,,,,,,,,,,,,,
"February 14, 2026",,Doms Guison,SHOYU TONKATSU RAMEN,,,,,,,,,,
"February 14, 2026",,Doms Guison,DARK CAFE,,,,,,,,,,
"February 14, 2026",,Lloyd Ryan Reymundo,Bundaberge,,,,,,,,,,
"February 14, 2026",,Lloyd Ryan Reymundo,DARK CAFE,,,,,,,,,,
"February 14, 2026",,Lloyd Ryan Reymundo,STARBUCK DOUBLE SHOT,,,,,,,,,,
"February 14, 2026",,Mikee Garcia,SHOYU TONKATSU RAMEN,,,,,,,,,,
"February 14, 2026",,Mikee Garcia,SAMGYUP BOWL,,,,,,,,,,
"February 14, 2026",,Donabelle Arce,SHOYU TONKATSU RAMEN,,,,,,,,,,
"February 14, 2026",,Donabelle Arce,ZARU SOBA,,,,,,,,,,
"February 14, 2026",,Donabelle Arce,KOREAN SPAM,,,,,,,,,,
"February 14, 2026",,Lanie,SHOYU TONKATSU RAMEN,,,,,,,,,,
"February 14, 2026",,Lanie,DR. PEPPERS,,,,,,,,,,
"February 14, 2026",,Via,EGG - ADD ON ,,,,,,,,,,
"February 14, 2026",,Via,ADD ON - KIMCHI,,,,,,,,,,
"February 14, 2026",,Via,ADD ON - KIMCHI,,,,,,,,,,
"February 14, 2026",,Table 2,STARBUCK DOUBLE SHOT,,,,,,,,,,
,,,,,,,,,,,,,
February 15 2026,,Irene,CHEESE RAMEN,,,,,,,,,,
February 15 2026,,Irene,SHOYU TONKATSU RAMEN,,,,,,,,,,
February 15 2026,,jona,C2,,,,,,,,,,
February 15 2026,,jona,COKE REGULAR MINI,,,,,,,,,,
February 15 2026,,Sheila Bulus,FRENCH FRIES,,,,,,,,,,
February 15 2026,,Sheila Bulus,HONEY CHIA REFRESHER,,,,,,,,,,
February 15 2026,,Sheila Bulus,NACHOS,,,,,,,,,,
February 15 2026,,Table 3,Bundaberge,,,,,,,,,,
February 15 2026,,Table 3,HOT CHOC-NUT SYPHON,,,,,,,,,,
February 15 2026,,Kim Del Mundo,FRENCH FRIES,,,,,,,,,,
February 15 2026,,Kim Del Mundo,NACHOS,,,,,,,,,,
,,,,,,,,,,,,,
February 16 2026,,Carolyn Sabanal,BOTTLED WATER 500ML,,,,,,,,,,
February 16 2026,,Carolyn Sabanal,BOTTLED WATER 500ML,,,,,,,,,,
February 16 2026,,Carolyn Sabanal,COKE ZERO,,,,,,,,,,
February 16 2026,,Carolyn Sabanal,Bundaberge,,,,,,,,,,
February 16 2026,,Bethany,CAFE LATTE,,,,,,,,,,
February 16 2026,,Bethany,SHOYU TONKATSU RAMEN,,,,,,,,,,
February 16 2026,,Bethany,FRENCH FRIES,,,,,,,,,,
February 16 2026,,Ian Santiago,COKE ZERO,,MEMBERSHIP,,,,,,,,
February 16 2026,,Ian Santiago,COKE ZERO,,MEMBERSHIP,,,,,,,,
February 16 2026,,Ian Santiago,JIN MILD ,,MEMBERSHIP,,,,,,,,
February 16 2026,,Ian Santiago,SHOYU TONKATSU RAMEN,,MEMBERSHIP,,,,,,,,
February 16 2026,,Ian Santiago,NACHOS,,,,,,,,,,
February 16 2026,,Marie Cho,NACHOS,,,,,,,,,,
February 16 2026,,Marie Cho,FRENCH FRIES,,,,,,,,,,
February 16 2026,,Wilfredo Cho,CANADA DRY ,,,,,,,,,,
February 16 2026,,Gia Marie,Bundaberge,,C/O GIA,,,,,,,,
,,,,,,,,,,,,,
"February 17, 2026",,Paul Bautista,SHOYU TONKATSU RAMEN,,,,,,,,,,
"February 17, 2026",,Paul Bautista,C2,,,,,,,,,,
,,,,,,,,,,,,,
"February 18, 2026",,Janis Lumagui,COKE REGULAR ,,MEMBERSHIP,,,,,,,,
"February 18, 2026",,Hazel caparas,HONEY CHIA REFRESHER,,MEMBERSHIP,,,,,,,,
"February 18, 2026",,Christel Pangan,JIN MILD ,,MEMBERSHIP,,,,,,,,
"February 18, 2026",,Christel Pangan,ADOBO FLAKES ,,MEMBERSHIP,,,,,,,,
,,,,,,,,,,,,,
"February 19, 2026",,katherine Jane,BEEF PHO,,,,,,,,,,
"February 19, 2026",,katherine Jane,BEEF PHO,,,,,,,,,,
"February 19, 2026",,katherine Jane,SAMGYUP BOWL,,,,,,,,,,
"February 19, 2026",,Joy,NACHOS,,,,,,,,,,
"February 19, 2026",,joy,JIN MILD ,,,,,,,,,,
"February 19, 2026",,bryan,BOTTLED WATER 500ML,,,,,,,,,,
"February 19, 2026",,Collie garcia,HOT CHOC-NUT SYPHON,,,,,,,,,,
,,,,,,,,,,,,,
"February 20, 2026",,John Oliver Garcia,Iced Coffee,,,,,,,,,,
"February 20, 2026",,John Oliver Garcia,C2,,,,,,,,,,
,,,,,,,,,,,,,
"February 21, 2026",,macky Geronimo,FRENCH FRIES,,,,,,,,,,
"February 21, 2026",,Ash,EGG - ADD ON ,,,,,,,,,,
"February 21, 2026",,Ash,EGG - ADD ON ,,,,,,,,,,
"February 21, 2026",,Doms Guison,FRENCH FRIES,,,,,,,,,,
"February 21, 2026",,Doms Guison,Bundaberge,,,,,,,,,,
"February 21, 2026",,Doms Guison,SHOYU TONKATSU RAMEN,,,,,,,,,,
"February 21, 2026",,Doms Guison,SHOYU TONKATSU RAMEN,,,,,,,,,,
"February 21, 2026",,Doms Guison,SHOYU TONKATSU RAMEN,,,,,,,,,,
"February 21, 2026",,Jona,C2,,,,,,,,,,
"February 21, 2026",,Diana baylon,ADOBO FLAKES ,,,,,,,,,,
"February 21, 2026",,Hosanna Delacruz,KOREAN SPAM,,,,,,,,,,
"February 21, 2026",,Hosanna Delacruz,FRENCH FRIES,,,,,,,,,,
"February 21, 2026",,Riva acain,KOREAN SPAM,,,,,,,,,,
"February 21, 2026",,Riva acain,FRENCH FRIES,,,,,,,,,,
"February 21, 2026",,Leo,FRENCH FRIES,,,,,,,,,,
"February 21, 2026",,leo,COKE ZERO,,,,,,,,,,
,,,,,,,,,,,,,
"February 22, 2026",,Ash,EGG - ADD ON ,,,,,,,,,,
"February 22, 2026",,Ash,EGG - ADD ON ,,,,,,,,,,
"February 22, 2026",,Imelda Dela cruz,JIN MILD ,,,,,,,,,,
"February 22, 2026",,Imelda Dela cruz,JIN MILD ,,,,,,,,,,
"February 22, 2026",,Sarah Andres,SHOYU TONKATSU RAMEN,,,,,,,,,,
"February 22, 2026",,Sarah Andres,JIN MILD ,,,,,,,,,,
"February 22, 2026",,Sarah Andres,JIN MILD ,,,,,,,,,,
"February 22, 2026",,Sarah Andres,KOREAN SPAM,,,,,,,,,,
"February 22, 2026",,Sarah Andres,BOTTLED WATER 500ML,,,,,,,,,,
"February 22, 2026",,Sarah Andres,BOTTLED WATER 500ML,,,,,,,,,,
"February 22, 2026",,Sarah Andres,CANADA DRY ,,,,,,,,,,
"February 22, 2026",,Jona,C2,,,,,,,,,,
"February 22, 2026",,Vangie,EGG - ADD ON ,,,,,,,,,,
"February 22, 2026",,Vangie,EGG - ADD ON ,,,,,,,,,,
"February 22, 2026",,Christel Pangan,JIN MILD ,,,,,,,,,,
"February 22, 2026",,Christel Pangan,SAMGYUP BOWL,,MEMBERSHIP,,,,,,,,
,,,,,,,,,,,,,
"February 23, 2026",,Stephen chung,COKE ZERO,,,,,,,,,,
"February 23, 2026",,PR reyes,HONEY CHIA REFRESHER,,,,,,,,,,
"February 23, 2026",,PR reyes,CHEESE RAMEN,,,,,,,,,,
"February 23, 2026",,Luijane LP,CAFE LATTE,,,,,,,,,,
"February 23, 2026",,Loui,FRENCH FRIES,,,,,,,,,,
"February 23, 2026",,Loui,BEEF PHO,,,,,,,,,,
"February 23, 2026",,Mam Trish,Bundaberge,,C/O GIA,,,,,,,,
"February 23, 2026",,Mam Trish,BEEF PHO,,C/O GIA,,,,,,,,
"February 23, 2026",,Mam Trish,SAMGYUP BOWL,,C/O GIA,,,,,,,,
,,,,,,,,,,,,,
"February 24, 2026",,Geraldine Clemente,HONEY CHIA REFRESHER,,,,,,,,,,
,,,,,,,,,,,,,
"February 25, 2026",,Table 2,ADD ON - KIMCHI,,,,,,,,,,
"February 25, 2026",,Table 2,ADD ON - KIMCHI,,,,,,,,,,
"February 25, 2026",,Germhae Palad,JIN MILD ,,,,,,,,,,
"February 25, 2026",,Germhae Palad,SHOYU TONKATSU RAMEN,,,,,,,,,,
"February 25, 2026",,Germhae Palad,Bundaberge,,,,,,,,,,
"February 25, 2026",,Dra. Eva Aves,JIN SPICY,,,,,,,,,,
"February 25, 2026",,Dra. Eva Aves,JIN SPICY,,,,,,,,,,
"February 25, 2026",,Dra. Eva Aves,COKE ZERO,,,,,,,,,,
"February 25, 2026",,Dra. Eva Aves,Bundaberge,,,,,,,,,,
"February 25, 2026",,Dra. Eva Aves,EGG - ADD ON ,,,,,,,,,,
"February 25, 2026",,Dra. Eva Aves,SAMGYUP - ADD ON,,,,,,,,,,
"February 25, 2026",,Dra. Eva Aves,SAMGYUP - ADD ON,,,,,,,,,,
"February 25, 2026",,Dra. Eva Aves,EGG - ADD ON ,,,,,,,,,,
,,,,,,,,,,,,,
"February 26, 2026",,Sheryl,JIN SPICY,,,,,,,,,,
"February 26, 2026",,Christel Pangan,CAFE LATTE,,MEMBERSHIP,,,,,,,,
,,,,,,,,,,,,,
"February 27, 2026",,kris Angeles,FRENCH FRIES,,,,,,,,,,
"February 27, 2026",,kris Angeles,FRENCH FRIES,,,,,,,,,,
"February 27, 2026",,kris Angeles,NACHOS,,,,,,,,,,
"February 27, 2026",,kris Angeles,BOTTLED WATER 500ML,,,,,,,,,,
"February 27, 2026",,kris Angeles,BOTTLED WATER 500ML,,,,,,,,,,
"February 27, 2026",,kris Angeles,BOTTLED WATER 500ML,,,,,,,,,,
"February 27, 2026",,Marlyn,BEEF PHO,,,,,,,,,,
"February 27, 2026",,Marlyn,SHOYU TONKATSU RAMEN,,,,,,,,,,
"February 27, 2026",,Marlyn,FRENCH FRIES,,,,,,,,,,
"February 27, 2026",,Victory,BEEF PHO,,,,,,,,,,
,,,,,,,,,,,,,
"February 28, 2026",,Liezel Tagulabao,SHOYU TONKATSU RAMEN,,,,,,,,,,
"February 28, 2026",,Liezel Tagulabao,NACHOS,,,,,,,,,,
"February 28, 2026",,Liezel Tagulabao,KOREAN BEEF TAPA,,,,,,,,,,
"February 28, 2026",,Liezel Tagulabao,KOREAN BEEF TAPA,,,,,,,,,,
"February 28, 2026",,Liezel Tagulabao,KOREAN BEEF TAPA,,,,,,,,,,
"February 28, 2026",,kim,EGG - ADD ON ,,,,,,,,,,
"March1, 2026",,Marielle Magtoto,CAFE LATTE,,,,,₱80.00,,,₱0.00,₱80.00,
"March1, 2026",,Marielle Magtoto,HONEY CHIA REFRESHER,,,,,₱65.00,,,₱0.00,₱65.00,
"March1, 2026",,Marielle Magtoto,DR. PEPPERS,,,,,₱55.00,,,₱0.00,₱55.00,
"March1, 2026",,Marielle Magtoto,JIN MILD ,,,,,₱150.00,,,₱0.00,₱150.00,
"March1, 2026",,Marielle Magtoto,FRENCH FRIES,,,,,₱60.00,,,₱0.00,₱60.00,
"March1, 2026",,Marielle Magtoto,SAMGYUP BOWL,,,,,,,,₱0.00,₱0.00,
"March1, 2026",,Trops,NACHOS,,,,,₱120.00,,,₱0.00,₱120.00,
"March1, 2026",,Trops,BUNDABERGE,,,,,₱135.00,,,₱0.00,₱135.00,
"March1, 2026",,Trops,GREEN TEA,,,,,₱60.00,,,₱0.00,₱60.00,
,,,,,,,,,,,₱0.00,₱0.00,
"March 2, 2026",,Ivy,HONEY CHIA REFRESHER,,,,,₱65.00,,,₱0.00,₱65.00,
"March 2, 2026",,Ivy,FRENCH FRIES,,,,,₱60.00,,,₱0.00,₱60.00,
"March 2, 2026",,Kris mendoza,BEEF PHO,,,,,,,,₱0.00,₱0.00,
"March 2, 2026",,Kris mendoza,JIN MILD ,,,,,₱150.00,,,₱0.00,₱150.00,
"March 2, 2026",,Kris mendoza,CAFE LATTE,,,,,₱80.00,,,₱0.00,₱80.00,
"March 2, 2026",,Kris mendoza,HONEY CHIA REFRESHER,,,,,₱65.00,,,₱0.00,₱65.00,
"March 2, 2026",,Clarissa Mendoza,BEEF PHO,,,,,,,,₱0.00,₱0.00,
"March 2, 2026",,Clarissa Mendoza,CAFE LATTE,,,,,₱80.00,,,₱0.00,₱80.00,
"March 2, 2026",,Clarissa Mendoza,KOREAN SPAM,,,,,,,,₱0.00,₱0.00,
"March 2, 2026",,Clarissa Mendoza,AMERICANO,,,,,₱70.00,,,₱0.00,₱70.00,
,,,,,,,,,,,₱0.00,₱0.00,
"March 3, 2026",,Yumi,BOTTLED WATER 500ML,,,,,₱25.00,,,₱0.00,₱25.00,
"March 3, 2026",,Sheryl,SAMGYUP BOWL,,,,,,,,₱0.00,₱0.00,
,,,,,,,,,,,₱0.00,₱0.00,
"March 4, 2026",,Ma Theresa Estrella,HONEY CHIA REFRESHER,,BIRTHDAY TREAT,,,₱65.00,,100.00%,₱65.00,₱0.00,
,,,,,,,,,,,₱0.00,₱0.00,
"March 5, 2026",,cel Tayao,BEEF PHO,,MEMBERSHIP,,,,,100.00%,₱0.00,₱0.00,
,,,,,,,,,,,₱0.00,₱0.00,
"March 6, 2026",,Rona,ADOBO FLAKES ,,,,,,,,₱0.00,₱0.00,
"March 6, 2026",,Rona,NACHOS,,,,,₱120.00,,,₱0.00,₱120.00,
"March 6, 2026",,Rona,SHOYU TONKATSU RAMEN,,,,,₱120.00,,,₱0.00,₱120.00,
"March 6, 2026",,Rona,SHOYU TONKATSU RAMEN,,,,,₱120.00,,,₱0.00,₱120.00,
"March 6, 2026",,Harlan,HONEY CHIA REFRESHER,,C/O GIA,,,₱65.00,,100.00%,₱65.00,₱0.00,
"March 6, 2026",,Harlan,HONEY CHIA REFRESHER,,C/O GIA,,,₱65.00,,100.00%,₱65.00,₱0.00,
"March 6, 2026",,harlan,ADOBO FLAKES ,,MEMBERSHIP,,,,,100.00%,₱0.00,₱0.00,
"March 6, 2026",,divine,C2,,,,,₱20.00,,,₱0.00,₱20.00,
,,,,,,,,,,,₱0.00,₱0.00,
"March 7, 2026",,Myla,JIN MILD ,,,,,₱150.00,,,₱0.00,₱150.00,
"March 7, 2026",,Myla,SHOYU TONKATSU RAMEN,,,,,₱120.00,,,₱0.00,₱120.00,
"March 7, 2026",,love,CHEESE RAMEN,,,,,₱150.00,,,₱0.00,₱150.00,
"March 7, 2026",,love,SHOYU TONKATSU RAMEN,,,,,₱120.00,,,₱0.00,₱120.00,
,,,,,,,,,,,₱0.00,₱0.00,
"March 8, 2026",,Alaine,C2,,,,,₱20.00,,,₱0.00,₱20.00,
"March 8, 2026",,Loy Claudio,ADOBO FLAKES ,,,,,,,,₱0.00,₱0.00,
"March 8, 2026",,Loy Claudio,SHOYU TONKATSU RAMEN,,,,,₱120.00,,,₱0.00,₱120.00,
"March 8, 2026",,Loy Claudio,HONEY CHIA REFRESHER,,,,,₱65.00,,,₱0.00,₱65.00,
"March 8, 2026",,Loy Claudio,BOTTLED WATER 500ML,,,,,₱25.00,,,₱0.00,₱25.00,
"March 8, 2026",,Manylyn,NACHOS,,,,,₱120.00,,,₱0.00,₱120.00,
"March 8, 2026",,Love salazar,FRENCH FRIES,,C/O GIA,,,₱60.00,,100.00%,₱60.00,₱0.00,
"March 8, 2026",,Love salazar,BEEF PHO,,,,,,,,₱0.00,₱0.00,
"March 8, 2026",,Love salazar,SAMGYUP BOWL,,,,,,,,₱0.00,₱0.00,
"March 8, 2026",,Love salazar,SAMGYUP - ADD ON,,,,,,,,₱0.00,₱0.00,
,,,,,,,,,,,₱0.00,₱0.00,
"March 9, 2026",,Ken,Iced Coffee,,,,,₱80.00,,,₱0.00,₱80.00,
"March 9, 2026",,Ken,Iced Coffee,,,,,₱80.00,,,₱0.00,₱80.00,
"March 9, 2026",,Ken,HONEY CHIA REFRESHER,,,,,₱65.00,,,₱0.00,₱65.00,
,,,,,,,,,,,₱0.00,₱0.00,
"March 10, 2026",,Rochelle,FRENCH FRIES,,,,,₱60.00,,,₱0.00,₱60.00,
"March 10, 2026",,Rochelle,CAFE LATTE,,,,,₱80.00,,,₱0.00,₱80.00,
"March 10, 2026",,Roy,SHOYU TONKATSU RAMEN,,,,,₱120.00,,,₱0.00,₱120.00,
"March 10, 2026",,Roy,SHOYU TONKATSU RAMEN,,,,,₱120.00,,,₱0.00,₱120.00,
"March 10, 2026",,Roy,KOREAN SPAM,,,,,,,,₱0.00,₱0.00,
"March 10, 2026",,Mario Reyes,JIN MILD ,,MEMBERSHIP,,,₱150.00,,100.00%,₱150.00,₱0.00,
"March 10, 2026",,Grace,SHOYU TONKATSU RAMEN,,,,,₱120.00,,,₱0.00,₱120.00,
"March 10, 2026",,Grace,SHOYU TONKATSU RAMEN,,,,,₱120.00,,,₱0.00,₱120.00,
"March 10, 2026",,Grace,FRENCH FRIES,,,,,₱60.00,,,₱0.00,₱60.00,
"March 10, 2026",,Grace,CAFE LATTE,,,,,₱80.00,,,₱0.00,₱80.00,
"March 10, 2026",,Grace,CAFE LATTE,,,,,₱80.00,,,₱0.00,₱80.00,
"March 10, 2026",,ash,EGG - ADD ON ,,,,,,,,₱0.00,₱0.00,
"March 10, 2026",,ash,EGG - ADD ON ,,,,,,,,₱0.00,₱0.00,
"March 10, 2026",,ash,EGG - ADD ON ,,,,,,,,₱0.00,₱0.00,
,,,,,,,,,,,₱0.00,₱0.00,
"March 11, 2026",,Amelia,C2,,,,,₱20.00,,,₱0.00,₱20.00,
"March 11, 2026",,divine,C2,,,,,₱20.00,,,₱0.00,₱20.00,
,,,,,,,,,,,₱0.00,₱0.00,
"March 12, 2026",,Rea Fabian,ADOBO FLAKES,,GIFT CARD,,,,,100.00%,₱0.00,₱0.00,
"March 12, 2026",,Rea Fabian,ADOBO FLAKES ,,GIFT CARD,,,,,100.00%,₱0.00,₱0.00,
"March 12, 2026",,Rea Fabian,FRENCH FRIES,,GIFT CARD,,,₱60.00,,100.00%,₱60.00,₱0.00,
"March 12, 2026",,Rea Fabian,COKE ZERO,,GIFT CARD,,,₱50.00,,100.00%,₱50.00,₱0.00,
"March 12, 2026",,Christel Pangan,ADOBO FLAKES ,,MEMBERSHIP,,,,,100.00%,₱0.00,₱0.00,
"March 12, 2026",,Via,C2,,,,,₱20.00,,,₱0.00,₱20.00,
,,,,,,,,,,,₱0.00,₱0.00,
"March 14, 2026",,Maam Ruth,COKE ZERO,,CASH,,,₱50.00,,,₱0.00,₱50.00,
"March 14, 2026",,Maam Ruth,CANADA DRY ,,CASH,,,₱58.00,,,₱0.00,₱58.00,
"March 14, 2026",,Patrick santiago,KOREAN BEEF TAPA,,,,,,,,₱0.00,₱0.00,
"March 14, 2026",,Patrick santiago,KOREAN BEEF TAPA,,,,,,,,₱0.00,₱0.00,
"March 14, 2026",,Patrick santiago,SAMGYUP BOWL,,,,,,,,₱0.00,₱0.00,
"March 14, 2026",,Patrick santiago,SAMGYUP BOWL,,,,,,,,₱0.00,₱0.00,
"March 14, 2026",,Patrick santiago,COKE ZERO,,,,,₱50.00,,,₱0.00,₱50.00,
"March 14, 2026",,Patrick santiago,JIN SPICY,,,,,₱150.00,,,₱0.00,₱150.00,
"March 14, 2026",,Patrick santiago,JIN SPICY,,,,,₱150.00,,,₱0.00,₱150.00,
"March 14, 2026",,Jona Gutierrez,CHEESE RAMEN,,,,,₱150.00,,,₱0.00,₱150.00,
"March 14, 2026",,Jona Gutierrez,COKE ZERO,,,,,₱50.00,,,₱0.00,₱50.00,
"March 14, 2026",,Jona Gutierrez,FRENCH FRIES,,,,,₱60.00,,,₱0.00,₱60.00,
"March 14, 2026",,Danica Buenaventura,CAFE LATTE,,,,,₱80.00,,,₱0.00,₱80.00,
"March 14, 2026",,Danica Buenaventura,CAFE LATTE,,,,,₱80.00,,,₱0.00,₱80.00,
"March 14, 2026",,Danica Buenaventura,NACHOS,,,,,₱120.00,,,₱0.00,₱120.00,
"March 14, 2026",,Danica Buenaventura,JIN MILD ,,BIRTHDAY TREAT,,,₱150.00,,100.00%,₱150.00,₱0.00,
"March 14, 2026",,Christine Valdez,FRENCH FRIES,,BIRTHDAY TREAT,,,₱60.00,,100.00%,₱60.00,₱0.00,
,,,,,,,,,,,₱0.00,₱0.00,
"March 15, 2026",,Lorna,SHOYU TONKATSU RAMEN,,,,,₱120.00,,,₱0.00,₱120.00,
"March 15, 2026",,Lorna,KOREAN SPAM,,,,,,,,₱0.00,₱0.00,
"March 15, 2026",,Lorna,FRENCH FRIES,,,,,₱60.00,,,₱0.00,₱60.00,
"March 15, 2026",,Lorna,FRENCH FRIES,,,,,₱60.00,,,₱0.00,₱60.00,
"March 15, 2026",,Lorna,HONEY CHIA REFRESHER,,,,,₱65.00,,,₱0.00,₱65.00,
"March 15, 2026",,Lorna,HONEY CHIA REFRESHER,,,,,₱65.00,,,₱0.00,₱65.00,
"March 15, 2026",,Lorna,HONEY CHIA REFRESHER,,,,,₱65.00,,,₱0.00,₱65.00,
"March 15, 2026",,Lorna,HONEY CHIA REFRESHER,,,,,₱65.00,,,₱0.00,₱65.00,
"March 15, 2026",,Lorna,HONEY CHIA REFRESHER,,,,,₱65.00,,,₱0.00,₱65.00,
"March 15, 2026",,Lorna,BEEF PHO,,,,,,,,₱0.00,₱0.00,
"March 15, 2026",,Lorna,BEEF PHO,,,,,,,,₱0.00,₱0.00,
"March 15, 2026",,Lorna,BEEF PHO,,,,,,,,₱0.00,₱0.00,
"March 15, 2026",,Lorna,NACHOS,,,,,₱120.00,,,₱0.00,₱120.00,
"March 15, 2026",,Lorna,NACHOS,,,,,₱120.00,,,₱0.00,₱120.00,
"March 15, 2026",,Lorna,NACHOS,,,,,₱120.00,,,₱0.00,₱120.00,
"March 15, 2026",,Maricel,JIN MILD ,,,,,₱150.00,,,₱0.00,₱150.00,
"March 15, 2026",,Maricel,FRENCH FRIES,,,,,₱60.00,,,₱0.00,₱60.00,
"March 15, 2026",,Maricel,FRENCH FRIES,,,,,₱60.00,,,₱0.00,₱60.00,
"March 15, 2026",,Maricel,COKE REGULAR ,,,,,₱50.00,,,₱0.00,₱50.00,
"March 15, 2026",,Maricel,COKE REGULAR ,,,,,₱50.00,,,₱0.00,₱50.00,
,,,,,,,,,,,₱0.00,₱0.00,
"March 16, 2026",,Em Gonzales,AMERICANO,,,,,₱70.00,,,₱0.00,₱70.00,
"March 16, 2026",,Em Gonzales,HONEY CHIA REFRESHER,,,,,₱65.00,,,₱0.00,₱65.00,
"March 16, 2026",,Virginia Dayao,CHEESE RAMEN,,,,,₱150.00,,,₱0.00,₱150.00,
"March 16, 2026",,Virginia Dayao,CHEESE RAMEN,,,,,₱150.00,,,₱0.00,₱150.00,
"March 16, 2026",,Virginia Dayao,NACHOS,,,,,₱120.00,,,₱0.00,₱120.00,
"March 16, 2026",,Virginia Dayao,HONEY CHIA REFRESHER,,,,,₱65.00,,,₱0.00,₱65.00,
"March 16, 2026",,Virginia Dayao,HONEY CHIA REFRESHER,,,,,₱65.00,,,₱0.00,₱65.00,
"March 16, 2026",,table 4,SHOYU TONKATSU RAMEN,,,,,₱120.00,,,₱0.00,₱120.00,
"March 16, 2026",,table 4,SHOYU TONKATSU RAMEN,,,,,₱120.00,,,₱0.00,₱120.00,
"March 16, 2026",,table 4,JIN MILD ,,,,,₱150.00,,,₱0.00,₱150.00,
"March 16, 2026",,table 4,EGG - ADD ON ,,,,,,,,₱0.00,₱0.00,
"March 16, 2026",,table 4,SHOYU TONKATSU RAMEN,,,,,₱120.00,,,₱0.00,₱120.00,
"March 16, 2026",,table 4,SHOYU TONKATSU RAMEN,,,,,₱120.00,,,₱0.00,₱120.00,
,,,,,,,,,,,₱0.00,₱0.00,
"March 17, 2026",,Jett RN,BEEF PHO,,,,,,,,₱0.00,₱0.00,
"March 17, 2026",,Jett RN,FRENCH FRIES,,,,,₱60.00,,,₱0.00,₱60.00,
"March 17, 2026",,Macky,COKE REGULAR ,,,,,₱50.00,,,₱0.00,₱50.00,
,,,,,,,,,,,₱0.00,₱0.00,
"March 19, 2026",,Legend Pharma,FRENCH FRIES,,,,,₱60.00,,,₱0.00,₱60.00,
"March 19, 2026",,Legend Pharma,NACHOS,,,,,₱120.00,,,₱0.00,₱120.00,
"March 19, 2026",,Legend Pharma,HONEY CHIA REFRESHER,,,,,₱65.00,,,₱0.00,₱65.00,
"March 19, 2026",,Legend Pharma,CHEESE RAMEN,,,,,₱150.00,,,₱0.00,₱150.00,
"March 19, 2026",,Legend Pharma,CHEESE RAMEN,,,,,₱150.00,,,₱0.00,₱150.00,
"March 19, 2026",,Legend Pharma,CHEESE RAMEN,,,,,₱150.00,,,₱0.00,₱150.00,
"March 19, 2026",,mario Reyes,JIN MILD ,,MEMBERSHIP,,,₱150.00,,100%,₱150.00,₱0.00,
,,,,,,,,,,,₱0.00,₱0.00,
"March 20, 2026",,Table 3 ,AMERICANO,,,,,₱70.00,,,₱0.00,₱70.00,
"March 20, 2026",,Table 3 ,AMERICANO,,,,,₱70.00,,,₱0.00,₱70.00,
"March 20, 2026",,Table 3 ,HONEY CHIA REFRESHER,,,,,₱65.00,,,₱0.00,₱65.00,
"March 20, 2026",,Table 3 ,HONEY CHIA REFRESHER,,,,,₱65.00,,,₱0.00,₱65.00,
"March 20, 2026",,Brianne Santos,BOTTLED WATER 500ML,,,,,₱25.00,,,₱0.00,₱25.00,
,,,,,,,,,,,₱0.00,₱0.00,
"March 21, 2026",,Ada,NACHOS,,,,,₱120.00,,,₱0.00,₱120.00,
"March 21, 2026",,Ada,NACHOS,,,,,₱120.00,,,₱0.00,₱120.00,
"March 21, 2026",,Ada,FRENCH FRIES,,,,,₱60.00,,,₱0.00,₱60.00,
"March 21, 2026",,Ada,FRENCH FRIES,,,,,₱60.00,,,₱0.00,₱60.00,
"March 21, 2026",,Ada,C2,,,,,₱20.00,,,₱0.00,₱20.00,
"March 21, 2026",,Ada,C2,,,,,₱20.00,,,₱0.00,₱20.00,
"March 21, 2026",,Ada,CANADA DRY ,,,,,₱58.00,,,₱0.00,₱58.00,
"March 21, 2026",,lloyd,SHOYU TONKATSU RAMEN,,,,,₱120.00,,,₱0.00,₱120.00,
"March 21, 2026",,lloyd,CHEESE RAMEN,,,,,₱150.00,,,₱0.00,₱150.00,
,,,,,,,,,,,₱0.00,₱0.00,
"March 22, 2026",,Rhea,JIN MILD ,,,,,₱150.00,,,₱0.00,₱150.00,
"March 23, 2026",,Rhea,CAFE LATTE,,,,,₱80.00,,,₱0.00,₱80.00,
,,,,,,,,,,,₱0.00,₱0.00,
March 2026,,Marie Mendoza,SAMGYUP BOWL,,,,,,,,₱0.00,₱0.00,
March 2026,,Marie Mendoza,CHEESE RAMEN,,,,,₱150.00,,,₱0.00,₱150.00,
March 2026,,Marie Mendoza,FRENCH FRIES,,,,,₱60.00,,,₱0.00,₱60.00,
March 2026,,Christian,HONEY CHIA REFRESHER,,,,,₱65.00,,,₱0.00,₱65.00,
March 2026,,Christian,NACHOS,,,,,₱120.00,,,₱0.00,₱120.00,
,,,,,,,,,,,₱0.00,₱0.00,
"March 24, 2026",,Glaiza Sanchez,COKE REGULAR ,,BIRTHDAY TREAT,,,₱50.00,,100.00%,₱50.00,₱0.00,
,,,,,,,,,,,₱0.00,₱0.00,
"March 25, 2026",,via,C2,,,,,₱20.00,,,₱0.00,₱20.00,
,,,,,,,,,,,₱0.00,₱0.00,
"March 26, 2026",,Joyce pondang,COKE REGULAR ,,,,,₱50.00,,,₱0.00,₱50.00,
"March 26, 2026",,Joyce pondang,CHEESE RAMEN,,,,,₱150.00,,,₱0.00,₱150.00,
"March 26, 2026",,janis Lumagui,COKE REGULAR MINI,,MEMBERSHIP,,,,,100.00%,₱0.00,₱0.00,
"March 26, 2026",,janis Lumagui,CHEESE RAMEN,,MEMBERSHIP,,,₱150.00,,100.00%,₱150.00,₱0.00,
"March 26, 2026",,Elisha Dee,BEEF PHO,,,,,,,,₱0.00,₱0.00,
,,,,,,,,,,,₱0.00,₱0.00,
"March 28, 2026",,Maam Gia,HONEY CHIA REFRESHER,,C/O GIA,,,₱65.00,,100.00%,₱65.00,₱0.00,
"March 28, 2026",,Maam Gia,HONEY CHIA REFRESHER,,C/O GIA,,,₱65.00,,100.00%,₱65.00,₱0.00,
"March 28, 2026",,Kat Lising,COKE ZERO,,,,,₱50.00,,,₱0.00,₱50.00,
"March 28, 2026",,Carlo,CANADA DRY ,,,,,₱58.00,,,₱0.00,₱58.00,
"March 28, 2026",,Anna,STARBUCKS DOUBLE SHOT,,,,,,,,₱0.00,₱0.00,
"March 28, 2026",,Anna,AMERICANO,,,,,₱70.00,,,₱0.00,₱70.00,
"March 28, 2026",,Karla,CAFE LATTE,,,,,₱80.00,,,₱0.00,₱80.00,
,,,,,,,,,,,₱0.00,₱0.00,
"March 29, 2026",,Ivy,JIN MILD,,,,,,,,₱0.00,₱0.00,
"March 29, 2026",,Ivy,SHOYU TONKATSU RAMEN,,,,,₱120.00,,,₱0.00,₱120.00,
"March 29, 2026",,Leah,FRENCH FRIES,,,,,₱60.00,,,₱0.00,₱60.00,
"March 29, 2026",,Leah,DR. PEPPERS,,,,,₱55.00,,,₱0.00,₱55.00,
"March 29, 2026",,Leah,DR. PEPPERS,,,,,₱55.00,,,₱0.00,₱55.00,
"March 29, 2026",,Leah,DR. PEPPERS,,,,,₱55.00,,,₱0.00,₱55.00,
"March 29, 2026",,Leah,C2,,,,,₱20.00,,,₱0.00,₱20.00,
,,,,,,,,,,,₱0.00,₱0.00,
"March 30, 2026",,Lydia decastro,CANADA DRY,,,,,,,,₱0.00,₱0.00,
"March 30, 2026",,Lydia decastro,CANADA DRY,,,,,,,,₱0.00,₱0.00,
"March 30, 2026",,Lydia decastro,C2,,,,,₱20.00,,,₱0.00,₱20.00,
"March 30, 2026",,Lydia decastro,C2,,,,,₱20.00,,,₱0.00,₱20.00,
"April 1,2026",,Bambie,JIN MILD ,,QR AUB,,,₱150.00,₱70.00,,₱0.00,₱150.00,
,,,SHOYU TONKATSU RAMEN,,QR AUB,,,₱120.00,,,₱0.00,₱120.00,
,,,CHEESE - ADD ON,,QR AUB,,,,,,₱0.00,₱0.00,
,,,FRENCH FRIES,,QR AUB,,,₱60.00,,,₱0.00,₱60.00,
,,Naomi Hipolito,JIN MILD ,,CASH,,,₱150.00,₱70.00,,₱0.00,₱150.00,
,,via,C2,,CASH,,,₱20.00,₱17.00,,₱0.00,₱20.00,
,,,,,,,,,,,₱0.00,₱0.00,
"April 2, 2026",,Paula Cruz,CHEESE RAMEN,,,,,₱150.00,₱70.00,,₱0.00,₱150.00,
,,,FRENCH FRIES,,,,,₱60.00,,,₱0.00,₱60.00,
,,Trixie Guinto,FRENCH FRIES,,,,,₱60.00,,,₱0.00,₱60.00,
,,Charlie,COKE ZERO,,,,,₱50.00,₱29.00,,₱0.00,₱50.00,
,,Claire,JIN MILD ,,,,,₱150.00,₱70.00,,₱0.00,₱150.00,
,,,CHEESE RAMEN,,,,,₱150.00,₱70.00,,₱0.00,₱150.00,
,,,SHOYU TONKATSU RAMEN,,,,,₱120.00,,,₱0.00,₱120.00,
,,Ruth,COKE ZERO,,,,,₱50.00,₱29.00,,₱0.00,₱50.00,
,,Leah,C2,,,,,₱20.00,₱17.00,,₱0.00,₱20.00,
,,Ruth ,COKE ZERO,,,,,₱50.00,₱29.00,,₱0.00,₱50.00,
"April 5, 2026",,divine,C2,,,,,₱20.00,₱17.00,,₱0.00,₱20.00,
,,Nora Adriano,JIN SPICY,,,,,₱150.00,₱70.00,,₱0.00,₱150.00,
,,,SHOYU TONKATSU RAMEN,,,,,₱120.00,,,₱0.00,₱120.00,
,,Tic,JIN SPICY,,,,,₱150.00,₱70.00,,₱0.00,₱150.00,
,,,AMERICANO,,,,,₱70.00,,,₱0.00,₱70.00,
,,Kate,EGG - ADD ON ,,CASH,,,,,,₱0.00,₱0.00,
"April 6, 2026",,Myra Ignacio,SHIN RAMYUN,FREE,BIRTHDAY TREAT,,,₱150.00,₱70.00,100.00%,₱150.00,₱0.00,
"April 8, 2026",,ann,EGG - ADD ON ,,CASH,,,,,,₱0.00,₱0.00,
,,leah,C2,,CASH,,,₱20.00,₱17.00,,₱0.00,₱20.00,
"April 9, 2026",,Flor Hernandez,COKE REGULAR ,,CASH,,,₱50.00,₱29.00,,₱0.00,₱50.00,
,,Trops,JIN MILD ,,CASH,,,₱150.00,₱70.00,,₱0.00,₱150.00,
,,,BOTTLED WATER 500ML,,CASH,,,₱25.00,,,₱0.00,₱25.00,
"April 10, 2026",,Diane,FRENCH FRIES,,,,,₱60.00,,,₱0.00,₱60.00,
,,,HONEY CHIA REFRESHER,,,,,₱65.00,,,₱0.00,₱65.00,
,,Divine,C2,,CASH,,,₱20.00,₱17.00,,₱0.00,₱20.00,
,,,C2,,CASH,,,₱20.00,₱17.00,,₱0.00,₱20.00,
,,Leah,C2,,CASH,,,₱20.00,₱17.00,,₱0.00,₱20.00,
"April 11, 2026",,Owen,BULDAK CARBONARA,,GIFT CARD,,,₱140.00,,100.00%,₱140.00,₱0.00,
"April 11, 2026",,Owen,JIN MILD ,,GIFT CARD,,,₱150.00,₱70.00,100.00%,₱150.00,₱0.00,
"April 11, 2026",,Owen,C2,,GIFT CARD,,,₱20.00,₱17.00,100.00%,₱20.00,₱0.00,
"April 11, 2026",,Owen,SB DOLCE FRAPPE ,,GIFT CARD,,,₱179.00,₱129.00,100.00%,₱179.00,₱0.00,
"April 11, 2026",,Owen,FRENCH FRIES,,GIFT CARD,,,₱60.00,,100.00%,₱60.00,₱0.00,
"April 11, 2026",,Owen,FRENCH FRIES,,GIFT CARD,,,₱60.00,,100.00%,₱60.00,₱0.00,
"April 11, 2026",,Owen,C2,,GIFT CARD,,,₱20.00,₱17.00,100.00%,₱20.00,₱0.00,
"April 11, 2026",,Owen,C2,,GIFT CARD,,,₱20.00,₱17.00,100.00%,₱20.00,₱0.00,
"April 11, 2026",,Owen,C2,,GIFT CARD,,,₱20.00,₱17.00,100.00%,₱20.00,₱0.00,
"April 11, 2026",,Owen,C2,,GIFT CARD,,,₱20.00,₱17.00,100.00%,₱20.00,₱0.00,
"April 11, 2026",,Owen,C2,,GIFT CARD,,,₱20.00,₱17.00,100.00%,₱20.00,₱0.00,
"April 11, 2026",,Besh,SHIN RAMYUN,,CASH,,,₱150.00,₱70.00,,₱0.00,₱150.00,
"April 11, 2026",,Besh,AMERICANO,,CASH,,,₱70.00,,,₱0.00,₱70.00,
"April 11, 2026",,Besh,CAFE LATTE,,CASH,,,₱80.00,,,₱0.00,₱80.00,
"April 11, 2026",,Besh,JIN MILD ,,CASH,,,₱150.00,₱70.00,,₱0.00,₱150.00,
"April 11, 2026",,Leah,C2,,CASH,,,₱20.00,₱17.00,,₱0.00,₱20.00,
"April 11, 2026",,Mark,BOTTLED WATER 500ML,,CASH,,,₱25.00,,,₱0.00,₱25.00,
"April 11, 2026",,Mark,BOTTLED WATER 500ML,,CASH,,,₱25.00,,,₱0.00,₱25.00,
"April 11, 2026",,Mark,BOTTLED WATER 500ML,,CASH,,,₱25.00,,,₱0.00,₱25.00,
"April 11, 2026",,Cristelle Pangan,CAFE LATTE,,MEMBERSHIP,,,₱80.00,,100.00%,₱80.00,₱0.00,
,,,,,,,,,,,₱0.00,₱0.00,
"April 12, 2026",,Lyka,COKE REGULAR ,,,,,₱50.00,₱29.00,,₱0.00,₱50.00,
,,,C2,,,,,₱20.00,₱17.00,,₱0.00,₱20.00,
,,,C2,,,,,₱20.00,₱17.00,,₱0.00,₱20.00,
"April 13, 2026",,Jeanette Santos,C2,,CASH,,,₱20.00,₱17.00,,₱0.00,₱20.00,
,,,C2,,CASH,,,₱20.00,₱17.00,,₱0.00,₱20.00,
,,Princess,FRENCH FRIES,,,,,₱60.00,,,₱0.00,₱60.00,
,,,,,,,,,,,₱0.00,₱0.00,
"April 15, 2026",,Khaye,BOTTLED WATER 500ML,,,,,₱25.00,,,₱0.00,₱25.00,
,,,BOTTLED WATER 500ML,,,,,₱25.00,,,₱0.00,₱25.00,
,,,,,,,,,,,₱0.00,₱0.00,
"April 16, 2026",,Divine,C2,,CASH,,,₱20.00,₱17.00,,₱0.00,₱20.00,
,,,,,,,,,,,₱0.00,₱0.00,
"April 17, 2026",,Erika,CAFE LATTE,,,,,₱80.00,,,₱0.00,₱80.00,
,,,HONEY CHIA REFRESHER,,,,,₱65.00,,,₱0.00,₱65.00,
,,,FRENCH FRIES,,,,,₱60.00,,,₱0.00,₱60.00,
,,Diane,BOTTLED WATER 350ML,,,,,₱15.00,,,₱0.00,₱15.00,
,,,BOTTLED WATER 350ML,,,,,₱15.00,,,₱0.00,₱15.00,
,,,,,,,,,,,₱0.00,₱0.00,
"April 18, 2026",,Leah,C2,,CASH,,,₱20.00,₱17.00,,₱0.00,₱20.00,
,,,,,,,,,,,₱0.00,₱0.00,
"April 19, 2026",,Divine,C2,,CASH,,,₱20.00,₱17.00,,₱0.00,₱20.00,
,,Tricia,JIN MILD ,,,,,₱150.00,₱70.00,,₱0.00,₱150.00,
,,,BULDAK CARBONARA,,,,,₱140.00,,,₱0.00,₱140.00,
,,Sab,SHIN RAMYUN,,,,,₱150.00,,,₱0.00,₱150.00,
,,,SHOYU TONKATSU RAMEN,,,,,₱120.00,,,₱0.00,₱120.00,
,,,,,,,,,,,₱0.00,₱0.00,
"April 20, 2026",,Janis,CHEESE RAMEN,FREE,MEMBERSHIP,,,₱150.00,,100.00%,₱150.00,₱0.00,
,,Tine,CHEESE RAMEN,EMPLOYEE DISCOUNT,CASH,,,₱150.00,,20.00%,₱30.00,₱120.00,
,,,,,,,,,,,₱0.00,₱0.00,
"April 22, 2026",,Brittany,FRENCH FRIES,,,,,₱60.00,,,₱0.00,₱60.00,
,,Brittany,BULDAK CARBONARA,,,,,₱140.00,,,₱0.00,₱140.00,
,,Brittany,DR. PEPPERS,,,,,₱55.00,,,₱0.00,₱55.00,
,,,,,,,,,,,₱0.00,₱0.00,
"April 23, 2026",,Diana,HONEY CHIA REFRESHER,,,,,₱65.00,,,₱0.00,₱65.00,
,,Diana,BOTTLED WATER 500ML,,,,,₱25.00,,,₱0.00,₱25.00,
,,Diana,BOTTLED WATER 500ML,,,,,₱25.00,,,₱0.00,₱25.00,
,,Diana,BOTTLED WATER 500ML,,,,,₱25.00,,,₱0.00,₱25.00,
,,AJ Manuel,CHEESE RAMEN,,,,,₱150.00,,,₱0.00,₱150.00,
,,,JIN MILD ,,,,,₱150.00,,,₱0.00,₱150.00,
,,,COKE ZERO,,,,,₱50.00,,,₱0.00,₱50.00,
,,,HONEY CHIA REFRESHER,FREE,BIRTHDAY TREAT,,,₱65.00,,100.00%,₱65.00,₱0.00,
,,,,,,,,,,,₱0.00,₱0.00,
"April 24, 2026",,Kate,COKE REGULAR ,,,,,₱50.00,,,₱0.00,₱50.00,
,,,C2,,,,,₱20.00,,,₱0.00,₱20.00,
,,,HONEY CHIA REFRESHER,,,,,₱65.00,,,₱0.00,₱65.00,
,,,,,,,,,,,₱0.00,₱0.00,
"April 25, 2026",,leah,C2,,CASH,,,₱20.00,,,₱0.00,₱20.00,
"April 25, 2026",,Yuan,CANADA DRY ,FREE,BIRTHDAY TREAT,,,₱58.00,,100.00%,₱58.00,₱0.00,
"April 25, 2026",,Marissa Kalaw,AMERICANO,,,,,₱70.00,,,₱0.00,₱70.00,
"April 25, 2026",,Marissa Kalaw,HONEY CHIA REFRESHER,,,,,₱65.00,,,₱0.00,₱65.00,
"April 25, 2026",,Marissa Kalaw,SHOYU TONKATSU RAMEN,,,,,₱120.00,,,₱0.00,₱120.00,
"April 25, 2026",,Divine,C2,,CASH,,,₱20.00,,,₱0.00,₱20.00,
"April 25, 2026",,Leah,C2,,CASH,,,₱20.00,,,₱0.00,₱20.00,
"April 25, 2026",,Client,BOTTLED WATER 350ML,,CASH,,,₱15.00,,,₱0.00,₱15.00,
,,,,,,,,,,,₱0.00,₱0.00,
"April 26, 2026",,Ann,C2,,CASH,,,₱20.00,,,₱0.00,₱20.00,
"April 26, 2026",,Jester,FRENCH FRIES,,,,,₱60.00,,,₱0.00,₱60.00,
"April 26, 2026",,,COKE REGULAR ,,,,,₱50.00,,,₱0.00,₱50.00,
"April 26, 2026",,Tom Coloma,BOTTLED WATER 500ML,,,,,₱25.00,,,₱0.00,₱25.00,
"April 26, 2026",,Divine,C2,,CASH,,,₱20.00,,,₱0.00,₱20.00,
"April 26, 2026",,Jen,COKE ZERO,,CASH,,,₱50.00,,,₱0.00,₱50.00,
"April 26, 2026",,Ann brand,DR. PEPPERS,,CASH,,,₱55.00,,,₱0.00,₱55.00,
"April 26, 2026",,Sam,CAFE LATTE,,,,,₱80.00,,,₱0.00,₱80.00,
,,,,,,,,,,,₱0.00,₱0.00,
"April 27, 2026",,Patricia,CAFE LATTE,,,,,₱80.00,,,₱0.00,₱80.00,
"April 27, 2026",,,HONEY CHIA REFRESHER,,,,,₱65.00,,,₱0.00,₱65.00,
"April 27, 2026",,Diana Castro,FRENCH FRIES,,,,,₱60.00,,,₱0.00,₱60.00,
"April 27, 2026",,,NACHOS,,,,,₱120.00,,,₱0.00,₱120.00,
"April 27, 2026",,AJ De Guzman,HONEY CHIA REFRESHER,,,,,₱65.00,,,₱0.00,₱65.00,
"April 27, 2026",,Rocher Paul,BOTTLED WATER 500ML,,,,,₱25.00,,,₱0.00,₱25.00,
"April 27, 2026",,,DR. PEPPERS,,,,,₱55.00,,,₱0.00,₱55.00,
"April 27, 2026",,Cristel Pangan,SB DOLCE FRAPPE ,FREE,MEMBERSHIP,,,₱179.00,,100.00%,₱179.00,₱0.00,
"April 27, 2026",,Patricia Tan,HONEY CHIA REFRESHER,,,,,₱65.00,,,₱0.00,₱65.00,
,,,,,,,,,,,₱0.00,₱0.00,
"April 28, 2026",,Let ,JIN MILD ,,,,,₱150.00,,,₱0.00,₱150.00,
"April 28, 2026",,Let ,SHOYU TONKATSU RAMEN,,,,,₱120.00,,,₱0.00,₱120.00,
"April 28, 2026",,Gavin,HONEY CHIA REFRESHER,,,,,₱65.00,,,₱0.00,₱65.00,
"April 28, 2026",,Gavin,CANADA DRY ,,,,,₱58.00,,,₱0.00,₱58.00,
"April 28, 2026",,Gavin,EGG - ADD ON ,,,,,,,,₱0.00,₱0.00,
"April 28, 2026",,Gavin,SHOYU TONKATSU RAMEN,,,,,₱120.00,,,₱0.00,₱120.00,
"April 28, 2026",,Gavin,SHIN RAMYUN,,,,,₱150.00,,,₱0.00,₱150.00,
"April 28, 2026",,jen,SHOYU TONKATSU RAMEN,EMPLOYEE DISCOUNT,CASH,,,₱120.00,,20.00%,₱24.00,₱96.00,
"April 28, 2026",,C,COKE REGULAR ,,,,,₱50.00,,,₱0.00,₱50.00,
"April 28, 2026",,Jestine,SHOYU TONKATSU RAMEN,EMPLOYEE DISCOUNT,CASH,,,₱120.00,,20.00%,₱24.00,₱96.00,
,,,C2,,,,,₱20.00,,,₱0.00,₱20.00,
,,,,,,,,,,,₱0.00,₱0.00,
April 29 2026,,Divine,C2,,CASH,,,₱20.00,,,₱0.00,₱20.00,
April 29 2026,,Agot,CANADA DRY ,,,,,₱58.00,,,₱0.00,₱58.00,
April 29 2026,,Christel Pangan,STARBUCKS DOUBLE SHOT,,,,,,,,₱0.00,₱0.00,
,,,,,,,,,,,₱0.00,₱0.00,
April 30 2026,,Jen,DR. PEPPERS,,,,,₱55.00,,,₱0.00,₱55.00,
April 30 2026,,jen,DR. PEPPERS,,,,,₱55.00,,,₱0.00,₱55.00,
April 30 2026,,Ann Cruz,HONEY CHIA REFRESHER,,,,,₱65.00,,,₱0.00,₱65.00,
April 30 2026,,divine,C2,,CASH,,,₱20.00,,,₱0.00,₱20.00,
April 30 2026,,Cloude medina,DR. PEPPERS,,,,,₱55.00,,,₱0.00,₱55.00,
"May 1,2026",,Nolita Agulto,COKE ZERO,,,,,₱50.00,₱29.00,,₱0.00,₱50.00,
"May 1,2026",,Nolita Agulto,COKE ZERO,,,,,₱50.00,₱29.00,,,₱50.00,
"May 1,2026",,Leah,C2,,,,,₱20.00,₱17.00,,,₱20.00,
"May 1,2026",,Kristine ,JIN MILD ,,,,,₱150.00,₱70.00,,,₱150.00,
"May 1,2026",,Kristine ,JIN MILD ,,,,,₱150.00,₱70.00,,,₱150.00,
"May 1,2026",,Kristine ,AMERICANO ,,,,,,,,,₱0.00,
"May 1,2026",,Aira,SHOYU TONKATSU RAMEN,,,,,₱120.00,,,,₱120.00,
"May 1,2026",,Michael Angelo,HONEY CHIA REFRESHER,,,,,₱65.00,,,,₱65.00,
"May 1,2026",,Via,C2,,,,,₱20.00,₱17.00,,,₱20.00,
"May 1,2026",,Maylene,BUNDABERGE,,,,,₱135.00,,,,₱135.00,
,,,,,,,,,,,,₱0.00,
"May 2, 2026",,Rica,CANADA DRY ,,,,,₱58.00,₱41.00,,,₱58.00,
"May 2, 2026",,Candy Mundo,NACHOS,,,,,₱120.00,,,,₱120.00,
"May 2, 2026",,Candy Mundo,CAFE LATTE,,,,,₱80.00,,,,₱80.00,
"May 2, 2026",,Candy Mundo,C2,,,,,₱20.00,₱17.00,,,₱20.00,
"May 2, 2026",,Christel Pangan,DARK CAFE,,,,,,,,,₱0.00,
,,,,,,,,,,,,₱0.00,
"May 3, 2026",,Cel Tayao,COKE REGULAR ,,,,,₱50.00,₱29.00,,,₱50.00,
"May 3, 2026",,Kristel ,HONEY CHIA REFRESHER,,,,,₱65.00,,,,₱65.00,
"May 3, 2026",,Mirasol Cruz,SHIN RAMYUN,,,,,₱150.00,₱70.00,,,₱150.00,
"May 3, 2026",,Mirasol Cruz,NACHOS,,,,,₱120.00,,,,₱120.00,
"May 3, 2026",,Mark Dalisay,HONEY CHIA REFRESHER,,,,,₱65.00,,,,₱65.00,
"May 3, 2026",,Mark Dalisay,NACHOS,,,,,₱120.00,,,,₱120.00,
"May 3, 2026",,Mark Dalisay,BULDAK CARBONARA,,,,,₱140.00,,,,₱140.00,
"May 3, 2026",,Jen,COKE ZERO,,,,,₱50.00,₱29.00,,,₱50.00,
"May 3, 2026",,evan,FEVER TREE,,,,,₱100.00,,,,₱100.00,
"May 3, 2026",,Jessica Pendon,DR. PEPPERS,,,,,₱55.00,,,,₱55.00,
"May 3, 2026",,Ash,C2,,,,,₱20.00,₱17.00,,,₱20.00,
"May 3, 2026",,Ash,C2,,,,,₱20.00,₱17.00,,,₱20.00,
,,,,,,,,,,,,₱0.00,
"May 4, 2026",,Adabelle,COKE REGULAR MINI,,,,,,,,,₱0.00,
,,,,,,,,,,,,₱0.00,
"May 5, 2026",,Sahara Gabriel,SHIN RAMYUN,,,,,₱150.00,₱70.00,,,₱150.00,
"May 5, 2026",,sahara Gabriel,SHOYU TONKATSU RAMEN,,,,,₱120.00,,,,₱120.00,
,,,,,,,,,,,,₱0.00,
"May 6, 2026",,John Villanueva,COKE REGULAR ,,,,,₱50.00,₱29.00,,,₱50.00,
"May 6, 2026",,Christell Pangan,DR. PEPPERS,,,,,₱55.00,,,,₱55.00,
"May 6, 2026",,Divine,C2,,,,,₱20.00,₱17.00,,,₱20.00,
,,,,,,,,,,,,₱0.00,
 ,,Jestine,C2,,,,,₱20.00,₱17.00,,,₱20.00,
"May 7, 2026",,Divine,C2,,,,,₱20.00,₱17.00,,,₱20.00,
"May 7, 2026",,Via,EGG - ADD ON ,,,,,,,,,₱0.00,
"May 7, 2026",,Via,EGG - ADD ON ,,,,,,,,,₱0.00,
"May 7, 2026",,Christel Pangan,DR. PEPPERS,,MEMBERSHIP,,,₱55.00,,,,₱0.00,
"May 7, 2026",,kenneth,EGG - ADD ON ,,,,,,,,,₱0.00,
"May 7, 2026",,kenneth,EGG - ADD ON ,,,,,,,,,₱0.00,
"May 7, 2026",,Hazel Caparas,SHOYU TONKATSU RAMEN,,MEMBERSHIP,,,₱120.00,,,,₱0.00,
,,,,,,,,,,,,₱0.00,
"May 8, 2026",,Cookies,COKE REGULAR ,,,,,₱50.00,₱29.00,,,₱50.00,
"May 8, 2026",,Divine,C2,,,,,₱20.00,₱17.00,,,₱20.00,
"May 8, 2026",,Shira lulu,NACHOS,,,,,₱120.00,,,,₱120.00,
"May 8, 2026",,Shira lulu,COKE REGULAR ,,,,,₱50.00,₱29.00,,,₱50.00,
"May 8, 2026",,Gia Fernandez,HONEY CHIA REFRESHER,,,,,₱65.00,,,,₱65.00,
"May 8, 2026",,Anthony Camacho,AMERICANO,,,,,₱70.00,,,,₱70.00,
,,,,,,,,,,,,₱0.00,
"May 9, 2026",,Anna Sabanal,COOKIES 30GRAMS,,,,,,,,,₱0.00,
"May 9, 2026",,Anna Sabanal,COOKIES 30GRAMS,,,,,,,,,₱0.00,
"May 9, 2026",,Anna Sabanal,COOKIES 30GRAMS,,,,,,,,,₱0.00,
"May 9, 2026",,Anna Sabanal,COOKIES 30GRAMS,,,,,,,,,₱0.00,
"May 9, 2026",,Anna Sabanal,COOKIES 30GRAMS,,,,,,,,,₱0.00,
"May 9, 2026",,Sharon Rose Tiongson,C2,,,,,₱20.00,₱17.00,,,₱20.00,
"May 9, 2026",,Sharon Rose Tiongson,C2,,,,,₱20.00,₱17.00,,,₱20.00,
"May 9, 2026",,Sharon Rose Tiongson,COKE ZERO,,,,,₱50.00,₱29.00,,,₱50.00,
"May 9, 2026",,Sharon Rose Tiongson,FRENCH FRIES,,,,,₱60.00,,,,₱60.00,
"May 9, 2026",,Mavelyn Baselides,C2,,,,,₱20.00,₱17.00,,,₱20.00,
"May 9, 2026",,Mavelyn Baselides,COKE ZERO,,,,,₱50.00,₱29.00,,,₱50.00,
"May 9, 2026",,Mavelyn Baselides,FRENCH FRIES,,,,,₱60.00,,,,₱60.00,
"May 9, 2026",,Jen,SHOYU TONKATSU RAMEN,EMPLOYEE DISCOUNT,,,,₱120.00,,,,₱120.00,
"May 9, 2026",,Agot,COOKIES 30GRAMS,,,,,,,,,₱0.00,
"May 9, 2026",,Manylyn,NACHOS,,,,,₱120.00,,,,₱120.00,
"May 9, 2026",,Arra,BULDAK CARBONARA,,,,,₱140.00,,,,₱140.00,
"May 9, 2026",,Arra,SHOYU TONKATSU RAMEN,,,,,₱120.00,,,,₱120.00,
"May 9, 2026",,Arra,CAFE LATTE,,,,,₱80.00,,,,₱80.00,
"May 9, 2026",,Arra,NACHOS,,BIRTHDAY TREAT,,,₱120.00,,,,₱120.00,
,,,,,,,,,,,,₱0.00,
"May 10, 2026",,Jen,COKE ZERO,,,,,₱50.00,₱29.00,,,₱50.00,
"May 10, 2026",,Leony Wong,JIN MILD ,,,,,₱150.00,₱70.00,,,₱150.00,
"May 10, 2026",,Leony Wong,JIN MILD ,,,,,₱150.00,₱70.00,,,₱150.00,
"May 10, 2026",,Leony Wong,NACHOS,,,,,₱120.00,,,,₱120.00,
"May 10, 2026",,Leony Wong,HONEY CHIA REFRESHER,,,,,₱65.00,,,,₱65.00,
"May 10, 2026",,Ann,EGG - ADD ON ,,,,,,,,,₱0.00,
"May 10, 2026",,Ann,EGG - ADD ON ,,,,,,,,,₱0.00,
"May 10, 2026",,Ann,EGG - ADD ON ,,,,,,,,,₱0.00,
"May 10, 2026",,Ann,EGG - ADD ON ,,,,,,,,,₱0.00,
"May 10, 2026",,Ann,EGG - ADD ON ,,,,,,,,,₱0.00,
"May 10, 2026",,marie,HONEY CHIA REFRESHER,,,,,₱65.00,,,,₱65.00,
"May 10, 2026",,Ann Espiritu,JIN SPICY,,,,,₱150.00,₱70.00,,,₱150.00,
"May 10, 2026",,Ann Espiritu,CAFE LATTE,,,,,₱80.00,,,,₱80.00,
"May 10, 2026",,Marie Castro,FRENCH FRIES,,,,,₱60.00,,,,₱60.00,
"May 10, 2026",,Maria Cruz,JIN MILD ,,,,,₱150.00,₱70.00,,,₱150.00,
"May 10, 2026",,Maria Cruz,BULDAK CARBONARA,,,,,₱140.00,,,,₱140.00,
"May 10, 2026",,Maria Cruz,C2,,,,,₱20.00,₱17.00,,,₱20.00,
"May 10, 2026",,Maria Cruz,C2,,,,,₱20.00,₱17.00,,,₱20.00,
"May 10, 2026",,Maria Cruz,SHOYU TONKATSU RAMEN,,,,,₱120.00,,,,₱120.00,
"May 10, 2026",,Maria Cruz,COKE REGULAR ,,,,,₱50.00,₱29.00,,,₱50.00,
"May 10, 2026",,Maria Cruz,FRENCH FRIES,,,,,₱60.00,,,,₱60.00,
"May 10, 2026",,Reymar,HONEY CHIA REFRESHER,,,,,₱65.00,,,,₱65.00,
"May 10, 2026",,Eileen Cruz,JIN MILD ,,,,,₱150.00,₱70.00,,,₱150.00,
"May 10, 2026",,Eileen Cruz,JIN MILD ,,,,,₱150.00,₱70.00,,,₱150.00,
"May 10, 2026",,Eileen Cruz,BUNDABERGE,,,,,₱135.00,,,,₱135.00,
"May 10, 2026",,Eileen Cruz,FRENCH FRIES,,,,,₱60.00,,,,₱60.00,
"May 10, 2026",,Eileen Cruz,BUNDABERGE,,,,,₱135.00,,,,₱135.00,
"May 10, 2026",,Allysa Mae Paragas,AMERICANO,,,,,₱70.00,,,,₱70.00,
"May 10, 2026",,Allysa Mae Paragas,COOKIES 30GRAMS,,,,,,,,,₱0.00,
,,,,,,,,,,,,₱0.00,
"May 11, 2026",,Victory,JIN MILD ,,,,,₱150.00,₱70.00,,,₱150.00,
"May 11, 2026",,Victory,SHIN RAMYUN,,,,,,₱70.00,,,₱0.00,
"May 11, 2026",,Victory,SHOYU TONKATSU RAMEN,,,,,,,,,₱0.00,
"May 11, 2026",,Maam Gia,COOKIES 30GRAMS,,C/O GIA,,,,,,,₱0.00,
"May 11, 2026",,Maam Gia,COOKIES 30GRAMS,,C/O GIA,,,,,,,₱0.00,
"May 11, 2026",,Maam Gia,COOKIES 30GRAMS,,C/O GIA,,,,,,,₱0.00,
"May 11, 2026",,Karen,COOKIES 30GRAMS,,,,,,,,,₱0.00,
"May 11, 2026",,Karen,DARK COFFEE,,,,,,,,,₱0.00,
"May 11, 2026",,eLYU,SHOYU TONKATSU RAMEN,,,,,,,,,₱0.00,
"May 11, 2026",,eLYU,SHOYU TONKATSU RAMEN,,,,,,,,,₱0.00,
"May 11, 2026",,Carmela,FRENCH FRIES,EMPLOYEE DISCOUNT,,,,,,,,₱0.00,
"May 11, 2026",,Divine,COOKIES 30GRAMS,,,,,,,,,₱0.00,
"May 11, 2026",,Divine,COOKIES 30GRAMS,,,,,,,,,₱0.00,
,,,,,,,,,,,,₱0.00,
"May 12, 2026",,Bon ,DR. PEPPERS,,,,,,,,,₱0.00,
"May 12, 2026",,Christel Pangan,HONEY CHIA REFRESHER,,,,,,,,,₱0.00,
"May 12, 2026",,Maam Gia,CANADA DRY ,,C/O GIA,,,,₱41.00,,,₱0.00,
"May 12, 2026",,Kristel aves,HONEY CHIA REFRESHER,,,,,,,,,₱0.00,
,,,,,,,,,,,,₱0.00,
"May 13, 2026",,myra diegon,COOKIES 30GRAMS,,,,,,,,,₱0.00,
"May 13, 2026",,myra diegon,JIN MILD ,,,,,,₱70.00,,,₱0.00,
"May 13, 2026",,Rowena,JIN MILD ,,,,,,₱70.00,,,₱0.00,
"May 13, 2026",,Rowena,COOKIES 30GRAMS,,,,,,,,,₱0.00,
"May 13, 2026",,Jen ,COKE ZERO,,,,,,₱29.00,,,₱0.00,
"May 13, 2026",,Dr. sayo,COOKIES 30GRAMS,,,,,,,,,₱0.00,
"May 13, 2026",,Dr. sayo,COOKIES 30GRAMS,,,,,,,,,₱0.00,
"May 13, 2026",,Charmie gapus,COOKIES 30GRAMS,,,,,,,,,₱0.00,
"May 13, 2026",,Charmie gapus,COOKIES 30GRAMS,,,,,,,,,₱0.00,
"May 13, 2026",,Cel tayao,COOKIES 30GRAMS,,MEMBERSHIP,,,,,,,₱0.00,
"May 13, 2026",,Cel tayao,COKE REGULAR ,,MEMBERSHIP,,,,₱29.00,,,₱0.00,
,,,,,,,,,,,,₱0.00,
May 14 2026,,Diana De Castro,BULDAK CARBONARA,,,,,,,,,₱0.00,
May 14 2026,,Diana De Castro,NACHOS,,,,,,,,,₱0.00,
May 14 2026,,Diana De Castro,COOKIES 30GRAMS,,,,,,,,,₱0.00,
May 14 2026,,Diana De Castro,HONEY CHIA REFRESHER,,,,,,,,,₱0.00,
May 14 2026,,Diana De Castro,BOTTLED WATER 350ML,,,,,,,,,₱0.00,
May 14 2026,,Divine,COOKIES 30GRAMS,,,,,,,,,₱0.00,
May 14 2026,,Maam Tita,BULDAK CARBONARA,,C/O RODERICK,,,,,,,₱0.00,
May 14 2026,,Maam Tita,EGG - ADD ON ,,C/O RODERICK,,,,,,,₱0.00,
May 14 2026,,Maam Tita,DR. PEPPERS,,C/O RODERICK,,,,,,,₱0.00,
May 14 2026,,Jomari Ramos,SHOYU TONKATSU RAMEN,,,,,,,,,₱0.00,
May 14 2026,,Divine,COOKIES 30GRAMS,,,,,,,,,₱0.00,
May 14 2026,,Mary Ann ,COOKIES 30GRAMS,,BIRTHDAY TREAT,,,,,,,₱0.00,
May 14 2026,,Kenneth,EGG - ADD ON ,,,,,,,,,₱0.00,
May 14 2026,,Kenneth,EGG - ADD ON ,,,,,,,,,₱0.00,
May 14 2026,,Kenneth,EGG - ADD ON ,,,,,,,,,₱0.00,
May 14 2026,,Ara Grace,HONEY CHIA REFRESHER,,,,,,,,,₱0.00,
May 14 2026,,Divine,C2,,,,,,,,,₱0.00,