booking_date,booking_time,client_name_text,service_name_text,therapist_name_text,category,total_amount,discount_amount,net_sales,customer_type,membership_type,payment_status,booking_status
2025-05-01,12:00:00,SHERYL DEGALA,COMBINATION,VIA JOY SANCHEZ,SABBATH,0,0,0,,,paid,completed
2025-05-01,12:00:00,JULIUS DEGALA,COMBINATION,ASHLEY JANE GARCIA,SABBATH,0,0,0,,,paid,completed
2025-05-01,12:00:00,MELVIN CHIN,SABBATH FOOT REFLEX,MARK KENNETH SANCHEZ,SABBATH,600,0,480,,,paid,completed
2025-05-01,12:00:00,JOJI CHIN,SABBATH FOOT REFLEX,VIA JOY SANCHEZ,SABBATH,600,0,480,,,paid,completed
2025-05-01,12:00:00,MELVIN CHIN,MANICURE,EVANGELINE CANONIGO,LE NAILS,150,0,135,,,paid,completed
2025-05-01,12:00:00,MELVIN CHIN,PEDICURE,EVANGELINE CANONIGO,LE NAILS,200,0,180,,,paid,completed
2025-05-01,12:00:00,MELVIN CHIN,POLISH,EVANGELINE CANONIGO,LE NAILS,50,0,45,,,paid,completed
2025-05-01,12:00:00,JOJI CHIN,MANICURE,JENIFFER ANN MANUEL,LE NAILS,150,0,135,,,paid,completed
2025-05-01,12:00:00,JOJI CHIN,PEDICURE,JENIFFER ANN MANUEL,LE NAILS,200,0,180,,,paid,completed
2025-05-01,12:00:00,JOJI CHIN,POLISH,EVANGELINE CANONIGO,LE NAILS,50,0,45,,,paid,completed
2025-05-01,12:00:00,RICHARD CELAMOR,SWEDISH,MARK KENNETH SANCHEZ,SABBATH,600,0,480,,,paid,completed
2025-05-01,12:00:00,DANGELYN CELAMOR,SWEDISH,ASHLEY JANE GARCIA,SABBATH,600,0,480,,,paid,completed
2025-05-01,12:00:00,ANN DALISAY,MANICURE,EVANGELINE CANONIGO,LE NAILS,150,15,120,,Platinum,paid,completed
2025-05-01,12:00:00,ANN DALISAY,PEDICURE,EVANGELINE CANONIGO,LE NAILS,200,20,160,,Platinum,paid,completed
2025-05-01,12:00:00,ANN DALISAY,POLISH,EVANGELINE CANONIGO,LE NAILS,50,5,40,,Platinum,paid,completed
2025-05-01,12:00:00,KEVIN RAZ,SWEDISH,JANINE KIMBERLY GARCIA,SABBATH,600,0,480,,,paid,completed
2025-05-01,12:00:00,MARIEL RAZ,SWEDISH,ASHLEY JANE GARCIA,SABBATH,600,0,480,,,paid,completed
2025-05-01,12:00:00,MA. ELENA RAZ,SWEDISH,VIA JOY SANCHEZ,SABBATH,600,120,360,,,paid,completed
2025-05-01,12:00:00,MIGUEL RAZ,SWEDISH,MARK KENNETH SANCHEZ,SABBATH,600,0,480,,,paid,completed
2025-05-01,12:00:00,RUTH SAMSON,SABBATH SIGNATURE,JANINE KIMBERLY GARCIA,SABBATH,1000,0,800,,,paid,completed
2025-05-01,12:00:00,DUKE SAMSON,SABBATH SIGNATURE,MARK KENNETH SANCHEZ,SABBATH,1000,0,800,,,paid,completed
2025-05-01,12:00:00,JOY BORLONGAN,SABBATH FOOT REFLEX,JANINE KIMBERLY GARCIA,SABBATH,600,60,420,,Platinum,paid,completed
2025-05-01,12:00:00,KING BORLONGAN,SABBATH FOOT REFLEX,MARK KENNETH SANCHEZ,SABBATH,600,30,450,,Basic,paid,completed
2025-05-01,12:00:00,MARK ANTHONY BENOCA,SWEDISH,JENIFFER ANN MANUEL,SABBATH,600,0,480,,,paid,completed
2025-05-01,12:00:00,RICHMON SANTIAGO,SWEDISH,VIA JOY SANCHEZ,SABBATH,600,0,480,,,paid,completed
2025-05-01,12:00:00,SARAH AROWENA,SWEDISH,ASHLEY JANE GARCIA,SABBATH,600,0,480,,,paid,completed
2025-05-01,12:00:00,ALDRIN RAMOS,SHIATSU,VIA JOY SANCHEZ,SABBATH,0,0,0,,,paid,completed
2025-05-01,12:00:00,FAYE RAMOS,SWEDISH,MARK KENNETH SANCHEZ,SABBATH,600,0,480,,,paid,completed
2025-05-01,12:00:00,ANN DALISAY,SWEDISH,JANINE KIMBERLY GARCIA,SABBATH,600,60,540,,Platinum,paid,completed
2025-05-02,12:00:00,MAR LEONARDO,SHIATSU,MARK KENNETH SANCHEZ,SABBATH,0,0,0,,,paid,completed
2025-05-02,12:00:00,RENIE ADRIANO,COMBINATION,ASHLEY JANE GARCIA,SABBATH,0,0,0,,,paid,completed
2025-05-02,12:00:00,MARIO REYES,SWEDISH,JANINE KIMBERLY GARCIA,SABBATH,600,60,420,,Vip,paid,completed
2025-05-02,12:00:00,JOSEPHINE REYES,SABBATH SIGNATURE,VIA JOY SANCHEZ,SABBATH,1000,200,600,,,paid,completed
2025-05-03,12:00:00,ANN DALISAY,SABBATH FOOT REFLEX,VIA JOY SANCHEZ,SABBATH,600,60,420,,Platinum,paid,completed
2025-05-03,12:00:00,ANN DALISAY,SWEDISH,JANINE KIMBERLY GARCIA,SABBATH,600,60,420,,Platinum,paid,completed
2025-05-03,12:00:00,MERLITA BAUTISTA,COMBINATION,ASHLEY JANE GARCIA,SABBATH,0,0,0,,,paid,completed
2025-05-03,12:00:00,PINKY PINLAK,COMBINATION,VIA JOY SANCHEZ,SABBATH,0,0,0,,,paid,completed
2025-05-03,12:00:00,ANNA MARIE ADVINCULA,COMBINATION,JENIFFER ANN MANUEL,SABBATH,0,0,0,,,paid,completed
2025-05-03,12:00:00,JOHN DALE GUMBA,SWEDISH,MARK KENNETH SANCHEZ,SABBATH,600,0,480,,,paid,completed
2025-05-03,12:00:00,MICAH MANABAT,SABBATH SIGNATURE,JANINE KIMBERLY GARCIA,SABBATH,1000,0,800,,,paid,completed
2025-05-03,12:00:00,JOHN,SABBATH SIGNATURE,ASHLEY JANE GARCIA,SABBATH,1000,0,800,,,paid,completed
2025-05-04,12:00:00,JAM FRANCISCO,COMBINATION,JANINE KIMBERLY GARCIA,SABBATH,0,0,0,,,paid,completed
2025-05-04,12:00:00,KEVIN,COMBINATION,ASHLEY JANE GARCIA,SABBATH,0,0,0,,,paid,completed
2025-05-04,12:00:00,JOAN FRANCISCO,SABBATH SIGNATURE,VIA JOY SANCHEZ,SABBATH,1000,0,800,,,paid,completed
2025-05-04,12:00:00,MS. TEY,PACKAGE F,EVANGELINE CANONIGO,LE NAILS,1250,0,1125,,,paid,completed
2025-05-04,12:00:00,MS. TEY,NAIL GEL REMOVAL,EVANGELINE CANONIGO,LE NAILS,150,0,135,,,paid,completed
2025-05-04,12:00:00,MS. TEY,NAIL GEL REMOVAL,EVANGELINE CANONIGO,LE NAILS,150,0,135,,,paid,completed
2025-05-04,12:00:00,CHRIS SANTIAGO,SABBATH SIGNATURE,VIA JOY SANCHEZ,SABBATH,1000,0,800,,,paid,completed
2025-05-04,12:00:00,CHRISTIAN BERMUDEZ,SABBATH SIGNATURE,MARK KENNETH SANCHEZ,SABBATH,1000,0,800,,,paid,completed
2025-05-04,12:00:00,RAWAN,SWEDISH,JANINE KIMBERLY GARCIA,SABBATH,600,0,480,,,paid,completed
2025-05-04,12:00:00,MELMARE,SWEDISH,ASHLEY JANE GARCIA,SABBATH,600,0,480,,,paid,completed
2025-05-05,12:00:00,CORAZON REYES,SWEDISH,JANINE KIMBERLY GARCIA,SABBATH,600,0,480,,,paid,completed
2025-05-05,12:00:00,LEAH TAMARGO,SWEDISH,ASHLEY JANE GARCIA,SABBATH,600,0,480,,,paid,completed
2025-05-05,12:00:00,LEAH TAMARGO,PEDICURE,EVANGELINE CANONIGO,LE NAILS,200,0,180,,,paid,completed
2025-05-05,12:00:00,LEAH TAMARGO,PACKAGE A,EVANGELINE CANONIGO,LE NAILS,0,0,0,,,paid,completed
2025-05-05,12:00:00,LEAH TAMARGO,FOOT MASSAGE,EVANGELINE CANONIGO,LE NAILS,350,0,315,,,paid,completed
2025-05-05,12:00:00,GIA MARIE FERNANDEZ,SWEDISH,ASHLEY JANE GARCIA,SABBATH,600,0,480,,,paid,completed
2025-05-05,12:00:00,GIA MARIE FERNANDEZ,THERAPIST REQUEST,ASHLEY JANE GARCIA,SABBATH,0,0,0,,,paid,completed
2025-05-05,12:00:00,HANNAH FERNENDEZ,SABBATH SIGNATURE,VIA JOY SANCHEZ,SABBATH,1000,0,900,,,paid,completed
2025-05-05,12:00:00,TRISHIA FERNANDEZ,SABBATH SIGNATURE,JANINE KIMBERLY GARCIA,SABBATH,1000,0,800,,,paid,completed
2025-05-05,12:00:00,TRISHIA FERNANDEZ,THERAPIST REQUEST,JANINE KIMBERLY GARCIA,SABBATH,0,0,0,,,paid,completed
2025-05-06,12:00:00,NOAMI PAYONGAYONG,SABBATH SIGNATURE,JANINE KIMBERLY GARCIA,SABBATH,1000,0,800,,,paid,completed
2025-05-06,12:00:00,MARK PAYONGAYONG,SABBATH SIGNATURE,VIA JOY SANCHEZ,SABBATH,1000,0,800,,,paid,completed
2025-05-06,12:00:00,RUTH SAMSON,SWEDISH,VIA JOY SANCHEZ,SABBATH,600,0,480,,,paid,completed
2025-05-07,12:00:00,ANN DALISAY,SHIATSU,ASHLEY JANE GARCIA,SABBATH,0,0,0,,Platinum,paid,completed
2025-05-07,12:00:00,MARY ANN NAVARRA,SABBATH FOOT REFLEX,JANINE KIMBERLY GARCIA,SABBATH,0,0,0,,,paid,completed
2025-05-07,12:00:00,GINA BATALIRAN,SABBATH FOOT REFLEX,VIA JOY SANCHEZ,SABBATH,0,0,0,,,paid,completed
2025-05-06,12:00:00,DUKE SAMSON,SWEDISH,JANINE KIMBERLY GARCIA,SABBATH,600,0,480,,,paid,completed
2025-05-07,12:00:00,ANN DALISAY,SHIATSU,ASHLEY JANE GARCIA,SABBATH,0,0,0,,Platinum,paid,completed
2025-05-07,12:00:00,MARY ANN NAVARRA,SABBATH FOOT REFLEX,JANINE KIMBERLY GARCIA,SABBATH,600,0,480,,,paid,completed
2025-05-07,12:00:00,GINA BATALIRAN,SABBATH FOOT REFLEX,VIA JOY SANCHEZ,SABBATH,600,0,480,,,paid,completed
2025-05-07,12:00:00,MARY ANN NAVARRA,SABBATH FOOT REFLEX,JANINE KIMBERLY GARCIA,SABBATH,600,0,480,,,paid,completed
2025-05-07,12:00:00,GINA BATALIRAN,SABBATH FOOT REFLEX,VIA JOY SANCHEZ,SABBATH,600,0,480,,,paid,completed
2025-05-07,12:00:00,ANN DALISAY,SHIATSU,ASHLEY JOY SANCHEZ,SABBATH,0,0,0,,Platinum,paid,completed
2025-05-08,12:00:00,JAMES SULMACA,SABBATH SIGNATURE,JANINE KIMBERLY GARCIA,SABBATH,1000,0,800,,,paid,completed
2025-05-08,12:00:00,SAMANTHA SULMACA,SABBATH SIGNATURE,ASHLEY JANE GARCIA,SABBATH,1000,0,800,,,paid,completed
2025-05-08,12:00:00,KLAIRE MENDIOLA,SABBATH SIGNATURE,ASHLEY JANE GARCIA,SABBATH,1000,0,800,,,paid,completed
2025-05-08,12:00:00,KLAIRE MENDIOLA,SABBATH FOOT REFLEX,ASHLEY JANE GARCIA,SABBATH,600,0,480,,,paid,completed
2025-05-08,12:00:00,DON MENDIOLA,SABBATH SIGNATURE,MARK KENNETH SANCHEZ,SABBATH,1000,0,800,,,paid,completed
2025-05-08,12:00:00,DON MENDIOLA,SABBATH FOOT REFLEX,MARK KENNETH SANCHEZ,SABBATH,600,0,480,,,paid,completed
2025-05-08,12:00:00,DARCY WITZELL,COMBINATION,JANINE KIMBERLY GARCIA,SABBATH,0,0,0,,,paid,completed
2025-05-08,12:00:00,BRENDA VISITACION,COMBINATION,VIA JOY SANCHEZ,SABBATH,0,0,0,,,paid,completed
2025-05-09,12:00:00,CORAZON REYES,SWEDISH,ASHLEY JANE GARCIA,SABBATH,600,30,450,,Basic,paid,completed
2025-05-09,12:00:00,CORAZON REYES,SABBATH FOOT REFLEX,ASHLEY JANE GARCIA,SABBATH,600,30,450,,Basic,paid,completed
2025-05-09,12:00:00,CATHERINE GAELAN,SWEDISH,JANINE KIMBERLY GARCIA,SABBATH,600,0,480,,,paid,completed
2025-05-09,12:00:00,GREGORIO D. JR,SWEDISH,MARK KENNETH SANCHEZ,SABBATH,600,0,480,,,paid,completed
2025-05-09,12:00:00,MELCHOR GERONA,SWEDISH,MARK KENNETH SANCHEZ,SABBATH,600,0,480,,,paid,completed
2025-05-09,12:00:00,MARIVIC GERONA,SWEDISH,JANINE KIMBERLY GARCIA,SABBATH,0,0,0,,,paid,completed
2025-05-09,12:00:00,MARIO REYES,SWEDISH,ASHLEY JANE GARCIA,SABBATH,600,60,420,,Vip,paid,completed
2025-05-09,12:00:00,JOSEPHINE REYES,SABBATH SIGNATURE,VIA JOY SANCHEZ,SABBATH,1000,200,600,,,paid,completed
2025-05-09,12:00:00,DUKE SAMSON,MANICURE,EVANGELINE CANONIGO,LE NAILS,150,0,135,,,paid,completed
2025-05-09,12:00:00,DUKE SAMSON,PEDICURE,EVANGELINE CANONIGO,LE NAILS,200,0,180,,,paid,completed
2025-05-09,12:00:00,RUTH SAMSON,MANICURE,JENIFFER ANN MANUEL,LE NAILS,150,0,135,,,paid,completed
2025-05-09,12:00:00,RUTH SAMSON,PEDICURE,JENIFFER ANN MANUEL,LE NAILS,200,0,180,,,paid,completed
2025-05-09,12:00:00,RUTH SAMSON,NAIL GEL REMOVAL,JENIFFER ANN MANUEL,LE NAILS,150,0,135,,,paid,completed
2025-05-09,12:00:00,RICHARD DELA CRUZ,SWEDISH,MARK KENNETH SANCHEZ,SABBATH,600,0,480,,,paid,completed
2025-05-09,12:00:00,RICHARD DELA CRUZ,ADDITIONAL 30 MINS,MARK KENNETH SANCHEZ,SABBATH,300,0,240,,,paid,completed
2025-05-10,12:00:00,ANN DALISAY,SWEDISH,JENIFFER ANN MANUEL,SABBATH,600,60,420,,Platinum,paid,completed
2025-05-10,12:00:00,ANN DALISAY,,JENIFFER ANN MANUEL,SABBATH,100,0,50,,,paid,completed
2025-05-10,12:00:00,ANN DALISAY,SHIATSU,JANINE KIMBERLY GARCIA,SABBATH,0,0,0,,,paid,completed
2025-05-10,12:00:00,ANN DALISAY,,JANINE KIMBERLY GARCIA,SABBATH,100,0,50,,,paid,completed
2025-05-10,12:00:00,JAN JOVEN,SHIATSU,ASHLEY JANE GARCIA,SABBATH,0,0,0,,,paid,completed
2025-05-10,12:00:00,EUGENIA JOVEN,SWEDISH,VIA JOY SANCHEZ,SABBATH,600,0,480,,,paid,completed
2025-05-10,12:00:00,NICOLE MIRANDA,SWEDISH,JANINE KIMBERLY GARCIA,SABBATH,600,0,480,,,paid,completed
2025-05-10,12:00:00,VENUS MIRANDA,SWEDISH,VIA JOY SANCHEZ,SABBATH,600,0,480,,,paid,completed
2025-05-10,12:00:00,EVANGELINE MIRANDA,SWEDISH,ASHLEY JANE GARCIA,SABBATH,600,0,480,,,paid,completed
2025-05-10,12:00:00,KIRK EVANGELISTA,SWEDISH,MARK KENNETH SANCHEZ,SABBATH,600,0,480,,,paid,completed
2025-05-10,12:00:00,KIM FAJARDO,SWEDISH,JANINE KIMBERLY GARCIA,SABBATH,600,0,480,,,paid,completed
2025-05-10,12:00:00,ROWEN RAYMUNDO,SWEDISH,ASHLEY JANE GARCIA,SABBATH,600,0,480,,,paid,completed
2025-05-10,12:00:00,FRISSHIA KATE FAJARDO,SWEDISH,VIA JOY SANCHEZ,SABBATH,600,0,480,,,paid,completed
2025-05-10,12:00:00,DIVINA ISLO,SABBATH SIGNATURE,JENIFFER ANN MANUEL,SABBATH,400,0,200,,,paid,completed
2025-05-10,12:00:00,EMELYN DEL ROSARIO,SWEDISH,VIA JOY SANCHEZ,SABBATH,600,0,480,,,paid,completed
2025-05-10,12:00:00,JANE BUSTOS,SWEDISH,JANINE KIMBERLY GARCIA,SABBATH,600,0,480,,,paid,completed
2025-05-10,12:00:00,JAY DIZON,COMBINATION,MARK KENNETH SANCHEZ,SABBATH,0,0,0,,,paid,completed
2025-05-10,12:00:00,ANDREA,MANIGEL ORLY,EVANGELINE CANONIGO,LE NAILS,600,0,540,,,paid,completed
2025-05-10,12:00:00,ANDREA,FOOT SPA,EVANGELINE CANONIGO,LE NAILS,0,0,0,,,paid,completed
2025-05-10,12:00:00,DIVINA,MANICURE,JENIFFER ANN MANUEL,LE NAILS,150,0,135,,,paid,completed
2025-05-10,12:00:00,DIVINA,PEDICURE,JENIFFER ANN MANUEL,LE NAILS,200,0,180,,,paid,completed
2025-05-10,12:00:00,DIVINA,POLISH,JENIFFER ANN MANUEL,LE NAILS,50,0,45,,,paid,completed
2025-05-10,12:00:00,DIVINA,FOOT SPA,EVANGELINE CANONIGO,LE NAILS,0,0,0,,,paid,completed
2025-05-11,12:00:00,POL HERNANDEZ,SWEDISH,MARK KENNETH SANCHEZ,SABBATH,600,0,480,,,paid,completed
2025-05-11,12:00:00,JESSICA HERNANDEZ,SWEDISH,ASHLEY JANE GARCIA,SABBATH,600,0,480,,,paid,completed
2025-05-11,12:00:00,KRISTINE SANTOS,SWEDISH,JENIFFER ANN MANUEL,SABBATH,600,0,480,,,paid,completed
2025-05-11,12:00:00,NASH MANALILI,PREMIUM PRIVATE ROOM,ASHLEY JANE GARCIA,SABBATH,1500,0,1200,,,paid,completed
2025-05-11,12:00:00,NASH MANALILI,SABBATH SIGNATURE,ASHLEY JANE GARCIA,SABBATH,1000,0,800,,,paid,completed
2025-05-11,12:00:00,GABRIELLE DELA CRUZ,PREMIUM PRIVATE ROOM,JANINE KIMBERLY GARCIA,SABBATH,1500,0,1200,,,paid,completed
2025-05-11,12:00:00,GABRIELLE DELA CRUZ,SABBATH SIGNATURE,JANINE KIMBERLY GARCIA,SABBATH,1000,0,800,,,paid,completed
2025-05-11,12:00:00,FELIMON TAMAYO,SABBATH SIGNATURE,MARK KENNETH SANCHEZ,SABBATH,1000,0,800,,,paid,completed
2025-05-11,12:00:00,MA. BENERANDA TAMAYO,SABBATH SIGNATURE,JENIFFER ANN MANUEL,SABBATH,1000,0,800,,,paid,completed
2025-05-11,12:00:00,HANNA GUEVARRA,COMBINATION,ASHLEY JANE GARCIA,SABBATH,0,0,0,,,paid,completed
2025-05-11,12:00:00,HANNA GUEVARRA,PREMIUM PRIVATE ROOM,ASHLEY JANE GARCIA,SABBATH,1500,0,1200,,,paid,completed
2025-05-11,12:00:00,ROWENA YAGUCHI,COMBINATION,JANINE KIMBERLY GARCIA,SABBATH,0,0,0,,,paid,completed
2025-05-11,12:00:00,ROWENA YAGUCHI,PREMIUM PRIVATE ROOM,JANINE KIMBERLY GARCIA,SABBATH,1500,0,1200,,,paid,completed
2025-05-11,12:00:00,MARK ANTHONY RIGOR,SHIATSU,MARK KENNETH SANCHEZ,SABBATH,0,0,0,,,paid,completed
2025-05-11,12:00:00,MARK ANTHONY RIGOR,PACKAGE B,EVANGELINE CANONIGO,LE NAILS,950,95,760,,,paid,completed
2025-05-11,12:00:00,MARK ANTHONY RIGOR,POLISH,EVANGELINE CANONIGO,LE NAILS,50,5,40,,,paid,completed
2025-05-11,12:00:00,MARK ANTHONY RIGOR,FOOT SPA,EVANGELINE CANONIGO,LE NAILS,0,0,0,,,paid,completed
2025-05-11,12:00:00,FREDERICK TAMAYO,SABBATH SIGNATURE,MARK KENNETH SANCHEZ,SABBATH,1000,0,800,,,paid,completed
2025-05-11,12:00:00,FRANZ TAMAYO,SABBATH SIGNATURE,JENIFFER ANN MANUEL,SABBATH,1000,0,800,,,paid,completed
2025-05-11,12:00:00,MARK DALISAY,SABBATH SIGNATURE,ASHLEY JANE GARCIA,SABBATH,1000,0,800,,,paid,completed
2025-05-11,12:00:00,VALERY TAMAYO,SABBATH SIGNATURE,JANINE KIMBERLY GARCIA,SABBATH,1000,0,800,,,paid,completed
2025-05-11,12:00:00,MARK ANTHONY RIGOR,SWEDISH,MARK KENNETH SANCHEZ,SABBATH,600,0,480,,,paid,completed
2025-05-11,12:00:00,LORENZO PALOS,COMBINATION,JANINE KIMBERLY GARCIA,SABBATH,0,0,0,,,paid,completed
2025-05-11,12:00:00,PAULA PAOLOS,COMBINATION,ASHLEY JANE GARCIA,SABBATH,0,0,0,,,paid,completed
2025-05-13,12:00:00,ROSCEL PEREZ,SABBATH SIGNATURE,VIA JOY SANCHEZ,SABBATH,1000,100,700,,,paid,completed
2025-05-13,12:00:00,ANTON AZUCENA,COMBINATION,MARK KENNETH SANCHEZ,SABBATH,0,0,0,,,paid,completed
2025-05-13,12:00:00,ROSCEL PEREZ,PACKAGE A,EVANGELINE CANONIGO,LE NAILS,0,0,0,,,paid,completed
2025-05-13,12:00:00,ROSCEL PEREZ,POLISH,EVANGELINE CANONIGO,LE NAILS,50,0,40,,,paid,completed
2025-05-13,12:00:00,EMEN SANTOS,SABBATH SIGNATURE,MARK KENNETH SANCHEZ,SABBATH,1000,0,800,,,paid,completed
2025-05-13,12:00:00,GIRLIE SOCO,SABBATH SIGNATURE,ASHLEY JANE GARCIA,SABBATH,1000,100,700,,,paid,completed
2025-05-13,12:00:00,MAIKA SOCO,COMBINATION,VIA JOY SANCHEZ,SABBATH,0,0,0,,,paid,completed
2025-05-13,12:00:00,LESLEY,COMBINATION,ASHLEY JANE GARCIA,SABBATH,0,0,0,,,paid,completed
2025-05-13,12:00:00,LESLEY,ADDITIONAL 30 MINS,ASHLEY JANE GARCIA,SABBATH,300,0,240,,,paid,completed
2025-05-13,12:00:00,KING BORLONGAN,SWEDISH,MARK KENNETH SANCHEZ,SABBATH,600,30,450,,Basic,paid,completed
2025-05-14,12:00:00,MARIO REYES,SWEDISH,JANINE KIMBERLY GARCIA,SABBATH,600,60,420,,Vip,paid,completed
2025-05-14,12:00:00,JOSEPHINE REYES,COMBINATION,VIA JOY SANCHEZ,SABBATH,0,0,0,,,paid,completed
2025-05-14,12:00:00,JOSEPHINE REYES,ADDITIONAL 30 MINS,VIA JOY SANCHEZ,SABBATH,300,0,240,,,paid,completed
2025-05-14,12:00:00,MAGNUS MERCADO,GROWTH,ASHLEY JANE GARCIA,SABBATH,500,0,400,,,paid,completed
2025-05-14,12:00:00,ESTRELITA LAIGO,SABBATH FOOT REFLEX,JANINE KIMBERLY GARCIA,SABBATH,600,0,480,,,paid,completed
2025-05-14,12:00:00,NADINE SORRERA,SWEDISH,VIA JOY SANCHEZ,SABBATH,600,0,480,,,paid,completed
2025-05-14,12:00:00,JEFFREY SORRERA,SWEDISH,MARK KENNETH SANCHEZ,SABBATH,600,0,480,,,paid,completed
2025-05-14,12:00:00,ESTRELITA LAIGO,PEDICURE,JENIFFER ANN MANUEL,LE NAILS,0,0,0,,,paid,completed
2025-05-14,12:00:00,CHAIR 1,PACKAGE C,EVANGELINE CANONIGO,LE NAILS,0,0,0,,,paid,completed
2025-05-14,12:00:00,CHAIR 1,ACCENT,EVANGELINE CANONIGO,LE NAILS,200,0,180,,,paid,completed
2025-05-14,12:00:00,JM ANGELES,PACKAGE A,JENIFFER ANN MANUEL,LE NAILS,0,0,0,,,paid,completed
2025-05-14,12:00:00,JEMAR LABAUSA,FOOT SPA,EVANGELINE CANONIGO,LE NAILS,0,0,0,,,paid,completed
2025-05-14,12:00:00,JEMAR LABAUSA,PEDICURE,EVANGELINE CANONIGO,LE NAILS,200,0,180,,,paid,completed
2025-05-14,12:00:00,ANN DALISAY,SHIATSU,ASHLEY JANE GARCIA,SABBATH,0,0,0,,Platinum,paid,completed
2025-05-14,12:00:00,JR TENORIO,SWEDISH,MARK KENNETH SANCHEZ,SABBATH,600,0,480,,,paid,completed
2025-05-14,12:00:00,JOJI CHIN,SABBATH FOOT REFLEX,JANINE KIMBERLY GARCIA,SABBATH,600,0,480,,,paid,completed
2025-05-14,12:00:00,V SANTOS,SABBATH FOOT REFLEX,MARK KENNETH SANCHEZ,SABBATH,600,0,480,,,paid,completed
2025-05-14,12:00:00,ANNA QUEEN,"HEAD, BACK & SHOULDER",JANINE KIMBERLY GARCIA,SABBATH,0,0,0,,,paid,completed
2025-05-14,12:00:00,KIM CONTRERAS,SABBATH FOOT REFLEX,ASHLEY JANE GARCIA,SABBATH,600,0,480,,,paid,completed
2025-05-14,12:00:00,MARIA CRISTINA DOBLE,SABBATH FOOT REFLEX,VIA JOY SANCHEZ,SABBATH,600,0,480,,,paid,completed
2025-05-15,12:00:00,KAREN LIM RONOLA,SABBATH SIGNATURE,ASHLEY JANE GARCIA,SABBATH,1000,0,800,,,paid,completed
2025-05-15,12:00:00,EVAN LIM RANOLA,SABBATH SIGNATURE,MARK KENNETH SANCHEZ,SABBATH,1000,0,800,,,paid,completed
2025-05-15,12:00:00,GIA MARIE FERNANDEZ,SHIATSU,VIA JOY SANCHEZ,SABBATH,0,0,0,,,paid,completed
2025-05-15,12:00:00,TRISHIA FERNANDEZ,SHIATSU,ASHLEY JANE GARCIA,SABBATH,0,0,0,,,paid,completed
2025-05-15,12:00:00,NEYSA CAPULE,SWEDISH,JANINE KIMBERLY GARCIA,SABBATH,600,0,480,,,paid,completed
2025-05-15,12:00:00,ENRICO CAPULE,SWEDISH,MARK KENNETH SANCHEZ,SABBATH,600,0,480,,,paid,completed
2025-05-15,12:00:00,MALOU BAGAY,PACKAGE A,EVANGELINE CANONIGO,LE NAILS,0,0,0,,,paid,completed
2025-05-15,12:00:00,KRIZZA,PACKAGE A,JENIFFER ANN MANUEL,LE NAILS,0,0,0,,,paid,completed
2025-05-15,12:00:00,KATE QUINTO,SWEDISH,VIA JOY SANCHEZ,SABBATH,600,0,480,,,paid,completed
2025-05-15,12:00:00,RYAN BURGOS,SWEDISH,JANINE KIMBERLY GARCIA,SABBATH,600,0,480,,,paid,completed
2025-05-15,12:00:00,RAYMOND LIMUACO,SWEDISH,ASHLEY JANE GARCIA,SABBATH,600,0,480,,,paid,completed
2025-05-15,12:00:00,VI,SWEDISH,MARK KENNETH SANCHEZ,SABBATH,600,0,480,,,paid,completed
2025-05-16,12:00:00,ED TORENTE,COMBINATION,MARK KENNETH SANCHEZ,SABBATH,0,0,0,,,paid,completed
2025-05-16,12:00:00,DOMINGA MIRALLES,PACKAGE A,EVANGELINE CANONIGO,LE NAILS,0,0,0,,,paid,completed
2025-05-16,12:00:00,DOMINGA MIRALLES,REGULAR POLISH,EVANGELINE CANONIGO,LE NAILS,0,0,0,,,paid,completed
2025-05-16,12:00:00,RINA TORENTE,PACKAGE A,JENIFFER ANN MANUEL,LE NAILS,0,0,0,,,paid,completed
2025-05-16,12:00:00,RINA TORENTE,POLISH,JENIFFER ANN MANUEL,LE NAILS,50,0,45,,,paid,completed
2025-05-16,12:00:00,RINA TORENTE,WAX,JENIFFER ANN MANUEL,LE NAILS,400,0,200,,,paid,completed
2025-05-16,12:00:00,JESSA DOMINGO,SABBATH SIGNATURE,JANINE KIMBERLY GARCIA,SABBATH,1000,0,800,,,paid,completed
2025-05-16,12:00:00,PIEL DOMINGO,SABBATH SIGNATURE,MARK KENNETH SANCHEZ,SABBATH,1000,0,800,,,paid,completed
2025-05-16,12:00:00,PIEL DOMINGO,PACKAGE A,JENIFFER ANN MANUEL,LE NAILS,0,0,0,,,paid,completed
2025-05-16,12:00:00,JESSA DOMINGO,PEDICURE,EVANGELINE CANONIGO,LE NAILS,200,0,180,,,paid,completed
2025-05-16,12:00:00,JESSA DOMINGO,POLISH,EVANGELINE CANONIGO,LE NAILS,50,0,45,,,paid,completed
2025-05-16,12:00:00,LAUREN,SWEDISH,ASHLEY JANE GARCIA,SABBATH,600,0,480,,,paid,completed
2025-05-16,12:00:00,BARBARA,SWEDISH,VIA JOY SANCHEZ,SABBATH,600,0,480,,,paid,completed
2025-05-16,12:00:00,LAUREN,MANIGEL ORLY,EVANGELINE CANONIGO,LE NAILS,600,0,540,,,paid,completed
2025-05-16,12:00:00,BARBARA,MANICURE,JENIFFER ANN MANUEL,LE NAILS,150,0,135,,,paid,completed
2025-05-16,12:00:00,BARBARA,PEDICURE,JENIFFER ANN MANUEL,LE NAILS,200,0,180,,,paid,completed
2025-05-16,12:00:00,BARBARA,POLISH,JENIFFER ANN MANUEL,LE NAILS,50,0,45,,,paid,completed
2025-05-16,12:00:00,BARBARA,POLISH,JENIFFER ANN MANUEL,LE NAILS,50,0,45,,,paid,completed
2025-05-16,12:00:00,ANN DALISAY,PEDICURE,JENIFFER ANN MANUEL,LE NAILS,200,20,160,,Platinum,paid,completed
2025-05-16,12:00:00,ANN DALISAY,POLISH,JENIFFER ANN MANUEL,LE NAILS,50,0,45,,,paid,completed
2025-05-16,12:00:00,JOJO DALISAY,PEDICURE,EVANGELINE CANONIGO,LE NAILS,200,0,180,,,paid,completed
2025-05-17,12:00:00,JULIUS DEGALA,COMBINATION,ASHLEY JANE GARCIA,SABBATH,0,0,0,,,paid,completed
2025-05-17,12:00:00,DENNIS,SABBATH SIGNATURE,MARK KENNETH SANCHEZ,SABBATH,1000,0,800,,,paid,completed
2025-05-17,12:00:00,CRESSECIA SANTOS,SWEDISH,VIA JOY SANCHEZ,SABBATH,600,0,480,,,paid,completed
2025-05-17,12:00:00,KEVIN OCAMPO,SWEDISH,MARK KENNETH SANCHEZ,SABBATH,600,0,480,,,paid,completed
2025-05-17,12:00:00,CARINA ENRIQUEZ,SWEDISH,VIA JOY SANCHEZ,SABBATH,600,0,480,,,paid,completed
2025-05-17,12:00:00,KIM JACSON,SWEDISH,JANINE KIMBERLY GARCIA,SABBATH,600,0,480,,,paid,completed
2025-05-17,12:00:00,JERICHO DAVID,SWEDISH,ASHLEY JANE GARCIA,SABBATH,600,0,480,,,paid,completed
2025-05-17,12:00:00,VILMA DAVID,SWEDISH,JENIFFER ANN MANUEL,SABBATH,600,0,480,,,paid,completed
2025-05-17,12:00:00,CAES,SWEDISH,VIA JOY SANCHEZ,SABBATH,600,0,480,,,paid,completed
2025-05-17,12:00:00,MIKKO SOCO,SWEDISH,MARK KENNETH SANCHEZ,SABBATH,600,0,480,,,paid,completed
2025-05-17,12:00:00,PAUL DEXTER,SABBATH SIGNATURE,JANINE KIMBERLY GARCIA,SABBATH,1000,0,800,,,paid,completed
2025-05-17,12:00:00,PAUL DEXTER,SABBATH FOOT REFLEX,JANINE KIMBERLY GARCIA,SABBATH,600,0,480,,,paid,completed
2025-05-17,12:00:00,LA BULAKENYA,SABBATH SIGNATURE,ASHLEY JANE GARCIA,SABBATH,1000,0,800,,,paid,completed
2025-05-17,12:00:00,LA BULAKENYA,SABBATH FOOT REFLEX,ASHLEY JANE GARCIA,SABBATH,600,0,400,,,paid,completed
2025-05-17,12:00:00,OJT,MANICURE,EVANGELINE CANONIGO,LE NAILS,150,0,135,,,paid,completed
2025-05-17,12:00:00,OJT,PEDICURE,EVANGELINE CANONIGO,LE NAILS,200,0,180,,,paid,completed
2025-05-17,12:00:00,OJT,POLISH,EVANGELINE CANONIGO,LE NAILS,50,0,45,,,paid,completed
2025-05-17,12:00:00,OJT,PEDICURE,EVANGELINE CANONIGO,LE NAILS,200,0,180,,,paid,completed
2025-05-17,12:00:00,OJT,POLISH,EVANGELINE CANONIGO,LE NAILS,50,0,45,,,paid,completed
2025-05-17,12:00:00,OJT,MANICURE,JENIFFER ANN MANUEL,LE NAILS,150,0,135,,,paid,completed
2025-05-17,12:00:00,OJT,PEDICURE,JENIFFER ANN MANUEL,LE NAILS,200,0,180,,,paid,completed
2025-05-17,12:00:00,OJT,POLISH,JENIFFER ANN MANUEL,LE NAILS,50,0,45,,,paid,completed
2025-05-17,12:00:00,CHAIR 1,PACKAGE A,EVANGELINE CANONIGO,LE NAILS,0,0,0,,,paid,completed
2025-05-17,12:00:00,CHAIR 1,POLISH,EVANGELINE CANONIGO,LE NAILS,50,0,45,,,paid,completed
2025-05-17,12:00:00,OJT,MANIGEL ORLY,EVANGELINE CANONIGO,LE NAILS,600,0,540,,,paid,completed
2025-05-17,12:00:00,OJT,MANIGEL ORLY,EVANGELINE CANONIGO,LE NAILS,600,0,540,,,paid,completed
2025-05-17,12:00:00,OJT,PEDICURE,EVANGELINE CANONIGO,LE NAILS,200,0,180,,,paid,completed
2025-05-17,12:00:00,LA BULAKENYA,MANIGEL ORLY,EVANGELINE CANONIGO,LE NAILS,600,0,540,,,paid,completed
2025-05-17,12:00:00,LA BULAKENYA,PEDICURE,EVANGELINE CANONIGO,LE NAILS,200,0,180,,,paid,completed
2025-05-17,12:00:00,OJT,MANICURE,JENIFFER ANN MANUEL,LE NAILS,150,0,135,,,paid,completed
2025-05-17,12:00:00,OJT,PEDICURE,JENIFFER ANN MANUEL,LE NAILS,200,0,180,,,paid,completed
2025-05-17,12:00:00,CHAIR 2,PACKAGE A,JENIFFER ANN MANUEL,LE NAILS,0,0,0,,,paid,completed
2025-05-17,12:00:00,OJT,MANIGEL ORLY,JENIFFER ANN MANUEL,LE NAILS,600,0,540,,,paid,completed
2025-05-17,12:00:00,OJT,PEDICURE,JENIFFER ANN MANUEL,LE NAILS,200,0,180,,,paid,completed
2025-05-17,12:00:00,HANNA FERNANDEZ,NAIL GEL REMOVER,JENIFFER ANN MANUEL,LE NAILS,150,0,135,,,paid,completed
2025-05-17,12:00:00,HANNA FERNANDEZ,HALF LEGS FEMALE,JENIFFER ANN MANUEL,LE NAILS,350,0,315,,,paid,completed
2025-05-17,12:00:00,IAN FERNANDEZ,SWEDISH,ASHLEY JANE GARCIA,SABBATH,600,0,480,,,paid,completed
2025-05-17,12:00:00,JAMES TAN,SWEDISH,JANINE KIMBERLY GARCIA,SABBATH,600,0,480,,,paid,completed
2025-05-18,12:00:00,CHRISTINE VARGAS,SWEDISH,VIA JOY SANCHEZ,SABBATH,600,0,480,,,paid,completed
2025-05-18,12:00:00,EDITH VARGAS,SWEDISH,JANINE KIMBERLY GARCIA,SABBATH,600,0,480,,,paid,completed
2025-05-18,12:00:00,MARY ANN CADAYON,SABBATH SIGNATURE,ASHLEY JANE GARCIA,SABBATH,1000,0,800,,,paid,completed
2025-05-18,12:00:00,JOE CADAYON,SABBATH SIGNATURE,MARK KENNETH SANCHEZ,SABBATH,1000,0,800,,,paid,completed
2025-05-18,12:00:00,SHIELA ENRIQUEZ,SABBATH FOOT REFLEX,JANINE KIMBERLY GARCIA,SABBATH,600,0,480,,,paid,completed
2025-05-18,12:00:00,EDWARD ENRIQUEZ,SABBATH FOOT REFLEX,VIA JOY SANCHEZ,SABBATH,600,0,480,,,paid,completed
2025-05-18,12:00:00,BRENDA,SWEDISH,MARK KENNETH SANCHEZ,SABBATH,600,0,480,,,paid,completed
2025-05-18,12:00:00,SIR FOREIGNER,SWEDISH,ASHLEY JANE GARCIA,SABBATH,600,0,480,,,paid,completed
2025-05-18,12:00:00,ROSCHEL,SWEDISH,VIA JOY SANCHEZ,SABBATH,600,0,480,,,paid,completed
2025-05-18,12:00:00,MARLON,SWEDISH,JANINE KIMBERLY GARCIA,SABBATH,600,0,480,,,paid,completed
2025-05-18,12:00:00,JOSHUA SATONA,COMBINATION,MARK KENNETH SANCHEZ,SABBATH,0,0,0,,,paid,completed
2025-05-18,12:00:00,TRISHIA FERNANDEZ,COMBINATION,ASHLEY JANE GARCIA,SABBATH,0,0,0,,,paid,completed
2025-05-18,12:00:00,REM ORTEGA,SWEDISH,JENIFFER ANN MANUEL,SABBATH,600,0,480,,,paid,completed
2025-05-18,12:00:00,GIA MARIE FERNANDEZ,MANICURE,EVANGELINE CANONIGO,LE NAILS,150,0,135,,,paid,completed
2025-05-18,12:00:00,GIA MARIE FERNANDEZ,REGULAR POLISH,EVANGELINE CANONIGO,LE NAILS,0,0,0,,,paid,completed
2025-05-18,12:00:00,GIA MARIE FERNANDEZ,HAND PARAFFIN,EVANGELINE CANONIGO,LE NAILS,0,0,0,,,paid,completed
2025-05-18,12:00:00,GIA MARIE FERNANDEZ,FOOT MASSAGE,JENIFFER ANN MANUEL,LE NAILS,350,0,315,,,paid,completed
2025-05-19,12:00:00,RUTH SAMSON,SWEDISH,ASHLEY JANE GARCIA,SABBATH,600,0,480,,,paid,completed
2025-05-19,12:00:00,DUKE SAMSON,SWEDISH,MARK KENNETH SANCHEZ,SABBATH,600,0,480,,,paid,completed
2025-05-19,12:00:00,RUTH SAMSON,MANIGEL ORLY,EVANGELINE CANONIGO,LE NAILS,600,0,540,,,paid,completed
2025-05-19,12:00:00,RUTH SAMSON,PEDIGEL ORLY,EVANGELINE CANONIGO,LE NAILS,700,0,630,,,paid,completed
2025-05-19,12:00:00,DUKE SAMSON,MANICURE,JENIFFER ANN MANUEL,LE NAILS,150,0,135,,,paid,completed
2025-05-19,12:00:00,DUKE SAMSON,PEDICURE,JENIFFER ANN MANUEL,LE NAILS,200,0,180,,,paid,completed
2025-05-19,12:00:00,JOY BORLONGAN,SABBATH FOOT REFLEX,ASHLEY JANE GARCIA,SABBATH,600,60,420,,Platinum,paid,completed
2025-05-19,12:00:00,KING BORLONGAN,SWEDISH,MARK KENNETH SANCHEZ,SABBATH,600,30,450,,Basic,paid,completed
2025-05-19,12:00:00,JOY BORLONGAN,SOFT GEL NAIL EXTENSION,JENIFFER ANN MANUEL,LE NAILS,800,80,560,,Platinum,paid,completed
2025-05-19,12:00:00,JOY BORLONGAN,PEDICURE,JENIFFER ANN MANUEL,LE NAILS,200,20,140,,Platinum,paid,completed
2025-05-20,12:00:00,BRENDA,SABBATH SIGNATURE,VIA JOY SANCHEZ,SABBATH,1000,0,800,,,paid,completed
2025-05-20,12:00:00,EMC PAN,SWEDISH,ASHLEY JANE GARCIA,SABBATH,600,0,480,,,paid,completed
2025-05-20,12:00:00,ELLA PAN,SWEDISH,VIA JOY SANCHEZ,SABBATH,600,0,480,,,paid,completed
2025-05-20,12:00:00,HALEEM SANTOS,SWEDISH,ASHLEY JANE GARCIA,SABBATH,600,0,480,,,paid,completed
2025-05-21,12:00:00,JOYCE PONDANG,SWEDISH,JANINE KIMBERLY GARCIA,SABBATH,600,60,420,,Platinum,paid,completed
2025-05-21,12:00:00,SHERYL DELA CRUZ,SWEDISH,ASHLEY JANE GARCIA,SABBATH,600,0,480,,,paid,completed
2025-05-21,12:00:00,MARIO REYES,SWEDISH,ASHLEY JANE GARCIA,SABBATH,600,60,420,,Vip,paid,completed
2025-05-21,12:00:00,MARIO REYES,THERAPIST REQUEST,ASHLEY JANE GARCIA,SABBATH,0,0,0,,,paid,completed
2025-05-21,12:00:00,JOSEPHINE REYES,SABBATH SIGNATURE,JANINE KIMBERLY GARCIA,SABBATH,1000,0,800,,,paid,completed
2025-05-21,12:00:00,JOSEPHINE REYES,THERAPIST REQUEST,JANINE KIMBERLY GARCIA,SABBATH,0,0,0,,,paid,completed
2025-05-21,12:00:00,JOYCE PONDANG,PEDICURE,EVANGELINE CANONIGO,LE NAILS,200,20,160,,Platinum,paid,completed
2025-05-21,12:00:00,JOYCE PONDANG,PEDICURE,EVANGELINE CANONIGO,LE NAILS,200,0,180,,,paid,completed
2025-05-21,12:00:00,JOYCE PONDANG,POLISH,EVANGELINE CANONIGO,LE NAILS,50,0,45,,,paid,completed
2025-05-21,12:00:00,JOYCE PONDANG,POLISH,EVANGELINE CANONIGO,LE NAILS,50,0,45,,,paid,completed
2025-05-21,12:00:00,JESSICA DE GUZMAN,SWEDISH,ASHLEY JANE GARCIA,SABBATH,600,0,480,,,paid,completed
2025-05-21,12:00:00,AJ DE GUZMAN,SWEDISH,JANINE KIMBERLY GARCIA,SABBATH,600,0,480,,,paid,completed
2025-05-21,12:00:00,ANN DALISAY,SWEDISH,VIA JOY SANCHEZ,SABBATH,600,60,420,,Platinum,paid,completed
2025-05-21,12:00:00,DANILO DE GUZMAN,SWEDISH,MARK KENNETH SANCHEZ,SABBATH,600,0,480,,,paid,completed
2025-05-21,12:00:00,AIMEE BAUSTISTA,PREMIUM PRIVATE ROOM,VIA JOY SANCHEZ,SABBATH,1500,0,1200,,,paid,completed
2025-05-21,12:00:00,AIMEE BAUSTISTA,SWEDISH,VIA JOY SANCHEZ,SABBATH,600,0,480,,,paid,completed
2025-05-21,12:00:00,MONICA AGUILA,PREMIUM PRIVATE ROOM,,SABBATH,1500,0,1200,,,paid,completed
2025-05-22,12:00:00,RAZEL,SABBATH SIGNATURE,JANINE KIMBERLY GARCIA,SABBATH,1000,0,800,,,paid,completed
2025-05-22,12:00:00,CORAZON REYES,SWEDISH,ASHLEY JANE GARCIA,SABBATH,600,0,480,,,paid,completed
2025-05-22,12:00:00,ANN ZABLAN,COMBINATION,VIA JOY SANCHEZ,SABBATH,0,0,0,,,paid,completed
2025-05-22,12:00:00,AMEL ZABLAN,COMBINATION,ASHLEY JANE GARCIA,SABBATH,0,0,0,,,paid,completed
2025-05-22,12:00:00,MARIA,PACKAGE A,EVANGELINE CANONIGO,LE NAILS,0,0,0,,,paid,completed
2025-05-22,12:00:00,MARIA,POLISH,EVANGELINE CANONIGO,LE NAILS,50,0,40,,,paid,completed
2025-05-22,12:00:00,SAB CARPIO,FOOT SPA,EVANGELINE CANONIGO,LE NAILS,0,0,0,,,paid,completed
2025-05-22,12:00:00,SAB CARPIO,POLISH,EVANGELINE CANONIGO,LE NAILS,50,0,40,,,paid,completed
2025-05-22,12:00:00,SAB CARPIO,PACKAGE A,EVANGELINE CANONIGO,LE NAILS,0,0,0,,,paid,completed
2025-05-22,12:00:00,SAB CARPIO,POLISH,EVANGELINE CANONIGO,LE NAILS,50,0,40,,,paid,completed
2025-05-22,12:00:00,SAB CARPIO,POLISH,EVANGELINE CANONIGO,LE NAILS,50,0,40,,,paid,completed
2025-05-23,12:00:00,RYAN SAGALA,MANICURE,EVANGELINE CANONIGO,LE NAILS,150,0,120,,,paid,completed
2025-05-23,12:00:00,RYAN SAGALA,PEDICURE,EVANGELINE CANONIGO,LE NAILS,200,0,160,,,paid,completed
2025-05-23,12:00:00,RYAN SAGALA,SWEDISH,VIA JOY SANCHEZ,SABBATH,600,0,480,,,paid,completed
2025-05-23,12:00:00,KRISTINE HIPOLITA,SABBATH FOOT REFLEX,JANINE KIMBERLY GARCIA,SABBATH,600,0,480,,,paid,completed
2025-05-23,12:00:00,KRISTINE,SABBATH FOOT REFLEX,VIA JOY SANCHEZ,SABBATH,600,0,480,,,paid,completed
2025-05-23,12:00:00,JESSA LIOANAG,SABBATH SIGNATURE,VIA JOY SANCHEZ,SABBATH,1000,0,800,,,paid,completed
2025-05-23,12:00:00,EMIL LIOANAG,SABBATH SIGNATURE,JANINE KIMBERLY GARCIA,SABBATH,1000,0,800,,,paid,completed
2025-05-23,12:00:00,MILLET VENTURA,SABBATH SIGNATURE,JENIFFER ANN MANUEL,SABBATH,1000,0,800,,,paid,completed
2025-05-23,12:00:00,KIM QUETUA,SWEDISH,JANINE KIMBERLY GARCIA,SABBATH,600,60,420,,Platinum,paid,completed
2025-05-23,12:00:00,LEIGH QUETUA,SWEDISH,VIA JOY SANCHEZ,SABBATH,600,60,420,,Platinum,paid,completed
2025-05-23,12:00:00,MILLET VENTURA,PACKAGE A,JENIFFER ANN MANUEL,LE NAILS,0,0,0,,,paid,completed
2025-05-23,12:00:00,MILLET VENTURA,POLISH,JENIFFER ANN MANUEL,LE NAILS,50,0,45,,,paid,completed
2025-05-23,12:00:00,MILLET VENTURA,POLISH,JENIFFER ANN MANUEL,LE NAILS,50,0,45,,,paid,completed
2025-05-23,12:00:00,MILLET VENTURA,HALF LEGS FEMALE,JENIFFER ANN MANUEL,LE NAILS,350,0,315,,,paid,completed
2025-05-23,12:00:00,JESSICA JOCSON,SABBATH FOOT REFLEX,JANINE KIMBERLY GARCIA,SABBATH,600,0,480,,,paid,completed
2025-05-23,12:00:00,JESSICA JOCSON,SABBATH FOOT REFLEX,VIA JOY SANCHEZ,SABBATH,600,0,480,,,paid,completed
2025-05-24,12:00:00,RUTH SAMSON,SWEDISH,VIA JOY SANCHEZ,SABBATH,600,0,480,,,paid,completed
2025-05-24,12:00:00,DUKE SAMSON,SWEDISH,JANINE KIMBERLY GARCIA,SABBATH,600,0,480,,,paid,completed
2025-05-24,12:00:00,KAPITBAHAY,MANICURE,EVANGELINE CANONIGO,LE NAILS,150,0,135,,,paid,completed
2025-05-24,12:00:00,KAPITBAHAY,PEDICURE,EVANGELINE CANONIGO,LE NAILS,200,0,180,,,paid,completed
2025-05-24,12:00:00,KAPITBAHAY,REGULAR POLISH,EVANGELINE CANONIGO,LE NAILS,0,0,0,,,paid,completed
2025-05-24,12:00:00,KAPITBAHAY,REGULAR POLISH,EVANGELINE CANONIGO,LE NAILS,0,0,0,,,paid,completed
2025-05-24,12:00:00,MARIVEL SANTIAGO,MANICURE,EVANGELINE CANONIGO,LE NAILS,150,0,135,,,paid,completed
2025-05-24,12:00:00,MARIVEL SANTIAGO,PEDICURE,EVANGELINE CANONIGO,LE NAILS,200,0,180,,,paid,completed
2025-05-24,12:00:00,MARIVEL SANTIAGO,REGULAR POLISH,EVANGELINE CANONIGO,LE NAILS,0,0,0,,,paid,completed
2025-05-24,12:00:00,CORAZON MARQUEZ,MANICURE,JENIFFER ANN MANUEL,LE NAILS,150,0,135,,,paid,completed
2025-05-24,12:00:00,CORAZON MARQUEZ,PEDICURE,JENIFFER ANN MANUEL,LE NAILS,200,0,180,,,paid,completed
2025-05-24,12:00:00,CORAZON MARQUEZ,REGULAR POLISH,JENIFFER ANN MANUEL,LE NAILS,0,0,0,,,paid,completed
2025-05-24,12:00:00,MATET HERNANDEZ,MANICURE,JENIFFER ANN MANUEL,LE NAILS,150,0,135,,,paid,completed
2025-05-24,12:00:00,MATET HERNANDEZ,PEDICURE,JENIFFER ANN MANUEL,LE NAILS,200,0,180,,,paid,completed
2025-05-24,12:00:00,MATET HERNANDEZ,REGULAR POLISH,JENIFFER ANN MANUEL,LE NAILS,0,0,0,,,paid,completed
2025-05-24,12:00:00,MACKY TERENO,SWEDISH,ASHLEY JANE GARCIA,SABBATH,600,0,480,,,paid,completed
2025-05-24,12:00:00,MARIVIC TERENO,SWEDISH,JANINE KIMBERLY GARCIA,SABBATH,600,0,480,,,paid,completed
2025-05-24,12:00:00,BONG TERENO,SWEDISH,VIA JOY SANCHEZ,SABBATH,600,0,480,,,paid,completed
2025-05-24,12:00:00,RAPHAEL RODRIGUEZ,COMBINATION,MARK KENNETH SANCHEZ,SABBATH,0,0,0,,,paid,completed
2025-05-25,12:00:00,AGNES VALENCIA,COMBINATION,ASHLEY JANE GARCIA,SABBATH,0,0,0,,,paid,completed
2025-05-25,12:00:00,RICHARD VALENCIA,COMBINATION,VIA JOY SANCHEZ,SABBATH,0,0,0,,,paid,completed
2025-05-25,12:00:00,SAM SULMACA,SABBATH SIGNATURE,JENIFFER ANN MANUEL,SABBATH,1000,0,800,,,paid,completed
2025-05-25,12:00:00,JAMES SULMACA,SABBATH SIGNATURE,JANINE KIMBERLY GARCIA,SABBATH,1000,0,800,,,paid,completed
2025-05-25,12:00:00,GIA MARIE FERNANDEZ,AROMATHERAPY OIL,ASHLEY JANE GARCIA,SABBATH,0,0,0,,,paid,completed
2025-05-25,12:00:00,RODERICK FERNANDEZ,SABBATH FOOT REFLEX,MARK KENNETH SANCHEZ,SABBATH,600,0,480,,,paid,completed
2025-05-26,12:00:00,KIMBERLY ADVIANO,SABBATH FOOT REFLEX,VIA JOY SANCHEZ,SABBATH,600,0,480,,,paid,completed
2025-05-26,12:00:00,NINOLITO LIZAVONDO,SABBATH FOOT REFLEX,MARK KENNETH SANCHEZ,SABBATH,600,0,480,,,paid,completed
2025-05-26,12:00:00,ANN DALISAY,SWEDISH,JANINE KIMBERLY GARCIA,SABBATH,600,60,420,,Platinum,paid,completed
2025-05-26,12:00:00,KELVIN CLEMENTE,SWEDISH,MARK KENNETH SANCHEZ,SABBATH,600,0,480,,,paid,completed
2025-05-26,12:00:00,DANNY LOPEZ,SWEDISH,VIA JOY SANCHEZ,SABBATH,600,0,480,,,paid,completed
2025-05-26,12:00:00,JOEMAR ABIAS,SWEDISH,ASHLEY JANE GARCIA,SABBATH,600,0,480,,,paid,completed
2025-05-26,12:00:00,IAN FERNANDEZ,SWEDISH,JANINE KIMBERLY GARCIA,SABBATH,600,0,480,,,paid,completed
2025-05-27,12:00:00,HARLENE SANTOS,SWEDISH,VIA JOY SANCHEZ,SABBATH,600,0,480,,,paid,completed
2025-05-27,12:00:00,ELIE SANTOS,SWEDISH,ASHLEY JANE GARCIA,SABBATH,600,0,480,,,paid,completed
2025-05-27,12:00:00,RALPH SANTOS,SWEDISH,MARK KENNETH SANCHEZ,SABBATH,600,0,480,,,paid,completed
2025-05-27,12:00:00,RALPH SANTOS,FOOT SPA,JENIFFER ANN MANUEL,LE NAILS,0,0,0,,,paid,completed
2025-05-27,12:00:00,RALPH SANTOS,PEDICURE,JENIFFER ANN MANUEL,LE NAILS,200,0,180,,,paid,completed
2025-05-27,12:00:00,CHAIR 1,PACKAGE A,EVANGELINE CANONIGO,LE NAILS,0,0,0,,,paid,completed
2025-05-27,12:00:00,EDWARD FERNANDEZ,SWEDISH,MARK KENNETH SANCHEZ,SABBATH,600,0,480,,,paid,completed
2025-05-27,12:00:00,AIMEE BAUTISTA,PACKAGE C,EVANGELINE CANONIGO,LE NAILS,0,0,0,,,paid,completed
2025-05-27,12:00:00,BIANCE BAUTISTA,PACKAGE C,JENIFFER ANN MANUEL,LE NAILS,0,0,0,,,paid,completed
2025-05-27,12:00:00,CHRISTINE CANLAS,PREMIUM PRIVATE ROOM,VIA JOY SANCHEZ,SABBATH,1500,0,1200,,,paid,completed
2025-05-27,12:00:00,CHRISTINE CANLAS,SABBATH SIGNATURE,VIA JOY SANCHEZ,SABBATH,1000,0,800,,,paid,completed
2025-05-27,12:00:00,JERICHO CANLAS,PREMIUM PRIVATE ROOM,ASHLEY JANE GARCIA,SABBATH,1500,0,1200,,,paid,completed
2025-05-27,12:00:00,JERICHO CANLAS,SABBATH SIGNATURE,ASHLEY JANE GARCIA,SABBATH,1000,0,800,,,paid,completed
2025-05-28,12:00:00,ALLIAH MAE,SABBATH SIGNATURE,VIA JOY SANCHEZ,SABBATH,1000,0,800,,,paid,completed
2025-05-28,12:00:00,SHERYL,SWEDISH,ASHLEY JANE GARCIA,SABBATH,600,0,480,,,paid,completed
2025-05-28,12:00:00,JULIUS,SWEDISH,VIA JOY SANCHEZ,SABBATH,600,0,480,,,paid,completed
2025-05-28,12:00:00,DENNIS SANGDAAN,SWEDISH,MARK KENNETH SANCHEZ,SABBATH,600,0,480,,,paid,completed
2025-05-28,12:00:00,EPITACIO SANTOS,SWEDISH,JENIFFER ANN MANUEL,SABBATH,600,0,480,,,paid,completed
2025-05-28,12:00:00,ENRIGE CASILLAH,SABBATH SIGNATURE,MARK KENNETH SANCHEZ,SABBATH,1000,0,800,,,paid,completed
2025-05-28,12:00:00,MELLA CASILLAH,HAND REFLEX,ASHLEY JANE GARCIA,SABBATH,400,0,320,,,paid,completed
2025-05-28,12:00:00,LUI SAN ROQUE,SABBATH SIGNATURE,VIA JOY SANCHEZ,SABBATH,1000,0,800,,,paid,completed
2025-05-28,12:00:00,DREY VELASCO,SABBATH SIGNATURE,ASHLEY JANE GARCIA,SABBATH,1000,0,800,,,paid,completed
2025-05-28,12:00:00,MARY ROSE HERNANDEZ,SABBATH SIGNATURE,JENIFFER ANN MANUEL,SABBATH,1000,0,800,,,paid,completed
2025-05-28,12:00:00,NORBELL DOMINGO,PEDICURE,JENIFFER ANN MANUEL,LE NAILS,200,0,180,,,paid,completed
2025-05-29,12:00:00,JENN,COMBINATION,ASHLEY JANE GARCIA,SABBATH,0,0,0,,,paid,completed
2025-05-29,12:00:00,HUSBAND,COMBINATION,VIA JOY SANCHEZ,SABBATH,0,0,0,,,paid,completed
2025-05-29,12:00:00,RIA REYES,SWEDISH,JANINE KIMBERLY GARCIA,SABBATH,600,0,480,,,paid,completed
2025-05-29,12:00:00,LUCIA GAMAO,SWEDISH,ASHLEY JANE GARCIA,SABBATH,600,0,480,,,paid,completed
2025-05-29,12:00:00,AYESHA FERNANDO,SABBATH SIGNATURE,JANINE KIMBERLY GARCIA,SABBATH,1000,0,800,,,paid,completed
2025-05-29,12:00:00,ELLA,COMBINATION,VIA JOY SANCHEZ,SABBATH,0,0,0,,,paid,completed
2025-05-29,12:00:00,HUSBAND,COMBINATION,ASHLEY JANE GARCIA,SABBATH,0,0,0,,,paid,completed
2025-05-29,12:00:00,SOPHELENE WU,SWEDISH,ASHLEY JANE GARCIA,SABBATH,600,0,480,,,paid,completed
2025-05-29,12:00:00,MELVIN WU,SWEDISH,VIA JOY SANCHEZ,SABBATH,600,0,480,,,paid,completed
2025-05-29,12:00:00,ANN DALISAY,SWEDISH,JANINE KIMBERLY GARCIA,SABBATH,600,60,420,,Platinum,paid,completed
2025-05-29,12:00:00,ROSE BALATBAT,SWEDISH,JANINE KIMBERLY GARCIA,SABBATH,600,0,480,,,paid,completed
2025-05-29,12:00:00,ARCEE BALATBAT,SWEDISH,MARK KENNETH SANCHEZ,SABBATH,600,0,480,,,paid,completed
2025-05-29,12:00:00,APRODITE BALATBAT,GROWTH,VIA JOY SANCHEZ,SABBATH,500,0,400,,,paid,completed
2025-05-31,12:00:00,LOVE ADRIANO,COMBINATION,JANINE KIMBERLY GARCIA,SABBATH,0,0,0,,,paid,completed
2025-05-31,12:00:00,THOMAR,COMBINATION,MARK KENNETH SANCHEZ,SABBATH,0,0,0,,,paid,completed
2025-05-31,12:00:00,LEIGH QUETUA,SABBATH FOOT REFLEX,ASHLEY JANE GARCIA,SABBATH,600,60,420,,Vip,paid,completed
2025-05-31,12:00:00,KIM QUETUA,SWEDISH,MARK KENNETH SANCHEZ,SABBATH,600,60,420,,Vip,paid,completed
2025-05-31,12:00:00,NICKO VILLAFUENTE,SABBATH SIGNATURE,ASHLEY JANE GARCIA,SABBATH,1000,0,800,,,paid,completed
2025-05-31,12:00:00,KATH VILLAFUENTE,SABBATH SIGNATURE,VIA JOY SANCHEZ,SABBATH,1000,0,800,,,paid,completed
2025-05-31,12:00:00,ANN DALISAY,SWEDISH,JANINE KIMBERLY GARCIA,SABBATH,600,60,420,,Platinum,paid,completed
2025-05-31,12:00:00,ANN DALISAY,ADDITIONAL 30 MINS,JANINE KIMBERLY GARCIA,SABBATH,300,30,210,,Platinum,paid,completed
2025-05-31,12:00:00,MARIO REYES,SWEDISH,ASHLEY JANE GARCIA,SABBATH,600,60,420,,Vip,paid,completed
2025-05-30,12:00:00,EMMIE,MANIGEL CUCCIO,EVANGELINE CANONIGO,LE NAILS,450,0,405,,,paid,completed
2025-05-30,12:00:00,EMMIE,FULL SET BASIC NAIL ART,EVANGELINE CANONIGO,LE NAILS,400,0,360,,,paid,completed
2025-05-31,12:00:00,JAS SANTIAGO,SHIATSU,VIA JOY SANCHEZ,SABBATH,0,0,0,,,paid,completed
2025-05-31,12:00:00,NHIK SANTIAGO,SWEDISH,JANINE KIMBERLY GARCIA,SABBATH,600,0,480,,,paid,completed
2025-05-31,12:00:00,RAWAN GERONA,SWEDISH,ASHLEY JANE GARCIA,SABBATH,600,0,480,,,paid,completed
2025-05-31,12:00:00,MACK GERONA,SWEDISH,MARK KENNETH SANCHEZ,SABBATH,600,0,480,,,paid,completed
2025-06-01,12:00:00,THERESE SAYO,SABBATH SIGNATURE,VIA JOY SANCHEZ,SABBATH,1000,0,800,,,paid,completed
2025-06-01,12:00:00,EDWIN LIM,COMBINATION,MARK KENNETH SANCHEZ,SABBATH,0,0,0,,,paid,completed
2025-06-01,12:00:00,THERESE SAYO,FOOT SPA,EVANGELINE CANONIGO,LE NAILS,0,0,0,,,paid,completed
2025-06-01,12:00:00,MS. LESLEY,COMBINATION,ASHLEY JANE GARCIA,SABBATH,0,0,0,,,paid,completed
2025-06-01,12:00:00,MS. LESLEY,ADDITIONAL 30 MINS,ASHLEY JANE GARCIA,SABBATH,300,0,240,,,paid,completed
2025-06-01,12:00:00,MR. JOEL,"HEAD, BACK & SHOULDER",MARK KENNETH SANCHEZ,SABBATH,0,0,0,,,paid,completed
2025-06-01,12:00:00,ALLEN JOYCE MALAZARTE,"HEAD, BACK & SHOULDER",VIA JOY SANCHEZ,SABBATH,0,0,0,,,paid,completed
2025-06-01,12:00:00,MR. ROMEL,"HEAD, BACK & SHOULDER",JANINE KIMBERLY GARCIA,SABBATH,0,0,0,,,paid,completed
2025-06-01,12:00:00,ALLEN JOYCE MALAZARTE,PACKAGE B,EVANGELINE CANONIGO,LE NAILS,950,0,855,,,paid,completed
2025-06-01,12:00:00,ALLEN JOYCE MALAZARTE,FOOT SPA,JENIFFER ANN MANUEL,LE NAILS,0,0,0,,,paid,completed
2025-06-01,12:00:00,ALLEN JOYCE MALAZARTE,PEDICURE,JENIFFER ANN MANUEL,LE NAILS,200,0,180,,,paid,completed
2025-06-01,12:00:00,ALLEN JOYCE MALAZARTE,POLISH,JENIFFER ANN MANUEL,LE NAILS,50,0,45,,,paid,completed
2025-06-01,12:00:00,ALLEN JOYCE MALAZARTE,POLISH,EVANGELINE CANONIGO,LE NAILS,50,0,45,,,paid,completed
2025-06-01,12:00:00,ROSCEL PEREZ,SABBATH SIGNATURE,JANINE KIMBERLY GARCIA,SABBATH,1000,0,800,,,paid,completed
2025-06-01,12:00:00,ANTON AZUCENA,SABBATH SIGNATURE,ASHLEY JANE GARCIA,SABBATH,1000,0,800,,,paid,completed
2025-06-01,12:00:00,MS. ANJ,PEDICURE,EVANGELINE CANONIGO,LE NAILS,200,0,180,,,paid,completed
2025-06-01,12:00:00,MS. ANJ,PEDIGEL CUCCIO,JENIFFER ANN MANUEL,LE NAILS,550,0,495,,,paid,completed
2025-06-01,12:00:00,MICHAEL DELA CRUZ,COMBINATION,MARK KENNETH SANCHEZ,SABBATH,0,0,0,,,paid,completed
2025-06-01,12:00:00,ROMMEL FLAVIANO,COMBINATION,JANINE KIMBERLY GARCIA,SABBATH,0,0,0,,,paid,completed
2025-06-01,12:00:00,ROMMEL FLAVIANO,COMBINATION,VIA JOY SANCHEZ,SABBATH,0,0,0,,,paid,completed
2025-06-01,12:00:00,ROMMEL FLAVIANO,FOOT SPA,JENIFFER ANN MANUEL,LE NAILS,0,0,0,,,paid,completed
2025-06-01,12:00:00,ROMMEL FLAVIANO,PEDICURE,JENIFFER ANN MANUEL,LE NAILS,200,0,180,,,paid,completed
2025-06-01,12:00:00,ROMMEL FLAVIANO,NAIL GEL REMOVAL,JENIFFER ANN MANUEL,LE NAILS,150,0,135,,,paid,completed
2025-06-01,12:00:00,ROMMEL FLAVIANO,NAIL GEL REMOVER,JENIFFER ANN MANUEL,LE NAILS,150,0,135,,,paid,completed
2025-06-01,12:00:00,ROMMEL FLAVIANO,MANICURE,JENIFFER ANN MANUEL,LE NAILS,150,0,135,,,paid,completed
2025-06-01,12:00:00,ROMMEL FLAVIANO,POLISH,JENIFFER ANN MANUEL,LE NAILS,50,0,45,,,paid,completed
2025-06-01,12:00:00,MS. MACE,SWEDISH,ASHLEY JANE GARCIA,SABBATH,600,0,480,,,paid,completed
2025-06-01,12:00:00,ANGEL,SWEDISH,MARK KENNETH SANCHEZ,SABBATH,600,0,480,,,paid,completed
2025-06-02,12:00:00,ANN DALISAY,SHIATSU,ASHLEY JANE GARCIA,SABBATH,0,0,0,,Platinum,paid,completed
2025-06-02,12:00:00,HANNAH FERNANDEZ,GROWTH,VIA JOY SANCHEZ,SABBATH,500,0,400,,,paid,completed
2025-06-02,12:00:00,PB BORLONGAN,AROMATHERAPY OIL WITH HERBAL BALL,JANINE KIMBERLY GARCIA,SABBATH,1000,200,600,,,paid,completed
2025-06-02,12:00:00,CHIM,COMBINATION,VIA JOY SANCHEZ,SABBATH,0,0,0,,,paid,completed
2025-06-02,12:00:00,SHELLY,COMBINATION,ASHLEY JANE GARCIA,SABBATH,0,0,0,,,paid,completed
2025-06-02,12:00:00,MARK,COMBINATION,MARK KENNETH SANCHEZ,SABBATH,0,0,0,,,paid,completed
2025-06-02,12:00:00,PTR. ABET BAGAY,SABBATH SIGNATURE,MARK KENNETH SANCHEZ,SABBATH,1000,0,800,,,paid,completed
2025-06-02,12:00:00,MALOU BAGAY,SABBATH SIGNATURE,ASHLEY JANE GARCIA,SABBATH,1000,0,800,,,paid,completed
2025-06-02,12:00:00,GIA MARIE FERNANDEZ,AROMATHERAPY OIL WITH HERBAL BALL,VIA JOY SANCHEZ,SABBATH,1000,0,800,,,paid,completed
2025-06-02,12:00:00,TRISHIA FERNANDEZ,COMBINATIOM W/ HOT STONE,JANINE KIMBERLY GARCIA,SABBATH,0,0,0,,,paid,completed
2025-06-02,12:00:00,MAAM,COMBINATION,JANINE KIMBERLY GARCIA,SABBATH,0,0,0,,,paid,completed
2025-06-02,12:00:00,MR. MIKE,SABBATH FOOT REFLEX,MARK KENNETH SANCHEZ,SABBATH,600,0,480,,,paid,completed
2025-06-02,12:00:00,MAAM,SABBATH FOOT REFLEX,ASHLEY JANE GARCIA,SABBATH,600,0,480,,,paid,completed
2025-06-02,12:00:00,MAAM,COMBINATION,VIA JOY SANCHEZ,SABBATH,0,0,0,,,paid,completed
2025-06-02,12:00:00,GIA MARIE FERNANDEZ,PACKAGE A,EVANGELINE CANONIGO,LE NAILS,0,0,0,,,paid,completed
2025-06-02,12:00:00,PTR. ABET BAGAY,PACKAGE A,EVANGELINE CANONIGO,LE NAILS,0,0,0,,,paid,completed
2025-06-02,12:00:00,ANGEL,FOOT SPA,EVANGELINE CANONIGO,LE NAILS,0,0,0,,,paid,completed
2025-06-02,12:00:00,MALOU BAGAY,PACKAGE A,JENIFFER ANN MANUEL,LE NAILS,0,0,0,,,paid,completed
2025-06-02,12:00:00,ELZ,FOOT SPA,JENIFFER ANN MANUEL,LE NAILS,0,0,0,,,paid,completed
2025-06-02,12:00:00,PB BORLONGAN,FOOT MASSAGE,EVANGELINE CANONIGO,LE NAILS,350,0,315,,,paid,completed
2025-06-02,12:00:00,PB BORLONGAN,PACKAGE A,EVANGELINE CANONIGO,LE NAILS,0,0,0,,,paid,completed
2025-06-03,12:00:00,CHAIR 1,PACKAGE A,EVANGELINE CANONIGO,LE NAILS,0,0,0,,,paid,completed
2025-06-03,12:00:00,CHAIR 1,PACKAGE A,EVANGELINE CANONIGO,LE NAILS,0,0,0,,,paid,completed
2025-06-03,12:00:00,CHAIR 1,POLISH,EVANGELINE CANONIGO,LE NAILS,50,0,45,,,paid,completed
2025-06-03,12:00:00,MS. BABY,COMBINATION,ASHLEY JANE GARCIA,SABBATH,0,0,0,,,paid,completed
2025-06-03,12:00:00,MR. HERCULES,COMBINATION,MARK KENNETH SANCHEZ,SABBATH,0,0,0,,,paid,completed
2025-06-03,12:00:00,MS. JENN,AROMATHERAPY OIL WITH HERBAL BALL,VIA JOY SANCHEZ,SABBATH,1000,0,800,,,paid,completed
2025-06-03,12:00:00,RUTH SAMSON,SWEDISH,VIA JOY SANCHEZ,SABBATH,600,0,480,,,paid,completed
2025-06-03,12:00:00,DUKE SAMSON,SWEDISH,MARK KENNETH SANCHEZ,SABBATH,600,0,480,,,paid,completed
2025-06-03,12:00:00,GINO BUSTOS,SWEDISH,MARK KENNETH SANCHEZ,SABBATH,600,0,480,,,paid,completed
2025-06-03,12:00:00,JANE BUSTOS,SWEDISH,VIA JOY SANCHEZ,SABBATH,600,0,480,,,paid,completed
2025-06-03,12:00:00,MAJ,SWEDISH,VIA JOY SANCHEZ,SABBATH,600,0,480,,,paid,completed
2025-06-03,12:00:00,HUSBAND,SWEDISH,ASHLEY JANE GARCIA,SABBATH,600,0,480,,,paid,completed
2025-06-03,12:00:00,ANDRE CRUZ,SWEDISH,ASHLEY JANE GARCIA,SABBATH,600,60,420,,Platinum,paid,completed
2025-06-03,12:00:00,RUTH SAMSON,MANIGEL ORLY,EVANGELINE CANONIGO,LE NAILS,600,0,540,,,paid,completed
2025-06-03,12:00:00,RUTH SAMSON,PEDIGEL ORLY,EVANGELINE CANONIGO,LE NAILS,700,0,630,,,paid,completed
2025-06-04,12:00:00,TESS,SABBATH SIGNATURE,JANINE KIMBERLY GARCIA,SABBATH,1000,0,800,,,paid,completed
2025-06-04,12:00:00,CHARLIE,SABBATH SIGNATURE,ASHLEY JANE GARCIA,SABBATH,1000,0,800,,,paid,completed
2025-06-04,12:00:00,HAZEL,SABBATH SIGNATURE,VIA JOY SANCHEZ,SABBATH,1000,0,800,,,paid,completed
2025-06-04,12:00:00,HAZEL,PEDICURE,EVANGELINE CANONIGO,LE NAILS,200,0,160,,,paid,completed
2025-06-04,12:00:00,HAZEL,POLISH,EVANGELINE CANONIGO,LE NAILS,50,0,40,,,paid,completed
2025-06-04,12:00:00,MARVIN QUINTO,COMBINATION,MARK KENNETH SANCHEZ,SABBATH,0,0,0,,,paid,completed
2025-06-04,12:00:00,RHEA QUINTO,COMBINATION,JANINE KIMBERLY GARCIA,SABBATH,0,0,0,,,paid,completed
2025-06-04,12:00:00,JENN,COMBINATION,ASHLEY JANE GARCIA,SABBATH,0,0,0,,,paid,completed
2025-06-04,12:00:00,HUSBAND,COMBINATION,VIA JOY SANCHEZ,SABBATH,0,0,0,,,paid,completed
2025-06-04,12:00:00,MARY JOY GONZALES,COMBINATION,ASHLEY JANE GARCIA,SABBATH,0,0,0,,,paid,completed
2025-06-04,12:00:00,LUNA CONALES,COMBINATION,VIA JOY SANCHEZ,SABBATH,0,0,0,,,paid,completed
2025-06-04,12:00:00,CHRISTOPHER SANTOS,COMBINATION,JENIFFER ANN MANUEL,SABBATH,0,0,0,,,paid,completed
2025-06-04,12:00:00,EDLEEN SANTOS,COMBINATIOM W/ HOT STONE,JANINE KIMBERLY GARCIA,SABBATH,0,0,0,,,paid,completed
2025-06-04,12:00:00,BOBBY ALANON,COMBINATION,MARK KENNETH SANCHEZ,SABBATH,0,0,0,,,paid,completed
2025-06-04,12:00:00,JENNIFER MOLINA,SABBATH SIGNATURE,VIA JOY SANCHEZ,SABBATH,1000,0,800,,,paid,completed
2025-06-04,12:00:00,MARK DEVERA,SABBATH SIGNATURE,ASHLEY JANE GARCIA,SABBATH,1000,0,800,,,paid,completed
2025-06-04,12:00:00,DANILO ESPIRITU,COMBINATION,MARK KENNETH SANCHEZ,SABBATH,0,0,0,,,paid,completed
2025-06-04,12:00:00,JEAN ESPIRITU,COMBINATION,JANINE KIMBERLY GARCIA,SABBATH,0,0,0,,,paid,completed
2025-06-04,12:00:00,ANGELICA SANTOS,COMBINATION,JENIFFER ANN MANUEL,SABBATH,0,0,0,,,paid,completed
2025-06-05,12:00:00,HAYDEE LIM,SABBATH FOOT REFLEX,VIA JOY SANCHEZ,SABBATH,600,0,480,,,paid,completed
2025-06-05,12:00:00,SOPHIA LIM,SABBATH FOOT REFLEX,JENIFFER ANN MANUEL,SABBATH,600,0,480,,,paid,completed
2025-06-05,12:00:00,WOWEE LIM,SABBATH FOOT REFLEX,JANINE KIMBERLY GARCIA,SABBATH,600,0,480,,,paid,completed
2025-06-05,12:00:00,JAI GUERERRO,"HEAD, BACK & SHOULDER",VIA JOY SANCHEZ,SABBATH,0,0,0,,,paid,completed
2025-06-05,12:00:00,JOEY JAVIER,SWEDISH,JANINE KIMBERLY GARCIA,SABBATH,600,0,480,,,paid,completed
2025-06-05,12:00:00,PINKY JAVIER,SWEDISH,JENIFFER ANN MANUEL,SABBATH,600,0,480,,,paid,completed
2025-06-05,12:00:00,MACKY GERONA,SWEDISH,JENIFFER ANN MANUEL,SABBATH,600,0,480,,,paid,completed
2025-06-05,12:00:00,RYAN BIUGOS,SWEDISH,JANINE KIMBERLY GARCIA,SABBATH,600,0,480,,,paid,completed
2025-06-05,12:00:00,REHAM BIUGOS,SWEDISH,VIA JOY SANCHEZ,SABBATH,600,0,480,,,paid,completed
2025-06-05,12:00:00,CHAIR 1,PACKAGE A,JENIFFER ANN MANUEL,LE NAILS,0,0,0,,,paid,completed
2025-06-06,12:00:00,JANIS LUMAGUI,SWEDISH,ASHLEY JANE GARCIA,SABBATH,600,60,420,,Vip,paid,completed
2025-06-06,12:00:00,YSA KASSANDRA,SWEDISH,VIA JOY SANCHEZ,SABBATH,600,0,480,,,paid,completed
2025-06-06,12:00:00,MIRACLE LUMAGUI,SWEDISH,JANINE KIMBERLY GARCIA,SABBATH,600,0,480,,,paid,completed
2025-06-06,12:00:00,LIBRADO ESTRELLA,COMBINATION,ASHLEY JANE GARCIA,SABBATH,0,0,0,,,paid,completed
2025-06-06,12:00:00,JONATHAN ESTRELLA,COMBINATION,MARK KENNETH SANCHEZ,SABBATH,0,0,0,,,paid,completed
2025-06-06,12:00:00,KRISTINE MARIE,"SABBATH SIGNATURE FOOT, HEAD, NECK & SHOULDER",VIA JOY SANCHEZ,SABBATH,750,0,600,,,paid,completed
2025-06-06,12:00:00,KATHERINE ANN,"SABBATH SIGNATURE FOOT, HEAD, NECK & SHOULDER",JANINE KIMBERLY GARCIA,SABBATH,750,0,600,,,paid,completed
2025-06-06,12:00:00,OPALYN SY,COMBINATION W/ HOT STONE,VIA JOY SANCHEZ,SABBATH,0,0,0,,,paid,completed
2025-06-06,12:00:00,DHANNA SORIANO,COMBINATION W/ HOT STONE,ASHLEY JANE GARCIA,SABBATH,0,0,0,,,paid,completed
2025-06-06,12:00:00,MARK JULIANO,SWEDISH,MARK KENNETH SANCHEZ,SABBATH,600,0,480,,,paid,completed
2025-06-06,12:00:00,MARK JULIANO,SWEDISH,MARK KENNETH SANCHEZ,SABBATH,600,0,480,,,paid,completed
2025-06-06,12:00:00,CATE LAJARA,COMBINATION W/ HOT STONE,ASHLEY JANE GARCIA,SABBATH,0,0,0,,,paid,completed
2025-06-06,12:00:00,CHANELLA LAJARA,AROMATHERAPY OIL WITH HERBAL BALL,VIA JOY SANCHEZ,SABBATH,1000,0,800,,,paid,completed
2025-06-06,12:00:00,KYLE DEL MUNDO,COMBINATION W/ HOT STONE,JANINE KIMBERLY GARCIA,SABBATH,0,0,0,,,paid,completed
2025-06-06,12:00:00,PAT CASTRO,AROMATHERAPY OIL WITH HERBAL BALL,VIA JOY SANCHEZ,SABBATH,1000,0,800,,,paid,completed
2025-06-06,12:00:00,JONA TAPEC,SABBATH SIGNATURE,ASHLEY JANE GARCIA,SABBATH,1000,0,800,,,paid,completed
2025-06-06,12:00:00,MART TAPEC,SABBATH SIGNATURE,JANINE KIMBERLY GARCIA,SABBATH,1000,0,800,,,paid,completed
2025-06-06,12:00:00,MARIO REYES,SWEDISH,MARK KENNETH SANCHEZ,SABBATH,600,60,420,,Vip,paid,completed
2025-06-06,12:00:00,CHAIR 1,MANICURE,EVANGELINE CANONIGO,LE NAILS,150,0,135,,,paid,completed
2025-06-06,12:00:00,CHAIR 1,PEDICURE,EVANGELINE CANONIGO,LE NAILS,200,0,180,,,paid,completed
2025-06-06,12:00:00,JANIS LUMAGUI,PACKAGE B,EVANGELINE CANONIGO,LE NAILS,950,95,760,,Vip,paid,completed
2025-06-06,12:00:00,PAT CASTRO,FOOT SPA,EVANGELINE CANONIGO,LE NAILS,0,0,0,,,paid,completed
2025-06-06,12:00:00,CHAIR 2,PEDICURE,JENIFFER ANN MANUEL,LE NAILS,200,0,180,,,paid,completed
2025-06-06,12:00:00,LIBRADA ESTRELLA,MANIGEL CUCCIO,JENIFFER ANN MANUEL,LE NAILS,450,0,405,,,paid,completed
2025-06-06,12:00:00,LIBRADA ESTRELLA,MANICURE,JENIFFER ANN MANUEL,LE NAILS,150,0,135,,,paid,completed
2025-06-07,12:00:00,JENNY SY,SABBATH PACKAGE 1,VIA JOY SANCHEZ,SABBATH,2000,0,1600,,,paid,completed
2025-06-07,12:00:00,RICHARD SY,SABBATH PACKAGE 1,JANINE KIMBERLY GARCIA,SABBATH,2000,0,1600,,,paid,completed
2025-06-07,12:00:00,GRACE MCLANG,COMBINATION W/ HOT STONE,ASHLEY JANE GARCIA,SABBATH,0,0,0,,,paid,completed
2025-06-07,12:00:00,GENEVA GARCIA,AROMATHERAPY OIL WITH HERBAL BALL,MARK KENNETH SANCHEZ,SABBATH,1000,0,800,,,paid,completed
2025-06-07,12:00:00,DIVINIA ISO,SABBATH SIGNATURE,VIA JOY SANCHEZ,SABBATH,1000,100,700,,Vip,paid,completed
2025-06-07,12:00:00,LESLIE MAE WINTERS,SABBATH SIGNATURE,ASHLEY JANE GARCIA,SABBATH,1000,0,800,,,paid,completed
2025-06-07,12:00:00,MIKO ISO,SABBATH SIGNATURE,JANINE KIMBERLY GARCIA,SABBATH,1000,0,800,,,paid,completed
2025-06-07,12:00:00,LOUIE GABOY,SWEDISH,JENIFFER ANN MANUEL,SABBATH,600,120,360,,,paid,completed
2025-06-07,12:00:00,MA. GALORE VARBEVEM,SABBATH FOOT REFLEX,JANINE KIMBERLY GARCIA,SABBATH,600,0,480,,,paid,completed
2025-06-07,12:00:00,MANUEL VARBEVEM,SABBATH FOOT REFLEX,MARK KENNETH SANCHEZ,SABBATH,600,0,480,,,paid,completed
2025-06-07,12:00:00,JOJO OABEL,SABBATH PACKAGE 2,ASHLEY JANE GARCIA,SABBATH,3000,0,2400,,,paid,completed
2025-06-07,12:00:00,MARICAR OABEL,SABBATH PACKAGE 2,VIA JOY SANCHEZ,SABBATH,3000,0,2400,,,paid,completed
2025-06-07,12:00:00,CHAIR 1,PEDICURE,EVANGELINE CANONIGO,LE NAILS,200,0,180,,,paid,completed
2025-06-07,12:00:00,CHAIR 1,REGULAR POLISH,EVANGELINE CANONIGO,LE NAILS,0,0,0,,,paid,completed
2025-06-07,12:00:00,GAY TENORIO,MANICURE,EVANGELINE CANONIGO,LE NAILS,150,0,135,,,paid,completed
2025-06-07,12:00:00,GAY TENORIO,REGULAR POLISH,EVANGELINE CANONIGO,LE NAILS,0,0,0,,,paid,completed
2025-06-07,12:00:00,GAY TENORIO,MANICURE,JENIFFER ANN MANUEL,LE NAILS,150,0,135,,,paid,completed
2025-06-07,12:00:00,GAY TENORIO,MANICURE,JENIFFER ANN MANUEL,LE NAILS,150,0,135,,,paid,completed
2025-06-07,12:00:00,GAY TENORIO,REGULAR POLISH,JENIFFER ANN MANUEL,LE NAILS,0,0,0,,,paid,completed
2025-06-08,12:00:00,MAZEL RAMOS,COMBINATION W/ HOT STONE,JANINE KIMBERLY GARCIA,SABBATH,0,0,0,,,paid,completed
2025-06-08,12:00:00,MIGUEL RAMOS,COMBINATION W/ HOT STONE,ASHLEY JANE GARCIA,SABBATH,0,0,0,,,paid,completed
2025-06-08,12:00:00,PETE RAMOS,COMBINATION W/ HOT STONE,VIA JOY SANCHEZ,SABBATH,0,0,0,,,paid,completed
2025-06-08,12:00:00,JEFFREY SANTOS,COMBINATION,MARK KENNETH SANCHEZ,SABBATH,0,0,0,,,paid,completed
2025-06-08,12:00:00,VICTORIA RAMOS,COMBINATION,JENIFFER ANN MANUEL,SABBATH,0,0,0,,,paid,completed
2025-06-08,12:00:00,ELAINE MARCELINO,COMBINATION W/ HOT STONE,JANINE KIMBERLY GARCIA,SABBATH,0,0,0,,,paid,completed
2025-06-08,12:00:00,RODERICK MARCELINO,COMBINATION W/ HOT STONE,ASHLEY JANE GARCIA,SABBATH,0,0,0,,,paid,completed
2025-06-08,12:00:00,REGINALD MARCELINO,SWEDISH,MARK KENNETH SANCHEZ,SABBATH,600,0,480,,,paid,completed
2025-06-08,12:00:00,RUSSEL MARCELINO,GROWTH,VIA JOY SANCHEZ,SABBATH,500,0,400,,,paid,completed
2025-06-08,12:00:00,LORNA RUBIN,SWEDISH,JANINE KIMBERLY GARCIA,SABBATH,600,0,480,,,paid,completed
2025-06-08,12:00:00,RUTH SAMSON,SWEDISH,ASHLEY JANE GARCIA,SABBATH,600,0,480,,,paid,completed
2025-06-08,12:00:00,DUKE SAMSON,SWEDISH,MARK KENNETH SANCHEZ,SABBATH,600,0,480,,,paid,completed
2025-06-08,12:00:00,ANN DALISAY,SHIATSU,ASHLEY JANE GARCIA,SABBATH,0,0,0,,Platinum,paid,completed
2025-06-08,12:00:00,LORNA,SWEDISH,VIA JOY SANCHEZ,SABBATH,600,0,480,,,paid,completed
2025-06-08,12:00:00,JOMALYN,SWEDISH,JANINE KIMBERLY GARCIA,SABBATH,600,0,480,,,paid,completed
2025-06-08,12:00:00,ANGELIQUE,SWEDISH,JENIFFER ANN MANUEL,SABBATH,600,0,480,,,paid,completed
2025-06-08,12:00:00,JEFFREY TORRES,"SABBATH SIGNATURE FOOT, HEAD, NECK & SHOULDER",MARK KENNETH SANCHEZ,SABBATH,750,0,600,,,paid,completed
2025-06-08,12:00:00,ELAINE MARCELINO,PEDICURE,EVANGELINE CANONIGO,LE NAILS,200,0,180,,,paid,completed
2025-06-08,12:00:00,ELAINE MARCELINO,REGULAR POLISH,EVANGELINE CANONIGO,LE NAILS,0,0,0,,,paid,completed
2025-06-09,12:00:00,YSABEL LIWANAG,SABBATH SIGNATURE,VIA JOY SANCHEZ,SABBATH,1000,0,1000,,,paid,completed
2025-06-09,12:00:00,JHOANA FUSTER,SABBATH SIGNATURE,JANINE KIMBERLY GARCIA,SABBATH,1000,0,800,,,paid,completed
2025-06-09,12:00:00,JOHANNA VALERIO,SABBATH SIGNATURE,ASHLEY JANE GARCIA,SABBATH,1000,0,800,,,paid,completed
2025-06-09,12:00:00,RONNIE MANIBO,SWEDISH,MARK KENNETH SANCHEZ,SABBATH,600,0,480,,,paid,completed
2025-06-09,12:00:00,REGINA MANIBO,SWEDISH,JENIFFER ANN MANUEL,SABBATH,600,0,480,,,paid,completed
2025-06-09,12:00:00,MARIVIC GERONA,SWEDISH,VIA JOY SANCHEZ,SABBATH,600,0,480,,,paid,completed
2025-06-09,12:00:00,BONG GERONA,SWEDISH,MARK KENNETH SANCHEZ,SABBATH,600,0,480,,,paid,completed
2025-06-09,12:00:00,RAWAN BUIGOS,SWEDISH,ASHLEY JANE GARCIA,SABBATH,600,0,480,,,paid,completed
2025-06-09,12:00:00,MACKY GERONA,SWEDISH,JANINE KIMBERLY GARCIA,SABBATH,600,0,480,,,paid,completed
2025-06-09,12:00:00,MELMARI GERONA,SWEDISH,JENIFFER ANN MANUEL,SABBATH,600,0,480,,,paid,completed
2025-06-09,12:00:00,MAE VARBEVEEM,SWEDISH,VIA JOY SANCHEZ,SABBATH,600,0,480,,,paid,completed
2025-06-09,12:00:00,MANUEL VARBEVEEM,SWEDISH,ASHLEY JANE GARCIA,SABBATH,600,0,480,,,paid,completed
2025-06-09,12:00:00,ANGELICA SANTOS,SWEDISH,JENIFFER ANN MANUEL,SABBATH,600,0,480,,,paid,completed
2025-06-09,12:00:00,RAMIREL JOUCEL,SHIATSU,JANINE KIMBERLY GARCIA,SABBATH,0,0,0,,,paid,completed
2025-06-09,12:00:00,JOY BORLONGAN,SWEDISH,JENIFFER ANN MANUEL,SABBATH,600,60,480,,Platinum,paid,completed
2025-06-09,12:00:00,KRISCHELLE SANTOS,SABBATH SIGNATURE,ASHLEY JANE GARCIA,SABBATH,1000,100,700,,,paid,completed
2025-06-09,12:00:00,MELISSA CEROJAMA,SABBATH SIGNATURE,VIA JOY SANCHEZ,SABBATH,1000,100,700,,,paid,completed
2025-06-09,12:00:00,GERRY CANDELARA,SABBATH SIGNATURE,JANINE KIMBERLY GARCIA,SABBATH,1000,0,800,,,paid,completed
2025-06-09,12:00:00,ROBERT ROSARIO,SABBATH SIGNATURE,MARK KENNETH SANCHEZ,SABBATH,1000,0,800,,,paid,completed
2025-06-09,12:00:00,GIA MARIE FERNANDEZ,MANIGEL CUCCIO,EVANGELINE CANONIGO,LE NAILS,450,0,405,,,paid,completed
2025-06-09,12:00:00,REGINA MANIBO,MANICURE,EVANGELINE CANONIGO,LE NAILS,150,0,135,,,paid,completed
2025-06-09,12:00:00,REGINA MANIBO,PEDICURE,EVANGELINE CANONIGO,LE NAILS,200,0,180,,,paid,completed
2025-06-09,12:00:00,REGINA MANIBO,REGULAR POLISH,EVANGELINE CANONIGO,LE NAILS,0,0,0,,,paid,completed
2025-06-09,12:00:00,REGINA MANIBO,REGULAR POLISH,EVANGELINE CANONIGO,LE NAILS,0,0,0,,,paid,completed
2025-06-09,12:00:00,GIA MARIE FERNANDEZ,MANICURE,EVANGELINE CANONIGO,LE NAILS,150,0,135,,,paid,completed
2025-06-10,12:00:00,LORDEL FLORES,SABBATH SIGNATURE,ASHLEY JANE GARCIA,SABBATH,1000,0,800,,,paid,completed
2025-06-10,12:00:00,REYNOLD FLORES,SABBATH SIGNATURE,VIA JOY SANCHEZ,SABBATH,1000,0,800,,,paid,completed
2025-06-10,12:00:00,ANNE HILARIO,SWEDISH,ASHLEY JANE GARCIA,SABBATH,600,0,480,,,paid,completed
2025-06-10,12:00:00,DAN MATEO,COMBINATION,VIA JOY SANCHEZ,SABBATH,0,0,0,,,paid,completed
2025-06-10,12:00:00,JOHN ANTHONY,"SABBATH SIGNATURE FOOT, HEAD, NECK & SHOULDER",ASHLEY JANE GARCIA,SABBATH,750,0,600,,,paid,completed
2025-06-10,12:00:00,JANUS,COMBINATION,VIA JOY SANCHEZ,SABBATH,0,0,0,,,paid,completed
2025-06-10,12:00:00,KAY TANTINGCO,SABBATH SIGNATURE,ASHLEY JANE GARCIA,SABBATH,1000,0,800,,,paid,completed
2025-06-10,12:00:00,CHIN TANTINGCO,SABBATH SIGNATURE,VIA JOY SANCHEZ,SABBATH,1000,0,800,,,paid,completed
2025-06-10,12:00:00,GIA MARIE FERNANDEZ,SABBATH FOOT REFLEX,MARK KENNETH SANCHEZ,SABBATH,600,0,480,,,paid,completed
2025-06-10,12:00:00,PTR. ERICK FERNANDEZ,SABBATH FOOT REFLEX,JENIFFER ANN MANUEL,SABBATH,600,0,480,,,paid,completed
2025-06-10,12:00:00,LUI SAN ROQUE,SWEDISH,ASHLEY JANE GARCIA,SABBATH,600,0,480,,,paid,completed
2025-06-10,12:00:00,LUI SAN ROQUE,ADDITIONAL 30 MINS,ASHLEY JANE GARCIA,SABBATH,300,0,240,,,paid,completed
2025-06-10,12:00:00,HARRY SAN ROQUE,SWEDISH,VIA JOY SANCHEZ,SABBATH,600,0,480,,,paid,completed
2025-06-10,12:00:00,HARRY SAN ROQUE,ADDITIONAL 30 MINS,VIA JOY SANCHEZ,SABBATH,300,0,240,,,paid,completed
2025-06-10,12:00:00,CHAIR 1,PACKAGE A,EVANGELINE CANONIGO,LE NAILS,0,0,0,,,paid,completed
2025-06-10,12:00:00,CHAIR 1,PACKAGE A,EVANGELINE CANONIGO,LE NAILS,0,0,0,,,paid,completed
2025-06-10,12:00:00,CHAIR 1,REGULAR POLISH,EVANGELINE CANONIGO,LE NAILS,0,0,0,,,paid,completed
2025-06-10,12:00:00,CHAIR 1,REGULAR POLISH,EVANGELINE CANONIGO,LE NAILS,0,0,0,,,paid,completed
2025-06-10,12:00:00,CHAIR 3,FOOT SPA,EVANGELINE CANONIGO,LE NAILS,0,0,0,,,paid,completed
2025-06-10,12:00:00,CHAIR 4,FOOT SPA,JENIFFER ANN MANUEL,LE NAILS,0,0,0,,,paid,completed
2025-06-10,12:00:00,CHAIR 2,PEDICURE,EVANGELINE CANONIGO,LE NAILS,200,0,180,,,paid,completed
2025-06-10,12:00:00,CHAIR 2,PEDICURE,JENIFFER ANN MANUEL,LE NAILS,200,0,180,,,paid,completed
2025-06-11,12:00:00,HAZEL REYES,SABBATH FOOT REFLEX,JANINE KIMBERLY GARCIA,SABBATH,600,0,480,,,paid,completed
2025-06-11,12:00:00,NERISSA BERNARDO,"SABBATH SIGNATURE FOOT, HEAD, NECK & SHOULDER",ASHLEY JANE GARCIA,SABBATH,750,0,600,,,paid,completed
2025-06-11,12:00:00,ROSANNA MARTINEZ,"SABBATH SIGNATURE FOOT, HEAD, NECK & SHOULDER",VIA JOY SANCHEZ,SABBATH,750,0,600,,,paid,completed
2025-06-11,12:00:00,ELYATTE BAGRO,"SABBATH SIGNATURE FOOT, HEAD, NECK & SHOULDER",JANINE KIMBERLY GARCIA,SABBATH,750,0,600,,,paid,completed
2025-06-11,12:00:00,JM ANGELES,COMBINATION,MARK KENNETH SANCHEZ,SABBATH,0,0,0,,,paid,completed
2025-06-11,12:00:00,RUTH SAMSON,SABBATH SIGNATURE,ASHLEY JANE GARCIA,SABBATH,1000,0,800,,,paid,completed
2025-06-11,12:00:00,DUKE SAMSON,SABBATH SIGNATURE,MARK KENNETH SANCHEZ,SABBATH,1000,0,800,,,paid,completed
2025-06-11,12:00:00,MIKO,SABBATH SIGNATURE,JANINE KIMBERLY GARCIA,SABBATH,1000,0,800,,,paid,completed
2025-06-11,12:00:00,MAICA,SABBATH SIGNATURE,VIA JOY SANCHEZ,SABBATH,1000,0,800,,,paid,completed
2025-06-11,12:00:00,VICTOR,COMBINATION,MARK KENNETH SANCHEZ,SABBATH,0,0,0,,,paid,completed
2025-06-11,12:00:00,VICTOR,FOOT SPA,EVANGELINE CANONIGO,LE NAILS,0,0,0,,,paid,completed
2025-06-11,12:00:00,VICTOR,PEDICURE,EVANGELINE CANONIGO,LE NAILS,200,0,160,,,paid,completed
2025-06-11,12:00:00,VICTOR,REGULAR POLISH,EVANGELINE CANONIGO,LE NAILS,0,0,0,,,paid,completed
2025-06-12,12:00:00,CESS,SWEDISH,VIA JOY SANCHEZ,SABBATH,600,0,480,,,paid,completed
2025-06-12,12:00:00,KATH,SWEDISH,ASHLEY JANE GARCIA,SABBATH,600,0,480,,,paid,completed
2025-06-12,12:00:00,MONMA,SWEDISH,JANINE KIMBERLY GARCIA,SABBATH,600,0,480,,,paid,completed
2025-06-12,12:00:00,RELIA,SWEDISH,JENIFFER ANN MANUEL,SABBATH,600,0,480,,,paid,completed
2025-06-12,12:00:00,RODING,SWEDISH,MARK KENNETH SANCHEZ,SABBATH,600,0,480,,,paid,completed
2025-06-12,12:00:00,REESE,SWEDISH,JANINE KIMBERLY GARCIA,SABBATH,600,0,480,,,paid,completed
2025-06-12,12:00:00,MARY THERESE SAYO,COMBINATION,VIA JOY SANCHEZ,SABBATH,0,0,0,,,paid,completed
2025-06-12,12:00:00,EDWIN LIM,COMBINATION,MARK KENNETH SANCHEZ,SABBATH,0,0,0,,,paid,completed
2025-06-12,12:00:00,RANCEL GATDULA,SWEDISH,ASHLEY JANE GARCIA,SABBATH,600,0,480,,,paid,completed
2025-06-12,12:00:00,GWYNETH BULAONG,SWEDISH,JANINE KIMBERLY GARCIA,SABBATH,600,0,480,,,paid,completed
2025-06-12,12:00:00,APRIL REYES,SWEDISH,JENIFFER ANN MANUEL,SABBATH,600,0,480,,,paid,completed
2025-06-12,12:00:00,MARY ANN EUGENIO,AROMATHERAPY OIL WITH HERBAL BALL,VIA JOY SANCHEZ,SABBATH,1000,0,800,,,paid,completed
2025-06-12,12:00:00,ANALYN VISTAN,AROMATHERAPY OIL WITH HERBAL BALL,ASHLEY JANE GARCIA,SABBATH,1000,0,800,,,paid,completed
2025-06-12,12:00:00,SARAH JANE DE GUIA,COMBINATION W/ HOT STONE,JANINE KIMBERLY GARCIA,SABBATH,0,0,0,,,paid,completed
2025-06-12,12:00:00,CHARLES DE GUIA,COMBINATION W/ HOT STONE,MARK KENNETH SANCHEZ,SABBATH,0,0,0,,,paid,completed
2025-06-12,12:00:00,ANNE ZABLAN,COMBINATION,VIA JOY SANCHEZ,SABBATH,0,0,0,,,paid,completed
2025-06-12,12:00:00,ARNEL ZABLAN,COMBINATION,JENIFFER ANN MANUEL,SABBATH,0,0,0,,,paid,completed
2025-06-12,12:00:00,MARIO REYES,SWEDISH,JANINE KIMBERLY GARCIA,SABBATH,600,0,480,,,paid,completed
2025-06-12,12:00:00,MRS REYES,SABBATH SIGNATURE,ASHLEY JANE GARCIA,SABBATH,1000,200,600,,,paid,completed
2025-06-12,12:00:00,JOHN KEVIN DELA CRUZ,SWEDISH,MARK KENNETH SANCHEZ,SABBATH,600,0,480,,,paid,completed
2025-06-12,12:00:00,SHERYL DELA CRUZ,SWEDISH,VIA JOY SANCHEZ,SABBATH,600,0,480,,,paid,completed
2025-06-12,12:00:00,JUN KANEKO,COMBINATION W/ HOT STONE,JANINE KIMBERLY GARCIA,SABBATH,0,0,0,,,paid,completed
2025-06-12,12:00:00,YUMI KANEKO,COMBINATION W/ HOT STONE,ASHLEY JANE GARCIA,SABBATH,0,0,0,,,paid,completed
2025-06-12,12:00:00,CUSTOMER 1,FOOT SPA,EVANGELINE CANONIGO,LE NAILS,0,0,0,,,paid,completed
2025-06-12,12:00:00,CUSTOMER 1,PEDICURE,EVANGELINE CANONIGO,LE NAILS,200,0,180,,,paid,completed
2025-06-12,12:00:00,CUSTOMER 1,REGULAR POLISH,EVANGELINE CANONIGO,LE NAILS,0,0,0,,,paid,completed
2025-06-12,12:00:00,CUSTOMER 2,PACKAGE A,EVANGELINE CANONIGO,LE NAILS,0,0,0,,,paid,completed
2025-06-12,12:00:00,CUSTOMER 2,PEDICURE,EVANGELINE CANONIGO,LE NAILS,200,0,180,,,paid,completed
2025-06-12,12:00:00,CUSTOMER 2,REGULAR POLISH,EVANGELINE CANONIGO,LE NAILS,0,0,0,,,paid,completed
2025-06-12,12:00:00,CUSTOMER 3,FOOT SPA,JENIFFER ANN MANUEL,LE NAILS,0,0,0,,,paid,completed
2025-06-12,12:00:00,CUSTOMER 3,PEDICURE,JENIFFER ANN MANUEL,LE NAILS,200,0,180,,,paid,completed
2025-06-12,12:00:00,CUSTOMER 4,PACKAGE A,JENIFFER ANN MANUEL,LE NAILS,0,0,0,,,paid,completed
2025-06-12,12:00:00,CUSTOMER 4,FULL SET BASIC NAIL ART,JENIFFER ANN MANUEL,LE NAILS,400,0,360,,,paid,completed
2025-06-12,12:00:00,CUSTOMER 4,UNDERARMS FEMALE,JENIFFER ANN MANUEL,LE NAILS,200,0,180,,,paid,completed
2025-06-13,12:00:00,Love Adriano,COMBINATION,ASHLEY JANE GARCIA,SABBATH,0,0,0,,,paid,completed
2025-06-13,12:00:00,Love Adriano,PACKAGE C,EVANGELINE CANONIGO,LE NAILS,0,0,0,,,paid,completed
2025-06-13,12:00:00,Love Adriano,FOOT SPA,EVANGELINE CANONIGO,LE NAILS,0,0,0,,,paid,completed
2025-06-13,12:00:00,Love Adriano,POLISH,EVANGELINE CANONIGO,LE NAILS,50,0,45,,,paid,completed
2025-06-13,12:00:00,Nina,PEDICURE,EVANGELINE CANONIGO,LE NAILS,200,0,180,,,paid,completed
2025-06-13,12:00:00,Audrey Rose,COMBINATION,ASHLEY JANE GARCIA,SABBATH,0,0,0,,,paid,completed
2025-06-13,12:00:00,Audrey Rose,COMBINATION,JANINE KIMBERLY GARCIA,SABBATH,0,0,0,,,paid,completed
2025-06-13,12:00:00,Audrey Rose,SWEDISH,JENIFFER ANN MANUEL,SABBATH,600,0,480,,,paid,completed
2025-06-13,12:00:00,Audrey Rose,SWEDISH,MARK KENNETH SANCHEZ,SABBATH,600,0,480,,,paid,completed
2025-06-13,12:00:00,Tintin Hipolito,SWEDISH,ASHLEY JANE GARCIA,SABBATH,600,0,480,,,paid,completed
2025-06-13,12:00:00,Mimi,SABBATH FOOT REFLEX,JANINE KIMBERLY GARCIA,SABBATH,600,0,480,,,paid,completed
2025-06-13,12:00:00,Jen Del Rosario,COMBINATION W/ HOT STONE,ASHLEY JANE GARCIA,SABBATH,0,0,0,,,paid,completed
2025-06-13,12:00:00,Jen Del Rosario,COMBINATION W/ HOT STONE,JANINE KIMBERLY GARCIA,SABBATH,0,0,0,,,paid,completed
2025-06-13,12:00:00,Consolacion Valenzuela,AROMATHERAPY OIL WITH HERBAL BALL,JENIFFER ANN MANUEL,SABBATH,1000,0,800,,,paid,completed
2025-06-13,12:00:00,Joseph Reyes,AROMATHERAPY OIL WITH HERBAL BALL,MARK KENNETH SANCHEZ,SABBATH,1000,0,800,,,paid,completed
2025-06-13,12:00:00,Angel,SOFT GEL NAIL EXTENSION,EVANGELINE CANONIGO,LE NAILS,800,0,720,,,paid,completed
2025-06-13,12:00:00,Angel,PEDICURE,EVANGELINE CANONIGO,LE NAILS,200,0,180,,,paid,completed
2025-06-13,12:00:00,Angel,FULL SET BASIC NAIL ART,EVANGELINE CANONIGO,LE NAILS,400,0,360,,,paid,completed
2025-06-13,12:00:00,Rosemarie Balatbat,SWEDISH,JENIFFER ANN MANUEL,SABBATH,600,0,480,,,paid,completed
2025-06-13,12:00:00,Rosemarie Balatbat,SWEDISH,ASHLEY JANE GARCIA,SABBATH,600,0,480,,,paid,completed
2025-06-13,12:00:00,Rosemarie Balatbat,SWEDISH,JANINE KIMBERLY GARCIA,SABBATH,600,0,480,,,paid,completed
2025-06-13,12:00:00,Rosemarie Balatbat,SWEDISH,MARK KENNETH SANCHEZ,SABBATH,600,0,480,,,paid,completed
2025-06-13,12:00:00,Rosemarie Balatbat,SWEDISH,JANINE KIMBERLY GARCIA,SABBATH,600,0,480,,,paid,completed
2025-06-13,12:00:00,Rosemarie Balatbat,SWEDISH,MARK KENNETH SANCHEZ,SABBATH,600,0,480,,,paid,completed
2025-06-14,12:00:00,Barbie Yumul Tanoy,AROMATHERAPY OIL WITH HERBAL BALL,ASHLEY JANE GARCIA,SABBATH,1000,0,800,,,paid,completed
2025-06-14,12:00:00,Barbie Yumul Tanoy,AROMATHERAPY OIL WITH HERBAL BALL,JANINE KIMBERLY GARCIA,SABBATH,1000,0,800,,,paid,completed
2025-06-14,12:00:00,Barbie Yumul Tanoy,PREMIUM PRIVATE ROOM,,SABBATH,1500,0,1200,,,paid,completed
2025-06-14,12:00:00,Barbie Yumul Tanoy,PREMIUM PRIVATE ROOM,,SABBATH,1500,0,1200,,,paid,completed
2025-06-14,12:00:00,Jestine Capio,COMBINATION,JANINE KIMBERLY GARCIA,SABBATH,0,0,0,,,paid,completed
2025-06-14,12:00:00,Jestine Capio,COMBINATION,ASHLEY JANE GARCIA,SABBATH,0,0,0,,,paid,completed
2025-06-14,12:00:00,Jestine Capio,PACKAGE C,EVANGELINE CANONIGO,LE NAILS,0,0,0,,,paid,completed
2025-06-14,12:00:00,Jestine Capio,PACKAGE C,EVANGELINE CANONIGO,LE NAILS,0,0,0,,,paid,completed
2025-06-14,12:00:00,Crizel,PACKAGE C,JENIFFER ANN MANUEL,LE NAILS,0,0,0,,,paid,completed
2025-06-14,12:00:00,Crizel,REGULAR POLISH,JENIFFER ANN MANUEL,LE NAILS,0,0,0,,,paid,completed
2025-06-14,12:00:00,Crizel,PACKAGE A,EVANGELINE CANONIGO,LE NAILS,0,0,0,,,paid,completed
2025-06-14,12:00:00,Crizel,REGULAR POLISH,EVANGELINE CANONIGO,LE NAILS,0,0,0,,,paid,completed
2025-06-14,12:00:00,Ronilyo Pertubal,SWEDISH,ASHLEY JANE GARCIA,SABBATH,600,0,480,,,paid,completed
2025-06-14,12:00:00,Ronilyo Pertubal,SWEDISH,MARK KENNETH SANCHEZ,SABBATH,600,0,480,,,paid,completed
2025-06-14,12:00:00,Crizele,SWEDISH,JENIFFER ANN MANUEL,SABBATH,600,0,480,,,paid,completed
2025-06-14,12:00:00,Crizele,SWEDISH,JANINE KIMBERLY GARCIA,SABBATH,600,0,480,,,paid,completed
2025-06-14,12:00:00,Cora,SWEDISH,JENIFFER ANN MANUEL,SABBATH,600,0,480,,,paid,completed
2025-06-14,12:00:00,Domingo,COMBINATION W/ HOT STONE,ASHLEY JANE GARCIA,SABBATH,0,0,0,,,paid,completed
2025-06-14,12:00:00,Domingo,COMBINATION W/ HOT STONE,JENIFFER ANN MANUEL,SABBATH,0,0,0,,,paid,completed
2025-06-14,12:00:00,Domingo,COMBINATION W/ HOT STONE,JANINE KIMBERLY GARCIA,SABBATH,0,0,0,,,paid,completed
2025-06-14,12:00:00,Domingo,COMBINATION W/ HOT STONE,MARK KENNETH SANCHEZ,SABBATH,0,0,0,,,paid,completed
2025-06-14,12:00:00,Domingo,MANICURE,EVANGELINE CANONIGO,LE NAILS,150,0,135,,,paid,completed
2025-06-14,12:00:00,Domingo,MANICURE,EVANGELINE CANONIGO,LE NAILS,150,0,135,,,paid,completed
2025-06-14,12:00:00,Domingo,MANICURE,EVANGELINE CANONIGO,LE NAILS,150,0,135,,,paid,completed
2025-06-14,12:00:00,Domingo,MANICURE,EVANGELINE CANONIGO,LE NAILS,150,0,135,,,paid,completed
2025-06-14,12:00:00,Domingo,PEDICURE,EVANGELINE CANONIGO,LE NAILS,200,0,180,,,paid,completed
2025-06-14,12:00:00,Domingo,PEDICURE,EVANGELINE CANONIGO,LE NAILS,200,0,180,,,paid,completed
2025-06-14,12:00:00,Domingo,PEDICURE,EVANGELINE CANONIGO,LE NAILS,200,0,180,,,paid,completed
2025-06-14,12:00:00,Domingo,PEDICURE,EVANGELINE CANONIGO,LE NAILS,200,0,180,,,paid,completed
2025-06-14,12:00:00,Domingo,REGULAR POLISH,EVANGELINE CANONIGO,LE NAILS,0,0,0,,,paid,completed
2025-06-14,12:00:00,Domingo,REGULAR POLISH,EVANGELINE CANONIGO,LE NAILS,0,0,0,,,paid,completed
2025-06-14,12:00:00,Mom Vernie,SWEDISH,MARK KENNETH SANCHEZ,SABBATH,600,0,480,,,paid,completed
2025-06-14,12:00:00,Jake Halili,SABBATH THAI SIGNATURE (60 mins),ASHLEY JANE GARCIA,SABBATH,700,0,560,,,paid,completed
2025-06-14,12:00:00,Jake Halili,SABBATH THAI SIGNATURE (60 mins),JANINE KIMBERLY GARCIA,SABBATH,700,0,560,,,paid,completed
2025-06-14,12:00:00,Patrick,COMBINATION,ASHLEY JANE GARCIA,SABBATH,0,0,0,,,paid,completed
2025-06-14,12:00:00,Patrick,"SABBATH SIGNATURE FOOT, HEAD, NECK & SHOULDER",MARK KENNETH SANCHEZ,SABBATH,750,0,600,,,paid,completed
2025-06-14,12:00:00,Customer 3,"SABBATH SIGNATURE FOOT, HEAD, NECK & SHOULDER",MARK KENNETH SANCHEZ,SABBATH,750,0,600,,,paid,completed
2025-06-14,12:00:00,Nina,SWEDISH,JENIFFER ANN MANUEL,SABBATH,600,0,480,,,paid,completed
2025-06-15,12:00:00,Giselle,SABBATH PACKAGE 1,VIA JOY SANCHEZ,SABBATH,2000,0,1600,,,paid,completed
2025-06-15,12:00:00,Giselle,SABBATH PACKAGE 1,ASHLEY JANE GARCIA,SABBATH,2000,0,1600,,,paid,completed
2025-06-15,12:00:00,Gabby,SABBATH FOOT REFLEX,MARK KENNETH SANCHEZ,SABBATH,600,0,480,,,paid,completed
2025-06-15,12:00:00,Gabby,SABBATH FOOT REFLEX,JANINE KIMBERLY GARCIA,SABBATH,600,0,480,,,paid,completed
2025-06-15,12:00:00,Noel,SABBATH FOOT REFLEX,JANINE KIMBERLY GARCIA,SABBATH,600,0,480,,,paid,completed
2025-06-15,12:00:00,Noel,SABBATH FOOT REFLEX,MARK KENNETH SANCHEZ,SABBATH,600,0,480,,,paid,completed
2025-06-15,12:00:00,Kim Jocson,COMBINATION,MARK KENNETH SANCHEZ,SABBATH,0,0,0,,,paid,completed
2025-06-15,12:00:00,Kim Jocson,SWEDISH,JANINE KIMBERLY GARCIA,SABBATH,600,0,480,,,paid,completed
2025-06-15,12:00:00,Victor,AROMATHERAPY OIL WITH HERBAL BALL,ASHLEY JANE GARCIA,SABBATH,1000,0,800,,,paid,completed
2025-06-15,12:00:00,Victor,AROMATHERAPY OIL WITH HERBAL BALL,VIA JOY SANCHEZ,SABBATH,1000,0,800,,,paid,completed
2025-06-15,12:00:00,Faye Ramos,COMBINATION,ASHLEY JANE GARCIA,SABBATH,0,0,0,,,paid,completed
2025-06-15,12:00:00,Faye Ramos,COMBINATION,JANINE KIMBERLY GARCIA,SABBATH,0,0,0,,,paid,completed
2025-06-15,12:00:00,Faye Ramos,SWEDISH,ASHLEY JANE GARCIA,SABBATH,600,0,480,,,paid,completed
2025-06-15,12:00:00,Faye Ramos,SABBATH SIGNATURE,JANINE KIMBERLY GARCIA,SABBATH,1000,200,600,,,paid,completed
2025-06-15,12:00:00,Faye Ramos,SWEDISH,VIA JOY SANCHEZ,SABBATH,600,0,480,,,paid,completed
2025-06-15,12:00:00,Faye Ramos,SABBATH SIGNATURE,MARK KENNETH SANCHEZ,SABBATH,1000,0,800,,,paid,completed
2025-06-15,12:00:00,Nikki,PEDICURE,EVANGELINE CANONIGO,LE NAILS,200,0,180,,,paid,completed
2025-06-15,12:00:00,Nikki,PEDICURE,JENIFFER ANN MANUEL,LE NAILS,200,0,180,,,paid,completed
2025-06-15,12:00:00,Nikki,MANICURE,EVANGELINE CANONIGO,LE NAILS,150,0,135,,,paid,completed
2025-06-15,12:00:00,Nikki,REGULAR POLISH,EVANGELINE CANONIGO,LE NAILS,0,0,0,,,paid,completed
2025-06-15,12:00:00,Nikki,REGULAR POLISH,EVANGELINE CANONIGO,LE NAILS,0,0,0,,,paid,completed
2025-06-15,12:00:00,Jessa Robles,PACKAGE C,EVANGELINE CANONIGO,LE NAILS,0,0,0,,,paid,completed
2025-06-15,12:00:00,Jessa Robles,COMBINATION,VIA JOY SANCHEZ,SABBATH,0,0,0,,,paid,completed
2025-06-15,12:00:00,Meg Nunes,COMBINATION,ASHLEY JANE GARCIA,SABBATH,0,0,0,,,paid,completed
2025-06-15,12:00:00,Meg Nunes,COMBINATION,VIA JOY SANCHEZ,SABBATH,0,0,0,,,paid,completed
2025-06-15,12:00:00,Meg Nunes,SWEDISH,MARK KENNETH SANCHEZ,SABBATH,600,0,480,,,paid,completed
2025-06-15,12:00:00,Meg Nunes,SWEDISH,JANINE KIMBERLY GARCIA,SABBATH,600,0,480,,,paid,completed
2025-06-15,12:00:00,Loraine Santos,GROWTH,ASHLEY JANE GARCIA,SABBATH,500,0,400,,,paid,completed
2025-06-15,12:00:00,Loraine Santos,SWEDISH,JENIFFER ANN MANUEL,SABBATH,600,0,480,,,paid,completed
2025-06-15,12:00:00,Loraine Santos,SWEDISH,MARK KENNETH SANCHEZ,SABBATH,600,0,480,,,paid,completed
2025-06-15,12:00:00,Kim De Guzman,COMBINATION,MARK KENNETH SANCHEZ,SABBATH,0,0,0,,,paid,completed
2025-06-15,12:00:00,Carla Samson,COMBINATION,JANINE KIMBERLY GARCIA,SABBATH,0,0,0,,,paid,completed
2025-06-15,12:00:00,Carla Samson,AROMATHERAPY OIL WITH HERBAL BALL,VIA JOY SANCHEZ,SABBATH,1000,0,800,,,paid,completed
2025-06-16,12:00:00,JD,PEDICURE,JENIFFER ANN MANUEL,LE NAILS,200,0,180,,,paid,completed
2025-06-16,12:00:00,Marvin Bais,SABBATH THAI SIGNATURE (90 mins),ASHLEY JANE GARCIA,SABBATH,1000,0,800,,,paid,completed
2025-06-16,12:00:00,Marvin Bais,SABBATH THAI SIGNATURE (90 mins),JANINE KIMBERLY GARCIA,SABBATH,1000,0,800,,,paid,completed
2025-06-16,12:00:00,Sheryl Alonzo,SWEDISH,VIA JOY SANCHEZ,SABBATH,600,0,480,,,paid,completed
2025-06-16,12:00:00,Ma'am Ann Dalisay,SWEDISH,JANINE KIMBERLY GARCIA,SABBATH,600,60,420,,,paid,completed
2025-06-16,12:00:00,Ma'am Ann Dalisay,PEDICURE,EVANGELINE CANONIGO,LE NAILS,200,0,180,,,paid,completed
2025-06-16,12:00:00,Frances,SWEDISH,VIA JOY SANCHEZ,SABBATH,600,0,480,,,paid,completed
2025-06-16,12:00:00,Frances,SWEDISH,ASHLEY JANE GARCIA,SABBATH,600,0,480,,,paid,completed
2025-06-16,12:00:00,Mary Ann Pascual,SWEDISH,VIA JOY SANCHEZ,SABBATH,600,0,480,,,paid,completed
2025-06-16,12:00:00,Michael Pascual,SWEDISH,ASHLEY JANE GARCIA,SABBATH,600,0,480,,,paid,completed
2025-06-16,12:00:00,Miko Pascual,SWEDISH,MARK KENNETH SANCHEZ,SABBATH,600,0,480,,,paid,completed
2025-06-16,12:00:00,Engr CJ,SWEDISH,MARK KENNETH SANCHEZ,SABBATH,600,60,420,,Platinum,paid,completed
2025-06-16,12:00:00,Engr CJ,PEDICURE,JENIFFER ANN MANUEL,SABBATH,200,20,160,,Platinum,paid,completed
2025-06-16,12:00:00,Engr CJ,PLATINUM MEMBERSHIP,,SABBATH,18000,0,18000,,,paid,completed
2025-06-16,12:00:00,CJ,SOFT GEL NAIL EXTENSION,JENIFFER ANN MANUEL,LE NAILS,800,0,720,,,paid,completed
2025-06-16,12:00:00,Vanessa Pascual,COMBINATION,JANINE KIMBERLY GARCIA,SABBATH,0,0,0,,,paid,completed
2025-06-16,12:00:00,Vanessa Pascual,COMBINATION,ASHLEY JANE GARCIA,SABBATH,0,0,0,,,paid,completed
2025-06-16,12:00:00,Vanessa Pascual,SWEDISH,JENIFFER ANN MANUEL,SABBATH,600,0,480,,,paid,completed
2025-06-16,12:00:00,Vanessa Pascual,COMBINATION W/ HOT STONE,MARK KENNETH SANCHEZ,SABBATH,0,0,0,,,paid,completed
2025-06-16,12:00:00,Customer 2,COMBINATION,JENIFFER ANN MANUEL,SABBATH,0,0,0,,,paid,completed
2025-06-16,12:00:00,Customer 2,PACKAGE A,EVANGELINE CANONIGO,LE NAILS,0,0,0,,,paid,completed
2025-06-16,12:00:00,Mary Ann,PACKAGE A,EVANGELINE CANONIGO,LE NAILS,0,0,0,,,paid,completed
2025-06-16,12:00:00,Mary Ann,FOOT MASSAGE,EVANGELINE CANONIGO,LE NAILS,350,0,315,,,paid,completed
2025-06-16,12:00:00,Mary Ann,REGULAR POLISH,EVANGELINE CANONIGO,LE NAILS,0,0,0,,,paid,completed
2025-06-17,12:00:00,Jeana Venturina,COMBINATION W/ HOT STONE,MARK KENNETH SANCHEZ,SABBATH,0,0,0,,,paid,completed
2025-06-17,12:00:00,Jeana Venturina,COMBINATION W/ HOT STONE,VIA JOY SANCHEZ,SABBATH,0,0,0,,,paid,completed
2025-06-17,12:00:00,Jeana Venturina,COMBINATION,ASHLEY JANE GARCIA,SABBATH,0,0,0,,,paid,completed
2025-06-17,12:00:00,Jeana Venturina,PACKAGE A,EVANGELINE CANONIGO,SABBATH,0,0,0,,,paid,completed
2025-06-17,12:00:00,Jeana Venturina,PACKAGE A,EVANGELINE CANONIGO,SABBATH,0,0,0,,,paid,completed
2025-06-17,12:00:00,Jeana Venturina,PACKAGE A,JENIFFER ANN MANUEL,SABBATH,0,0,0,,,paid,completed
2025-06-17,12:00:00,Sarah Jane,SABBATH PACKAGE 1,ASHLEY JANE GARCIA,SABBATH,2000,0,1600,,,paid,completed
2025-06-17,12:00:00,Sarah Jane,SABBATH PACKAGE 1,VIA JOY SANCHEZ,SABBATH,2000,0,1600,,,paid,completed
2025-06-17,12:00:00,Myra Tayson,MANICURE,JENIFFER ANN MANUEL,LE NAILS,150,0,135,,,paid,completed
2025-06-17,12:00:00,Myra Tayson,PEDICURE,JENIFFER ANN MANUEL,LE NAILS,200,0,180,,,paid,completed
2025-06-17,12:00:00,Myra Tayson,REGULAR POLISH,JENIFFER ANN MANUEL,LE NAILS,0,0,0,,,paid,completed
2025-06-17,12:00:00,Myra Tayson,MANICURE,EVANGELINE CANONIGO,LE NAILS,150,0,135,,,paid,completed
2025-06-17,12:00:00,Myra Tayson,PEDICURE,EVANGELINE CANONIGO,LE NAILS,200,0,180,,,paid,completed
2025-06-17,12:00:00,Myra Tayson,REGULAR POLISH,EVANGELINE CANONIGO,LE NAILS,0,0,0,,,paid,completed
2025-06-17,12:00:00,Pacifico Lopez,SABBATH PACKAGE 2,ASHLEY JANE GARCIA,SABBATH,3000,0,2400,,,paid,completed
2025-06-17,12:00:00,Mary Irene Lopez,SABBATH PACKAGE 2,VIA JOY SANCHEZ,SABBATH,3000,0,2400,,,paid,completed
2025-06-17,12:00:00,DJ Javier,COMBINATION,MARK KENNETH SANCHEZ,SABBATH,0,0,0,,,paid,completed
2025-06-17,12:00:00,Myra Tayson,SWEDISH,VIA JOY SANCHEZ,SABBATH,600,0,480,,,paid,completed
2025-06-17,12:00:00,Myra Tayson,SWEDISH,ASHLEY JANE GARCIA,SABBATH,600,0,480,,,paid,completed
2025-06-18,12:00:00,Therese Estrella,COMBINATION,JANINE KIMBERLY GARCIA,SABBATH,0,0,0,,,paid,completed
2025-06-18,12:00:00,Customer 1,SOFT GEL NAIL EXTENSION,JENIFFER ANN MANUEL,LE NAILS,800,0,720,,,paid,completed
2025-06-18,12:00:00,Customer 1,POLISH,JENIFFER ANN MANUEL,LE NAILS,50,0,45,,,paid,completed
2025-06-18,12:00:00,Customer 1,POLISH,JENIFFER ANN MANUEL,LE NAILS,50,0,45,,,paid,completed
2025-06-18,12:00:00,Customer 2,FOOT SPA,EVANGELINE CANONIGO,LE NAILS,0,0,0,,,paid,completed
2025-06-18,12:00:00,Customer 2,PEDICURE,EVANGELINE CANONIGO,LE NAILS,200,0,180,,,paid,completed
2025-06-18,12:00:00,Ruth Samson,MANIGEL CUCCIO,EVANGELINE CANONIGO,LE NAILS,450,0,405,,,paid,completed
2025-06-18,12:00:00,Ruth Samson,PEDIGEL CUCCIO,EVANGELINE CANONIGO,LE NAILS,550,0,495,,,paid,completed
2025-06-18,12:00:00,Ruth Samson,MANICURE,JENIFFER ANN MANUEL,LE NAILS,150,0,135,,,paid,completed
2025-06-18,12:00:00,Ruth Samson,PEDICURE,JENIFFER ANN MANUEL,LE NAILS,200,0,180,,,paid,completed
2025-06-18,12:00:00,Jover Cloza,SABBATH THAI SIGNATURE (90 mins),ASHLEY JANE GARCIA,SABBATH,1000,0,800,,,paid,completed
2025-06-18,12:00:00,Jover Cloza,SABBATH THAI SIGNATURE (90 mins),MARK KENNETH SANCHEZ,SABBATH,1000,0,800,,,paid,completed
2025-06-18,12:00:00,Shaira,PEDICURE,EVANGELINE CANONIGO,LE NAILS,200,0,180,,,paid,completed
2025-06-18,12:00:00,Shaira,PEDICURE,EVANGELINE CANONIGO,LE NAILS,200,0,180,,,paid,completed
2025-06-18,12:00:00,Shaira,MANICURE,EVANGELINE CANONIGO,LE NAILS,150,0,135,,,paid,completed
2025-06-18,12:00:00,Shaira,REGULAR POLISH,EVANGELINE CANONIGO,LE NAILS,0,0,0,,,paid,completed
2025-06-18,12:00:00,Shaira,REGULAR POLISH,EVANGELINE CANONIGO,LE NAILS,0,0,0,,,paid,completed
2025-06-18,12:00:00,Melanie,SWEDISH,JANINE KIMBERLY GARCIA,SABBATH,600,0,480,,,paid,completed
2025-06-18,12:00:00,Melanie,SWEDISH,JENIFFER ANN MANUEL,SABBATH,600,0,480,,,paid,completed
2025-06-18,12:00:00,Melanie,MANICURE,JENIFFER ANN MANUEL,LE NAILS,150,0,135,,,paid,completed
2025-06-18,12:00:00,Melanie,PEDICURE,JENIFFER ANN MANUEL,LE NAILS,200,0,180,,,paid,completed
2025-06-18,12:00:00,Melanie,REGULAR POLISH,JENIFFER ANN MANUEL,LE NAILS,0,0,0,,,paid,completed
2025-06-18,12:00:00,Melanie,REGULAR POLISH,JENIFFER ANN MANUEL,LE NAILS,0,0,0,,,paid,completed
2025-06-18,12:00:00,Macky Gerona,SWEDISH,ASHLEY JANE GARCIA,SABBATH,600,0,480,,,paid,completed
2025-06-18,12:00:00,Macky Gerona,SWEDISH,MARK KENNETH SANCHEZ,SABBATH,600,0,480,,,paid,completed
2025-06-19,12:00:00,Reynalyn Sumang,COMBINATION,VIA JOY SANCHEZ,SABBATH,0,0,0,,,paid,completed
2025-06-19,12:00:00,Gina,COMBINATION,ASHLEY JANE GARCIA,SABBATH,0,0,0,,,paid,completed
2025-06-19,12:00:00,Ria Ricio Sacdalan,SABBATH SIGNATURE,JANINE KIMBERLY GARCIA,SABBATH,1000,0,800,,,paid,completed
2025-06-19,12:00:00,Khrislene Sacdalan,SABBATH SIGNATURE,VIA JOY SANCHEZ,SABBATH,1000,0,800,,,paid,completed
2025-06-19,12:00:00,Rafael Dela Rosa,SABBATH SIGNATURE,MARK KENNETH SANCHEZ,SABBATH,1000,0,800,,,paid,completed
2025-06-19,12:00:00,Leah Cervantes,SWEDISH,JENIFFER ANN MANUEL,SABBATH,600,0,480,,,paid,completed
2025-06-19,12:00:00,Adrian Cervantes,SWEDISH,ASHLEY JANE GARCIA,SABBATH,600,0,480,,,paid,completed
2025-06-19,12:00:00,Roscel Perez,SABBATH SIGNATURE,JANINE KIMBERLY GARCIA,SABBATH,1000,0,800,,,paid,completed
2025-06-19,12:00:00,Roscel Perez,SABBATH SIGNATURE,VIA JOY SANCHEZ,SABBATH,1000,0,800,,,paid,completed
2025-06-19,12:00:00,Roscel Perez,SABBATH SIGNATURE,MARK KENNETH SANCHEZ,SABBATH,1000,0,800,,,paid,completed
2025-06-19,12:00:00,Roscel Perez,PACKAGE A,EVANGELINE CANONIGO,LE NAILS,0,0,0,,,paid,completed
2025-06-19,12:00:00,Roscel Perez,REGULAR POLISH,EVANGELINE CANONIGO,LE NAILS,0,0,0,,,paid,completed
2025-06-19,12:00:00,Jen Cruz,SWEDISH,JANINE KIMBERLY GARCIA,SABBATH,600,0,480,,,paid,completed
2025-06-19,12:00:00,Jen Cruz,SWEDISH,VIA JOY SANCHEZ,SABBATH,600,0,480,,,paid,completed
2025-06-19,12:00:00,Jen Cruz,SWEDISH,MARK KENNETH SANCHEZ,SABBATH,600,0,480,,,paid,completed
2025-06-19,12:00:00,Customer 1,COMBINATION,ASHLEY JANE GARCIA,SABBATH,0,0,0,,,paid,completed
2025-06-19,12:00:00,Jany Espiritu,SWEDISH,ASHLEY JANE GARCIA,SABBATH,600,0,480,,,paid,completed
2025-06-19,12:00:00,Dan Espiritu,SWEDISH,JENIFFER ANN MANUEL,SABBATH,600,0,480,,,paid,completed
2025-06-19,12:00:00,Customer3,FOOT SPA,JENIFFER ANN MANUEL,LE NAILS,0,0,0,,,paid,completed
2025-06-19,12:00:00,Customer4,FOOT SPA,EVANGELINE CANONIGO,LE NAILS,0,0,0,,,paid,completed
2025-06-20,12:00:00,Abigael Mallare,SABBATH PACKAGE 2,JANINE KIMBERLY GARCIA,SABBATH,3000,0,2400,,,paid,completed
2025-06-20,12:00:00,Catherine Cinco,SABBATH PACKAGE 2,ASHLEY JANE GARCIA,SABBATH,3000,0,2400,,,paid,completed
2025-06-20,12:00:00,Jenny Santos,SABBATH PACKAGE 2,VIA JOY SANCHEZ,SABBATH,3000,0,2400,,,paid,completed
2025-06-20,12:00:00,Ann Dalisay,SHIATSU,ASHLEY JANE GARCIA,SABBATH,0,0,0,,,paid,completed
2025-06-20,12:00:00,Lambert Tomas,SWEDISH,MARK KENNETH SANCHEZ,SABBATH,600,0,480,,,paid,completed
2025-06-20,12:00:00,Trisha Tenorio,SWEDISH,JANINE KIMBERLY GARCIA,SABBATH,600,120,360,,,paid,completed
2025-06-20,12:00:00,Trisha Tenorio,SOFT GEL NAIL EXTENSION,EVANGELINE CANONIGO,LE NAILS,800,80,640,,,paid,completed
2025-06-20,12:00:00,Trisha Tenorio,Ribbon,EVANGELINE CANONIGO,LE NAILS,0,0,0,,,paid,completed
2025-06-20,12:00:00,Trisha Tenorio,Ribbon,EVANGELINE CANONIGO,LE NAILS,0,0,0,,,paid,completed
2025-06-20,12:00:00,Mario Reyes,SWEDISH,JANINE KIMBERLY GARCIA,SABBATH,600,60,420,,Platinum,paid,completed
2025-06-20,12:00:00,Mario Reyes,SABBATH SIGNATURE,ASHLEY JANE GARCIA,SABBATH,1000,200,600,,,paid,completed
2025-06-20,12:00:00,Sharon Dela Cruz,SWEDISH,VIA JOY SANCHEZ,SABBATH,600,0,480,,,paid,completed
2025-06-20,12:00:00,Jonas,SABBATH SIGNATURE,MARK KENNETH SANCHEZ,SABBATH,1000,0,800,,,paid,completed
2025-06-20,12:00:00,Laura,SABBATH SIGNATURE,JENIFFER ANN MANUEL,SABBATH,1000,0,800,,,paid,completed
2025-06-20,12:00:00,Laura,MANIGEL ORLY,EVANGELINE CANONIGO,LE NAILS,600,360,180,,,paid,completed
2025-06-20,12:00:00,Laura,PEDIGEL ORLY,EVANGELINE CANONIGO,LE NAILS,700,420,210,,,paid,completed
2025-06-20,12:00:00,Laura,FOOT SPA,EVANGELINE CANONIGO,LE NAILS,0,0,0,,,paid,completed
2025-06-20,12:00:00,Jeramie Carlos,SABBATH SIGNATURE,VIA JOY SANCHEZ,SABBATH,1000,0,800,,,paid,completed
2025-06-20,12:00:00,Kenneth Carlos,SABBATH SIGNATURE,MARK KENNETH SANCHEZ,SABBATH,1000,0,800,,,paid,completed
2025-06-20,12:00:00,Pastor Sam,SWEDISH,JENIFFER ANN MANUEL,SABBATH,600,0,480,,,paid,completed
2025-06-20,12:00:00,Pastora,"HEAD, BACK & SHOULDER",JANINE KIMBERLY GARCIA,SABBATH,0,0,0,,,paid,completed
2025-06-20,12:00:00,Pastor Abet,SABBATH THAI SIGNATURE (90 mins),ASHLEY JANE GARCIA,SABBATH,1000,0,800,,,paid,completed
2025-06-20,12:00:00,Jose Rafael Manalili,COMBINATION,MARK KENNETH SANCHEZ,SABBATH,0,0,0,,,paid,completed
2025-06-20,12:00:00,Sharmaine Dela Cruz,COMBINATION,VIA JOY SANCHEZ,SABBATH,0,0,0,,,paid,completed
2025-06-20,12:00:00,Joey Javier,SWEDISH,JANINE KIMBERLY GARCIA,SABBATH,600,0,480,,,paid,completed
2025-06-20,12:00:00,Joey Javier,SWEDISH,JENIFFER ANN MANUEL,SABBATH,600,0,480,,,paid,completed
2025-06-20,12:00:00,Pastora,PACKAGE A,JENIFFER ANN MANUEL,LE NAILS,0,0,0,,,paid,completed
2025-06-20,12:00:00,Pastor Sam,MANICURE,EVANGELINE CANONIGO,LE NAILS,150,0,135,,,paid,completed
2025-06-20,12:00:00,Pastor Sam,PEDICURE,EVANGELINE CANONIGO,LE NAILS,200,0,180,,,paid,completed
2025-06-20,12:00:00,Pastor Sam,REGULAR POLISH,EVANGELINE CANONIGO,LE NAILS,0,0,0,,,paid,completed
2025-06-20,12:00:00,Pastor Sam,REGULAR POLISH,EVANGELINE CANONIGO,LE NAILS,0,0,0,,,paid,completed
2025-06-20,12:00:00,Ma'am Gia,PACKAGE A,JENIFFER ANN MANUEL,LE NAILS,0,0,0,,,paid,completed
2025-06-21,12:00:00,Cindy Tuazon,SABBATH PACKAGE 1,VIA JOY SANCHEZ,SABBATH,2000,0,1600,,,paid,completed
2025-06-21,12:00:00,Cindy Tuazon,SABBATH PACKAGE 1,JANINE KIMBERLY GARCIA,SABBATH,2000,0,1600,,,paid,completed
2025-06-21,12:00:00,Cindy Tuazon,SABBATH PACKAGE 1,JENIFFER ANN MANUEL,SABBATH,2000,0,1600,,,paid,completed
2025-06-21,12:00:00,Caroline,FOOT MASSAGE,EVANGELINE CANONIGO,LE NAILS,350,0,315,,,paid,completed
2025-06-21,12:00:00,Caroline,PEDICURE,EVANGELINE CANONIGO,LE NAILS,200,0,180,,,paid,completed
2025-06-21,12:00:00,Caroline,REGULAR POLISH,EVANGELINE CANONIGO,LE NAILS,0,0,0,,,paid,completed
2025-06-21,12:00:00,Cath,FULL LEGS FEMALE,JENIFFER ANN MANUEL,LE NAILS,450,0,405,,,paid,completed
2025-06-21,12:00:00,Justine,SWEDISH,JANINE KIMBERLY GARCIA,SABBATH,600,0,480,,,paid,completed
2025-06-21,12:00:00,Justine,SWEDISH,VIA JOY SANCHEZ,SABBATH,600,0,480,,,paid,completed
2025-06-21,12:00:00,Emily Baconawa,SWEDISH,VIA JOY SANCHEZ,SABBATH,600,0,480,,,paid,completed
2025-06-21,12:00:00,Elven Baconawa,SWEDISH,JANINE KIMBERLY GARCIA,SABBATH,600,0,600,,,paid,completed
2025-06-21,12:00:00,Rhea Lyn Tayao,SABBATH SIGNATURE,VIA JOY SANCHEZ,SABBATH,1000,0,1000,,,paid,completed
2025-06-21,12:00:00,Julie Ann Ocampo,SABBATH SIGNATURE,JANINE KIMBERLY GARCIA,SABBATH,1000,0,1000,,,paid,completed
2025-06-21,12:00:00,Tes Garcia,COMBINATION,JENIFFER ANN MANUEL,SABBATH,0,0,0,,,paid,completed
2025-06-21,12:00:00,Kathleen Garcia,COMBINATION,JANINE KIMBERLY GARCIA,SABBATH,0,0,0,,,paid,completed
2025-06-21,12:00:00,EJ Uy,COMBINATION,VIA JOY SANCHEZ,SABBATH,0,0,0,,,paid,completed
2025-06-22,12:00:00,Carlos Manhit,SABBATH PACKAGE 1,VIA JOY SANCHEZ,SABBATH,2000,0,1600,,,paid,completed
2025-06-22,12:00:00,Carlos Manhit,SABBATH PACKAGE 1,JANINE KIMBERLY GARCIA,SABBATH,2000,0,1600,,,paid,completed
2025-06-22,12:00:00,Carlos Manhit,ADDITIONAL 30 MINS,VIA JOY SANCHEZ,SABBATH,300,0,240,,,paid,completed
2025-06-22,12:00:00,Carlos Manhit,ADDITIONAL 30 MINS,JANINE KIMBERLY GARCIA,SABBATH,300,0,240,,,paid,completed
2025-06-22,12:00:00,Gemma Nunez,COMBINATION,ASHLEY JANE GARCIA,SABBATH,0,0,0,,,paid,completed
2025-06-22,12:00:00,Gemma Nunez,COMBINATION,MARK KENNETH SANCHEZ,SABBATH,0,0,0,,,paid,completed
2025-06-22,12:00:00,Gemma Nunez,SWEDISH,JENIFFER ANN MANUEL,SABBATH,600,0,480,,,paid,completed
2025-06-22,12:00:00,Customer 1,PEDICURE,EVANGELINE CANONIGO,LE NAILS,200,0,180,,,paid,completed
2025-06-22,12:00:00,Customer 2,PEDICURE,EVANGELINE CANONIGO,LE NAILS,200,0,180,,,paid,completed
2025-06-22,12:00:00,Dan,SWEDISH,ASHLEY JANE GARCIA,SABBATH,600,0,480,,,paid,completed
2025-06-23,12:00:00,Kris Tuppal,SABBATH PACKAGE 2,ASHLEY JANE GARCIA,SABBATH,3000,0,2400,,,paid,completed
2025-06-23,12:00:00,Rio Tuppal,SABBATH PACKAGE 2,VIA JOY SANCHEZ,SABBATH,3000,0,2400,,,paid,completed
2025-06-23,12:00:00,Mk Marcelino,SWEDISH,JENIFFER ANN MANUEL,SABBATH,600,0,480,,,paid,completed
2025-06-23,12:00:00,Lesley,COMBINATION,ASHLEY JANE GARCIA,SABBATH,0,0,0,,,paid,completed
2025-06-23,12:00:00,Lesley,ADDITIONAL 30 MINS,ASHLEY JANE GARCIA,SABBATH,300,0,240,,,paid,completed
2025-06-23,12:00:00,Diana Vistan,SWEDISH,VIA JOY SANCHEZ,SABBATH,600,0,480,,,paid,completed
2025-06-23,12:00:00,Mario Vistan,SWEDISH,MARK KENNETH SANCHEZ,SABBATH,600,0,480,,,paid,completed
2025-06-23,12:00:00,Florence Perez,SABBATH SIGNATURE,ASHLEY JANE GARCIA,SABBATH,1000,0,800,,,paid,completed
2025-06-23,12:00:00,Alvin Perez,SABBATH SIGNATURE,VIA JOY SANCHEZ,SABBATH,1000,0,800,,,paid,completed
2025-06-23,12:00:00,Seagn,MANIGEL ORLY,EVANGELINE CANONIGO,LE NAILS,600,60,480,,,paid,completed
2025-06-23,12:00:00,Sofia,MANIGEL ORLY,JENIFFER ANN MANUEL,LE NAILS,600,60,480,,,paid,completed
2025-06-23,12:00:00,Sofia,PEDICURE,JENIFFER ANN MANUEL,LE NAILS,200,0,180,,,paid,completed
2025-06-23,12:00:00,Seagn,FULL SET BASIC NAIL ART,EVANGELINE CANONIGO,LE NAILS,400,40,320,,,paid,completed
2025-06-24,12:00:00,Princess Esguerra,COMBINATION,VIA JOY SANCHEZ,SABBATH,0,0,0,,,paid,completed
2025-06-24,12:00:00,Fely Esguerra,COMBINATION,ASHLEY JANE GARCIA,SABBATH,0,0,0,,,paid,completed
2025-06-24,12:00:00,Roy Esguerra,COMBINATION,MARK KENNETH SANCHEZ,SABBATH,0,0,0,,,paid,completed
2025-06-24,12:00:00,Maricel Corpuz,COMBINATION,ASHLEY JANE GARCIA,SABBATH,0,0,0,,,paid,completed
2025-06-24,12:00:00,Rose Santiago,COMBINATION,VIA JOY SANCHEZ,SABBATH,0,0,0,,,paid,completed
2025-06-24,12:00:00,Edzhel Manuel,SABBATH SIGNATURE,VIA JOY SANCHEZ,SABBATH,1000,0,800,,,paid,completed
2025-06-24,12:00:00,Andres Manuel,SABBATH SIGNATURE,MARK KENNETH SANCHEZ,SABBATH,1000,0,800,,,paid,completed
2025-06-24,12:00:00,Customer 1,FOOT SPA,EVANGELINE CANONIGO,LE NAILS,0,0,0,,,paid,completed
2025-06-24,12:00:00,Customer 2,FOOT SPA,EVANGELINE CANONIGO,LE NAILS,0,0,0,,,paid,completed
2025-06-24,12:00:00,Customer 3,FOOT SPA,EVANGELINE CANONIGO,LE NAILS,0,0,0,,,paid,completed
2025-06-24,12:00:00,Customer 4,FOOT SPA,JENIFFER ANN MANUEL,LE NAILS,0,0,0,,,paid,completed
2025-06-24,12:00:00,Customer 5,FOOT SPA,JENIFFER ANN MANUEL,LE NAILS,0,0,0,,,paid,completed
2025-06-24,12:00:00,Customer 6,PEDICURE,JENIFFER ANN MANUEL,LE NAILS,200,0,180,,,paid,completed
2025-06-24,12:00:00,Mike Calayag,SABBATH SIGNATURE,JENIFFER ANN MANUEL,SABBATH,1000,0,800,,,paid,completed
2025-06-24,12:00:00,Jaycilyn Espiritu,COMBINATION W/ HOT STONE,ASHLEY JANE GARCIA,SABBATH,0,0,0,,,paid,completed
2025-06-24,12:00:00,Chedie Villafuerte,COMBINATION W/ HOT STONE,VIA JOY SANCHEZ,SABBATH,0,0,0,,,paid,completed
2025-06-25,12:00:00,Sharon Krepps,SABBATH SIGNATURE,JANINE KIMBERLY GARCIA,SABBATH,1000,0,800,,,paid,completed
2025-06-25,12:00:00,Kenneth Ray,SABBATH SIGNATURE,MARK KENNETH SANCHEZ,SABBATH,1000,0,800,,,paid,completed
2025-06-25,12:00:00,Ernani Cruz,"SABBATH SIGNATURE FOOT, HEAD, NECK & SHOULDER",ASHLEY JANE GARCIA,SABBATH,750,0,600,,,paid,completed
2025-06-25,12:00:00,Eloisa Gamas,PEDICURE,EVANGELINE CANONIGO,LE NAILS,200,0,180,,,paid,completed
2025-06-25,12:00:00,Eloisa Gamas,FOOT SPA,EVANGELINE CANONIGO,LE NAILS,0,0,0,,,paid,completed
2025-06-25,12:00:00,Eloisa Gamas,REGULAR POLISH,EVANGELINE CANONIGO,LE NAILS,0,0,0,,,paid,completed
2025-06-25,12:00:00,Richard,PACKAGE A,EVANGELINE CANONIGO,LE NAILS,0,0,0,,,paid,completed
2025-06-25,12:00:00,Richard,PACKAGE A,EVANGELINE CANONIGO,LE NAILS,0,0,0,,,paid,completed
2025-06-25,12:00:00,Mhik Santiago,SWEDISH,JANINE KIMBERLY GARCIA,SABBATH,600,0,480,,,paid,completed
2025-06-25,12:00:00,Tes,SHIATSU,VIA JOY SANCHEZ,SABBATH,0,0,0,,,paid,completed
2025-06-25,12:00:00,Hazel Caparas,COMBINATION W/ HOT STONE,ASHLEY JANE GARCIA,SABBATH,0,0,0,,,paid,completed
2025-06-25,12:00:00,Hazel Caparas,SAUNA,ASHLEY JANE GARCIA,SABBATH,1000,0,800,,,paid,completed
2025-06-25,12:00:00,Dhoriz Gallardo,SABBATH SIGNATURE,JANINE KIMBERLY GARCIA,SABBATH,1000,0,800,,,paid,completed
2025-06-25,12:00:00,Jon Gallardo,SABBATH SIGNATURE,MARK KENNETH SANCHEZ,SABBATH,1000,0,800,,,paid,completed
2025-06-25,12:00:00,Khrischelle Santos,SABBATH SIGNATURE,ASHLEY JANE GARCIA,SABBATH,1000,0,800,,,paid,completed
2025-06-25,12:00:00,Lui,SABBATH SIGNATURE,VIA JOY SANCHEZ,SABBATH,1000,0,800,,,paid,completed
2025-06-25,12:00:00,Monica,SWEDISH,JANINE KIMBERLY GARCIA,SABBATH,600,0,480,,,paid,completed
2025-06-25,12:00:00,Aimee,SWEDISH,VIA JOY SANCHEZ,SABBATH,600,0,480,,,paid,completed
2025-06-26,12:00:00,Joyce Pondang,SWEDISH,JANINE KIMBERLY GARCIA,SABBATH,600,0,480,,,paid,completed
2025-06-26,12:00:00,Jade Lee,SWEDISH,VIA JOY SANCHEZ,SABBATH,600,0,480,,,paid,completed
2025-06-26,12:00:00,Owen Pascual,SABBATH FOOT REFLEX,ASHLEY JANE GARCIA,SABBATH,600,0,480,,,paid,completed
2025-06-26,12:00:00,Janice,COMBINATION W/ HOT STONE,JANINE KIMBERLY GARCIA,SABBATH,0,0,0,,,paid,completed
2025-06-26,12:00:00,Brielle,COMBINATION W/ HOT STONE,VIA JOY SANCHEZ,SABBATH,0,0,0,,,paid,completed
2025-06-26,12:00:00,Mary Joyce Tanjutco,SABBATH SIGNATURE,ASHLEY JANE GARCIA,SABBATH,1000,0,800,,,paid,completed
2025-06-26,12:00:00,Ralph Tanjutco,SABBATH SIGNATURE,MARK KENNETH SANCHEZ,SABBATH,1000,0,800,,,paid,completed
2025-06-26,12:00:00,Mary Joyce Tanjutco,FOOT SPA,JENIFFER ANN MANUEL,LE NAILS,0,0,0,,,paid,completed
2025-06-26,12:00:00,Ralph Tanjutco,FOOT SPA,JENIFFER ANN MANUEL,LE NAILS,0,0,0,,,paid,completed
2025-06-26,12:00:00,Mary Joyce Tanjutco,PEDICURE,JENIFFER ANN MANUEL,LE NAILS,200,0,180,,,paid,completed
2025-06-26,12:00:00,Ralph Tanjutco,PEDICURE,JENIFFER ANN MANUEL,LE NAILS,200,0,180,,,paid,completed
2025-06-26,12:00:00,Ruth Samson,SWEDISH,VIA JOY SANCHEZ,SABBATH,600,0,480,,,paid,completed
2025-06-26,12:00:00,Duke Samson,SWEDISH,MARK KENNETH SANCHEZ,SABBATH,600,0,480,,,paid,completed
2025-06-26,12:00:00,Angel Dacumos,COMBINATION,VIA JOY SANCHEZ,SABBATH,0,0,0,,,paid,completed
2025-06-26,12:00:00,Rowena Santos,COMBINATION,ASHLEY JANE GARCIA,SABBATH,0,0,0,,,paid,completed
2025-06-26,12:00:00,Nemen Herera,COMBINATION,MARK KENNETH SANCHEZ,SABBATH,0,0,0,,,paid,completed
2025-06-26,12:00:00,Radie Degala,SWEDISH,JANINE KIMBERLY GARCIA,SABBATH,600,0,480,,,paid,completed
2025-06-27,12:00:00,Cynthia Briones,SWEDISH,ASHLEY JANE GARCIA,SABBATH,600,0,480,,,paid,completed
2025-06-27,12:00:00,Mario Reyes,SWEDISH,JANINE KIMBERLY GARCIA,SABBATH,600,0,480,,,paid,completed
2025-06-27,12:00:00,Mario Reyes,COMBINATION,ASHLEY JANE GARCIA,SABBATH,750,150,450,,,paid,completed
2025-06-27,12:00:00,Mario Reyes,ADDITIONAL 30 MINS,ASHLEY JANE GARCIA,SABBATH,300,0,240,,,paid,completed
2025-06-27,12:00:00,Patrick Santiago,COMBINATION,VIA JOY SANCHEZ,SABBATH,750,0,600,,,paid,completed
2025-06-27,12:00:00,Richard Cruz,COMBINATION,MARK KENNETH SANCHEZ,SABBATH,750,0,600,,,paid,completed
2025-06-27,12:00:00,Vic Noriega,SWEDISH,JANINE KIMBERLY GARCIA,SABBATH,600,0,480,,,paid,completed
2025-06-27,12:00:00,Gina Tan,SWEDISH,ASHLEY JANE GARCIA,SABBATH,600,0,480,,,paid,completed
2025-06-27,12:00:00,Vic Noriega,ADDITIONAL 30 MINS,JANINE KIMBERLY GARCIA,SABBATH,300,0,300,,,paid,completed
2025-06-27,12:00:00,Gina Tan,ADDITIONAL 30 MINS,ASHLEY JANE GARCIA,SABBATH,300,0,300,,,paid,completed
2025-06-27,12:00:00,Aj Bernardo,SWEDISH,JENIFFER ANN MANUEL,SABBATH,600,0,480,,,paid,completed
2025-06-27,12:00:00,Sheryl Alonzo,SWEDISH,VIA JOY SANCHEZ,SABBATH,600,0,480,,,paid,completed
2025-06-27,12:00:00,Trishia Fernandez,SABBATH SIGNATURE,ASHLEY JANE GARCIA,SABBATH,1000,0,800,,,paid,completed
2025-06-27,12:00:00,Josh Sonata,COMBINATION,JANINE KIMBERLY GARCIA,SABBATH,750,0,600,,,paid,completed
2025-06-27,12:00:00,Trishia Fernandez,ADDITIONAL 30 MINS,ASHLEY JANE GARCIA,SABBATH,300,0,300,,,paid,completed
2025-06-27,12:00:00,Josh Sonata,ADDITIONAL 30 MINS,JANINE KIMBERLY GARCIA,SABBATH,300,0,300,,,paid,completed
2025-06-27,12:00:00,Razel,"HEAD, BACK & SHOULDER",JENIFFER ANN MANUEL,SABBATH,400,0,320,,,paid,completed
2025-06-27,12:00:00,Avi,SOFT GEL NAIL EXTENSION,EVANGELINE CANONIGO,LE NAILS,800,0,720,,,paid,completed
2025-06-27,12:00:00,Razel,PACKAGE A,JENIFFER ANN MANUEL,LE NAILS,600,0,540,,,paid,completed
2025-06-27,12:00:00,Razel,REGULAR POLISH,JENIFFER ANN MANUEL,LE NAILS,50,0,45,,,paid,completed
2025-06-27,12:00:00,Razel,REGULAR POLISH,JENIFFER ANN MANUEL,LE NAILS,50,0,45,,,paid,completed
2025-06-28,12:00:00,Jayson,SABBATH SIGNATURE,JENIFFER ANN MANUEL,SABBATH,1000,0,800,new,,paid,completed
2025-06-28,12:00:00,Kim Capillo,SWEDISH,VIA JOY SANCHEZ,SABBATH,600,0,480,new,,paid,completed
2025-06-28,12:00:00,Jr Capillo,SWEDISH,MARK KENNETH SANCHEZ,SABBATH,600,0,480,new,,paid,completed
2025-06-28,12:00:00,Ariane Lingat,BODY SCRUB,JANINE KIMBERLY GARCIA,SABBATH,2500,0,2000,returning,,paid,completed
2025-06-28,12:00:00,Alvin Galvez,SWEDISH,MARK KENNETH SANCHEZ,SABBATH,600,0,480,new,,paid,completed
2025-06-28,12:00:00,Ehsz Galvez,SWEDISH,ASHLEY JANE GARCIA,SABBATH,600,0,480,new,,paid,completed
2025-06-28,12:00:00,Lani Nunez,SWEDISH,JANINE KIMBERLY GARCIA,SABBATH,600,0,480,new,,paid,completed
2025-06-28,12:00:00,Carl Lyn Nunez,SWEDISH,VIA JOY SANCHEZ,SABBATH,600,0,480,new,,paid,completed
2025-06-28,12:00:00,Elvie Pagsibigan,SWEDISH,ASHLEY JANE GARCIA,SABBATH,600,120,480,new,,paid,completed
2025-06-28,12:00:00,Bon Pagsibigan,SWEDISH,JANINE KIMBERLY GARCIA,SABBATH,600,0,600,new,,paid,completed
2025-06-28,12:00:00,Romualdo Pagsibigan,SWEDISH,ASHLEY JANE GARCIA,SABBATH,600,120,480,new,,paid,completed
2025-06-28,12:00:00,Claudine Magsakay,SABBATH SIGNATURE,VIA JOY SANCHEZ,SABBATH,1000,0,1000,new,,paid,completed
2025-06-28,12:00:00,JP Magsakay,SABBATH SIGNATURE,JENIFFER ANN MANUEL,SABBATH,1000,0,1000,new,,paid,completed
2025-06-28,12:00:00,Shane Lo,SWEDISH,JANINE KIMBERLY GARCIA,SABBATH,600,0,600,new,,paid,completed
2025-06-28,12:00:00,Rayson Lo,SWEDISH,MARK KENNETH SANCHEZ,SABBATH,600,0,600,new,,paid,completed
2025-06-28,12:00:00,Louie Punongbayan,COMBINATION,MARK KENNETH SANCHEZ,SABBATH,750,0,750,returning,,paid,completed
2025-06-28,12:00:00,Jane Punongbayan,AROMATHERAPY OIL WITH HERBAL BALL,VIA JOY SANCHEZ,SABBATH,1000,0,1000,returning,,paid,completed
2025-06-28,12:00:00,Jeff De Castro,COMBINATION,ASHLEY JANE GARCIA,SABBATH,750,0,750,returning,,paid,completed
2025-06-28,12:00:00,Iwee De Castro,COMBINATION,JANINE KIMBERLY GARCIA,SABBATH,750,0,750,returning,,paid,completed
2025-06-28,12:00:00,Ariane Lingat,MANICURE,EVANGELINE CANONIGO,LE NAILS,150,0,150,returning,,paid,completed
2025-06-28,12:00:00,Ariane Lingat,PEDICURE,EVANGELINE CANONIGO,LE NAILS,200,0,200,returning,,paid,completed
2025-06-28,12:00:00,Ariane Lingat,SOFT GEL NAIL EXTENSION,JENIFFER ANN MANUEL,LE NAILS,800,0,800,returning,,paid,completed
2025-06-28,12:00:00,Ariane Lingat,PEDIGEL ORLY,JENIFFER ANN MANUEL,LE NAILS,700,0,700,returning,,paid,completed
2025-06-28,12:00:00,Ian Fernandez,MANICURE,JENIFFER ANN MANUEL,LE NAILS,150,0,150,returning,,paid,completed
2025-06-28,12:00:00,Ian Fernandez,PEDICURE,JENIFFER ANN MANUEL,LE NAILS,200,0,200,returning,,paid,completed
2025-06-29,12:00:00,Rochelle Parales,SABBATH SIGNATURE,JENIFFER ANN MANUEL,SABBATH,1000,0,1000,new,,paid,completed
2025-06-29,12:00:00,Rommel Castro,SABBATH SIGNATURE,MARK KENNETH SANCHEZ,SABBATH,1000,0,1000,new,,paid,completed
2025-06-29,12:00:00,Rochelle Parales,FOOT SPA,EVANGELINE CANONIGO,LE NAILS,350,0,350,new,,paid,completed
2025-06-29,12:00:00,Mariel Adan,FOOT SPA,EVANGELINE CANONIGO,LE NAILS,350,0,350,returning,,paid,completed
2025-06-29,12:00:00,Mariel Adan,PEDICURE,EVANGELINE CANONIGO,LE NAILS,200,0,200,returning,,paid,completed
2025-06-29,12:00:00,Belle,PACKAGE C,EVANGELINE CANONIGO,LE NAILS,700,0,700,new,,paid,completed
2025-06-29,12:00:00,Belle,REGULAR POLISH,EVANGELINE CANONIGO,LE NAILS,50,0,50,new,,paid,completed
2025-06-29,12:00:00,Camille Rivales,SABBATH PACKAGE 1,ASHLEY JANE GARCIA,SABBATH,2000,0,2000,new,,paid,completed
2025-06-29,12:00:00,Camille Rivales,SABBATH FOOT REFLEX,ASHLEY JANE GARCIA,SABBATH,600,0,600,new,,paid,completed
2025-06-29,12:00:00,Joyce Rebarter,SABBATH SIGNATURE,ASHLEY JANE GARCIA,SABBATH,1000,0,1000,new,,paid,completed
2025-06-29,12:00:00,Joyce Rebarter,SABBATH SIGNATURE,JENIFFER ANN MANUEL,SABBATH,1000,0,1000,new,,paid,completed
2025-06-29,12:00:00,Doris Fuster,COMBINATION W/ HOT STONE,JANINE KIMBERLY GARCIA,SABBATH,1250,0,1250,returning,,paid,completed
2025-06-29,12:00:00,Doris Fuster Companion,SWEDISH,ASHLEY JANE GARCIA,SABBATH,600,0,600,new,,paid,completed
2025-06-29,12:00:00,Doris Fuster Companion,SWEDISH,JENIFFER ANN MANUEL,SABBATH,600,0,600,new,,paid,completed
2025-06-29,12:00:00,Fatima,AROMATHERAPY OIL WITH HERBAL BALL,JANINE KIMBERLY GARCIA,SABBATH,1000,0,1000,returning,,paid,completed
2025-06-29,12:00:00,Fatima,HALF LEGS FEMALE,JENIFFER ANN MANUEL,LE NAILS,350,0,350,returning,,paid,completed
2025-06-29,12:00:00,Arjhay Hernandez,SWEDISH,MARK KENNETH SANCHEZ,SABBATH,600,0,600,new,,paid,completed
2025-06-29,12:00:00,Arjhay Hernandez,SWEDISH,ASHLEY JANE GARCIA,SABBATH,600,0,600,new,,paid,completed
2025-06-29,12:00:00,Arjhay Hernandez,SWEDISH,JENIFFER ANN MANUEL,SABBATH,600,0,600,new,,paid,completed
2025-06-29,12:00:00,Arjhay Hernandez,COMBINATION,JANINE KIMBERLY GARCIA,SABBATH,750,0,750,new,,paid,completed
2025-06-29,12:00:00,Sunshine Dela Cruz,SWEDISH,ASHLEY JANE GARCIA,SABBATH,600,120,480,new,,paid,completed
2025-06-29,12:00:00,Sunshine Dela Cruz,SWEDISH,JANINE KIMBERLY GARCIA,SABBATH,600,0,600,new,,paid,completed
2025-06-30,12:00:00,Trishia Fernandez,"HEAD, BACK & SHOULDER",VIA JOY SANCHEZ,SABBATH,400,0,400,new,,paid,completed
2025-06-30,12:00:00,Alfie Pascual,SABBATH SIGNATURE,MARK KENNETH SANCHEZ,SABBATH,1000,0,1000,new,,paid,completed
2025-06-30,12:00:00,Severina Pascual,SABBATH SIGNATURE,ASHLEY JANE GARCIA,SABBATH,1000,0,1000,new,,paid,completed
2025-06-30,12:00:00,Flor Villanueva,SABBATH SIGNATURE,VIA JOY SANCHEZ,SABBATH,1000,0,1000,new,,paid,completed
2025-06-30,12:00:00,Ann Pascual,SABBATH SIGNATURE,JANINE KIMBERLY GARCIA,SABBATH,1000,0,1000,new,,paid,completed
2025-06-30,12:00:00,Kimberly Contreras,COMBINATION,ASHLEY JANE GARCIA,SABBATH,750,0,750,new,,paid,completed
2025-06-30,12:00:00,Vhee Santos,COMBINATION,VIA JOY SANCHEZ,SABBATH,750,0,750,new,,paid,completed
2025-06-30,12:00:00,Bianca,SWEDISH,JANINE KIMBERLY GARCIA,SABBATH,600,0,600,new,,paid,completed
2025-06-30,12:00:00,Bianca,SWEDISH,VIA JOY SANCHEZ,SABBATH,600,0,600,new,,paid,completed
2025-06-30,12:00:00,Alice & Rodgie,SABBATH SIGNATURE,MARK KENNETH SANCHEZ,SABBATH,1000,0,1000,new,,paid,completed
2025-06-30,12:00:00,Alice & Rodgie,SABBATH SIGNATURE,JANINE KIMBERLY GARCIA,SABBATH,1000,0,1000,new,,paid,completed
2025-06-30,12:00:00,Alice & Rodgie,GROWTH,ASHLEY JANE GARCIA,SABBATH,500,0,500,new,,paid,completed
2025-06-30,12:00:00,Mhik Santiago,SWEDISH,JANINE KIMBERLY GARCIA,SABBATH,600,0,600,returning,,paid,completed
2025-06-30,12:00:00,Mhik Santiago,SABBATH FOOT REFLEX,ASHLEY JANE GARCIA,SABBATH,600,0,600,returning,,paid,completed
2025-06-30,12:00:00,Bianca,PEDICURE,EVANGELINE CANONIGO,LE NAILS,200,0,200,new,,paid,completed
2025-06-30,12:00:00,Bianca,REGULAR POLISH,EVANGELINE CANONIGO,LE NAILS,50,0,50,new,,paid,completed
2025-06-30,12:00:00,Bianca,MANIGEL ORLY,EVANGELINE CANONIGO,LE NAILS,600,0,600,new,,paid,completed
2025-06-30,12:00:00,Bianca,MANIGEL CUCCIO,EVANGELINE CANONIGO,LE NAILS,450,0,450,new,,paid,completed
2025-07-01,12:00:00,Ann Jenette Mallari,COMBINATION,VIA JOY SANCHEZ,SABBATH,750,0,600,new,,paid,completed
2025-07-01,12:00:00,Anna Lhyn Mallari,COMBINATION,ASHLEY JANE GARCIA,SABBATH,750,0,600,new,,paid,completed
2025-07-01,12:00:00,Karen Santos,SABBATH SIGNATURE,ASHLEY JANE GARCIA,SABBATH,1000,0,800,new,,paid,completed
2025-07-01,12:00:00,Edmond Santos,SABBATH SIGNATURE,MARK KENNETH SANCHEZ,SABBATH,1000,0,800,new,,paid,completed
2025-07-01,12:00:00,Apolonia Santos,SABBATH SIGNATURE,VIA JOY SANCHEZ,SABBATH,1000,0,800,new,,paid,completed
2025-07-01,12:00:00,Kyle Del Mundo,COMBINATION W/ HOT STONE,VIA JOY SANCHEZ,SABBATH,1250,0,1000,new,,paid,completed
2025-07-01,12:00:00,Cate Lajara,COMBINATION W/ HOT STONE,ASHLEY JANE GARCIA,SABBATH,1250,0,1000,new,,paid,completed
2025-07-01,12:00:00,Chanelle Lajara,AROMATHERAPY OIL WITH HERBAL BALL,JENIFFER ANN MANUEL,SABBATH,1000,0,800,new,,paid,completed
2025-07-01,12:00:00,Buts,SABBATH SIGNATURE,VIA JOY SANCHEZ,SABBATH,1000,0,800,new,,paid,completed
2025-07-01,12:00:00,Elizabeth Santiago,SABBATH SIGNATURE,ASHLEY JANE GARCIA,SABBATH,1000,0,800,new,,paid,completed
2025-07-01,12:00:00,Buts,SABBATH SIGNATURE,VIA JOY SANCHEZ,SABBATH,1000,0,800,new,,paid,completed
2025-07-01,12:00:00,Geneva,AROMATHERAPY OIL WITH HERBAL BALL,VIA JOY SANCHEZ,SABBATH,1000,0,800,new,,paid,completed
2025-07-01,12:00:00,Geneva,SWEDISH,MARK KENNETH SANCHEZ,SABBATH,600,0,480,new,,paid,completed
2025-07-01,12:00:00,Robert,SABBATH SIGNATURE,MARK KENNETH SANCHEZ,SABBATH,1000,0,800,new,,paid,completed
2025-07-01,12:00:00,Ed,SWEDISH,MARK KENNETH SANCHEZ,SABBATH,600,0,480,new,,paid,completed
2025-07-01,12:00:00,Ed,ADDITIONAL 30 MINS,MARK KENNETH SANCHEZ,SABBATH,300,0,240,new,,paid,completed
2025-07-01,12:00:00,James Vrgilio,SABBATH SIGNATURE,ASHLEY JANE GARCIA,SABBATH,1000,0,800,new,,paid,completed
2025-07-01,12:00:00,Dexter Henena,SABBATH SIGNATURE,VIA JOY SANCHEZ,SABBATH,1000,0,800,new,,paid,completed
2025-07-01,12:00:00,Custome 1,AROMATHERAPY OIL WITH HERBAL BALL,VIA JOY SANCHEZ,SABBATH,1000,0,800,new,,paid,completed
2025-07-01,12:00:00,Customer 2,COMBINATION W/ HOT STONE,ASHLEY JANE GARCIA,SABBATH,1250,0,1000,new,,paid,completed
2025-07-01,12:00:00,Customer 3,COMBINATION W/ HOT STONE,MARK KENNETH SANCHEZ,SABBATH,1250,0,1000,new,,paid,completed
2025-07-01,12:00:00,Customer 4,MANIGEL ORLY,EVANGELINE CANONIGO,LE NAILS,600,0,540,new,,paid,completed
2025-07-01,12:00:00,Customer 4,REGULAR POLISH,EVANGELINE CANONIGO,LE NAILS,50,0,45,new,,paid,completed
2025-07-01,12:00:00,Customer 4,PEDICURE,EVANGELINE CANONIGO,LE NAILS,200,0,180,new,,paid,completed
2025-07-01,12:00:00,Customer 5,MANIGEL CUCCIO,EVANGELINE CANONIGO,LE NAILS,450,0,405,new,,paid,completed
2025-07-01,12:00:00,Ma'am Gia,MANIGEL ORLY,EVANGELINE CANONIGO,LE NAILS,600,360,180,new,,paid,completed
2025-07-01,12:00:00,Ma'am Gia,FOOT SPA,EVANGELINE CANONIGO,LE NAILS,350,210,105,new,,paid,completed
2025-07-01,12:00:00,Ma'am Gia,PEDICURE,EVANGELINE CANONIGO,LE NAILS,200,120,60,new,,paid,completed
2025-07-02,12:00:00,Jhoana,SABBATH SIGNATURE,VIA JOY SANCHEZ,SABBATH,1000,0,800,new,,paid,completed
2025-07-02,12:00:00,Johanna Valerio,SABBATH FOOT REFLEX,ASHLEY JANE GARCIA,SABBATH,600,0,480,new,,paid,completed
2025-07-02,12:00:00,Johanna Valerio,ADDITIONAL 30 MINS,ASHLEY JANE GARCIA,SABBATH,300,0,240,new,,paid,completed
2025-07-02,12:00:00,Ma'am Gia,SWEDISH,JANINE KIMBERLY GARCIA,SABBATH,600,0,480,new,,paid,completed
2025-07-02,12:00:00,Mark Domingo,"SABBATH SIGNATURE FOOT, HEAD, NECK & SHOULDER",MARK KENNETH SANCHEZ,SABBATH,750,0,600,new,,paid,completed
2025-07-02,12:00:00,Jane Domingo,"SABBATH SIGNATURE FOOT, HEAD, NECK & SHOULDER",JANINE KIMBERLY GARCIA,SABBATH,750,0,600,new,,paid,completed
2025-07-02,12:00:00,Louie Amper,SABBATH SIGNATURE,VIA JOY SANCHEZ,SABBATH,1000,0,800,new,,paid,completed
2025-07-02,12:00:00,Sab Carpio,SABBATH SIGNATURE,ASHLEY JANE GARCIA,SABBATH,1000,0,800,new,,paid,completed
2025-07-02,12:00:00,Michelle Santos,SABBATH SIGNATURE,MARK KENNETH SANCHEZ,SABBATH,1000,0,800,new,,paid,completed
2025-07-02,12:00:00,Estee Carpio,SABBATH SIGNATURE,JANINE KIMBERLY GARCIA,SABBATH,1000,0,800,new,,paid,completed
2025-07-02,12:00:00,EVelyn,SWEDISH,JANINE KIMBERLY GARCIA,SABBATH,600,0,480,new,,paid,completed
2025-07-02,12:00:00,Iya Mel Manlapig,SWEDISH,ASHLEY JANE GARCIA,SABBATH,600,0,480,new,,paid,completed
2025-07-02,12:00:00,Mary Rose,SWEDISH,VIA JOY SANCHEZ,SABBATH,600,0,480,new,,paid,completed
2025-07-02,12:00:00,Edsequiel,SWEDISH,ASHLEY JANE GARCIA,SABBATH,600,0,480,new,,paid,completed
2025-07-03,12:00:00,Customer 1,SABBATH SIGNATURE,VIA JOY SANCHEZ,SABBATH,1000,0,800,new,,paid,completed
2025-07-04,12:00:00,Customer 1,SWEDISH,ASHLEY JANE GARCIA,SABBATH,600,0,480,new,,paid,completed
2025-07-04,12:00:00,Customer 2,SWEDISH,VIA JOY SANCHEZ,SABBATH,600,0,480,new,,paid,completed
2025-07-04,12:00:00,khristine,COMBINATION,MARK KENNETH SANCHEZ,SABBATH,750,0,600,new,,paid,completed
2025-07-04,12:00:00,khristine,SWEDISH,ASHLEY JANE GARCIA,SABBATH,600,0,480,new,,paid,completed
2025-07-04,12:00:00,Millet Ventura,SABBATH SIGNATURE,JENIFFER ANN MANUEL,SABBATH,1000,0,800,new,,paid,completed
2025-07-04,12:00:00,Millet Ventura,PACKAGE A,JENIFFER ANN MANUEL,LE NAILS,600,0,480,new,,paid,completed
2025-07-04,12:00:00,Millet Ventura,REGULAR POLISH,JENIFFER ANN MANUEL,LE NAILS,50,0,40,new,,paid,completed
2025-07-04,12:00:00,Millet Ventura,REGULAR POLISH,JENIFFER ANN MANUEL,LE NAILS,50,0,40,new,,paid,completed
2025-07-04,12:00:00,Millet Ventura,HALF LEGS FEMALE,JENIFFER ANN MANUEL,LE NAILS,350,0,280,new,,paid,completed
2025-07-04,12:00:00,Mario,GROWTH,ASHLEY JANE GARCIA,SABBATH,500,0,400,new,,paid,completed
2025-07-04,12:00:00,Mario Reyes,SWEDISH,JANINE KIMBERLY GARCIA,SABBATH,600,0,480,new,,paid,completed
2025-07-04,12:00:00,Kento,SABBATH SIGNATURE,VIA JOY SANCHEZ,SABBATH,1000,0,800,new,,paid,completed
2025-07-04,12:00:00,Kento,SABBATH SIGNATURE,MARK KENNETH SANCHEZ,SABBATH,1000,0,800,new,,paid,completed
2025-07-04,12:00:00,Kento,ADDITIONAL 30 MINS,VIA JOY SANCHEZ,SABBATH,300,0,240,new,,paid,completed
2025-07-04,12:00:00,Kento,ADDITIONAL 30 MINS,MARK KENNETH SANCHEZ,SABBATH,300,0,240,new,,paid,completed
2025-07-04,12:00:00,Joyce Pondang,SWEDISH,JANINE KIMBERLY GARCIA,SABBATH,600,0,480,new,,paid,completed
2025-07-04,12:00:00,Sheryl,PACKAGE F,EVANGELINE CANONIGO,LE NAILS,1250,0,1125,new,,paid,completed
2025-07-05,12:00:00,Hasmin,SWEDISH,VIA JOY SANCHEZ,SABBATH,600,0,480,new,,paid,completed
2025-07-05,12:00:00,Apple Angeles,SWEDISH,JENIFFER ANN MANUEL,SABBATH,600,0,480,new,,paid,completed
2025-07-05,12:00:00,Rusela Aldaba,SABBATH SIGNATURE,JENIFFER ANN MANUEL,SABBATH,1000,0,800,new,,paid,completed
2025-07-05,12:00:00,Vernan Aldaba,SABBATH SIGNATURE,MARK KENNETH SANCHEZ,SABBATH,1000,0,800,new,,paid,completed
2025-07-05,12:00:00,Ma'am Gia,SWEDISH,JANINE KIMBERLY GARCIA,SABBATH,600,0,480,new,,paid,completed
2025-07-05,12:00:00,Ma'am Gia,ADDITIONAL 30 MINS,JANINE KIMBERLY GARCIA,SABBATH,300,0,240,new,,paid,completed
2025-07-05,12:00:00,Jaymalin Santiago,SABBATH SIGNATURE,ASHLEY JANE GARCIA,SABBATH,1000,0,800,new,,paid,completed
2025-07-05,12:00:00,Jason Mauricio,SABBATH SIGNATURE,JANINE KIMBERLY GARCIA,SABBATH,1000,0,800,new,,paid,completed
2025-07-05,12:00:00,Jaymalin Santiago,ADDITIONAL 30 MINS,ASHLEY JANE GARCIA,SABBATH,300,0,240,new,,paid,completed
2025-07-05,12:00:00,Jason Mauricio,ADDITIONAL 30 MINS,JANINE KIMBERLY GARCIA,SABBATH,300,0,240,new,,paid,completed
2025-07-05,12:00:00,Aby Santos,SWEDISH,VIA JOY SANCHEZ,SABBATH,600,0,480,new,,paid,completed
2025-07-05,12:00:00,Ian Santos,SWEDISH,ASHLEY JANE GARCIA,SABBATH,600,0,480,new,,paid,completed
2025-07-05,12:00:00,Joyme Ann Buagas,SWEDISH,JANINE KIMBERLY GARCIA,SABBATH,600,0,480,new,,paid,completed
2025-07-05,12:00:00,Rosemarie Bogo,SWEDISH,ASHLEY JANE GARCIA,SABBATH,600,0,480,new,,paid,completed
2025-07-06,12:00:00,Tossie Pagsanglian,COMBINATION W/ HOT STONE,ASHLEY JANE GARCIA,SABBATH,1250,0,1000,new,,paid,completed
2025-07-06,12:00:00,Kevin Pagsanglian,COMBINATION,MARK KENNETH SANCHEZ,SABBATH,750,0,600,new,,paid,completed
2025-07-06,12:00:00,Mikhaela,SWEDISH,JANINE KIMBERLY GARCIA,SABBATH,600,0,480,new,,paid,completed
2025-07-06,12:00:00,Arvin,SWEDISH,MARK KENNETH SANCHEZ,SABBATH,600,0,480,new,,paid,completed
2025-07-06,12:00:00,Gem,POST & PRE NATAL W/ LACTATION,JANINE KIMBERLY GARCIA,SABBATH,2000,0,1600,new,,paid,completed
2025-07-06,12:00:00,Anthony Santos,SWEDISH,MARK KENNETH SANCHEZ,SABBATH,600,0,480,new,,paid,completed
2025-07-06,12:00:00,Farrah Santos,SWEDISH,ASHLEY JANE GARCIA,SABBATH,600,0,480,new,,paid,completed
2025-07-06,12:00:00,Rowena,SWEDISH,ASHLEY JANE GARCIA,SABBATH,600,0,480,new,,paid,completed
2025-07-06,12:00:00,Alyssa,COMBINATION,JANINE KIMBERLY GARCIA,SABBATH,750,0,600,new,,paid,completed
2025-07-06,12:00:00,Jason,COMBINATION,JENIFFER ANN MANUEL,SABBATH,750,0,600,new,,paid,completed
2025-07-06,12:00:00,Nino Bautsta,COMBINATION W/ HOT STONE,MARK KENNETH SANCHEZ,SABBATH,1250,0,1000,new,,paid,completed
2025-07-06,12:00:00,Bryan,COMBINATION,ASHLEY JANE GARCIA,SABBATH,750,0,600,new,,paid,completed
2025-07-06,12:00:00,Joi Ann,COMBINATION,JANINE KIMBERLY GARCIA,SABBATH,750,0,600,new,,paid,completed
2025-07-06,12:00:00,Ma'am Trishia,COMBINATION,ASHLEY JANE GARCIA,SABBATH,750,450,150,new,,paid,completed
2025-07-06,12:00:00,Sir Joshua,COMBINATION,JANINE KIMBERLY GARCIA,SABBATH,750,450,150,new,,paid,completed
2025-07-06,12:00:00,Abby,FOOT SPA,EVANGELINE CANONIGO,LE NAILS,350,0,315,new,,paid,completed
2025-07-06,12:00:00,Abby,PEDICURE,EVANGELINE CANONIGO,LE NAILS,200,0,180,new,,paid,completed
2025-07-06,12:00:00,Nino Bautsta,PEDICURE,JENIFFER ANN MANUEL,LE NAILS,200,0,180,new,,paid,completed
2025-07-06,12:00:00,Nino Bautsta,MANICURE,JENIFFER ANN MANUEL,LE NAILS,150,0,135,new,,paid,completed
2025-07-07,12:00:00,Anne Zablan,COMBINATION,ASHLEY JANE GARCIA,SABBATH,750,0,600,new,,paid,completed
2025-07-07,12:00:00,Anne Zablan,COMBINATION,VIA JOY SANCHEZ,SABBATH,750,0,600,new,,paid,completed
2025-07-07,12:00:00,Gordon Mines,SABBATH SIGNATURE,JANINE KIMBERLY GARCIA,SABBATH,1000,0,800,new,,paid,completed
2025-07-07,12:00:00,Farrah Mines,SABBATH SIGNATURE,JENIFFER ANN MANUEL,SABBATH,1000,0,800,new,,paid,completed
2025-07-07,12:00:00,Anne Marquez,COMBINATION,VIA JOY SANCHEZ,SABBATH,750,0,600,new,,paid,completed
2025-07-07,12:00:00,Awoo Cabrera,COMBINATION,MARK KENNETH SANCHEZ,SABBATH,750,0,600,new,,paid,completed
2025-07-07,12:00:00,Anna Marquez,ADDITIONAL 30 MINS,VIA JOY SANCHEZ,SABBATH,300,0,240,new,,paid,completed
2025-07-07,12:00:00,Awoo Cabrera,ADDITIONAL 30 MINS,MARK KENNETH SANCHEZ,SABBATH,300,0,240,new,,paid,completed
2025-07-07,12:00:00,Giselle Dela Cruz,SWEDISH,ASHLEY JANE GARCIA,SABBATH,600,0,480,new,,paid,completed
2025-07-07,12:00:00,Dominique Guison,SWEDISH,JANINE KIMBERLY GARCIA,SABBATH,600,0,480,new,,paid,completed
2025-07-07,12:00:00,Arsebastian Balatbat,SWEDISH,MARK KENNETH SANCHEZ,SABBATH,600,0,480,new,,paid,completed
2025-07-07,12:00:00,Rosemarie,SWEDISH,ASHLEY JANE GARCIA,SABBATH,600,0,480,new,,paid,completed
2025-07-07,12:00:00,Michelle Pablo,SWEDISH,JANINE KIMBERLY GARCIA,SABBATH,600,0,480,new,,paid,completed
2025-07-07,12:00:00,Lindon De Guzman,SWEDISH,VIA JOY SANCHEZ,SABBATH,600,0,480,new,,paid,completed
2025-07-07,12:00:00,Adet Balatbat,SWEDISH,VIA JOY SANCHEZ,SABBATH,600,0,480,new,,paid,completed
2025-07-07,12:00:00,Rosemarie,PEDICURE,EVANGELINE CANONIGO,LE NAILS,200,0,180,new,,paid,completed
2025-07-07,12:00:00,Rosemarie,REGULAR POLISH,EVANGELINE CANONIGO,LE NAILS,50,0,45,new,,paid,completed
2025-07-07,12:00:00,Adet Balatbat,PEDICURE,EVANGELINE CANONIGO,LE NAILS,200,0,180,new,,paid,completed
2025-07-07,12:00:00,Adet Balatbat,REGULAR POLISH,EVANGELINE CANONIGO,LE NAILS,50,0,45,new,,paid,completed
2025-07-08,12:00:00,Alaine Joy Aquino,COMBINATION,ASHLEY JANE GARCIA,SABBATH,750,0,600,new,,paid,completed
2025-07-08,12:00:00,John Mark Ladia,COMBINATION,MARK KENNETH SANCHEZ,SABBATH,750,0,600,new,,paid,completed
2025-07-08,12:00:00,Jonalyn Quiambao,SABBATH SIGNATURE,JANINE KIMBERLY GARCIA,SABBATH,1000,0,800,new,,paid,completed
2025-07-08,12:00:00,Krishelle Santos,SABBATH SIGNATURE,VIA JOY SANCHEZ,SABBATH,1000,0,800,new,,paid,completed
2025-07-08,12:00:00,Christian Bryan Mendoza,COMBINATION,MARK KENNETH SANCHEZ,SABBATH,750,0,600,new,,paid,completed
2025-07-08,12:00:00,Christian Bryan Mendoza,ADDITIONAL 30 MINS,MARK KENNETH SANCHEZ,SABBATH,0,0,0,new,,paid,completed
2025-07-08,12:00:00,Ann Dalisay,SWEDISH,ASHLEY JANE GARCIA,SABBATH,600,0,480,new,,paid,completed
2025-07-08,12:00:00,Ann Dalisay,SWEDISH,ASHLEY JANE GARCIA,SABBATH,600,0,480,new,,paid,completed
2025-07-08,12:00:00,Chaiwat Lamang,"SABBATH SIGNATURE FOOT, HEAD, NECK & SHOULDER",MARK KENNETH SANCHEZ,SABBATH,750,0,600,new,,paid,completed
2025-07-08,12:00:00,Ayesha Fernando,COMBINATION,JANINE KIMBERLY GARCIA,SABBATH,750,0,600,new,,paid,completed
2025-07-08,12:00:00,RJ Fernando,COMBINATION,VIA JOY SANCHEZ,SABBATH,750,0,600,new,,paid,completed
2025-07-08,12:00:00,Mhik Santiago,SWEDISH,VIA JOY SANCHEZ,SABBATH,600,0,480,new,,paid,completed
2025-07-08,12:00:00,Jai Santiago,SWEDISH,JANINE KIMBERLY GARCIA,SABBATH,600,0,480,new,,paid,completed
2025-07-08,12:00:00,Annie Bautista,SWEDISH,JENIFFER ANN MANUEL,SABBATH,600,0,480,new,,paid,completed
2025-07-08,12:00:00,Vic Noriega,SWEDISH,ASHLEY JANE GARCIA,SABBATH,600,120,360,new,,paid,completed
2025-07-08,12:00:00,Vic Noriega,ADDITIONAL 30 MINS,ASHLEY JANE GARCIA,SABBATH,300,0,240,new,,paid,completed
2025-07-08,12:00:00,Alvin Faustino,SABBATH SIGNATURE,ASHLEY JANE GARCIA,SABBATH,1000,0,800,new,,paid,completed
2025-07-08,12:00:00,James Virgino,SABBATH SIGNATURE,MARK KENNETH SANCHEZ,SABBATH,1000,0,800,new,,paid,completed
2025-07-08,12:00:00,Dexter Honera,COMBINATION,JANINE KIMBERLY GARCIA,SABBATH,750,0,600,new,,paid,completed
2025-07-08,12:00:00,Ruth Samson,MANICURE,EVANGELINE CANONIGO,LE NAILS,150,0,135,new,,paid,completed
2025-07-08,12:00:00,Ruth Samson,PEDICURE,EVANGELINE CANONIGO,LE NAILS,200,0,180,new,,paid,completed
2025-07-08,12:00:00,Duke,MANICURE,JENIFFER ANN MANUEL,LE NAILS,150,0,135,new,,paid,completed
2025-07-08,12:00:00,Duke,PEDICURE,JENIFFER ANN MANUEL,LE NAILS,200,0,180,new,,paid,completed
2025-07-08,12:00:00,Ruth Samson,NAIL GEL REMOVAL,EVANGELINE CANONIGO,LE NAILS,150,0,135,new,,paid,completed
2025-07-09,12:00:00,Jelyn Magsakay,COMBINATION,VIA JOY SANCHEZ,SABBATH,750,0,600,new,,paid,completed
2025-07-09,12:00:00,Susan San Juan,SWEDISH,ASHLEY JANE GARCIA,SABBATH,600,0,480,new,,paid,completed
2025-07-09,12:00:00,Raul San Juan,SWEDISH,JANINE KIMBERLY GARCIA,SABBATH,600,0,480,new,,paid,completed
2025-07-09,12:00:00,Elisha Mendoza,SWEDISH,JENIFFER ANN MANUEL,SABBATH,600,0,480,new,,paid,completed
2025-07-09,12:00:00,Isiah Mendoza,SWEDISH,ASHLEY JANE GARCIA,SABBATH,600,0,480,new,,paid,completed
2025-07-09,12:00:00,Arnold Sunga,SABBATH PACKAGE 1,VIA JOY SANCHEZ,SABBATH,2000,0,1600,new,,paid,completed
2025-07-09,12:00:00,Myrna Lalu,SABBATH PACKAGE 1,JANINE KIMBERLY GARCIA,SABBATH,2000,0,1600,new,,paid,completed
2025-07-10,12:00:00,Aubrey Sabino,SWEDISH,JANINE KIMBERLY GARCIA,SABBATH,600,0,480,new,,paid,completed
2025-07-10,12:00:00,Aubrey Sabino,ADDITIONAL 30 MINS,JANINE KIMBERLY GARCIA,SABBATH,300,0,240,new,,paid,completed
2025-07-10,12:00:00,Gerald Dela Cruz,SWEDISH,VIA JOY SANCHEZ,SABBATH,600,0,480,new,,paid,completed
2025-07-10,12:00:00,Gerald Dela Cruz,ADDITIONAL 30 MINS,VIA JOY SANCHEZ,SABBATH,300,0,240,new,,paid,completed
2025-07-10,12:00:00,Duke Samson,SWEDISH,JANINE KIMBERLY GARCIA,SABBATH,600,0,480,new,,paid,completed
2025-07-11,12:00:00,Eric Pan,TRADITIONAL HILOT WITH VENTOSA,VIA JOY SANCHEZ,SABBATH,1500,0,1200,new,,paid,completed
2025-07-11,12:00:00,Razel,"HEAD, BACK & SHOULDER",JENIFFER ANN MANUEL,SABBATH,400,0,320,new,,paid,completed
2025-07-11,12:00:00,Patricia Francia,COMBINATION,VIA JOY SANCHEZ,SABBATH,750,0,600,new,,paid,completed
2025-07-11,12:00:00,Mario Reyes,SWEDISH,JANINE KIMBERLY GARCIA,SABBATH,600,0,480,new,,paid,completed
2025-07-11,12:00:00,Arlene Gonzales,COMBINATION,ASHLEY JANE GARCIA,SABBATH,750,0,600,new,,paid,completed
2025-07-11,12:00:00,Marvin Gonzales,COMBINATION,MARK KENNETH SANCHEZ,SABBATH,750,0,600,new,,paid,completed
2025-07-11,12:00:00,Marvin Gonzales,ADDITIONAL 30 MINS,MARK KENNETH SANCHEZ,SABBATH,300,0,240,new,,paid,completed
2025-07-11,12:00:00,Jocelyn Joson,COMBINATION,JANINE KIMBERLY GARCIA,SABBATH,750,0,600,new,,paid,completed
2025-07-11,12:00:00,Arcy Paula Lising,COMBINATION,VIA JOY SANCHEZ,SABBATH,750,0,600,new,,paid,completed
2025-07-11,12:00:00,Angelina Flores,COMBINATION,JENIFFER ANN MANUEL,SABBATH,750,0,600,new,,paid,completed
2025-07-11,12:00:00,Ola,MANIGEL CUCCIO,EVANGELINE CANONIGO,LE NAILS,450,0,405,new,,paid,completed
2025-07-11,12:00:00,Ola,PEDICURE,EVANGELINE CANONIGO,LE NAILS,200,0,180,new,,paid,completed
2025-07-11,12:00:00,Razel,PACKAGE A,JENIFFER ANN MANUEL,LE NAILS,600,0,540,new,,paid,completed
2025-07-11,12:00:00,Razel,REGULAR POLISH,JENIFFER ANN MANUEL,LE NAILS,50,0,45,new,,paid,completed
2025-07-11,12:00:00,Razel,REGULAR POLISH,JENIFFER ANN MANUEL,LE NAILS,50,0,45,new,,paid,completed
2025-07-11,12:00:00,Chona Sionson,SABBATH SIGNATURE,ASHLEY JANE GARCIA,SABBATH,1000,0,800,new,,paid,completed
2025-07-11,12:00:00,Ma. Janine Chong,SABBATH SIGNATURE,VIA JOY SANCHEZ,SABBATH,1000,0,800,new,,paid,completed
2025-07-11,12:00:00,May Ava Ortega,SWEDISH,ASHLEY JANE GARCIA,SABBATH,600,0,480,new,,paid,completed
2025-07-11,12:00:00,Fe Ortega,SWEDISH,JANINE KIMBERLY GARCIA,SABBATH,600,0,480,new,,paid,completed
2025-07-11,12:00:00,Sam Dela Cruz,SWEDISH,VIA JOY SANCHEZ,SABBATH,600,0,480,new,,paid,completed
2025-07-11,12:00:00,Sam Dela Cruz,SWEDISH,JANINE KIMBERLY GARCIA,SABBATH,600,0,480,new,,paid,completed
2025-07-11,12:00:00,Tenny Bautista,PACKAGE A,EVANGELINE CANONIGO,LE NAILS,600,0,540,new,,paid,completed
2025-07-11,12:00:00,Tenny Bautista,REGULAR POLISH,EVANGELINE CANONIGO,LE NAILS,50,0,45,new,,paid,completed
2025-07-11,12:00:00,Tenny Bautista,REGULAR POLISH,EVANGELINE CANONIGO,LE NAILS,50,0,45,new,,paid,completed
2025-07-11,12:00:00,Tenny Bautista,FOOT SPA,EVANGELINE CANONIGO,LE NAILS,350,0,315,new,,paid,completed
2025-07-11,12:00:00,Tenny Bautista,MANIGEL ORLY,JENIFFER ANN MANUEL,LE NAILS,600,0,540,new,,paid,completed
2025-07-11,12:00:00,Tenny Bautista,FULL SET BASIC NAIL ART,JENIFFER ANN MANUEL,LE NAILS,400,0,360,new,,paid,completed
2025-07-11,12:00:00,Tenny Bautista,HALF LEGS FEMALE,JENIFFER ANN MANUEL,LE NAILS,350,0,315,new,,paid,completed
2025-07-11,12:00:00,Amy,FOOT SPA,EVANGELINE CANONIGO,LE NAILS,350,0,315,new,,paid,completed
2025-07-11,12:00:00,Amy,PEDICURE,EVANGELINE CANONIGO,LE NAILS,200,0,180,new,,paid,completed
2025-07-11,12:00:00,Amy,REGULAR POLISH,EVANGELINE CANONIGO,LE NAILS,50,0,45,new,,paid,completed
2025-07-11,12:00:00,Amy,FOOT MASSAGE,EVANGELINE CANONIGO,LE NAILS,350,0,280,new,,paid,completed
2025-07-11,12:00:00,Amy,PACKAGE A,JENIFFER ANN MANUEL,LE NAILS,600,0,540,new,,paid,completed
2025-07-11,12:00:00,Amy,FOOT MASSAGE,JENIFFER ANN MANUEL,LE NAILS,350,0,280,new,,paid,completed
2025-07-12,12:00:00,Erwin Dilla,COMBINATION W/ HOT STONE,MARK KENNETH SANCHEZ,SABBATH,1250,0,1000,new,,paid,completed
2025-07-12,12:00:00,Bryan Andujar,"HEAD, BACK & SHOULDER",ASHLEY JANE GARCIA,SABBATH,400,0,320,new,,paid,completed
2025-07-12,12:00:00,Cresanto Taleon,"HEAD, BACK & SHOULDER",MARK KENNETH SANCHEZ,SABBATH,400,0,320,new,,paid,completed
2025-07-12,12:00:00,Deborah Cristobal,PREMIUM PRIVATE ROOM,ASHLEY JANE GARCIA,SABBATH,1500,0,1200,new,,paid,completed
2025-07-12,12:00:00,Arnaldo Cristobal,PREMIUM PRIVATE ROOM,JANINE KIMBERLY GARCIA,SABBATH,1500,0,1200,new,,paid,completed
2025-07-12,12:00:00,Deborah Cristobal,SABBATH SIGNATURE,ASHLEY JANE GARCIA,SABBATH,1000,0,800,new,,paid,completed
2025-07-12,12:00:00,Arnaldo Cristobal,SABBATH SIGNATURE,JANINE KIMBERLY GARCIA,SABBATH,1000,0,800,new,,paid,completed
2025-07-12,12:00:00,Fatima,COMBINATION W/ HOT STONE,JANINE KIMBERLY GARCIA,SABBATH,1250,0,1000,new,,paid,completed
2025-07-12,12:00:00,Fatima,PACKAGE B,EVANGELINE CANONIGO,LE NAILS,950,0,855,new,,paid,completed
2025-07-12,12:00:00,Fatima,REGULAR POLISH,EVANGELINE CANONIGO,LE NAILS,50,0,45,new,,paid,completed
2025-07-13,12:00:00,Ferdinand Manuel,COMBINATION,MARK KENNETH SANCHEZ,SABBATH,750,0,600,new,,paid,completed
2025-07-13,12:00:00,Ferdinand Manuel,ADDITIONAL 30 MINS,MARK KENNETH SANCHEZ,SABBATH,300,0,240,new,,paid,completed
2025-07-13,12:00:00,Mary Grace Rivera,COMBINATION,ASHLEY JANE GARCIA,SABBATH,750,0,600,new,,paid,completed
2025-07-13,12:00:00,Plaridel Reyes,SABBATH SIGNATURE,ASHLEY JANE GARCIA,SABBATH,1000,0,800,new,,paid,completed
2025-07-13,12:00:00,Lina Reyes,SABBATH SIGNATURE,JANINE KIMBERLY GARCIA,SABBATH,1000,0,800,new,,paid,completed
2025-07-13,12:00:00,Tes Garcia,SWEDISH,JANINE KIMBERLY GARCIA,SABBATH,600,0,480,new,,paid,completed
2025-07-13,12:00:00,Kyla Garcia,SWEDISH,ASHLEY JANE GARCIA,SABBATH,600,0,480,new,,paid,completed
2025-07-13,12:00:00,Rey Garcia,SWEDISH,MARK KENNETH SANCHEZ,SABBATH,600,0,480,new,,paid,completed
2025-07-13,12:00:00,Shirley Del Rosario,COMBINATION,JANINE KIMBERLY GARCIA,SABBATH,750,0,600,new,,paid,completed
2025-07-13,12:00:00,Juan Paulo Del Rosario,COMBINATION,MARK KENNETH SANCHEZ,SABBATH,750,0,600,new,,paid,completed
2025-07-13,12:00:00,Arianne,PACKAGE A,EVANGELINE CANONIGO,LE NAILS,600,0,540,new,,paid,completed
2025-07-13,12:00:00,Arianne,PACKAGE A,JENIFFER ANN MANUEL,LE NAILS,600,0,540,new,,paid,completed
2025-07-13,12:00:00,Mavel,PEDICURE,EVANGELINE CANONIGO,LE NAILS,200,0,180,new,,paid,completed
2025-07-13,12:00:00,Mavel,REGULAR POLISH,EVANGELINE CANONIGO,LE NAILS,50,0,45,new,,paid,completed
2025-07-13,12:00:00,Mavel,PEDICURE,JENIFFER ANN MANUEL,LE NAILS,200,0,180,new,,paid,completed
2025-07-13,12:00:00,Jolly,PACKAGE F,EVANGELINE CANONIGO,LE NAILS,1250,0,1125,new,,paid,completed
2025-07-13,12:00:00,Jolly,PACKAGE F,JENIFFER ANN MANUEL,LE NAILS,1250,0,1125,new,,paid,completed
2025-07-13,12:00:00,Jolly,NAIL GEL REMOVAL,JENIFFER ANN MANUEL,LE NAILS,150,0,135,new,,paid,completed
2025-07-13,12:00:00,Yumi,SABBATH PACKAGE 1,JANINE KIMBERLY GARCIA,SABBATH,2000,0,1600,new,,paid,completed
2025-07-13,12:00:00,Yumi,SABBATH PACKAGE 1,ASHLEY JANE GARCIA,SABBATH,2000,0,1600,new,,paid,completed
2025-07-14,12:00:00,Kapam,SWEDISH,ASHLEY JANE GARCIA,SABBATH,600,0,480,new,,paid,completed
2025-07-14,12:00:00,Thess,"SABBATH SIGNATURE FOOT, HEAD, NECK & SHOULDER",VIA JOY SANCHEZ,SABBATH,750,0,600,new,,paid,completed
2025-07-14,12:00:00,Thess,"SABBATH SIGNATURE FOOT, HEAD, NECK & SHOULDER",JANINE KIMBERLY GARCIA,SABBATH,750,0,600,new,,paid,completed
2025-07-15,12:00:00,Customer 1,SWEDISH,VIA JOY SANCHEZ,SABBATH,600,0,480,new,,paid,completed
2025-07-15,12:00:00,Ma'am Ruth,SWEDISH,ASHLEY JANE GARCIA,SABBATH,600,0,480,new,,paid,completed
2025-07-15,12:00:00,Jelliane Mae Sacdalan,SABBATH SIGNATURE,VIA JOY SANCHEZ,SABBATH,1000,0,800,new,,paid,completed
2025-07-15,12:00:00,Jelliane Mae Sacdalan,SABBATH SIGNATURE,MARK KENNETH SANCHEZ,SABBATH,1000,0,800,new,,paid,completed
2025-07-15,12:00:00,Mark Domingo,COMBINATION,ASHLEY JANE GARCIA,SABBATH,750,0,600,new,,paid,completed
2025-07-15,12:00:00,Jane Domingo,COMBINATION,MARK KENNETH SANCHEZ,SABBATH,750,0,600,new,,paid,completed
2025-07-15,12:00:00,Melvin,SABBATH SIGNATURE,VIA JOY SANCHEZ,SABBATH,1000,0,800,new,,paid,completed
2025-07-15,12:00:00,Melvin,"SABBATH SIGNATURE FOOT, HEAD, NECK & SHOULDER",MARK KENNETH SANCHEZ,SABBATH,750,0,600,new,,paid,completed
2025-07-15,12:00:00,Melvin,"SABBATH SIGNATURE FOOT, HEAD, NECK & SHOULDER",ASHLEY JANE GARCIA,SABBATH,750,0,600,new,,paid,completed
2025-07-15,12:00:00,Melvin,MANICURE,EVANGELINE CANONIGO,LE NAILS,150,0,135,new,,paid,completed
2025-07-15,12:00:00,Melvin,MANICURE,EVANGELINE CANONIGO,LE NAILS,150,0,135,new,,paid,completed
2025-07-15,12:00:00,Melvin,MANICURE,JENIFFER ANN MANUEL,LE NAILS,150,0,135,new,,paid,completed
2025-07-15,12:00:00,Melvin,PEDICURE,EVANGELINE CANONIGO,LE NAILS,200,0,180,new,,paid,completed
2025-07-15,12:00:00,Melvin,PEDICURE,EVANGELINE CANONIGO,LE NAILS,200,0,180,new,,paid,completed
2025-07-15,12:00:00,Melvin,PEDICURE,JENIFFER ANN MANUEL,LE NAILS,200,0,180,new,,paid,completed
2025-07-15,12:00:00,Melvin,REGULAR POLISH,EVANGELINE CANONIGO,LE NAILS,50,0,45,new,,paid,completed
2025-07-15,12:00:00,Melvin,REGULAR POLISH,EVANGELINE CANONIGO,LE NAILS,50,0,45,new,,paid,completed
2025-07-15,12:00:00,Customer 2,PACKAGE C,JENIFFER ANN MANUEL,LE NAILS,700,0,630,new,,paid,completed
2025-07-15,12:00:00,Customer 2,PACKAGE C,EVANGELINE CANONIGO,LE NAILS,700,0,630,new,,paid,completed
2025-07-15,12:00:00,Customer 2,REGULAR POLISH,JENIFFER ANN MANUEL,LE NAILS,50,0,45,new,,paid,completed
2025-07-15,12:00:00,Customer 2,REGULAR POLISH,EVANGELINE CANONIGO,LE NAILS,50,0,45,new,,paid,completed
2025-07-16,12:00:00,Ralph De Jesus,SWEDISH,MARK KENNETH SANCHEZ,SABBATH,600,0,480,new,,paid,completed
2025-07-16,12:00:00,Ralph De Jesus,SWEDISH,VIA JOY SANCHEZ,SABBATH,600,0,480,new,,paid,completed
2025-07-16,12:00:00,Ruth Samson,COMBINATION,JANINE KIMBERLY GARCIA,SABBATH,750,0,600,new,,paid,completed
2025-07-16,12:00:00,Ann Dalisay,SWEDISH,ASHLEY JANE GARCIA,SABBATH,600,0,480,new,,paid,completed
2025-07-16,12:00:00,Ann Dalisay,SWEDISH,ASHLEY JANE GARCIA,SABBATH,600,0,480,new,,paid,completed
2025-07-16,12:00:00,Gwyneth,COMBINATION,VIA JOY SANCHEZ,SABBATH,750,0,600,new,,paid,completed
2025-07-16,12:00:00,Hazel Lacpamado,COMBINATION,VIA JOY SANCHEZ,SABBATH,750,0,600,new,,paid,completed
2025-07-16,12:00:00,Chester,SABBATH SIGNATURE,MARK KENNETH SANCHEZ,SABBATH,1000,0,800,new,,paid,completed
2025-07-16,12:00:00,Chester,SABBATH SIGNATURE,ASHLEY JANE GARCIA,SABBATH,1000,0,800,new,,paid,completed
2025-07-16,12:00:00,Chester,COMBINATION,JANINE KIMBERLY GARCIA,SABBATH,750,0,600,new,,paid,completed
2025-07-16,12:00:00,Chester,HAND MASSAGE,MARK KENNETH SANCHEZ,SABBATH,0,0,0,new,,paid,completed
2025-07-16,12:00:00,Chester,HAND MASSAGE,JANINE KIMBERLY GARCIA,SABBATH,0,0,0,new,,paid,completed
2025-07-16,12:00:00,Chester,MANICURE,EVANGELINE CANONIGO,LE NAILS,150,150,15,new,,paid,completed
2025-07-16,12:00:00,Chester,REGULAR POLISH,EVANGELINE CANONIGO,LE NAILS,50,0,45,new,,paid,completed
2025-07-16,12:00:00,Leah,SABBATH SIGNATURE,JANINE KIMBERLY GARCIA,SABBATH,1000,0,800,new,,paid,completed
2025-07-16,12:00:00,Leah,SWEDISH,ASHLEY JANE GARCIA,SABBATH,600,0,480,new,,paid,completed
2025-07-17,12:00:00,Vlogger,SABBATH SIGNATURE,JANINE KIMBERLY GARCIA,SABBATH,1000,0,800,new,,paid,completed
2025-07-17,12:00:00,Vlogger,FOOT MASSAGE,JENIFFER ANN MANUEL,LE NAILS,350,210,70,new,,paid,completed
2025-07-17,12:00:00,Vlogger,SOFT GEL REMOVER,JENIFFER ANN MANUEL,LE NAILS,300,180,90,new,,paid,completed
2025-07-17,12:00:00,Vlogger,SOFT GEL REMOVER,JENIFFER ANN MANUEL,LE NAILS,300,180,90,new,,paid,completed
2025-07-17,12:00:00,Vlogger,MANIGEL CUCCIO,JENIFFER ANN MANUEL,LE NAILS,450,270,135,new,,paid,completed
2025-07-17,12:00:00,Vlogger,MANIGEL CUCCIO,JENIFFER ANN MANUEL,LE NAILS,450,270,135,new,,paid,completed
2025-07-17,12:00:00,Glance Cruz,"HEAD, BACK & SHOULDER",VIA JOY SANCHEZ,SABBATH,400,240,80,new,,paid,completed
2025-07-17,12:00:00,Glance Cruz,"HEAD, BACK & SHOULDER",JANINE KIMBERLY GARCIA,SABBATH,400,240,80,new,,paid,completed
2025-07-17,12:00:00,Marielle Valdez,COMBINATION,VIA JOY SANCHEZ,SABBATH,750,0,600,new,,paid,completed
2025-07-17,12:00:00,Marielle Valdez,COMBINATION,JANINE KIMBERLY GARCIA,SABBATH,750,0,600,new,,paid,completed
2025-07-18,12:00:00,Grace Iriola,COMBINATION,ASHLEY JANE GARCIA,SABBATH,750,0,600,new,,paid,completed
2025-07-18,12:00:00,Eric Iriola,COMBINATION,VIA JOY SANCHEZ,SABBATH,750,0,600,new,,paid,completed
2025-07-18,12:00:00,Augustia Iriola,COMBINATION,JANINE KIMBERLY GARCIA,SABBATH,750,0,600,new,,paid,completed
2025-07-18,12:00:00,Arman Lising,SABBATH SIGNATURE,MARK KENNETH SANCHEZ,SABBATH,1000,0,800,new,,paid,completed
2025-07-18,12:00:00,Mercy Lising,SABBATH SIGNATURE,ASHLEY JANE GARCIA,SABBATH,1000,0,800,new,,paid,completed
2025-07-18,12:00:00,Rejielyn,SWEDISH,VIA JOY SANCHEZ,SABBATH,600,0,480,new,,paid,completed
2025-07-18,12:00:00,Florida,SWEDISH,JANINE KIMBERLY GARCIA,SABBATH,600,0,480,new,,paid,completed
2025-07-18,12:00:00,Hannah,SWEDISH,ASHLEY JANE GARCIA,SABBATH,600,0,480,new,,paid,completed
2025-07-18,12:00:00,Ruth Samson,SWEDISH,VIA JOY SANCHEZ,SABBATH,600,0,480,new,,paid,completed
2025-07-18,12:00:00,Duke,SWEDISH,MARK KENNETH SANCHEZ,SABBATH,600,0,480,new,,paid,completed
2025-07-18,12:00:00,Dinno Samson,COMBINATION,VIA JOY SANCHEZ,SABBATH,750,0,600,new,,paid,completed
2025-07-18,12:00:00,Debbie Samson,COMBINATION,ASHLEY JANE GARCIA,SABBATH,750,0,600,new,,paid,completed
2025-07-18,12:00:00,Michael Reyes,SABBATH SIGNATURE,MARK KENNETH SANCHEZ,SABBATH,1000,0,800,new,,paid,completed
2025-07-18,12:00:00,Michael Reyes,SABBATH SIGNATURE,JANINE KIMBERLY GARCIA,SABBATH,1000,0,800,new,,paid,completed
2025-07-18,12:00:00,Millet Ventura,PACKAGE A,JENIFFER ANN MANUEL,LE NAILS,600,0,600,new,,paid,completed
2025-07-18,12:00:00,Millet Ventura,REGULAR POLISH,JENIFFER ANN MANUEL,LE NAILS,50,0,50,new,,paid,completed
2025-07-18,12:00:00,Millet Ventura,REGULAR POLISH,JENIFFER ANN MANUEL,LE NAILS,50,0,50,new,,paid,completed
2025-07-19,12:00:00,Angelo De Leon,SWEDISH,ASHLEY JANE GARCIA,SABBATH,600,0,600,new,,paid,completed
2025-07-19,12:00:00,Angelo De Leon,SWEDISH,ASHLEY JANE GARCIA,SABBATH,600,0,600,new,,paid,completed
2025-07-19,12:00:00,Angelo De Leon,SWEDISH,JANINE KIMBERLY GARCIA,SABBATH,600,0,600,new,,paid,completed
2025-07-19,12:00:00,Angelo De Leon,SWEDISH,JANINE KIMBERLY GARCIA,SABBATH,600,0,600,new,,paid,completed
2025-07-19,12:00:00,Treb Paule,SABBATH SIGNATURE,JANINE KIMBERLY GARCIA,SABBATH,1000,0,1000,new,,paid,completed
2025-07-19,12:00:00,Abbygail Boyles,SABBATH SIGNATURE,VIA JOY SANCHEZ,SABBATH,1000,0,1000,new,,paid,completed
2025-07-19,12:00:00,Seagn,MANICURE,EVANGELINE CANONIGO,LE NAILS,150,0,135,new,,paid,completed
2025-07-19,12:00:00,Seagn,REGULAR POLISH,EVANGELINE CANONIGO,LE NAILS,50,0,45,new,,paid,completed
2025-07-19,12:00:00,Sheryl Degala,SWEDISH,ASHLEY JANE GARCIA,SABBATH,600,0,480,new,,paid,completed
2025-07-19,12:00:00,Sheryl Degala,ADDITIONAL 30 MINS,ASHLEY JANE GARCIA,SABBATH,300,0,240,new,,paid,completed
2025-07-19,12:00:00,Sheryl Degala,SWEDISH,JANINE KIMBERLY GARCIA,SABBATH,600,0,480,new,,paid,completed
2025-07-19,12:00:00,Sheryl Degala,ADDITIONAL 30 MINS,JANINE KIMBERLY GARCIA,SABBATH,300,0,240,new,,paid,completed
2025-07-19,12:00:00,Joel Odi,COMBINATION,VIA JOY SANCHEZ,SABBATH,750,0,600,new,,paid,completed
2025-07-19,12:00:00,Joel Odi,ADDITIONAL 30 MINS,VIA JOY SANCHEZ,SABBATH,300,0,240,new,,paid,completed
2025-07-19,12:00:00,Joel Odi,PACKAGE F,EVANGELINE CANONIGO,LE NAILS,1250,0,1125,new,,paid,completed
2025-07-19,12:00:00,Joel Odi,PEDICURE,JENIFFER ANN MANUEL,LE NAILS,200,0,180,new,,paid,completed
2025-07-19,12:00:00,Joel Odi,NAIL GEL REMOVAL,EVANGELINE CANONIGO,LE NAILS,150,0,135,new,,paid,completed
2025-07-20,12:00:00,Psalm Garcia,SWEDISH,MARK KENNETH SANCHEZ,SABBATH,600,240,240,new,,paid,completed
2025-07-20,12:00:00,Psalm Garcia,FOOT SPA,JENIFFER ANN MANUEL,LE NAILS,350,140,175,new,,paid,completed
2025-07-20,12:00:00,Psalm Garcia,PEDICURE,JENIFFER ANN MANUEL,LE NAILS,200,80,100,new,,paid,completed
2025-07-20,12:00:00,Psalm Garcia,UPPER LIP FEMALE,JENIFFER ANN MANUEL,LE NAILS,100,0,90,new,,paid,completed
2025-07-20,12:00:00,Adrian Del Rosario,TRADITIONAL HILOT WITH VENTOSA,MARK KENNETH SANCHEZ,SABBATH,1500,0,1200,new,,paid,completed
2025-07-20,12:00:00,Treasure,NAIL GEL REMOVAL,EVANGELINE CANONIGO,LE NAILS,150,0,135,new,,paid,completed
2025-07-20,12:00:00,Treasure,FOOT SPA,EVANGELINE CANONIGO,LE NAILS,350,0,315,new,,paid,completed
2025-07-20,12:00:00,Treasure,FOOT SPA,JENIFFER ANN MANUEL,LE NAILS,350,0,315,new,,paid,completed
2025-07-20,12:00:00,Treasure,PEDICURE,EVANGELINE CANONIGO,LE NAILS,200,0,180,new,,paid,completed
2025-07-20,12:00:00,Treasure,PEDICURE,JENIFFER ANN MANUEL,LE NAILS,200,0,180,new,,paid,completed
2025-07-20,12:00:00,Maui Martinez,SABBATH SIGNATURE,VIA JOY SANCHEZ,SABBATH,1000,0,800,new,,paid,completed
2025-07-20,12:00:00,Maui Martinez,"HEAD, BACK & SHOULDER",VIA JOY SANCHEZ,SABBATH,400,0,320,new,,paid,completed
2025-07-20,12:00:00,Cha Magpayo,COMBINATION,VIA JOY SANCHEZ,SABBATH,750,0,600,new,,paid,completed
2025-07-20,12:00:00,Jenica Bernabe,SLIMMING MASSAGE,ASHLEY JANE GARCIA,SABBATH,2000,0,1600,new,,paid,completed
2025-07-20,12:00:00,Jenica Bernabe,"HEAD, BACK & SHOULDER",JANINE KIMBERLY GARCIA,SABBATH,400,0,320,new,,paid,completed
2025-07-20,12:00:00,Cherry Corpuz,SABBATH SIGNATURE,ASHLEY JANE GARCIA,SABBATH,1000,0,800,new,,paid,completed
2025-07-21,12:00:00,Yannah Francine Jim,POST & PRE NATAL W/ LACTATION,JANINE KIMBERLY GARCIA,SABBATH,2000,600,1000,new,,paid,completed
2025-07-21,12:00:00,Jayson Sumagat,SABBATH SIGNATURE,JENIFFER ANN MANUEL,SABBATH,1000,0,800,new,,paid,completed
2025-07-21,12:00:00,Jayson Sumagat,PEDICURE,JENIFFER ANN MANUEL,LE NAILS,200,0,180,new,,paid,completed
2025-07-22,12:00:00,Tracy Poirot,COMBINATION,ASHLEY JANE GARCIA,SABBATH,750,0,600,new,,paid,completed
2025-07-22,12:00:00,Tracy Poirot,COMBINATION,VIA JOY SANCHEZ,SABBATH,750,0,600,new,,paid,completed
2025-07-22,12:00:00,Tracy Poirot,COMBINATION,MARK KENNETH SANCHEZ,SABBATH,750,0,600,new,,paid,completed
2025-07-22,12:00:00,Tracy Poirot,ADDITIONAL 30 MINS,ASHLEY JANE GARCIA,SABBATH,300,0,240,new,,paid,completed
2025-07-22,12:00:00,Tracy Poirot,ADDITIONAL 30 MINS,VIA JOY SANCHEZ,SABBATH,300,0,240,new,,paid,completed
2025-07-22,12:00:00,Tracy Poirot,ADDITIONAL 30 MINS,MARK KENNETH SANCHEZ,SABBATH,300,0,240,new,,paid,completed
2025-07-22,12:00:00,Yumi,PREMIUM PRIVATE ROOM,ASHLEY JANE GARCIA,SABBATH,1500,0,1200,new,,paid,completed
2025-07-22,12:00:00,Yumi,PREMIUM PRIVATE ROOM,JANINE KIMBERLY GARCIA,SABBATH,1500,0,1200,new,,paid,completed
2025-07-22,12:00:00,Yumi,SWEDISH,ASHLEY JANE GARCIA,SABBATH,600,0,480,new,,paid,completed
2025-07-22,12:00:00,Yumi,SWEDISH,JANINE KIMBERLY GARCIA,SABBATH,600,0,480,new,,paid,completed
2025-07-22,12:00:00,Yumi,ADDITIONAL 30 MINS,ASHLEY JANE GARCIA,SABBATH,300,0,240,new,,paid,completed
2025-07-22,12:00:00,Yumi,ADDITIONAL 30 MINS,JANINE KIMBERLY GARCIA,SABBATH,300,0,240,new,,paid,completed
2025-07-23,12:00:00,Lesly,COMBINATION,ASHLEY JANE GARCIA,SABBATH,750,0,600,new,,paid,completed
2025-07-23,12:00:00,Lesly,ADDITIONAL 30 MINS,ASHLEY JANE GARCIA,SABBATH,300,0,240,new,,paid,completed
2025-07-23,12:00:00,Yna Enriquez,SABBATH SIGNATURE,VIA JOY SANCHEZ,SABBATH,1000,0,800,new,,paid,completed
2025-07-23,12:00:00,Yna Enriquez,SABBATH SIGNATURE,MARK KENNETH SANCHEZ,SABBATH,1000,0,800,new,,paid,completed
2025-07-23,12:00:00,Lara Michelle,TRADITIONAL HILOT WITH VENTOSA,ASHLEY JANE GARCIA,SABBATH,1500,0,1200,new,,paid,completed
2025-07-23,12:00:00,Lara Michelle,SWEDISH,JANINE KIMBERLY GARCIA,SABBATH,600,0,480,new,,paid,completed
2025-07-24,12:00:00,Ma'am Gia,COMBINATION,JANINE KIMBERLY GARCIA,SABBATH,750,450,150,new,,paid,completed
2025-07-24,12:00:00,Ma'am Gia,COMBINATION,LEAH PEDROSA,SABBATH,750,450,150,new,,paid,completed
2025-07-24,12:00:00,Ma'am Gia,TRADITIONAL HILOT WITH VENTOSA,JANINE KIMBERLY GARCIA,SABBATH,1500,900,300,new,,paid,completed
2025-07-24,12:00:00,Ma'am Gia,TRADITIONAL HILOT WITH VENTOSA,LEAH PEDROSA,SABBATH,1500,900,300,new,,paid,completed
2025-07-24,12:00:00,Ma'am Gia,AROMATHERAPY OIL WITH HERBAL BALL,VIA JOY SANCHEZ,SABBATH,1000,600,200,new,,paid,completed
2025-07-24,12:00:00,Ma'am Gia,ADDITIONAL 30 MINS,VIA JOY SANCHEZ,SABBATH,300,180,60,new,,paid,completed
2025-07-24,12:00:00,Ma'am Gia,MANIGEL CUCCIO,JENIFFER ANN MANUEL,LE NAILS,450,270,135,new,,paid,completed
2025-07-24,12:00:00,Ma'am Gia,PEDIGEL CUCCIO,JENIFFER ANN MANUEL,LE NAILS,550,330,165,new,,paid,completed
2025-07-24,12:00:00,Ma'am Gia,FULL LEGS FEMALE,JENIFFER ANN MANUEL,LE NAILS,450,270,135,new,,paid,completed
2025-07-24,12:00:00,Maria Kristina,PEDIGEL CUCCIO,JENIFFER ANN MANUEL,LE NAILS,550,0,495,new,,paid,completed
2025-07-24,12:00:00,Maria Kristina,MANIGEL CUCCIO,JENIFFER ANN MANUEL,LE NAILS,450,0,405,new,,paid,completed
2025-07-25,12:00:00,Yumi,SHIATSU,ASHLEY JANE GARCIA,SABBATH,600,0,480,new,,paid,completed
2025-07-25,12:00:00,Yumi,COMBINATION,JESTINE,SABBATH,750,0,600,new,,paid,completed
2025-07-25,12:00:00,Yumi,POST & PRE NATAL W/ LACTATION,VIA JOY SANCHEZ,SABBATH,2000,0,1600,new,,paid,completed
2025-07-25,12:00:00,Yumi,ADDITIONAL 30 MINS,ASHLEY JANE GARCIA,SABBATH,300,0,240,new,,paid,completed
2025-07-25,12:00:00,Yumi,ADDITIONAL 30 MINS,JESTINE,SABBATH,300,0,240,new,,paid,completed
2025-07-25,12:00:00,Yumi,ADDITIONAL 30 MINS,VIA JOY SANCHEZ,SABBATH,300,0,240,new,,paid,completed
2025-07-25,12:00:00,Ernesto Villafuerte,COMBINATION,MARK KENNETH SANCHEZ,SABBATH,750,0,600,new,,paid,completed
2025-07-25,12:00:00,Ernesto Villafuerte,ADDITIONAL 30 MINS,MARK KENNETH SANCHEZ,SABBATH,300,0,240,new,,paid,completed
2025-07-25,12:00:00,Karla,TRADITIONAL HILOT WITH VENTOSA,ASHLEY JANE GARCIA,SABBATH,1500,0,1200,new,,paid,completed
2025-07-26,12:00:00,Alyssa Litimco,COMBINATION,ASHLEY JANE GARCIA,SABBATH,750,0,600,new,,paid,completed
2025-07-26,12:00:00,Alyssa Litimco,ADDITIONAL 30 MINS,ASHLEY JANE GARCIA,SABBATH,300,0,240,new,,paid,completed
2025-07-26,12:00:00,Alyssa Litimco,SABBATH SIGNATURE,LAARNI CAPARAS,SABBATH,1000,0,800,new,,paid,completed
2025-07-26,12:00:00,Joyce Santiago,COMBINATION,VIA JOY SANCHEZ,SABBATH,750,0,750,new,,paid,completed
2025-07-26,12:00:00,Joyce Santiago,COMBINATION,MARK KENNETH SANCHEZ,SABBATH,750,0,750,new,,paid,completed
2025-07-26,12:00:00,Teddy Cruz,TRADITIONAL HILOT WITH VENTOSA,MARK KENNETH SANCHEZ,SABBATH,1500,0,1500,new,,paid,completed
2025-07-26,12:00:00,Teddy Cruz,TRADITIONAL HILOT WITH VENTOSA,VIA JOY SANCHEZ,SABBATH,1500,600,900,new,,paid,completed
2025-07-26,12:00:00,Teddy Cruz,PEDICURE,EVANGELINE CANONIGO,LE NAILS,200,0,200,new,,paid,completed
2025-07-26,12:00:00,Teddy Cruz,PEDICURE,JENIFFER ANN MANUEL,LE NAILS,200,0,200,new,,paid,completed
2025-07-26,12:00:00,Trixie Sta Cruz,SABBATH SIGNATURE,LAARNI CAPARAS,SABBATH,1000,0,1000,new,,paid,completed
2025-07-26,12:00:00,Chloe Magsakay,PACKAGE C,,LE NAILS,700,0,700,new,,paid,completed
2025-07-26,12:00:00,Chloe Magsakay,PACKAGE C,,LE NAILS,700,0,700,new,,paid,completed
2025-07-26,12:00:00,Chloe Magsakay,REGULAR POLISH,,LE NAILS,50,0,50,new,,paid,completed
2025-07-26,12:00:00,Chloe Magsakay,FOOT SPA,,LE NAILS,350,0,350,new,,paid,completed
2025-07-26,12:00:00,Chloe Magsakay,FOOT SPA,,LE NAILS,350,0,350,new,,paid,completed
2025-07-26,12:00:00,Chloe Magsakay,PEDICURE,,LE NAILS,200,0,200,new,,paid,completed
2025-07-26,12:00:00,Chloe Magsakay,PEDICURE,,LE NAILS,200,0,200,new,,paid,completed
2025-07-27,12:00:00,Raddy,MANICURE,EVANGELINE CANONIGO,LE NAILS,150,0,150,new,,paid,completed
2025-07-27,12:00:00,Raddy,PEDICURE,EVANGELINE CANONIGO,LE NAILS,200,0,200,new,,paid,completed
2025-07-27,12:00:00,Raddy,SWEDISH,ASHLEY JANE GARCIA,SABBATH,600,0,600,new,,paid,completed
2025-07-27,12:00:00,Mikhail Cruz,COMBINATION,JESTINE,SABBATH,750,0,750,new,,paid,completed
2025-07-27,12:00:00,Mikhail Cruz,COMBINATION,LEAH PEDROSA,SABBATH,750,0,750,new,,paid,completed
2025-07-27,12:00:00,Mikhail Cruz,ADDITIONAL 30 MINS,JESTINE,SABBATH,300,0,300,new,,paid,completed
2025-07-27,12:00:00,Mikhail Cruz,ADDITIONAL 30 MINS,LEAH PEDROSA,SABBATH,300,0,300,new,,paid,completed
2025-07-27,12:00:00,Donz Garcia,COMBINATION,LEAH PEDROSA,SABBATH,750,0,750,new,,paid,completed
2025-07-27,12:00:00,Donz Garcia,COMBINATION,MARK KENNETH SANCHEZ,SABBATH,750,0,750,new,,paid,completed
2025-07-27,12:00:00,Donz Garcia,ADDITIONAL 30 MINS,LEAH PEDROSA,SABBATH,300,0,300,new,,paid,completed
2025-07-27,12:00:00,Donz Garcia,ADDITIONAL 30 MINS,MARK KENNETH SANCHEZ,SABBATH,300,0,300,new,,paid,completed
2025-07-27,12:00:00,Cel Tayao,COMBINATION,JESTINE,SABBATH,750,0,750,new,,paid,completed
2025-07-27,12:00:00,Cel Tayao,COMBINATION,ASHLEY JANE GARCIA,SABBATH,750,0,750,new,,paid,completed
2025-07-27,12:00:00,Cel Tayao,ADDITIONAL 30 MINS,JESTINE,SABBATH,300,0,300,new,,paid,completed
2025-07-27,12:00:00,Cel Tayao,ADDITIONAL 30 MINS,ASHLEY JANE GARCIA,SABBATH,300,0,300,new,,paid,completed
2025-07-27,12:00:00,Christian Adriano,SWEDISH,MARK KENNETH SANCHEZ,SABBATH,600,0,600,new,,paid,completed
2025-07-27,12:00:00,Christian Adriano,PACKAGE C,EVANGELINE CANONIGO,LE NAILS,700,0,700,new,,paid,completed
2025-07-27,12:00:00,Robert Cruz,SWEDISH,VIA JOY SANCHEZ,SABBATH,600,0,600,new,,paid,completed
2025-07-27,12:00:00,Armie Cruz,SWEDISH,LAARNI CAPARAS,SABBATH,600,0,600,new,,paid,completed
2025-07-27,12:00:00,Giselle Dela Cruz,SWEDISH,LAARNI CAPARAS,SABBATH,600,0,600,new,,paid,completed
2025-07-27,12:00:00,Gem Dela Cruz,SWEDISH,VIA JOY SANCHEZ,SABBATH,600,0,600,new,,paid,completed
2025-07-28,12:00:00,Ramon Sarte,COMBINATION,VIA JOY SANCHEZ,SABBATH,750,0,750,new,,paid,completed
2025-07-28,12:00:00,Ramon Sarte,COMBINATION,ASHLEY JANE GARCIA,SABBATH,750,0,750,new,,paid,completed
2025-07-28,12:00:00,Engr CJ,SWEDISH,MARK KENNETH SANCHEZ,SABBATH,600,0,600,new,,paid,completed
2025-07-28,12:00:00,Joy Samonte,COMBINATION W/ HOT STONE,LEAH PEDROSA,SABBATH,1250,0,1250,new,,paid,completed
2025-07-28,12:00:00,Severina Pascual,SABBATH SIGNATURE,LAARNI CAPARAS,SABBATH,1000,0,1000,new,,paid,completed
2025-07-28,12:00:00,Severina Pascual,SABBATH SIGNATURE,VIA JOY SANCHEZ,SABBATH,1000,0,1000,new,,paid,completed
2025-07-28,12:00:00,Severina Pascual,SABBATH SIGNATURE,ASHLEY JANE GARCIA,SABBATH,1000,0,1000,new,,paid,completed
2025-07-28,12:00:00,Rhea Baltazar,"SABBATH SIGNATURE FOOT, HEAD, NECK & SHOULDER",JANINE KIMBERLY GARCIA,SABBATH,750,0,750,new,,paid,completed
2025-07-28,12:00:00,Rhea Baltazar,"SABBATH SIGNATURE FOOT, HEAD, NECK & SHOULDER",VIA JOY SANCHEZ,SABBATH,750,0,750,new,,paid,completed
2025-07-28,12:00:00,Rhea Baltazar,COMBINATION,ASHLEY JANE GARCIA,SABBATH,750,0,750,new,,paid,completed
2025-07-28,12:00:00,Rhea Baltazar,PEDICURE,EVANGELINE CANONIGO,LE NAILS,200,0,200,new,,paid,completed
2025-07-28,12:00:00,Rhea Baltazar,REGULAR POLISH,EVANGELINE CANONIGO,LE NAILS,50,0,50,new,,paid,completed
2025-07-28,12:00:00,Bing Lizarondo,SWEDISH,LEAH PEDROSA,SABBATH,600,0,600,new,,paid,completed
2025-07-28,12:00:00,Bing Lizarondo,COMBINATION W/ HOT STONE,JESTINE,SABBATH,1250,0,1250,new,,paid,completed
2025-07-28,12:00:00,Dhoris Fuster,SABBATH SIGNATURE,JESTINE,SABBATH,1000,0,1000,new,,paid,completed
2025-07-29,12:00:00,Jepay Espiritu,COMBINATION,LEAH PEDROSA,SABBATH,750,0,750,new,,paid,completed
2025-07-29,12:00:00,Jepay Espiritu,COMBINATION,VIA JOY SANCHEZ,SABBATH,750,0,750,new,,paid,completed
2025-07-29,12:00:00,Kim Jericho De Guzman,COMBINATION,MARK KENNETH SANCHEZ,SABBATH,750,0,750,new,,paid,completed
2025-07-29,12:00:00,Fatima Cruz,COMBINATION W/ HOT STONE,JANINE KIMBERLY GARCIA,SABBATH,1250,0,1250,new,,paid,completed
2025-07-29,12:00:00,Fatima Cruz,HALF LEGS FEMALE,JENIFFER ANN MANUEL,LE NAILS,350,0,350,new,,paid,completed
2025-07-29,12:00:00,Fatima Cruz,PACKAGE B,EVANGELINE CANONIGO,LE NAILS,950,0,950,new,,paid,completed
2025-07-29,12:00:00,Fatima Cruz,REGULAR POLISH,EVANGELINE CANONIGO,LE NAILS,50,0,50,new,,paid,completed
2025-07-29,12:00:00,Robert Cruz,SABBATH SIGNATURE,LEAH PEDROSA,SABBATH,1000,600,400,new,,paid,completed
2025-07-29,12:00:00,Robert Cruz,MANICURE,JENIFFER ANN MANUEL,LE NAILS,150,15,135,new,,paid,completed
2025-07-29,12:00:00,Robert Cruz,PEDICURE,JENIFFER ANN MANUEL,LE NAILS,200,20,180,new,,paid,completed
2025-07-29,12:00:00,Mario Reyes,SWEDISH,JANINE KIMBERLY GARCIA,SABBATH,600,0,600,new,,paid,completed
2025-07-29,12:00:00,Mercy Lising,TRADITIONAL HILOT WITH VENTOSA,MARK KENNETH SANCHEZ,SABBATH,1500,0,1500,new,,paid,completed
2025-07-29,12:00:00,Mercy Lising,TRADITIONAL HILOT WITH VENTOSA,ASHLEY JANE GARCIA,SABBATH,1500,0,1500,new,,paid,completed
2025-07-29,12:00:00,Mercy Lising,PACKAGE A,EVANGELINE CANONIGO,LE NAILS,600,0,600,new,,paid,completed
2025-07-29,12:00:00,Mercy Lising,REGULAR POLISH,EVANGELINE CANONIGO,LE NAILS,50,0,50,new,,paid,completed
2025-07-29,12:00:00,Mercy Lising,PACKAGE A,JENIFFER ANN MANUEL,LE NAILS,600,0,600,new,,paid,completed
2025-07-30,12:00:00,Sheryl Alonzo,SWEDISH,LAARNI CAPARAS,SABBATH,600,240,360,new,,paid,completed
2025-07-30,12:00:00,Sheryl Alonzo,SWEDISH,JANINE KIMBERLY GARCIA,SABBATH,600,240,360,new,,paid,completed
2025-07-30,12:00:00,Sheryl Alonzo,SWEDISH,LEAH PEDROSA,SABBATH,600,240,360,new,,paid,completed
2025-07-30,12:00:00,Kristian,PREMIUM PRIVATE ROOM,LEAH PEDROSA,SABBATH,1500,0,1500,new,,paid,completed
2025-07-30,12:00:00,Kristian,PREMIUM PRIVATE ROOM,ASHLEY JANE GARCIA,SABBATH,1500,0,1500,new,,paid,completed
2025-07-30,12:00:00,Kristian,COMBINATION,LEAH PEDROSA,SABBATH,750,0,750,new,,paid,completed
2025-07-30,12:00:00,Kristian,COMBINATION,ASHLEY JANE GARCIA,SABBATH,750,0,750,new,,paid,completed
2025-07-30,12:00:00,Kristian,ADDITIONAL 30 MINS,LEAH PEDROSA,SABBATH,300,0,300,new,,paid,completed
2025-07-30,12:00:00,Kristian,ADDITIONAL 30 MINS,ASHLEY JANE GARCIA,SABBATH,300,0,300,new,,paid,completed
2025-07-30,12:00:00,James Maglalang,COMBINATION,ASHLEY JANE GARCIA,SABBATH,750,0,750,new,,paid,completed
2025-07-30,12:00:00,James Maglalang,COMBINATION,VIA JOY SANCHEZ,SABBATH,750,0,750,new,,paid,completed
2025-07-30,12:00:00,James Maglalang,COMBINATION,JESTINE,SABBATH,750,0,750,new,,paid,completed
2025-07-30,12:00:00,Janis Lumagui,SABBATH FOOT REFLEX,VIA JOY SANCHEZ,SABBATH,600,0,600,new,,paid,completed
2025-07-30,12:00:00,Janis Lumagui,SWEDISH,VIA JOY SANCHEZ,SABBATH,600,0,600,new,,paid,completed
2025-07-30,12:00:00,Joyce Pondang,SABBATH FOOT REFLEX,JANINE KIMBERLY GARCIA,SABBATH,600,0,600,new,,paid,completed
2025-07-30,12:00:00,Joyce Pondang,SWEDISH,JANINE KIMBERLY GARCIA,SABBATH,600,0,600,new,,paid,completed
2025-07-30,12:00:00,Jasmin Manalili,SABBATH THAI SIGNATURE (90 mins),LAARNI CAPARAS,SABBATH,1000,0,1000,new,,paid,completed
2025-07-30,12:00:00,Mabel Talusan,COMBINATION,JESTINE TANELON,SABBATH,750,0,750,new,,paid,completed
2025-07-30,12:00:00,Joyce Pondang,PEDICURE,JENIFFER ANN MANUEL,LE NAILS,200,20,180,new,Platinum,paid,completed
2025-07-30,12:00:00,Joyce Pondang,REGULAR POLISH,JENIFFER ANN MANUEL,LE NAILS,50,5,45,new,Platinum,paid,completed
2025-07-30,12:00:00,Janis Lumagui,PEDICURE,EVANGELINE CANONIGO,LE NAILS,200,20,180,new,Vip,paid,completed
2025-07-30,12:00:00,Janis Lumagui,REGULAR POLISH,EVANGELINE CANONIGO,LE NAILS,50,5,45,new,Vip,paid,completed
2025-07-30,12:00:00,Jasmin Manalili,MANICURE,EVANGELINE CANONIGO,LE NAILS,150,0,150,new,,paid,completed
2025-07-30,12:00:00,Jasmin Manalili,PEDICURE,EVANGELINE CANONIGO,LE NAILS,200,0,200,new,,paid,completed
2025-07-30,12:00:00,Jasmin Manalili,REGULAR POLISH,EVANGELINE CANONIGO,LE NAILS,50,0,50,new,,paid,completed
2025-07-30,12:00:00,Jasmin Manalili,REGULAR POLISH,EVANGELINE CANONIGO,LE NAILS,50,0,50,new,,paid,completed
2025-07-31,12:00:00,Miles,SWEDISH,JANINE KIMBERLY GARCIA,SABBATH,600,0,600,new,,paid,completed
2025-07-31,12:00:00,Miles,ADDITIONAL 30 MINS,JANINE KIMBERLY GARCIA,SABBATH,300,0,300,new,,paid,completed
2025-07-31,12:00:00,Mary Elaine Espela,SABBATH PACKAGE 1,LAARNI CAPARAS,SABBATH,2000,0,2000,new,,paid,completed
2025-07-31,12:00:00,Maria Angelica Santos,SHIATSU,LEAH PEDROSA,SABBATH,0,0,0,new,,paid,completed
2025-07-31,12:00:00,Maria Angelica Santos,SHIATSU,JESTINE TANELON,SABBATH,0,0,0,new,,paid,completed
2025-07-31,12:00:00,Maria Angelica Santos,SHOWER,,SABBATH,200,0,200,new,,paid,completed
2025-07-31,12:00:00,Amee Bautista,SWEDISH,VIA JOY SANCHEZ,SABBATH,600,0,600,new,,paid,completed
2025-07-31,12:00:00,Amee Bautista,SWEDISH,LEAH PEDROSA,SABBATH,600,0,600,new,,paid,completed
2025-07-31,12:00:00,Mhik,SWEDISH,JANINE KIMBERLY GARCIA,SABBATH,600,0,600,new,,paid,completed
2025-07-31,12:00:00,Mhik,SWEDISH,JENIFFER ANN MANUEL,SABBATH,600,0,600,new,,paid,completed
2025-07-31,12:00:00,Shirley Del Rosario,SWEDISH,JESTINE TANELON,SABBATH,600,0,600,new,,paid,completed
2025-07-31,12:00:00,Shirley Del Rosario,SWEDISH,LEAH PEDROSA,SABBATH,600,0,600,new,,paid,completed
2025-07-31,12:00:00,Shirley Del Rosario,GROWTH,LAARNI CAPARAS,SABBATH,500,0,500,new,,paid,completed
2025-07-31,12:00:00,Dahlia Delos Reyes,COMBINATION,VIA JOY SANCHEZ,SABBATH,0,0,0,new,,paid,completed
2025-07-31,12:00:00,DAhlia Delos Reyes,COMBINATION,JANINE KIMBERLY GARCIA,SABBATH,0,0,0,new,,paid,completed
2025-07-31,12:00:00,Lorenz,SABBATH SIGNATURE,JESTINE TANELON,SABBATH,1000,0,1000,new,,paid,completed
2025-07-31,12:00:00,Aboitiz Power Corporation,FOOT SPA,VIA JOY SANCHEZ,LE NAILS,0,0,0,new,,paid,completed
2025-08-01,12:00:00,Ann Dalisay,SWEDISH,ASHLEY JANE GARCIA,SABBATH,600,0,480,returning,,paid,completed
2025-08-01,12:00:00,Ann Dalisay,SWEDISH,ASHLEY JANE GARCIA,SABBATH,600,0,480,returning,,paid,completed
2025-08-01,12:00:00,Ezra Joson,SWEDISH,ASHLEY JANE GARCIA,SABBATH,600,0,480,returning,,paid,completed
2025-08-01,12:00:00,Clarence Moratal,SWEDISH,VIA JOY SANCHEZ,SABBATH,600,0,480,returning,,paid,completed
2025-08-01,12:00:00,Jefferson Zacarias,COMBINATION,JESTINE TANELON,SABBATH,0,0,0,new,,paid,completed
2025-08-01,12:00:00,Karen Zacarias,COMBINATION,LEAH PEDROSA,SABBATH,0,0,0,new,,paid,completed
2025-08-01,12:00:00,Mark Domingo,"SABBATH SIGNATURE FOOT, HEAD, NECK & SHOULDER",MARK KENNETH SANCHEZ,SABBATH,750,0,600,returning,,paid,completed
2025-08-01,12:00:00,Jane Domingo,COMBINATION,JANINE KIMBERLY GARCIA,SABBATH,0,0,0,returning,,paid,completed
2025-08-01,12:00:00,Gina Tan,SWEDISH,ASHLEY JANE GARCIA,SABBATH,600,0,480,returning,,paid,completed
2025-08-01,12:00:00,Vic Noriega,SWEDISH,JANINE KIMBERLY GARCIA,SABBATH,600,120,360,returning,,paid,completed
2025-08-01,12:00:00,Gina Tan,ADDITIONAL 30 MINS,ASHLEY JANE GARCIA,SABBATH,300,60,180,returning,,paid,completed
2025-08-01,12:00:00,Vic Noriega,ADDITIONAL 30 MINS,JANINE KIMBERLY GARCIA,SABBATH,300,0,240,returning,,paid,completed
2025-08-01,12:00:00,Kelvin Manalo,COMBINATION,LEAH PEDROSA,SABBATH,0,0,0,new,,paid,completed
2025-08-01,12:00:00,Cath,COMBINATION,VIA JOY SANCHEZ,SABBATH,0,0,0,new,,paid,completed
2025-08-01,12:00:00,Bryan,COMBINATION,MARK KENNETH SANCHEZ,SABBATH,0,0,0,new,,paid,completed
2025-08-01,12:00:00,Bryan,ADDITIONAL 30 MINS,MARK KENNETH SANCHEZ,SABBATH,300,0,240,new,,paid,completed
2025-08-01,12:00:00,Janica Fuentes,SWEDISH,JESTINE TANELON,SABBATH,600,0,480,new,,paid,completed
2025-08-01,12:00:00,Steve Santos,SWEDISH,LAARNI CAPARAS,SABBATH,600,0,480,new,,paid,completed
2025-08-01,12:00:00,Cel Tayao,COMBINATION,ASHLEY JANE GARCIA,SABBATH,0,0,0,returning,,paid,completed
2025-08-01,12:00:00,Cel Tayao,ADDITIONAL 30 MINS,ASHLEY JANE GARCIA,SABBATH,300,0,240,returning,,paid,completed
2025-08-01,12:00:00,Patrick Potenciano,COMBINATION,JANINE KIMBERLY GARCIA,SABBATH,0,0,0,returning,,paid,completed
2025-08-01,12:00:00,Patrick Potenciano,ADDITIONAL 30 MINS,JANINE KIMBERLY GARCIA,SABBATH,300,0,240,returning,,paid,completed
2025-08-01,12:00:00,Alyssa Violago,COMBINATION,VIA JOY SANCHEZ,SABBATH,0,0,0,new,,paid,completed
2025-08-01,12:00:00,Vincent Violago,COMBINATION,MARK KENNETH SANCHEZ,SABBATH,0,0,0,new,,paid,completed
2025-08-01,12:00:00,Millet Ventura,PACKAGE A,JENIFFER ANN MANUEL,LE NAILS,0,0,0,returning,,paid,completed
2025-08-01,12:00:00,Millet Ventura,REGULAR POLISH,JENIFFER ANN MANUEL,LE NAILS,0,0,0,returning,,paid,completed
2025-08-01,12:00:00,Millet Ventura,REGULAR POLISH,JENIFFER ANN MANUEL,LE NAILS,0,0,0,returning,,paid,completed
2025-08-02,12:00:00,Manilyn Sanchez,PREMIUM PRIVATE ROOM,LEAH PEDROSA,SABBATH,1500,0,1200,returning,,paid,completed
2025-08-02,12:00:00,Michael Reyes,PREMIUM PRIVATE ROOM,JESTINE TANELON,SABBATH,1500,0,1200,returning,,paid,completed
2025-08-02,12:00:00,Manilyn Sanchez,COMBINATION,LEAH PEDROSA,SABBATH,0,0,0,returning,,paid,completed
2025-08-02,12:00:00,Michael Reyes,COMBINATION,JESTINE TANELON,SABBATH,0,0,0,returning,,paid,completed
2025-08-02,12:00:00,Kc Magsakay,COMBINATION,VIA JOY SANCHEZ,SABBATH,0,0,0,new,,paid,completed
2025-08-02,12:00:00,Alena Valenzuela,COMBINATION,JANINE KIMBERLY GARCIA,SABBATH,0,0,0,new,,paid,completed
2025-08-02,12:00:00,Alliana Macalino,SWEDISH,LAARNI CAPARAS,SABBATH,600,0,480,new,,paid,completed
2025-08-02,12:00:00,Normel Sanchez,SWEDISH,MARK KENNETH SANCHEZ,SABBATH,600,0,480,new,,paid,completed
2025-08-02,12:00:00,Donna Batongbakal,SWEDISH,JANINE KIMBERLY GARCIA,SABBATH,600,0,480,new,,paid,completed
2025-08-02,12:00:00,May Anarcon,SWEDISH,ASHLEY JANE GARCIA,SABBATH,600,0,480,new,,paid,completed
2025-08-02,12:00:00,Guia Lazaro Coleman,SWEDISH,VIA JOY SANCHEZ,SABBATH,600,0,480,new,,paid,completed
2025-08-02,12:00:00,Boots Dionisio,SWEDISH,LAARNI CAPARAS,SABBATH,600,0,480,returning,,paid,completed
2025-08-02,12:00:00,Rexie Enriquez,SWEDISH,LEAH PEDROSA,SABBATH,600,0,480,new,,paid,completed
2025-08-02,12:00:00,Daniel Enriquez,SWEDISH,MARK KENNETH SANCHEZ,SABBATH,600,0,480,new,,paid,completed
2025-08-02,12:00:00,Dainty Enriquez,SWEDISH,JESTINE TANELON,SABBATH,600,0,480,new,,paid,completed
2025-08-02,12:00:00,Denise Enriquez,SWEDISH,ASHLEY JANE GARCIA,SABBATH,600,0,480,new,,paid,completed
2025-08-02,12:00:00,Dorothy Caballero,SWEDISH,LAARNI CAPARAS,SABBATH,600,0,480,new,,paid,completed
2025-08-02,12:00:00,Maria Richle Guansing,"HEAD, BACK & SHOULDER",LEAH PEDROSA,SABBATH,400,0,320,new,,paid,completed
2025-08-02,12:00:00,Catherine Capili,COMBINATION,JESTINE TANELON,SABBATH,0,0,0,new,,paid,completed
2025-08-02,12:00:00,Jennifer Sarte,COMBINATION,JANINE KIMBERLY GARCIA,SABBATH,0,0,0,new,,paid,completed
2025-08-02,12:00:00,Cecile Samonte,COMBINATION,VIA JOY SANCHEZ,SABBATH,0,0,0,new,,paid,completed
2025-08-02,12:00:00,Rommel Castro,SWEDISH,MARK KENNETH SANCHEZ,SABBATH,600,0,480,new,,paid,completed
2025-08-02,12:00:00,Joy Eugenio,SWEDISH,ASHLEY JANE GARCIA,SABBATH,600,0,480,new,,paid,completed
2025-08-02,12:00:00,Jovie Ann Roque,SWEDISH,LAARNI CAPARAS,SABBATH,600,0,480,new,,paid,completed
2025-08-02,12:00:00,Reynalyn Loyola,TRADITIONAL HILOT WITH VENTOSA,JESTINE TANELON,SABBATH,1500,0,1200,new,,paid,completed
2025-08-02,12:00:00,Irma Lagman,SWEDISH,LEAH PEDROSA,SABBATH,600,0,480,new,,paid,completed
2025-08-02,12:00:00,Kaiya Tungplan,GROWTH,ASHLEY JANE GARCIA,SABBATH,500,0,400,new,,paid,completed
2025-08-02,12:00:00,Elvie Castisimo,COMBINATION,JANINE KIMBERLY GARCIA,SABBATH,0,0,0,new,,paid,completed
2025-08-02,12:00:00,Rovie Grace,COMBINATION,VIA JOY SANCHEZ,SABBATH,0,0,0,new,,paid,completed
2025-08-02,12:00:00,Dra Jocelyn Tamayo,COMBINATION,JESTINE TANELON,SABBATH,0,0,0,new,,paid,completed
2025-08-02,12:00:00,Marck Estrella,SABBATH FOOT REFLEX,LEAH PEDROSA,SABBATH,600,0,480,new,,paid,completed
2025-08-02,12:00:00,Jenny Ang,SABBATH FOOT REFLEX,VIA JOY SANCHEZ,SABBATH,600,0,480,new,,paid,completed
2025-08-02,12:00:00,Ralph De Jesus,SWEDISH,MARK KENNETH SANCHEZ,SABBATH,600,0,480,new,,paid,completed
2025-08-02,12:00:00,Charlene De Jesus,SWEDISH,JANINE KIMBERLY GARCIA,SABBATH,600,0,480,new,,paid,completed
2025-08-02,12:00:00,Rovie Grace,PACKAGE A,EVANGELINE CANONIGO,LE NAILS,0,0,0,new,,paid,completed
2025-08-02,12:00:00,Rovie Grace,REGULAR POLISH,EVANGELINE CANONIGO,LE NAILS,0,0,0,new,,paid,completed
2025-08-02,12:00:00,Rovie Grace,REGULAR POLISH,EVANGELINE CANONIGO,LE NAILS,0,0,0,new,,paid,completed
2025-08-02,12:00:00,Rovie Grace,PACKAGE B,JENIFFER ANN MANUEL,LE NAILS,950,0,855,new,,paid,completed
2025-08-02,12:00:00,Michael Reyes,MANIGEL ORLY,JENIFFER ANN MANUEL,LE NAILS,600,0,540,returning,,paid,completed
2025-08-02,12:00:00,Michael Reyes,PEDIGEL ORLY,JENIFFER ANN MANUEL,LE NAILS,700,0,630,returning,,paid,completed
2025-08-02,12:00:00,Boots Dionisio,MANICURE,EVANGELINE CANONIGO,LE NAILS,150,0,135,returning,,paid,completed
2025-08-02,12:00:00,Boots Dionisio,PEDICURE,EVANGELINE CANONIGO,LE NAILS,200,0,180,returning,,paid,completed
2025-08-02,12:00:00,Boots Dionisio,REGULAR POLISH,EVANGELINE CANONIGO,LE NAILS,0,0,0,returning,,paid,completed
2025-08-02,12:00:00,Boots Dionisio,PACKAGE A,JENIFFER ANN MANUEL,LE NAILS,0,0,0,returning,,paid,completed
2025-08-02,12:00:00,Boots Dionisio,SOFT GEL REMOVER,JENIFFER ANN MANUEL,LE NAILS,300,0,270,returning,,paid,completed
2025-08-02,12:00:00,Boots Dionisio,REGULAR POLISH,JENIFFER ANN MANUEL,LE NAILS,0,0,0,returning,,paid,completed
2025-08-02,12:00:00,Boots Dionisio,REGULAR POLISH,JENIFFER ANN MANUEL,LE NAILS,0,0,0,returning,,paid,completed
2025-08-02,12:00:00,Boots Dionisio,PACKAGE A,JENIFFER ANN MANUEL,LE NAILS,0,0,0,returning,,paid,completed
2025-08-02,12:00:00,Boots Dionisio,REGULAR POLISH,JENIFFER ANN MANUEL,LE NAILS,0,0,0,returning,,paid,completed
2025-08-02,12:00:00,Boots Dionisio,PACKAGE A,EVANGELINE CANONIGO,LE NAILS,0,0,0,returning,,paid,completed
2025-08-02,12:00:00,Boots Dionisio,REGULAR POLISH,EVANGELINE CANONIGO,LE NAILS,0,0,0,returning,,paid,completed
2025-08-02,12:00:00,Boots Dionisio,REGULAR POLISH,EVANGELINE CANONIGO,LE NAILS,0,0,0,returning,,paid,completed
2025-08-02,12:00:00,Avy,MANIGEL ORLY,EVANGELINE CANONIGO,LE NAILS,600,0,540,new,,paid,completed
2025-08-02,12:00:00,Avy,SOFT GEL REMOVER,EVANGELINE CANONIGO,LE NAILS,300,0,270,new,,paid,completed
2025-08-02,12:00:00,Alliana Macalino,PEDICURE,JENIFFER ANN MANUEL,LE NAILS,200,0,180,new,,paid,completed
2025-08-02,12:00:00,Alliana Macalino,REGULAR POLISH,JENIFFER ANN MANUEL,LE NAILS,0,0,0,new,,paid,completed
2025-08-02,12:00:00,Jhoana,SOFT GEL NAIL EXTENSION,EVANGELINE CANONIGO,LE NAILS,800,0,720,new,,paid,completed
2025-08-02,12:00:00,Jhoana,FOOT SPA,EVANGELINE CANONIGO,LE NAILS,0,0,0,new,,paid,completed
2025-08-02,12:00:00,Jhoana,PEDIGEL ORLY,EVANGELINE CANONIGO,LE NAILS,700,0,630,new,,paid,completed
2025-08-03,12:00:00,Trisha Vitug,PREMIUM PRIVATE ROOM,JESTINE TANELON,SABBATH,1500,0,1200,new,,paid,completed
2025-08-03,12:00:00,Trisha Vitug,SABBATH PACKAGE 1,ASHLEY JANE GARCIA,SABBATH,2000,0,1600,new,,paid,completed
2025-08-03,12:00:00,Trisha Vitug,COMBINATION,JESTINE TANELON,SABBATH,0,0,0,new,,paid,completed
2025-08-03,12:00:00,Joshua Dave Ramos,COMBINATION,MARK KENNETH SANCHEZ,SABBATH,0,0,0,new,,paid,completed
2025-08-03,12:00:00,Jhun Bustos,SWEDISH,MARK KENNETH SANCHEZ,SABBATH,600,0,480,new,,paid,completed
2025-08-03,12:00:00,Jhun Bustos,SWEDISH,LAARNI CAPARAS,SABBATH,600,0,480,new,,paid,completed
2025-08-03,12:00:00,Arvie,GROWTH,ASHLEY JANE GARCIA,SABBATH,500,0,400,new,,paid,completed
2025-08-03,12:00:00,Arvie,COMBINATION,JESTINE TANELON,SABBATH,0,0,0,new,,paid,completed
2025-08-03,12:00:00,Arvie,COMBINATION,VIA JOY SANCHEZ,SABBATH,0,0,0,new,,paid,completed
2025-08-03,12:00:00,Arvie,POST & PRE NATAL W/ LACTATION,JANINE KIMBERLY GARCIA,SABBATH,2000,0,1600,new,,paid,completed
2025-08-03,12:00:00,Winwin Ellamil,SABBATH PACKAGE 1,LEAH PEDROSA,SABBATH,2000,0,1600,new,,paid,completed
2025-08-03,12:00:00,Bernadette,SABBATH PACKAGE 1,LAARNI CAPARAS,SABBATH,2000,0,1600,new,,paid,completed
2025-08-03,12:00:00,Arjen Enriquez,"HEAD, BACK & SHOULDER",MARK KENNETH SANCHEZ,SABBATH,0,0,0,new,,paid,completed
2025-08-03,12:00:00,Arjen Enriquez,SABBATH FOOT REFLEX,MARK KENNETH SANCHEZ,SABBATH,600,0,480,new,,paid,completed
2025-08-03,12:00:00,Arjen Enriquez,SABBATH FOOT REFLEX,VIA JOY SANCHEZ,SABBATH,600,0,480,new,,paid,completed
2025-08-03,12:00:00,Evelyn Pagsibigan,SWEDISH,ASHLEY JANE GARCIA,SABBATH,600,0,480,returning,,paid,completed
2025-08-03,12:00:00,Evelyn Pagsibigan,SWEDISH,JANINE KIMBERLY GARCIA,SABBATH,600,0,480,returning,,paid,completed
2025-08-03,12:00:00,Kiarra,SABBATH SIGNATURE,JESTINE TANELON,SABBATH,1000,0,800,new,,paid,completed
2025-08-03,12:00:00,Kiarra,SABBATH SIGNATURE,LAARNI CAPARAS,SABBATH,1000,0,800,new,,paid,completed
2025-08-03,12:00:00,Michael Reyes,SABBATH FOOT REFLEX,LEAH PEDROSA,SABBATH,600,0,480,returning,,paid,completed
2025-08-03,12:00:00,Michael Reyes,SABBATH FOOT REFLEX,JANINE KIMBERLY GARCIA,SABBATH,600,0,480,returning,,paid,completed
2025-08-03,12:00:00,Anj,PEDICURE,EVANGELINE CANONIGO,LE NAILS,200,0,180,new,,paid,completed
2025-08-03,12:00:00,Anj,PEDIGEL CUCCIO,JENIFFER ANN MANUEL,LE NAILS,550,0,495,new,,paid,completed
2025-08-03,12:00:00,Nina,MANIGEL ORLY,EVANGELINE CANONIGO,LE NAILS,600,0,540,new,,paid,completed
2025-08-03,12:00:00,Nina,PEDICURE,EVANGELINE CANONIGO,LE NAILS,200,0,180,new,,paid,completed
2025-08-03,12:00:00,Nina,REGULAR POLISH,EVANGELINE CANONIGO,LE NAILS,0,0,0,new,,paid,completed
2025-08-03,12:00:00,Nina,NAIL GEL REMOVAL,EVANGELINE CANONIGO,LE NAILS,150,0,135,new,,paid,completed
2025-08-04,12:00:00,Lui San Roque,SABBATH SIGNATURE,LAARNI CAPARAS,SABBATH,1000,0,800,returning,,paid,completed
2025-08-04,12:00:00,Lui San Roque,SABBATH SIGNATURE,JENIFFER ANN MANUEL,SABBATH,1000,0,800,returning,,paid,completed
2025-08-04,12:00:00,Leni Dionisio,SABBATH SIGNATURE,LEAH PEDROSA,SABBATH,1000,0,800,new,,paid,completed
2025-08-04,12:00:00,Ava Estrella,SABBATH FOOT REFLEX,ASHLEY JANE GARCIA,SABBATH,600,0,480,new,,paid,completed
2025-08-04,12:00:00,Ava Estrella,SABBATH FOOT REFLEX,JESTINE TANELON,SABBATH,600,0,480,new,,paid,completed
2025-08-04,12:00:00,Dan Bautista,SWEDISH,ASHLEY JANE GARCIA,SABBATH,600,0,480,new,,paid,completed
2025-08-04,12:00:00,Ed,SWEDISH,MARK KENNETH SANCHEZ,SABBATH,600,0,480,new,,paid,completed
2025-08-04,12:00:00,Cel Tayao,SWEDISH,JESTINE TANELON,SABBATH,600,0,480,returning,,paid,completed
2025-08-04,12:00:00,Cel Tayao,SWEDISH,ASHLEY JANE GARCIA,SABBATH,600,0,480,returning,,paid,completed
2025-08-04,12:00:00,Brightsparks Teacher,SWEDISH,JENIFFER ANN MANUEL,SABBATH,600,0,480,new,,paid,completed
2025-08-04,12:00:00,Brightsparks Teacher,SWEDISH,LEAH PEDROSA,SABBATH,600,0,480,new,,paid,completed
2025-08-04,12:00:00,Brightsparks Teacher,SWEDISH,MARK KENNETH SANCHEZ,SABBATH,600,0,480,new,,paid,completed
2025-08-04,12:00:00,Cherrie Ann Zablan,COMBINATION,LAARNI CAPARAS,SABBATH,0,0,0,returning,,paid,completed
2025-08-04,12:00:00,Cherrie Ann Zablan,COMBINATION,JESTINE TANELON,SABBATH,0,0,0,returning,,paid,completed
2025-08-04,12:00:00,JD,PEDICURE,JENIFFER ANN MANUEL,LE NAILS,200,0,180,returning,,paid,completed
2025-08-04,12:00:00,Chester,MANICURE,EVANGELINE CANONIGO,LE NAILS,150,0,135,new,,paid,completed
2025-08-04,12:00:00,Chester,PEDICURE,EVANGELINE CANONIGO,LE NAILS,200,0,180,new,,paid,completed
2025-08-04,12:00:00,Ma'am Gia,HAND PARAFFIN,JENIFFER ANN MANUEL,LE NAILS,0,0,0,returning,,paid,completed
2025-08-04,12:00:00,Ma'am Gia,PACKAGE A,JENIFFER ANN MANUEL,LE NAILS,0,0,0,returning,,paid,completed
2025-08-04,12:00:00,Brightsparks Teacher,PACKAGE A,JENIFFER ANN MANUEL,LE NAILS,0,0,0,new,,paid,completed
2025-08-04,12:00:00,Brightsparks Teacher,REGULAR POLISH,JENIFFER ANN MANUEL,LE NAILS,0,0,0,new,,paid,completed
2025-08-05,12:00:00,Angelica Galvez,SCALP MASSAGE,JENIFFER ANN MANUEL,SABBATH,300,0,240,new,,paid,completed
2025-08-05,12:00:00,Angelica Galvez,SCALP MASSAGE,ASHLEY JANE GARCIA,SABBATH,300,0,240,new,,paid,completed
2025-08-05,12:00:00,Angelica Galvez,SCALP MASSAGE,LEAH PEDROSA,SABBATH,300,0,240,new,,paid,completed
2025-08-05,12:00:00,Angelica Galvez,SCALP MASSAGE,JESTINE TANELON,SABBATH,300,0,240,new,,paid,completed
2025-08-05,12:00:00,Angelica Galvez,ADDITIONAL 30 MINS,MARK KENNETH SANCHEZ,SABBATH,300,0,300,new,,paid,completed
2025-08-05,12:00:00,Angelica Galvez,COMBINATION,JENIFFER ANN MANUEL,SABBATH,0,0,0,new,,paid,completed
2025-08-05,12:00:00,Angelica Galvez,COMBINATION,ASHLEY JANE GARCIA,SABBATH,0,0,0,new,,paid,completed
2025-08-05,12:00:00,Angelica Galvez,COMBINATION,LEAH PEDROSA,SABBATH,0,0,0,new,,paid,completed
2025-08-05,12:00:00,Angelica Galvez,COMBINATION,JESTINE TANELON,SABBATH,0,0,0,new,,paid,completed
2025-08-05,12:00:00,Angelica Galvez,COMBINATION,MARK KENNETH SANCHEZ,SABBATH,0,0,0,new,,paid,completed
2025-08-05,12:00:00,Sam Sumaca,SABBATH SIGNATURE,ASHLEY JANE GARCIA,SABBATH,1000,0,800,new,,paid,completed
2025-08-05,12:00:00,Sam Sumaca,SABBATH SIGNATURE,JESTINE TANELON,SABBATH,1000,0,800,new,,paid,completed
2025-08-05,12:00:00,John Paul/Joan DM,COMBINATION,LEAH PEDROSA,SABBATH,0,0,0,new,,paid,completed
2025-08-05,12:00:00,John Paul/Joan DM,PACKAGE A,JENIFFER ANN MANUEL,LE NAILS,0,0,0,new,,paid,completed
2025-08-05,12:00:00,John Paul/Joan DM,REGULAR POLISH,JENIFFER ANN MANUEL,LE NAILS,0,0,0,new,,paid,completed
2025-08-05,12:00:00,Nuki Tanghal,COMBINATION W/ HOT STONE,LEAH PEDROSA,SABBATH,0,0,0,new,,paid,completed
2025-08-05,12:00:00,Nuki Tanghal,COMBINATION,ASHLEY JANE GARCIA,SABBATH,0,0,0,new,,paid,completed
2025-08-05,12:00:00,Janine Chong,COMBINATION W/ HOT STONE,JESTINE TANELON,SABBATH,0,0,0,returning,,paid,completed
2025-08-05,12:00:00,Janine Chong,COMBINATION W/ HOT STONE,MARK KENNETH SANCHEZ,SABBATH,0,0,0,returning,,paid,completed
2025-08-05,12:00:00,Cristina,AROMATHERAPY OIL WITH HERBAL BALL,ASHLEY JANE GARCIA,SABBATH,1000,0,800,new,,paid,completed
2025-08-05,12:00:00,Cristina,AROMATHERAPY OIL WITH HERBAL BALL,LEAH PEDROSA,SABBATH,1000,0,800,new,,paid,completed
2025-08-05,12:00:00,Sheryl,PACKAGE F,JENIFFER ANN MANUEL,LE NAILS,1250,0,1125,new,,paid,completed
2025-08-05,12:00:00,Angelica Galvez,PACKAGE A,JENIFFER ANN MANUEL,LE NAILS,0,0,0,new,,paid,completed
2025-08-05,12:00:00,Angelica Galvez,REGULAR POLISH,JENIFFER ANN MANUEL,LE NAILS,0,0,0,new,,paid,completed
2025-08-06,12:00:00,Yumi,SHIATSU,JANINE KIMBERLY GARCIA,SABBATH,0,0,0,returning,,paid,completed
2025-08-06,12:00:00,Yumi,ADDITIONAL 30 MINS,JANINE KIMBERLY GARCIA,SABBATH,300,0,240,returning,,paid,completed
2025-08-06,12:00:00,Jean Lizarondo,SWEDISH,JANINE KIMBERLY GARCIA,SABBATH,600,0,480,new,,paid,completed
2025-08-06,12:00:00,Client 1,SOFT GEL NAIL EXTENSION,EVANGELINE CANONIGO,SABBATH,800,0,640,new,,paid,completed
2025-08-07,12:00:00,Josh Venturina,TRADITIONAL HILOT WITH VENTOSA,MARK KENNETH SANCHEZ,SABBATH,1500,0,1200,new,,paid,completed
2025-08-07,12:00:00,Josh Venturina,TRADITIONAL HILOT WITH VENTOSA,LEAH PEDROSA,SABBATH,1500,0,1200,new,,paid,completed
2025-08-07,12:00:00,Josh Venturina,COMBINATION,ASHLEY JANE GARCIA,SABBATH,0,0,0,new,,paid,completed
2025-08-07,12:00:00,Josh Venturina,PACKAGE A,JENIFFER ANN MANUEL,LE NAILS,0,0,0,new,,paid,completed
2025-08-07,12:00:00,Josh Venturina,PACKAGE A,JENIFFER ANN MANUEL,LE NAILS,0,0,0,new,,paid,completed
2025-08-07,12:00:00,Josh Venturina,PACKAGE A,EVANGELINE CANONIGO,LE NAILS,0,0,0,new,,paid,completed
2025-08-07,12:00:00,Michael Reyes,SWEDISH,LEAH PEDROSA,SABBATH,600,0,480,returning,,paid,completed
2025-08-07,12:00:00,Michael Reyes,SWEDISH,JANINE KIMBERLY GARCIA,SABBATH,600,0,480,returning,,paid,completed
2025-08-07,12:00:00,Ma'am Gia,SHIATSU,JANINE KIMBERLY GARCIA,SABBATH,0,0,0,returning,,paid,completed
2025-08-07,12:00:00,Ma'am Gia,SAUNA,,SABBATH,1000,0,800,returning,,paid,completed
2025-08-07,12:00:00,Ma'am Gia,SABBATH FOOT REFLEX,JANINE KIMBERLY GARCIA,SABBATH,600,0,480,returning,,paid,completed
2025-08-07,12:00:00,Ma'am Gia,SABBATH FOOT REFLEX,VIA JOY SANCHEZ,SABBATH,600,0,480,returning,,paid,completed
2025-08-07,12:00:00,Ma'am Gia,SABBATH FOOT REFLEX,JESTINE TANELON,SABBATH,600,0,480,returning,,paid,completed
2025-08-07,12:00:00,Ma'am Gia,PACKAGE A,EVANGELINE CANONIGO,LE NAILS,0,0,0,returning,,paid,completed
2025-08-07,12:00:00,Ma'am Gia,PEDIGEL CUCCIO,EVANGELINE CANONIGO,LE NAILS,550,0,495,returning,,paid,completed
2025-08-07,12:00:00,Ma'am Gia,FOOT SPA,EVANGELINE CANONIGO,LE NAILS,0,0,0,returning,,paid,completed
2025-08-07,12:00:00,Genelo Morales,MANICURE,EVANGELINE CANONIGO,LE NAILS,150,0,135,new,,paid,completed
2025-08-07,12:00:00,Genelo Morales,PEDICURE,EVANGELINE CANONIGO,LE NAILS,200,0,180,new,,paid,completed
2025-08-07,12:00:00,Ma'am Gia,PACKAGE C,JENIFFER ANN MANUEL,LE NAILS,0,0,0,returning,,paid,completed
2025-08-07,12:00:00,Genelo Morales,MANICURE,JENIFFER ANN MANUEL,LE NAILS,150,0,135,new,,paid,completed
2025-08-07,12:00:00,Genelo Morales,PEDICURE,JENIFFER ANN MANUEL,LE NAILS,200,0,180,new,,paid,completed
2025-08-07,12:00:00,Genelo Morales,NAIL GEL REMOVER,JENIFFER ANN MANUEL,LE NAILS,150,0,135,new,,paid,completed
2025-08-07,12:00:00,Genelo Morales,TRADITIONAL HILOT WITH VENTOSA,ASHLEY JANE GARCIA,SABBATH,1500,0,1200,new,,paid,completed
2025-08-07,12:00:00,Genelo Morales,TRADITIONAL HILOT WITH VENTOSA,JESTINE TANELON,SABBATH,1500,0,1200,new,,paid,completed
2025-08-08,12:00:00,Jen,SABBATH PACKAGE 1,ASHLEY JANE GARCIA,SABBATH,2000,0,1600,new,,paid,completed
2025-08-08,12:00:00,Jen,SABBATH PACKAGE 1,LEAH PEDROSA,SABBATH,2000,0,1600,new,,paid,completed
2025-08-08,12:00:00,Nica Cruz,SABBATH PACKAGE 1,ASHLEY JANE GARCIA,SABBATH,2000,0,1600,new,,paid,completed
2025-08-08,12:00:00,Nica Cruz,SABBATH PACKAGE 2,LEAH PEDROSA,SABBATH,3000,0,2400,new,,paid,completed
2025-08-08,12:00:00,Donna Santos,"SABBATH SIGNATURE FOOT, HEAD, NECK & SHOULDER",JANINE KIMBERLY GARCIA,SABBATH,750,0,600,new,,paid,completed
2025-08-08,12:00:00,Donna Santos,SWEDISH,LEAH PEDROSA,SABBATH,600,0,480,new,,paid,completed
2025-08-08,12:00:00,Donna Santos,GROWTH,JESTINE TANELON,SABBATH,500,0,400,new,,paid,completed
2025-08-08,12:00:00,Yumi,SHIATSU,JANINE KIMBERLY GARCIA,SABBATH,0,0,0,returning,,paid,completed
2025-08-08,12:00:00,Yumi,ADDITIONAL 30 MINS,JANINE KIMBERLY GARCIA,SABBATH,300,0,240,returning,,paid,completed
2025-08-08,12:00:00,Yumi,COMBINATION,JESTINE TANELON,SABBATH,0,0,0,returning,,paid,completed
2025-08-08,12:00:00,Yumi,ADDITIONAL 30 MINS,JESTINE TANELON,SABBATH,300,0,240,returning,,paid,completed
2025-08-08,12:00:00,Kim Rabaja,SABBATH FOOT REFLEX,MARK KENNETH SANCHEZ,SABBATH,600,0,480,new,,paid,completed
2025-08-08,12:00:00,Kim Rabaja,SABBATH FOOT REFLEX,LEAH PEDROSA,SABBATH,600,0,480,new,,paid,completed
2025-08-08,12:00:00,Mary Ann Eugenio,SABBATH FOOT REFLEX,JANINE KIMBERLY GARCIA,SABBATH,600,0,480,returning,,paid,completed
2025-08-08,12:00:00,Mary Ann Eugenio,MANIGEL ORLY,EVANGELINE CANONIGO,LE NAILS,600,0,540,returning,,paid,completed
2025-08-08,12:00:00,Mary Ann Eugenio,PEDIGEL ORLY,EVANGELINE CANONIGO,LE NAILS,700,0,630,returning,,paid,completed
2025-08-08,12:00:00,Ara Grace Solana,NAIL GEL REMOVAL,EVANGELINE CANONIGO,LE NAILS,150,0,135,new,,paid,completed
2025-08-08,12:00:00,Ara Grace Solana,NAIL GEL REMOVAL,EVANGELINE CANONIGO,LE NAILS,150,0,135,new,,paid,completed
2025-08-08,12:00:00,Ara Grace Solana,MANIGEL ORLY,EVANGELINE CANONIGO,LE NAILS,600,0,540,new,,paid,completed
2025-08-08,12:00:00,Ara Grace Solana,MANIGEL ORLY,EVANGELINE CANONIGO,LE NAILS,600,0,540,new,,paid,completed
2025-08-08,12:00:00,Ara Grace Solana,PEDIGEL ORLY,EVANGELINE CANONIGO,LE NAILS,700,0,630,new,,paid,completed
2025-08-08,12:00:00,Mirasol Faustino,SABBATH SIGNATURE,JESTINE TANELON,SABBATH,1000,0,800,new,,paid,completed
2025-08-08,12:00:00,Mirasol Faustino,SABBATH SIGNATURE,JANINE KIMBERLY GARCIA,SABBATH,1000,0,800,new,,paid,completed
2025-08-09,12:00:00,Trishia,SWEDISH,JANINE KIMBERLY GARCIA,SABBATH,600,0,480,new,,paid,completed
2025-08-09,12:00:00,Trishia,SWEDISH,LAARNI CAPARAS,SABBATH,600,0,480,new,,paid,completed
2025-08-09,12:00:00,Janine,SABBATH SIGNATURE,JANINE KIMBERLY GARCIA,SABBATH,1000,0,800,new,,paid,completed
2025-08-09,12:00:00,Janine,COMBINATION,JESTINE TANELON,SABBATH,0,0,0,new,,paid,completed
2025-08-09,12:00:00,Janine,ADDITIONAL 30 MINS,JESTINE TANELON,SABBATH,300,0,240,new,,paid,completed
2025-08-09,12:00:00,Jessica Micu,COMBINATION,JANINE KIMBERLY GARCIA,SABBATH,0,0,0,new,,paid,completed
2025-08-09,12:00:00,Jessica Micu,ADDITIONAL 30 MINS,JANINE KIMBERLY GARCIA,SABBATH,300,0,240,new,,paid,completed
2025-08-09,12:00:00,Jessica Micu,COMBINATION,LEAH PEDROSA,SABBATH,0,0,0,new,,paid,completed
2025-08-09,12:00:00,Jessica Micu,ADDITIONAL 30 MINS,LEAH PEDROSA,SABBATH,300,0,240,new,,paid,completed
2025-08-09,12:00:00,Jessica Micu,COMBINATION,JESTINE TANELON,SABBATH,0,0,0,new,,paid,completed
2025-08-09,12:00:00,Jessica Micu,ADDITIONAL 30 MINS,JESTINE TANELON,SABBATH,300,0,240,new,,paid,completed
2025-08-09,12:00:00,Evangeline,COMBINATION,JENIFFER ANN MANUEL,SABBATH,0,0,0,new,,paid,completed
2025-08-09,12:00:00,Christina Dela Cruz,SHIATSU,JENIFFER ANN MANUEL,SABBATH,0,0,0,returning,,paid,completed
2025-08-09,12:00:00,Mark Ervin Arandela,SHIATSU,JANINE KIMBERLY GARCIA,SABBATH,0,0,0,returning,,paid,completed
2025-08-09,12:00:00,Mark Ervin Arandela,SHIATSU,JESTINE TANELON,SABBATH,0,0,0,returning,,paid,completed
2025-08-09,12:00:00,Mark Ervin Arandela,SHIATSU,LEAH PEDROSA,SABBATH,0,0,0,returning,,paid,completed
2025-08-09,12:00:00,Jocelyn,SABBATH PACKAGE 1,LEAH PEDROSA,SABBATH,2000,0,1600,new,,paid,completed
2025-08-09,12:00:00,Daniel,SABBATH PACKAGE 2,JESTINE TANELON,SABBATH,3000,0,2400,new,,paid,completed
2025-08-09,12:00:00,Mira,SWEDISH,LAARNI CAPARAS,SABBATH,600,0,480,new,,paid,completed
2025-08-09,12:00:00,Roscel Perez,SABBATH THAI SIGNATURE (90 mins),JANINE KIMBERLY GARCIA,SABBATH,1000,0,800,returning,,paid,completed
2025-08-09,12:00:00,Anton Azucena,SABBATH THAI SIGNATURE (90 mins),LEAH PEDROSA,SABBATH,1000,0,800,new,,paid,completed
2025-08-09,12:00:00,Ayesha Perez,SWEDISH,LAARNI CAPARAS,SABBATH,600,0,480,new,,paid,completed
2025-08-09,12:00:00,Judee Dela Cruz,SABBATH SIGNATURE,JESTINE TANELON,SABBATH,1000,0,800,new,,paid,completed
2025-08-09,12:00:00,Trisha Lorenzo,SWEDISH,JANINE KIMBERLY GARCIA,SABBATH,600,0,480,new,,paid,completed
2025-08-09,12:00:00,Lemuel Lorenzo,SWEDISH,LAARNI CAPARAS,SABBATH,600,0,480,new,,paid,completed
2025-08-09,12:00:00,Christina Dela Cruz,NAIL GEL REMOVAL,EVANGELINE CANONIGO,LE NAILS,150,0,135,returning,,paid,completed
2025-08-09,12:00:00,Evangeline,PACKAGE A,EVANGELINE CANONIGO,LE NAILS,0,0,0,new,,paid,completed
2025-08-09,12:00:00,Ola,PEDICURE,JENIFFER ANN MANUEL,LE NAILS,200,0,180,returning,,paid,completed
2025-08-09,12:00:00,Ola,PEDICURE,EVANGELINE CANONIGO,LE NAILS,200,0,180,returning,,paid,completed
2025-08-09,12:00:00,Ola,MANIGEL CUCCIO,EVANGELINE CANONIGO,LE NAILS,450,0,405,returning,,paid,completed
2025-08-09,12:00:00,Charlene,PACKAGE A,EVANGELINE CANONIGO,LE NAILS,0,0,0,new,,paid,completed
2025-08-09,12:00:00,Charlene,SOFT GEL REMOVER,EVANGELINE CANONIGO,LE NAILS,300,0,270,new,,paid,completed
2025-08-09,12:00:00,Charlene,FOOT SPA,EVANGELINE CANONIGO,LE NAILS,0,0,0,new,,paid,completed
2025-08-10,12:00:00,Michael Reyes,"SABBATH SIGNATURE FOOT, HEAD, NECK & SHOULDER",LEAH PEDROSA,SABBATH,750,600,150,returning,,paid,completed
2025-08-10,12:00:00,Manilyn Sanchez,"SABBATH SIGNATURE FOOT, HEAD, NECK & SHOULDER",JANINE KIMBERLY GARCIA,SABBATH,750,600,150,returning,,paid,completed
2025-08-10,12:00:00,Conrado,SWEDISH,JESTINE TANELON,SABBATH,600,120,360,new,,paid,completed
2025-08-10,12:00:00,Val Bulacan,SWEDISH,VIA JOY SANCHEZ,SABBATH,600,0,480,new,,paid,completed
2025-08-10,12:00:00,Val Bulacan,SWEDISH,LAARNI CAPARAS,SABBATH,600,0,480,new,,paid,completed
2025-08-10,12:00:00,Evelyn Pagsibigan,SWEDISH,JANINE KIMBERLY GARCIA,SABBATH,600,0,480,returning,,paid,completed
2025-08-10,12:00:00,Evelyn Pagsibigan,SWEDISH,JANINE KIMBERLY GARCIA,SABBATH,600,0,480,returning,,paid,completed
2025-08-10,12:00:00,Evelyn Pagsibigan,GROWTH,LEAH PEDROSA,SABBATH,500,0,400,returning,,paid,completed
2025-08-10,12:00:00,Gordon Mines,SABBATH SIGNATURE,JESTINE TANELON,SABBATH,1000,0,800,returning,,paid,completed
2025-08-10,12:00:00,Gordon Mines,SABBATH SIGNATURE,VIA JOY SANCHEZ,SABBATH,1000,0,800,returning,,paid,completed
2025-08-10,12:00:00,Grace Crystal,COMBINATION,LEAH PEDROSA,SABBATH,0,0,0,new,,paid,completed
2025-08-10,12:00:00,Robert Cruz,SABBATH SIGNATURE,JESTINE TANELON,SABBATH,1000,1000,200,returning,,paid,completed
2025-08-10,12:00:00,Armie Cruz,SABBATH SIGNATURE,VIA JOY SANCHEZ,SABBATH,1000,0,800,returning,,paid,completed
2025-08-10,12:00:00,Abigail,SWEDISH,LAARNI CAPARAS,SABBATH,600,0,480,new,,paid,completed
2025-08-10,12:00:00,Abigail,SWEDISH,VIA JOY SANCHEZ,SABBATH,600,0,480,new,,paid,completed
2025-08-10,12:00:00,Euzzle Arcilla,SWEDISH,JANINE KIMBERLY GARCIA,SABBATH,600,0,480,new,,paid,completed
2025-08-10,12:00:00,Euzzle Arcilla,SWEDISH,LEAH PEDROSA,SABBATH,600,0,480,new,,paid,completed
2025-08-10,12:00:00,Euzzle Arcilla,SWEDISH,JESTINE TANELON,SABBATH,600,0,480,new,,paid,completed
2025-08-10,12:00:00,Shella Adriano,COMBINATION W/ HOT STONE,JANINE KIMBERLY GARCIA,SABBATH,0,0,0,new,,paid,completed
2025-08-10,12:00:00,Shella Adriano,SWEDISH,LAARNI CAPARAS,SABBATH,600,0,480,new,,paid,completed
2025-08-10,12:00:00,Dra. Jocelyn Tamayo,SWEDISH,LAARNI CAPARAS,SABBATH,600,600,120,returning,,paid,completed
2025-08-10,12:00:00,Dra. Jocelyn Tamayo,ADDITIONAL 30 MINS,LAARNI CAPARAS,SABBATH,300,0,240,returning,,paid,completed
2025-08-10,12:00:00,Grace Crystal,PACKAGE C,EVANGELINE CANONIGO,LE NAILS,0,0,0,new,,paid,completed
2025-08-10,12:00:00,Grace Crystal,REGULAR POLISH,EVANGELINE CANONIGO,LE NAILS,0,0,0,new,,paid,completed
2025-08-10,12:00:00,Euzzle Arcilla,PACKAGE A,EVANGELINE CANONIGO,LE NAILS,0,0,0,new,,paid,completed
2025-08-10,12:00:00,Shella Adriano,PEDICURE,JENIFFER ANN MANUEL,LE NAILS,200,0,180,new,,paid,completed
2025-08-10,12:00:00,Shella Adriano,PEDICURE,EVANGELINE CANONIGO,LE NAILS,200,0,180,new,,paid,completed
2025-08-10,12:00:00,Jade,PACKAGE A,EVANGELINE CANONIGO,LE NAILS,0,0,0,new,,paid,completed
2025-08-10,12:00:00,Jade,FOOT SPA,EVANGELINE CANONIGO,LE NAILS,0,0,0,new,,paid,completed
2025-08-10,12:00:00,Jade,FOOT SPA,JENIFFER ANN MANUEL,LE NAILS,0,0,0,new,,paid,completed
2025-08-10,12:00:00,Jade,POLISH,JENIFFER ANN MANUEL,LE NAILS,50,0,45,new,,paid,completed
2025-08-10,12:00:00,Jade,FULL LEGS FEMALE,JENIFFER ANN MANUEL,LE NAILS,450,0,405,new,,paid,completed
2025-08-10,12:00:00,Jade,UNDERARMS FEMALE,JENIFFER ANN MANUEL,LE NAILS,200,0,180,new,,paid,completed
2025-08-11,12:00:00,Ma'am Trish,COMBINATION,JANINE KIMBERLY GARCIA,SABBATH,0,0,0,returning,,paid,completed
2025-08-11,12:00:00,Sir Josh,COMBINATION,ASHLEY JANE GARCIA,SABBATH,0,0,0,returning,,paid,completed
2025-08-11,12:00:00,Ruth Angelo,COMBINATION,ASHLEY JANE GARCIA,SABBATH,0,0,0,new,,paid,completed
2025-08-11,12:00:00,Ruth Angelo,COMBINATION,VIA JOY SANCHEZ,SABBATH,0,0,0,new,,paid,completed
2025-08-11,12:00:00,Van Igsoc,SABBATH PACKAGE 1,VIA JOY SANCHEZ,SABBATH,2000,0,1600,new,,paid,completed
2025-08-11,12:00:00,Van Igsoc,SABBATH PACKAGE 2,JANINE KIMBERLY GARCIA,SABBATH,3000,0,2400,new,,paid,completed
2025-08-11,12:00:00,Van Igsoc,TRADITIONAL HILOT WITH VENTOSA,ASHLEY JANE GARCIA,SABBATH,1500,0,1200,new,,paid,completed
2025-08-11,12:00:00,Van Igsoc,PACKAGE A,JENIFFER ANN MANUEL,LE NAILS,0,0,0,new,,paid,completed
2025-08-12,12:00:00,Mau Viray,COMBINATION,MARK KENNETH SANCHEZ,SABBATH,0,0,0,new,,paid,completed
2025-08-12,12:00:00,Mau Viray,COMBINATION,LEAH PEDROSA,SABBATH,0,0,0,new,,paid,completed
2025-08-12,12:00:00,Mario Reyes,SWEDISH,ASHLEY JANE GARCIA,SABBATH,600,600,120,returning,,paid,completed
2025-08-12,12:00:00,William Audaya,"SABBATH SIGNATURE FOOT, HEAD, NECK & SHOULDER",,SABBATH,750,0,600,new,,paid,completed
2025-08-12,12:00:00,Maam Gia,COMBINATION,VIA JOY SANCHEZ,SABBATH,0,0,0,returning,,paid,completed
2025-08-12,12:00:00,Maam Gia,PACKAGE A,EVANGELINE CANONIGO,LE NAILS,0,0,0,returning,,paid,completed
2025-08-12,12:00:00,Cel Tayao,SWEDISH,JESTINE TANELON,SABBATH,600,600,120,returning,,paid,completed
2025-08-12,12:00:00,Cel Tayao,SWEDISH,ASHLEY JANE GARCIA,SABBATH,600,0,480,returning,,paid,completed
2025-08-12,12:00:00,Jennifer Okuma,COMBINATION,JESTINE TANELON,SABBATH,0,0,0,new,,paid,completed
2025-08-12,12:00:00,Jennifer Okuma,COMBINATION,LEAH PEDROSA,SABBATH,0,0,0,new,,paid,completed
2025-08-12,12:00:00,Ronelon Santiago,SABBATH SIGNATURE,MARK KENNETH SANCHEZ,SABBATH,1000,0,1000,new,,paid,completed
2025-08-13,12:00:00,Susan Brinson,SWEDISH,LAARNI CAPARAS,SABBATH,600,0,600,new,,paid,completed
2025-08-13,12:00:00,Susan Brinson,SWEDISH,LEAH PEDROSA,SABBATH,600,0,600,new,,paid,completed
2025-08-13,12:00:00,Susan Brinson,SWEDISH,JESTINE TANELON,SABBATH,600,0,600,new,,paid,completed
2025-08-13,12:00:00,Susan Brinson,SWEDISH,VIA JOY SANCHEZ,SABBATH,600,0,600,new,,paid,completed
2025-08-13,12:00:00,Susan Brinson,SABBATH FOOT REFLEX,ASHLEY JANE GARCIA,SABBATH,600,0,600,new,,paid,completed
2025-08-13,12:00:00,Susan Brinson,SABBATH FOOT REFLEX,MARK KENNETH SANCHEZ,SABBATH,600,0,600,new,,paid,completed
2025-08-13,12:00:00,Madonna Domingo,SWEDISH,LAARNI CAPARAS,SABBATH,600,0,600,new,,paid,completed
2025-08-13,12:00:00,Markus De Jesus,COMBINATION,JANINE KIMBERLY GARCIA,SABBATH,0,0,0,new,,paid,completed
2025-08-14,12:00:00,Ma'am Gia,SABBATH FOOT REFLEX,VIA JOY SANCHEZ,SABBATH,600,600,0,returning,,paid,completed
2025-08-14,12:00:00,Ma'am Gia,SABBATH FOOT REFLEX,JANINE KIMBERLY GARCIA,SABBATH,600,600,0,returning,,paid,completed
2025-08-14,12:00:00,Ma'am Gia,ADDITIONAL 30 MINS,VIA JOY SANCHEZ,SABBATH,300,300,0,returning,,paid,completed
2025-08-14,12:00:00,Ma'am Gia,ADDITIONAL 30 MINS,JANINE KIMBERLY GARCIA,SABBATH,300,300,0,returning,,paid,completed
2025-08-14,12:00:00,Grace,PACKAGE C,EVANGELINE CANONIGO,LE NAILS,0,0,0,returning,,paid,completed
2025-08-14,12:00:00,Grace,REGULAR POLISH,EVANGELINE CANONIGO,LE NAILS,0,0,0,returning,,paid,completed
2025-08-14,12:00:00,Grace,NAIL GEL REMOVAL,JENIFFER ANN MANUEL,LE NAILS,150,0,135,returning,,paid,completed
2025-08-14,12:00:00,Jayce Paras,PACKAGE A,JENIFFER ANN MANUEL,LE NAILS,0,0,0,new,,paid,completed
2025-08-14,12:00:00,Jayce Paras,PACKAGE A,EVANGELINE CANONIGO,LE NAILS,0,0,0,new,,paid,completed
2025-08-14,12:00:00,Mary Rose Gabon,PACKAGE A,,LE NAILS,0,0,0,new,,paid,completed
2025-08-14,12:00:00,Mary Rose Gabon,REGULAR POLISH,,LE NAILS,0,0,0,new,,paid,completed
2025-08-14,12:00:00,Mary Rose Gabon,FOOT SPA,,LE NAILS,0,0,0,new,,paid,completed
2025-08-14,12:00:00,Mary Rose Gabon,PEDICURE,,LE NAILS,200,0,180,new,,paid,completed
2025-08-14,12:00:00,Mary Rose Gabon,FOOT MASSAGE,,SABBATH,350,0,280,new,,paid,completed
2025-08-14,12:00:00,Mary Rose Gabon,SABBATH FOOT REFLEX,,SABBATH,600,0,480,new,,paid,completed
2025-08-14,12:00:00,Mary Rose Gabon,COMBINATION,,SABBATH,0,0,0,new,,paid,completed
2025-08-14,12:00:00,Angel,SABBATH SIGNATURE,VIA JOY SANCHEZ,SABBATH,1000,0,800,new,,paid,completed
2025-08-14,12:00:00,Angel,SABBATH SIGNATURE,JANINE KIMBERLY GARCIA,SABBATH,1000,0,800,new,,paid,completed
2025-08-14,12:00:00,Jayce Paras,SABBATH SIGNATURE,LEAH PEDROSA,SABBATH,1000,0,800,new,,paid,completed
2025-08-14,12:00:00,Jayce Paras,SABBATH SIGNATURE,JESTINE TANELON,SABBATH,1000,0,800,new,,paid,completed
2025-08-15,12:00:00,Alliah Aquino,COMBINATION,LEAH PEDROSA,SABBATH,0,0,0,new,,paid,completed
2025-08-15,12:00:00,Alliah Aquino,COMBINATION,JANINE KIMBERLY GARCIA,SABBATH,0,0,0,new,,paid,completed
2025-08-15,12:00:00,Gigi Guerlan,SWEDISH,LAARNI CAPARAS,SABBATH,600,240,240,new,,paid,completed
2025-08-15,12:00:00,Gigi Guerlan,TRADITIONAL HILOT WITH VENTOSA,MARK KENNETH SANCHEZ,SABBATH,1500,600,600,new,,paid,completed
2025-08-15,12:00:00,Gigi Guerlan,SABBATH SIGNATURE,VIA JOY SANCHEZ,SABBATH,1000,400,400,new,,paid,completed
2025-08-15,12:00:00,Gigi Guerlan,SABBATH SIGNATURE,JESTINE TANELON,SABBATH,1000,400,400,new,,paid,completed
2025-08-15,12:00:00,Gigi Guerlan,SABBATH SIGNATURE,ASHLEY JANE GARCIA,SABBATH,1000,400,400,new,,paid,completed
2025-08-15,12:00:00,Cynthia Clemente,COMBINATION,ASHLEY JANE GARCIA,SABBATH,0,0,0,new,,paid,completed
2025-08-15,12:00:00,Cynthia Clemente,SWEDISH,VIA JOY SANCHEZ,SABBATH,600,0,480,new,,paid,completed
2025-08-15,12:00:00,Cynthia Clemente,UNDERARMS FEMALE,JENIFFER ANN MANUEL,LE NAILS,200,0,180,new,,paid,completed
2025-08-15,12:00:00,Yumi,SWEDISH,LEAH PEDROSA,SABBATH,600,0,480,returning,,paid,completed
2025-08-15,12:00:00,Yumi,ADDITIONAL 30 MINS,LEAH PEDROSA,SABBATH,300,0,240,returning,,paid,completed
2025-08-15,12:00:00,Yumi,SHIATSU,JANINE KIMBERLY GARCIA,SABBATH,0,0,0,returning,,paid,completed
2025-08-15,12:00:00,Yumi,ADDITIONAL 30 MINS,JANINE KIMBERLY GARCIA,SABBATH,300,0,240,returning,,paid,completed
2025-08-15,12:00:00,Agnes Moldez,SABBATH PACKAGE 1,JESTINE TANELON,SABBATH,2000,400,1200,new,,paid,completed
2025-08-15,12:00:00,Agnes Moldez,SABBATH PACKAGE 1,ASHLEY JANE GARCIA,SABBATH,2000,400,1200,new,,paid,completed
2025-08-16,12:00:00,Ricky Ispiritu,COMBINATION,VIA JOY SANCHEZ,SABBATH,0,0,0,new,,paid,completed
2025-08-16,12:00:00,Ricky Ispiritu,COMBINATION,JANINE KIMBERLY GARCIA,SABBATH,0,0,0,new,,paid,completed
2025-08-16,12:00:00,Iya Buenavida,SABBATH SIGNATURE,JESTINE TANELON,SABBATH,1000,0,800,new,,paid,completed
2025-08-16,12:00:00,Iya Buenavida,SABBATH SIGNATURE,ASHLEY JANE GARCIA,SABBATH,1000,0,800,new,,paid,completed
2025-08-16,12:00:00,Gab Gutierrez,COMBINATION,LEAH PEDROSA,SABBATH,0,0,0,new,,paid,completed
2025-08-16,12:00:00,Gab Gutierrez,ADDITIONAL 30 MINS,LEAH PEDROSA,SABBATH,300,0,240,new,,paid,completed
2025-08-16,12:00:00,Iya,SABBATH SIGNATURE,VIA JOY SANCHEZ,SABBATH,1000,0,800,new,,paid,completed
2025-08-16,12:00:00,Mary Ann Eugenio,TRADITIONAL HILOT WITH VENTOSA,JANINE KIMBERLY GARCIA,SABBATH,1500,0,1200,returning,,paid,completed
2025-08-16,12:00:00,Jessica,SWEDISH,MARK KENNETH SANCHEZ,SABBATH,600,0,480,returning,,paid,completed
2025-08-16,12:00:00,Jessica,ADDITIONAL 30 MINS,MARK KENNETH SANCHEZ,SABBATH,300,0,240,returning,,paid,completed
2025-08-16,12:00:00,Jessica,SWEDISH,LAARNI CAPARAS,SABBATH,600,0,480,returning,,paid,completed
2025-08-16,12:00:00,Jessica,ADDITIONAL 30 MINS,LAARNI CAPARAS,SABBATH,300,0,240,returning,,paid,completed
2025-08-16,12:00:00,Rachel Enriquez,SABBATH SIGNATURE,VIA JOY SANCHEZ,SABBATH,1000,0,800,new,,paid,completed
2025-08-16,12:00:00,Michael Reyes,SWEDISH,LEAH PEDROSA,SABBATH,600,600,120,returning,,paid,completed
2025-08-16,12:00:00,Manilyn Sanchez,SWEDISH,JESTINE TANELON,SABBATH,600,600,120,returning,,paid,completed
2025-08-16,12:00:00,Rowena Valentin,SWEDISH,JANINE KIMBERLY GARCIA,SABBATH,600,0,480,new,,paid,completed
2025-08-16,12:00:00,Rowena Valentin,SWEDISH,ASHLEY JANE GARCIA,SABBATH,600,0,480,new,,paid,completed
2025-08-16,12:00:00,Jay Santiago,COMBINATION,ASHLEY JANE GARCIA,SABBATH,0,0,0,new,,paid,completed
2025-08-16,12:00:00,Jay Santiago,COMBINATION,JANINE KIMBERLY GARCIA,SABBATH,0,0,0,new,,paid,completed
2025-08-16,12:00:00,Jay Santiago,ADDITIONAL 30 MINS,ASHLEY JANE GARCIA,SABBATH,300,0,240,new,,paid,completed
2025-08-16,12:00:00,Jay Santiago,ADDITIONAL 30 MINS,JANINE KIMBERLY GARCIA,SABBATH,300,0,240,new,,paid,completed
2025-08-16,12:00:00,Pauline Bondoc,SWEDISH,VIA JOY SANCHEZ,SABBATH,600,0,480,new,,paid,completed
2025-08-16,12:00:00,Pauline Bondoc,SWEDISH,LAARNI CAPARAS,SABBATH,600,0,480,new,,paid,completed
2025-08-16,12:00:00,Pauline Bondoc,MANICURE,JENIFFER ANN MANUEL,LE NAILS,150,0,135,new,,paid,completed
2025-08-16,12:00:00,Pauline Bondoc,POLISH,JENIFFER ANN MANUEL,LE NAILS,50,0,45,new,,paid,completed
2025-08-16,12:00:00,Pauline Bondoc,MANICURE,EVANGELINE CANONIGO,LE NAILS,150,0,135,new,,paid,completed
2025-08-16,12:00:00,Pauline Bondoc,PEDICURE,EVANGELINE CANONIGO,LE NAILS,200,0,180,new,,paid,completed
2025-08-16,12:00:00,Mara Parilla,SWEDISH,LEAH PEDROSA,SABBATH,600,0,480,new,,paid,completed
2025-08-16,12:00:00,Mara Parilla,PEDIGEL ORLY,JENIFFER ANN MANUEL,LE NAILS,700,0,630,new,,paid,completed
2025-08-16,12:00:00,Mara Parilla,FOOT SPA,JENIFFER ANN MANUEL,LE NAILS,0,0,0,new,,paid,completed
2025-08-16,12:00:00,Mara Parilla,SWEDISH,JESTINE TANELON,SABBATH,600,0,480,new,,paid,completed
2025-08-16,12:00:00,Mara Parilla,PEDIGEL ORLY,EVANGELINE CANONIGO,LE NAILS,700,0,630,new,,paid,completed
2025-08-17,12:00:00,Kenneth Olympia Roque,TRADITIONAL HILOT WITH VENTOSA,ASHLEY JANE GARCIA,SABBATH,1500,0,1200,new,,paid,completed
2025-08-17,12:00:00,Kenneth Olympia Roque,SWEDISH,JESTINE TANELON,SABBATH,600,0,480,new,,paid,completed
2025-08-17,12:00:00,Kenneth Olympia Roque,SWEDISH,LAARNI CAPARAS,SABBATH,600,0,480,new,,paid,completed
2025-08-17,12:00:00,Kenneth Olympia Roque,SWEDISH,MARK KENNETH SANCHEZ,SABBATH,600,0,480,new,,paid,completed
2025-08-17,12:00:00,Kenneth Olympia Roque,ADDITIONAL 30 MINS,MARK KENNETH SANCHEZ,SABBATH,300,0,240,new,,paid,completed
2025-08-17,12:00:00,Randy Ambito,SWEDISH,MARK KENNETH SANCHEZ,SABBATH,600,0,480,new,,paid,completed
2025-08-17,12:00:00,Randy Ambito,SWEDISH,JANINE KIMBERLY GARCIA,SABBATH,600,0,480,new,,paid,completed
2025-08-17,12:00:00,Randy Ambito,PACKAGE A,EVANGELINE CANONIGO,LE NAILS,0,0,0,new,,paid,completed
2025-08-17,12:00:00,Randy Ambito,PACKAGE C,JENIFFER ANN MANUEL,LE NAILS,0,0,0,new,,paid,completed
2025-08-17,12:00:00,Randy Ambito,POLISH,JENIFFER ANN MANUEL,LE NAILS,50,0,45,new,,paid,completed
2025-08-17,12:00:00,Ann Dalisay,SWEDISH,ASHLEY JANE GARCIA,SABBATH,600,600,120,returning,,paid,completed
2025-08-17,12:00:00,Ann Dalisay,SWEDISH,ASHLEY JANE GARCIA,SABBATH,600,600,120,returning,,paid,completed
2025-08-17,12:00:00,Mawrence Pedroso,SWEDISH,LAARNI CAPARAS,SABBATH,600,0,480,returning,,paid,completed
2025-08-17,12:00:00,Dianne Ona,COMBINATION,JENIFFER ANN MANUEL,SABBATH,0,0,0,new,,paid,completed
2025-08-17,12:00:00,Dianne Ona,PEDICURE,JENIFFER ANN MANUEL,LE NAILS,200,0,180,new,,paid,completed
2025-08-17,12:00:00,Dianne Ona,POLISH,JENIFFER ANN MANUEL,LE NAILS,50,0,45,new,,paid,completed
2025-08-17,12:00:00,Dianne Ona,SOFT GEL NAIL EXTENSION,EVANGELINE CANONIGO,LE NAILS,800,0,720,new,,paid,completed
2025-08-17,12:00:00,Dianne Ona,SOFT GEL NAIL EXTENSION,EVANGELINE CANONIGO,LE NAILS,800,0,720,new,,paid,completed
2025-08-17,12:00:00,Ezra Joson,SWEDISH,ASHLEY JANE GARCIA,SABBATH,600,0,480,returning,,paid,completed
2025-08-17,12:00:00,Ezra Joson,SWEDISH,VIA JOY SANCHEZ,SABBATH,600,0,480,returning,,paid,completed
2025-08-17,12:00:00,Nesie Cruz,COMBINATION W/ HOT STONE,LEAH PEDROSA,SABBATH,0,0,0,new,,paid,completed
2025-08-17,12:00:00,Nesie Cruz,COMBINATION W/ HOT STONE,JESTINE TANELON,SABBATH,0,0,0,new,,paid,completed
2025-08-17,12:00:00,Alcon Mendoza,TRADITIONAL HILOT WITH VENTOSA,JESTINE TANELON,SABBATH,1500,0,1200,returning,,paid,completed
2025-08-17,12:00:00,Alcon Mendoza,ADDITIONAL 30 MINS,JESTINE TANELON,SABBATH,300,0,240,returning,,paid,completed
2025-08-17,12:00:00,Alcon Mendoza,COMBINATION,VIA JOY SANCHEZ,SABBATH,0,0,0,returning,,paid,completed
2025-08-17,12:00:00,Alcon Mendoza,COMBINATION,VIA JOY SANCHEZ,SABBATH,0,0,0,returning,,paid,completed
2025-08-17,12:00:00,Mera Matito,COMBINATION,JANINE KIMBERLY GARCIA,SABBATH,0,0,0,new,,paid,completed
2025-08-17,12:00:00,Mera Matito,TRADITIONAL HILOT WITH VENTOSA,JESTINE TANELON,SABBATH,1500,0,1200,new,,paid,completed
2025-08-17,12:00:00,Mark Anthony,COMBINATION,MARK KENNETH SANCHEZ,SABBATH,0,0,0,new,,paid,completed
2025-08-17,12:00:00,Mark Anthony,ADDITIONAL 30 MINS,MARK KENNETH SANCHEZ,SABBATH,300,0,240,new,,paid,completed
2025-08-17,12:00:00,Katharina Shimano,SLIMMING MASSAGE,VIA JOY SANCHEZ,SABBATH,0,0,0,new,,paid,completed
2025-08-17,12:00:00,Katharina Shimano,TRADITIONAL HILOT WITH VENTOSA,LEAH PEDROSA,SABBATH,1500,0,1200,new,,paid,completed
2025-08-17,12:00:00,Katharina Shimano,TRADITIONAL HILOT WITH VENTOSA,MARK KENNETH SANCHEZ,SABBATH,1500,0,1200,new,,paid,completed
2025-08-18,12:00:00,Noreen Garcia,"HEAD, BACK & SHOULDER",ASHLEY JANE GARCIA,SABBATH,0,0,0,new,,paid,completed
2025-08-18,12:00:00,Noreen Garcia,SWEDISH,MARK KENNETH SANCHEZ,SABBATH,600,0,480,new,,paid,completed
2025-08-18,12:00:00,Net Ibe,SWEDISH,JANINE KIMBERLY GARCIA,SABBATH,600,0,480,new,,paid,completed
2025-08-18,12:00:00,Net Ibe,SWEDISH,LAARNI CAPARAS,SABBATH,600,0,480,new,,paid,completed
2025-08-18,12:00:00,Jennylyn Roque,COMBINATION,MARK KENNETH SANCHEZ,SABBATH,0,0,0,new,,paid,completed
2025-08-18,12:00:00,Jennylyn Roque,COMBINATION,VIA JOY SANCHEZ,SABBATH,0,0,0,new,,paid,completed
2025-08-18,12:00:00,Rommel Flordeliza,SABBATH SIGNATURE,LAARNI CAPARAS,SABBATH,1000,0,800,new,,paid,completed
2025-08-18,12:00:00,Rommel Flordeliza,SABBATH SIGNATURE,ASHLEY JANE GARCIA,SABBATH,1000,0,800,new,,paid,completed
2025-08-18,12:00:00,Joanne Arellano,COMBINATION,JANINE KIMBERLY GARCIA,SABBATH,0,0,0,new,,paid,completed
2025-08-18,12:00:00,Joanne Arellano,COMBINATION,VIA JOY SANCHEZ,SABBATH,0,0,0,new,,paid,completed
2025-08-18,12:00:00,Mrs. Ibe,SWEDISH,JANINE KIMBERLY GARCIA,SABBATH,600,0,480,new,,paid,completed
2025-08-18,12:00:00,Mrs. Ibe,SWEDISH,LAARNI CAPARAS,SABBATH,600,0,480,new,,paid,completed
2025-08-19,12:00:00,Hannah Leoncio,"HEAD, BACK & SHOULDER",JESTINE TANELON,SABBATH,0,0,0,new,,paid,completed
2025-08-19,12:00:00,Marvin Cruz,SHIATSU,MARK KENNETH SANCHEZ,SABBATH,0,0,0,new,,paid,completed
2025-08-19,12:00:00,Marvin Cruz,SABBATH FOOT REFLEX,MARK KENNETH SANCHEZ,SABBATH,600,0,480,new,,paid,completed
2025-08-19,12:00:00,Joy Roque,POST & PRE NATAL W/ LACTATION,VIA JOY SANCHEZ,SABBATH,2000,0,1600,new,,paid,completed
2025-08-19,12:00:00,Dimple Mendoza,COMBINATION,LEAH PEDROSA,SABBATH,0,0,0,new,,paid,completed
2025-08-19,12:00:00,Mario Reyes,SWEDISH,JESTINE TANELON,SABBATH,600,600,120,returning,,paid,completed
2025-08-19,12:00:00,Josephine Reyes,SABBATH SIGNATURE,ASHLEY JANE GARCIA,SABBATH,1000,200,600,returning,,paid,completed
2025-08-19,12:00:00,Max Baesa,COMBINATION,LEAH PEDROSA,SABBATH,0,0,0,new,,paid,completed
2025-08-19,12:00:00,Aimee Bautista,SWEDISH,JESTINE TANELON,SABBATH,600,0,480,returning,,paid,completed
2025-08-19,12:00:00,Danny,SWEDISH,MARK KENNETH SANCHEZ,SABBATH,600,0,480,new,,paid,completed
2025-08-19,12:00:00,Jp Magsakay,SWEDISH,VIA JOY SANCHEZ,SABBATH,600,0,480,new,,paid,completed
2025-08-19,12:00:00,Chloe Magsakay,SWEDISH,ASHLEY JANE GARCIA,SABBATH,600,0,480,new,,paid,completed
2025-08-19,12:00:00,Ricky Espiritu,COMBINATION,LEAH PEDROSA,SABBATH,0,0,0,returning,,paid,completed
2025-08-20,12:00:00,Ma'am GIA,COMBINATION,LEAH PEDROSA,SABBATH,0,0,0,returning,,paid,completed
2025-08-20,12:00:00,Pastor Erick Fernandez,SABBATH SIGNATURE,JESTINE TANELON,SABBATH,1000,0,800,returning,,paid,completed
2025-08-20,12:00:00,Lesley Pujante,BODY SCRUB,ASHLEY JANE GARCIA,SABBATH,0,0,0,returning,,paid,completed
2025-08-20,12:00:00,Alvin Pujante,BODY SCRUB,JANINE KIMBERLY GARCIA,SABBATH,0,0,0,returning,,paid,completed
2025-08-20,12:00:00,Radie De Regala,SWEDISH,JANINE KIMBERLY GARCIA,SABBATH,600,0,480,returning,,paid,completed
2025-08-20,12:00:00,J. Bonifacio,SHIATSU,MARK KENNETH SANCHEZ,SABBATH,0,0,0,new,,paid,completed
2025-08-20,12:00:00,Jessica Alibayan,SWEDISH,LAARNI CAPARAS,SABBATH,600,0,600,new,,paid,completed
2025-08-20,12:00:00,Joe-Ehd Alibayan,COMBINATION,VIA JOY SANCHEZ,SABBATH,0,0,0,new,,paid,completed
2025-08-20,12:00:00,Paulo Mendoza,COMBINATION,MARK KENNETH SANCHEZ,SABBATH,0,0,0,new,,paid,completed
2025-08-21,12:00:00,Regie Rose Dy,COMBINATION W/ HOT STONE,VIA JOY SANCHEZ,SABBATH,0,0,0,new,,paid,completed
2025-08-21,12:00:00,Joana Cruz,COMBINATION W/ HOT STONE,LEAH PEDROSA,SABBATH,0,0,0,new,,paid,completed
2025-08-21,12:00:00,Michael Reyes,COMBINATION W/ HOT STONE,LEAH PEDROSA,SABBATH,0,0,0,returning,,paid,completed
2025-08-21,12:00:00,Manilyn Sanches,COMBINATION W/ HOT STONE,JANINE KIMBERLY GARCIA,SABBATH,0,0,0,returning,,paid,completed
2025-08-21,12:00:00,Mark Domingo,"HEAD, BACK & SHOULDER",VIA JOY SANCHEZ,SABBATH,400,0,400,returning,,paid,completed
2025-08-21,12:00:00,Jane Domingo,"HEAD, BACK & SHOULDER",JANINE KIMBERLY GARCIA,SABBATH,400,0,400,returning,,paid,completed
2025-08-21,12:00:00,Mark Domingo,ADDITIONAL 30 MINS,VIA JOY SANCHEZ,SABBATH,300,0,300,returning,,paid,completed
2025-08-21,12:00:00,Jane Domingo,ADDITIONAL 30 MINS,JANINE KIMBERLY GARCIA,SABBATH,300,0,300,returning,,paid,completed
2025-08-21,12:00:00,Mary Grace Parinas,TRADITIONAL HILOT WITH VENTOSA,VIA JOY SANCHEZ,SABBATH,1500,0,1500,new,,paid,completed
2025-08-21,12:00:00,Jonathan Parinas,TRADITIONAL HILOT WITH VENTOSA,LEAH PEDROSA,SABBATH,1500,0,1500,new,,paid,completed
2025-08-21,12:00:00,Ej Geronimo,COMBINATION,JENIFFER ANN MANUEL,SABBATH,0,0,0,new,,paid,completed
2025-08-21,12:00:00,Jenner Calayag,COMBINATION,JANINE KIMBERLY GARCIA,SABBATH,0,0,0,new,,paid,completed
2025-08-21,12:00:00,Ej Geronimo,ADDITIONAL 30 MINS,JENIFFER ANN MANUEL,SABBATH,300,0,300,new,,paid,completed
2025-08-21,12:00:00,Jenner Calayag,ADDITIONAL 30 MINS,JANINE KIMBERLY GARCIA,SABBATH,300,0,300,new,,paid,completed
2025-08-21,12:00:00,Sheryl Alonzo,SWEDISH,LAARNI CAPARAS,SABBATH,600,0,600,returning,,paid,completed
2025-08-21,12:00:00,Aimee,MANIGEL ORLY,EVANGELINE CANONIGO,LE NAILS,0,0,0,returning,,paid,completed
2025-08-21,12:00:00,Aimee,PEDICURE,EVANGELINE CANONIGO,LE NAILS,0,0,0,returning,,paid,completed
2025-08-21,12:00:00,Aimee,REGULAR POLISH,EVANGELINE CANONIGO,LE NAILS,0,0,0,returning,,paid,completed
2025-08-22,12:00:00,Mary Ann Hermida,COMBINATION,JANINE KIMBERLY GARCIA,SABBATH,0,0,0,new,,paid,completed
2025-08-22,12:00:00,Corason Flores,COMBINATION,LEAH PEDROSA,SABBATH,0,0,0,new,,paid,completed
2025-08-22,12:00:00,Nikhita Jen Basco,COMBINATION,VIA JOY SANCHEZ,SABBATH,0,0,0,new,,paid,completed
2025-08-22,12:00:00,Aira Bonita,COMBINATION,ASHLEY JANE GARCIA,SABBATH,0,0,0,new,,paid,completed
2025-08-22,12:00:00,Caridad Basco,"SABBATH SIGNATURE FOOT, HEAD, NECK & SHOULDER",LAARNI CAPARAS,SABBATH,750,0,750,new,,paid,completed
2025-08-22,12:00:00,Jayvee Botohan,TRADITIONAL HILOT WITH VENTOSA,JESTINE TANELON,SABBATH,1500,0,1500,new,,paid,completed
2025-08-22,12:00:00,Marco Flores,TRADITIONAL HILOT WITH VENTOSA,MARK KENNETH SANCHEZ,SABBATH,1500,0,1500,new,,paid,completed
2025-08-22,12:00:00,Leo Caberto,COMBINATION,ASHLEY JANE GARCIA,SABBATH,0,0,0,new,,paid,completed
2025-08-22,12:00:00,Jethro Sta Ana,SABBATH SIGNATURE,MARK KENNETH SANCHEZ,SABBATH,1000,0,1000,new,,paid,completed
2025-08-22,12:00:00,Jen Dungo,SABBATH SIGNATURE,LAARNI CAPARAS,SABBATH,1000,0,1000,new,,paid,completed
2025-08-22,12:00:00,Ann Dalisay,SWEDISH,ASHLEY JANE GARCIA,SABBATH,600,600,0,returning,,paid,completed
2025-08-22,12:00:00,Ann Dalisay,SWEDISH,ASHLEY JANE GARCIA,SABBATH,600,600,0,returning,,paid,completed
2025-08-22,12:00:00,Allan Mata,COMBINATION,JANINE KIMBERLY GARCIA,SABBATH,0,0,0,new,,paid,completed
2025-08-22,12:00:00,Allan Mata,ADDITIONAL 30 MINS,JANINE KIMBERLY GARCIA,SABBATH,300,0,300,new,,paid,completed
2025-08-22,12:00:00,James Virgino,SABBATH SIGNATURE,MARK KENNETH SANCHEZ,SABBATH,1000,0,1000,returning,,paid,completed
2025-08-22,12:00:00,Mary Ann Hermida,MANICURE,,LE NAILS,150,0,150,new,,paid,completed
2025-08-22,12:00:00,Mary Ann Hermida,MANIGEL CUCCIO,,LE NAILS,450,0,450,new,,paid,completed
2025-08-22,12:00:00,Mary Ann Hermida,PEDICURE,,LE NAILS,200,0,200,new,,paid,completed
2025-08-22,12:00:00,Mary Ann Hermida,PEDICURE,,LE NAILS,200,0,200,new,,paid,completed
2025-08-22,12:00:00,Mary Ann Hermida,REGULAR POLISH,,LE NAILS,0,0,0,new,,paid,completed
2025-08-22,12:00:00,Mary Ann Hermida,REGULAR POLISH,,LE NAILS,0,0,0,new,,paid,completed
2025-08-22,12:00:00,Mary Ann Hermida,REGULAR POLISH,,LE NAILS,0,0,0,new,,paid,completed
2025-08-23,12:00:00,Jaymark Layola,COMBINATION,MARK KENNETH SANCHEZ,SABBATH,0,0,0,new,,paid,completed
2025-08-23,12:00:00,Gabrielle Shane Dela Cruz,SWEDISH,LEAH PEDROSA,SABBATH,600,0,600,new,,paid,completed
2025-08-23,12:00:00,Eric Apalli,TRADITIONAL HILOT WITH VENTOSA,VIA JOY SANCHEZ,SABBATH,1500,0,1500,new,,paid,completed
2025-08-23,12:00:00,Michael Reyes,SABBATH FOOT REFLEX,LEAH PEDROSA,SABBATH,600,600,0,returning,,paid,completed
2025-08-23,12:00:00,Manilyn Sanchez,SABBATH FOOT REFLEX,JANINE KIMBERLY GARCIA,SABBATH,600,600,0,returning,,paid,completed
2025-08-23,12:00:00,Cel Tayao,SABBATH FOOT REFLEX,JESTINE TANELON,SABBATH,600,600,0,returning,,paid,completed
2025-08-23,12:00:00,Ronelo Pertubal,SWEDISH,LAARNI CAPARAS,SABBATH,600,0,600,new,,paid,completed
2025-08-23,12:00:00,Edralyn Santos,COMBINATION W/ HOT STONE,VIA JOY SANCHEZ,SABBATH,0,0,0,new,,paid,completed
2025-08-23,12:00:00,Odra Santos,COMBINATION W/ HOT STONE,JESTINE TANELON,SABBATH,0,0,0,new,,paid,completed
2025-08-23,12:00:00,Omar Santos,TRADITIONAL HILOT WITH VENTOSA,MARK KENNETH SANCHEZ,SABBATH,1500,0,1500,new,,paid,completed
2025-08-23,12:00:00,Chona Santos,COMBINATION W/ HOT STONE,ASHLEY JANE GARCIA,SABBATH,0,0,0,new,,paid,completed
2025-08-23,12:00:00,Jessa Tamayo,SABBATH SIGNATURE,LAARNI CAPARAS,SABBATH,1000,400,600,new,,paid,completed
2025-08-23,12:00:00,Tennie Bautista,AROMATHERAPY OIL WITH HERBAL BALL,JENIFFER ANN MANUEL,SABBATH,1000,400,600,new,,paid,completed
2025-08-23,12:00:00,Mhik,SWEDISH,JANINE KIMBERLY GARCIA,SABBATH,600,0,600,returning,,paid,completed
2025-08-23,12:00:00,Jas,SWEDISH,ASHLEY JANE GARCIA,SABBATH,600,0,600,returning,,paid,completed
2025-08-23,12:00:00,Warly Batac,COMBINATION,MARK KENNETH SANCHEZ,SABBATH,0,0,0,new,,paid,completed
2025-08-24,12:00:00,Aivery Colores,COMBINATION,JANINE KIMBERLY GARCIA,SABBATH,0,0,0,new,,paid,completed
2025-08-24,12:00:00,Aivery Colores,ADDITIONAL 30 MINS,JANINE KIMBERLY GARCIA,SABBATH,300,0,300,new,,paid,completed
2025-08-24,12:00:00,Soledad Guevarra,SHIATSU,ASHLEY JANE GARCIA,SABBATH,0,0,0,returning,,paid,completed
2025-08-24,12:00:00,Arnold Guevarra,SHIATSU,MARK KENNETH SANCHEZ,SABBATH,0,0,0,returning,,paid,completed
2025-08-24,12:00:00,Ricky Valerio,SHIATSU,LEAH PEDROSA,SABBATH,0,0,0,new,,paid,completed
2025-08-24,12:00:00,Thess Valerio,SHIATSU,LAARNI CAPARAS,SABBATH,0,0,0,new,,paid,completed
2025-08-24,12:00:00,Jan Joven,SWEDISH,JESTINE TANELON,SABBATH,600,0,600,returning,,paid,completed
2025-08-24,12:00:00,Catherine Ladera,COMBINATION,VIA JOY SANCHEZ,SABBATH,0,0,0,returning,,paid,completed
2025-08-24,12:00:00,Mark Santos,COMBINATION,LEAH PEDROSA,SABBATH,0,0,0,returning,,paid,completed
2025-08-24,12:00:00,Arjhay Carlos,COMBINATION,MARK KENNETH SANCHEZ,SABBATH,0,0,0,new,,paid,completed
2025-08-24,12:00:00,Christian Perez,COMBINATION,ASHLEY JANE GARCIA,SABBATH,0,0,0,new,,paid,completed
2025-08-24,12:00:00,Maricon Perez,COMBINATION,JESTINE TANELON,SABBATH,0,0,0,new,,paid,completed
2025-08-24,12:00:00,Joyce Rebarter,SABBATH SIGNATURE,LAARNI CAPARAS,SABBATH,1000,0,1000,returning,,paid,completed
2025-08-24,12:00:00,Janeth Rebarter,COMBINATION,VIA JOY SANCHEZ,SABBATH,0,0,0,returning,,paid,completed
2025-08-24,12:00:00,Mary Ann Alfaro,SABBATH FOOT REFLEX,JANINE KIMBERLY GARCIA,SABBATH,600,0,600,returning,,paid,completed
2025-08-24,12:00:00,Jeremia Nunez,COMBINATION,ASHLEY JANE GARCIA,SABBATH,0,0,0,returning,,paid,completed
2025-08-24,12:00:00,Alnea Nunez,COMBINATION,MARK KENNETH SANCHEZ,SABBATH,0,0,0,returning,,paid,completed
2025-08-24,12:00:00,Alex Nunez,SWEDISH,JESTINE TANELON,SABBATH,600,0,600,returning,,paid,completed
2025-08-24,12:00:00,Al Dungo,SWEDISH,LEAH PEDROSA,SABBATH,600,0,600,returning,,paid,completed
2025-08-24,12:00:00,Rommel Castro,COMBINATION,JENIFFER ANN MANUEL,SABBATH,0,0,0,returning,,paid,completed
2025-08-24,12:00:00,Kyle Del Mundo,COMBINATION W/ HOT STONE,VIA JOY SANCHEZ,SABBATH,0,0,0,returning,,paid,completed
2025-08-24,12:00:00,Cate Cajara,COMBINATION W/ HOT STONE,LEAH PEDROSA,SABBATH,0,0,0,returning,,paid,completed
2025-08-24,12:00:00,Chanella Cajara,TRADITIONAL HILOT WITH VENTOSA,JANINE KIMBERLY GARCIA,SABBATH,1500,0,1500,returning,,paid,completed
2025-08-24,12:00:00,Mary Ann Alfaro,PACKAGE A,EVANGELINE CANONIGO,LE NAILS,0,0,0,returning,,paid,completed
2025-08-24,12:00:00,Mary Ann Alfaro,REGULAR POLISH,EVANGELINE CANONIGO,LE NAILS,0,0,0,returning,,paid,completed
2025-08-24,12:00:00,Mary Ann Alfaro,REGULAR POLISH,EVANGELINE CANONIGO,LE NAILS,0,0,0,returning,,paid,completed
2025-08-25,12:00:00,Czarina Alyanna,SWEDISH,LAARNI CAPARAS,SABBATH,600,0,600,new,,paid,completed
2025-08-25,12:00:00,Joe,COMBINATION,MARK KENNETH SANCHEZ,SABBATH,0,0,0,new,,paid,completed
2025-08-25,12:00:00,Stephanie Loui,SABBATH FOOT REFLEX,VIA JOY SANCHEZ,SABBATH,600,0,600,new,,paid,completed
2025-08-25,12:00:00,Marjorie De Guia,COMBINATION,JESTINE TANELON,SABBATH,0,0,0,new,,paid,completed
2025-08-25,12:00:00,Rochelle Tobiano,COMBINATION,ASHLEY JANE GARCIA,SABBATH,0,0,0,new,,paid,completed
2025-08-25,12:00:00,Grace Pagtalunan,COMBINATION,JANINE KIMBERLY GARCIA,SABBATH,0,0,0,new,,paid,completed
2025-08-25,12:00:00,Teya Magaling,COMBINATION,LEAH PEDROSA,SABBATH,0,0,0,new,,paid,completed
2025-08-25,12:00:00,Maricris Bondoc,COMBINATION,ASHLEY JANE GARCIA,SABBATH,0,0,0,new,,paid,completed
2025-08-25,12:00:00,Maria Saltiban,COMBINATION,JESTINE TANELON,SABBATH,0,0,0,new,,paid,completed
2025-08-25,12:00:00,Garry Orozco,COMBINATION,JANINE KIMBERLY GARCIA,SABBATH,0,0,0,new,,paid,completed
2025-08-25,12:00:00,Lourdez Orozco,COMBINATION,LEAH PEDROSA,SABBATH,0,0,0,new,,paid,completed
2025-08-25,12:00:00,Ann Rivera De Leon,POST & PRE NATAL W/ LACTATION,VIA JOY SANCHEZ,SABBATH,2000,0,2000,new,,paid,completed
2025-08-25,12:00:00,Mark Anthony De Leon,COMBINATION,MARK KENNETH SANCHEZ,SABBATH,0,0,0,new,,paid,completed
2025-08-25,12:00:00,Atty James Tan,COMBINATION,MARK KENNETH SANCHEZ,SABBATH,0,0,0,new,,paid,completed
2025-08-25,12:00:00,John Mark Carino,COMBINATION,ASHLEY JANE GARCIA,SABBATH,0,0,0,new,,paid,completed
2025-08-25,12:00:00,Kathleen Rebosa,COMBINATION,JESTINE TANELON,SABBATH,0,0,0,new,,paid,completed
2025-08-25,12:00:00,JB Toledanes,GROWTH,LAARNI CAPARAS,SABBATH,500,0,500,new,,paid,completed
2025-08-25,12:00:00,Jemuel Toledanes,SABBATH SIGNATURE,JENIFFER ANN MANUEL,SABBATH,1000,0,1000,new,,paid,completed
2025-08-25,12:00:00,Michael Reyes,SWEDISH,LEAH PEDROSA,SABBATH,600,600,0,returning,,paid,completed
2025-08-25,12:00:00,Manilyn Sanchez,SWEDISH,JANINE KIMBERLY GARCIA,SABBATH,600,600,0,returning,,paid,completed
2025-08-25,12:00:00,Jacklyn Mendiola,COMBINATION,LEAH PEDROSA,SABBATH,0,0,0,new,,paid,completed
2025-08-25,12:00:00,AJ,COMBINATION,VIA JOY SANCHEZ,SABBATH,0,0,0,new,,paid,completed
2025-08-25,12:00:00,Jacklyn Mendiola,ADDITIONAL 30 MINS,LEAH PEDROSA,SABBATH,300,0,300,new,,paid,completed
2025-08-25,12:00:00,AJ,ADDITIONAL 30 MINS,VIA JOY SANCHEZ,SABBATH,300,0,300,new,,paid,completed
2025-08-25,12:00:00,Shekinah Mapanoo,COMBINATION,VIA JOY SANCHEZ,SABBATH,0,0,0,new,,paid,completed
2025-08-25,12:00:00,Shekinah Mapanoo,ADDITIONAL 30 MINS,VIA JOY SANCHEZ,SABBATH,300,0,300,new,,paid,completed
2025-08-25,12:00:00,Jamielyn Rose Vinta,SABBATH SIGNATURE,LAARNI CAPARAS,SABBATH,1000,0,1000,new,,paid,completed
2025-08-25,12:00:00,Yumi,SHIATSU,JANINE KIMBERLY GARCIA,SABBATH,0,0,0,returning,,paid,completed
2025-08-25,12:00:00,Yumi,ADDITIONAL 30 MINS,JANINE KIMBERLY GARCIA,SABBATH,300,0,300,returning,,paid,completed
2025-08-25,12:00:00,Yumi,SWEDISH,JESTINE TANELON,SABBATH,600,0,600,returning,,paid,completed
2025-08-25,12:00:00,Yumi,ADDITIONAL 30 MINS,JESTINE TANELON,SABBATH,300,0,300,returning,,paid,completed
2025-08-25,12:00:00,William Andaya,"SABBATH SIGNATURE FOOT, HEAD, NECK & SHOULDER",MARK KENNETH SANCHEZ,SABBATH,750,0,750,new,,paid,completed
2025-08-25,12:00:00,Karen Zacarias,COMBINATION,ASHLEY JANE GARCIA,SABBATH,0,0,0,new,,paid,completed
2025-08-25,12:00:00,Liam Zacarias,COMBINATION,MARK KENNETH SANCHEZ,SABBATH,0,0,0,new,,paid,completed
2025-08-25,12:00:00,Jeoffrey,SWEDISH,JESTINE TANELON,SABBATH,600,0,600,new,,paid,completed
2025-08-25,12:00:00,Mhaze,SWEDISH,ASHLEY JANE GARCIA,SABBATH,600,0,600,new,,paid,completed
2025-08-25,12:00:00,Czarina Alyanna,MANICURE,JENIFFER ANN MANUEL,LE NAILS,150,0,150,new,,paid,completed
2025-08-25,12:00:00,Czarina Alyanna,FOOT SPA,JENIFFER ANN MANUEL,LE NAILS,0,0,0,new,,paid,completed
2025-08-25,12:00:00,Czarina Alyanna,PEDIGEL ORLY,JENIFFER ANN MANUEL,LE NAILS,700,0,700,new,,paid,completed
2025-08-25,12:00:00,Joe,PACKAGE F,EVANGELINE CANONIGO,LE NAILS,1250,0,1250,new,,paid,completed
2025-08-26,12:00:00,Helena Guansing,"SABBATH SIGNATURE FOOT, HEAD, NECK & SHOULDER",LEAH PEDROSA,SABBATH,750,0,750,new,,paid,completed
2025-08-26,12:00:00,Connie Camacho,COMBINATION,ASHLEY JANE GARCIA,SABBATH,0,0,0,new,,paid,completed
2025-08-26,12:00:00,Elizabeth Cruz,COMBINATION,JESTINE TANELON,SABBATH,0,0,0,new,,paid,completed
2025-08-26,12:00:00,Mary Michelle,SWEDISH,VIA JOY SANCHEZ,SABBATH,600,0,600,new,,paid,completed
2025-08-26,12:00:00,Lynn De Jesus,SWEDISH,LEAH PEDROSA,SABBATH,600,0,600,new,,paid,completed
2025-08-26,12:00:00,Jude Jameo,TRADITIONAL HILOT WITH VENTOSA,MARK KENNETH SANCHEZ,SABBATH,1500,0,1500,new,,paid,completed
2025-08-26,12:00:00,Edzel Bartolaba,SWEDISH,JENIFFER ANN MANUEL,SABBATH,600,0,600,new,,paid,completed
2025-08-26,12:00:00,Cavin SY,SWEDISH,ASHLEY JANE GARCIA,SABBATH,600,0,600,new,,paid,completed
2025-08-26,12:00:00,Arvhiane Valerio,SABBATH PACKAGE 1,ASHLEY JANE GARCIA,SABBATH,2000,0,2000,new,,paid,completed
2025-08-26,12:00:00,Nikoli Francisco,SABBATH PACKAGE 1,LEAH PEDROSA,SABBATH,2000,0,2000,new,,paid,completed
2025-08-26,12:00:00,Ma'am Vernie,SABBATH SIGNATURE,JESTINE TANELON,SABBATH,1000,0,1000,returning,,paid,completed
2025-08-26,12:00:00,Magnolia,SWEDISH,VIA JOY SANCHEZ,SABBATH,600,0,600,new,,paid,completed
2025-08-26,12:00:00,Gabby Fernandez,SWEDISH,VIA JOY SANCHEZ,SABBATH,600,0,600,returning,,paid,completed
2025-08-26,12:00:00,Cary Uy,SWEDISH,LEAH PEDROSA,SABBATH,600,0,600,new,,paid,completed
2025-08-26,12:00:00,Angelica Bagnes,SWEDISH,JESTINE TANELON,SABBATH,600,0,600,new,,paid,completed
2025-08-26,12:00:00,Ariel Bagnes,"SABBATH SIGNATURE FOOT, HEAD, NECK & SHOULDER",MARK KENNETH SANCHEZ,SABBATH,750,150,600,new,,paid,completed
2025-08-26,12:00:00,Flora Bagnes,SWEDISH,ASHLEY JANE GARCIA,SABBATH,600,0,600,new,,paid,completed
2025-08-27,12:00:00,Rowena Otayde,COMBINATION,JANINE KIMBERLY GARCIA,SABBATH,0,0,0,new,,paid,completed
2025-08-27,12:00:00,Robert Cruz,COMBINATION,LEAH PEDROSA,SABBATH,0,0,0,returning,,paid,completed
2025-08-27,12:00:00,Robert Cruz,ADDITIONAL 30 MINS,LEAH PEDROSA,SABBATH,300,0,300,returning,,paid,completed
2025-08-27,12:00:00,Armie Cruz,SABBATH FOOT REFLEX,VIA JOY SANCHEZ,SABBATH,600,0,600,returning,,paid,completed
2025-08-27,12:00:00,Ma'am GIA,SABBATH SIGNATURE,LAARNI CAPARAS,SABBATH,1000,0,1000,returning,,paid,completed
2025-08-27,12:00:00,Pastor Erick,SABBATH SIGNATURE,ASHLEY JANE GARCIA,SABBATH,1000,0,1000,returning,,paid,completed
2025-08-27,12:00:00,Armie Cruz,MANICURE,EVANGELINE CANONIGO,LE NAILS,150,15,135,returning,,paid,completed
2025-08-27,12:00:00,Armie Cruz,PEDICURE,EVANGELINE CANONIGO,LE NAILS,200,20,180,returning,,paid,completed
2025-08-27,12:00:00,Armie Cruz,POLISH,EVANGELINE CANONIGO,LE NAILS,50,0,50,returning,,paid,completed
2025-08-27,12:00:00,Robert Cruz,PEDICURE,EVANGELINE CANONIGO,LE NAILS,200,20,180,returning,,paid,completed
2025-08-28,12:00:00,Charles Estrella,SWEDISH,JESTINE TANELON,SABBATH,600,0,600,returning,,paid,completed
2025-08-28,12:00:00,Adrian Calalang,SWEDISH,VIA JOY SANCHEZ,SABBATH,600,0,600,new,,paid,completed
2025-08-28,12:00:00,Lavern Enzo Talavera,SWEDISH,JANINE KIMBERLY GARCIA,SABBATH,600,0,600,new,,paid,completed
2025-08-28,12:00:00,Ernesto Tolentino,SABBATH SIGNATURE,LAARNI CAPARAS,SABBATH,1000,0,1000,new,,paid,completed
2025-08-28,12:00:00,Rajesh Richard Rego,TRADITIONAL HILOT WITH VENTOSA,LEAH PEDROSA,SABBATH,1500,0,1500,new,,paid,completed
2025-08-28,12:00:00,Rajesh Richard Rego,ADDITIONAL 30 MINS,LEAH PEDROSA,SABBATH,300,0,300,new,,paid,completed
2025-08-28,12:00:00,Noel Santos,COMBINATION,JENIFFER ANN MANUEL,SABBATH,0,0,0,returning,,paid,completed
2025-08-28,12:00:00,Noel Santos,ADDITIONAL 30 MINS,JENIFFER ANN MANUEL,SABBATH,300,0,300,returning,,paid,completed
2025-08-28,12:00:00,Carmelita Lopez,COMBINATION,JESTINE TANELON,SABBATH,0,0,0,new,,paid,completed
2025-08-28,12:00:00,Wax Ramirez,COMBINATION,VIA JOY SANCHEZ,SABBATH,0,0,0,new,,paid,completed
2025-08-28,12:00:00,Wax Ramirez,ADDITIONAL 30 MINS,VIA JOY SANCHEZ,SABBATH,300,0,300,new,,paid,completed
2025-08-28,12:00:00,Jing Ramirez,COMBINATION,JANINE KIMBERLY GARCIA,SABBATH,0,0,0,new,,paid,completed
2025-08-28,12:00:00,Jing Ramirez,ADDITIONAL 30 MINS,JANINE KIMBERLY GARCIA,SABBATH,300,0,300,new,,paid,completed
2025-08-28,12:00:00,Rejielyn Maldia,SWEDISH,LAARNI CAPARAS,SABBATH,600,0,600,returning,,paid,completed
2025-08-28,12:00:00,Hannah Takahashi,SWEDISH,LEAH PEDROSA,SABBATH,600,0,600,returning,,paid,completed
2025-08-28,12:00:00,Noel Vardeleon,SWEDISH,VIA JOY SANCHEZ,SABBATH,600,0,600,returning,,paid,completed
2025-08-28,12:00:00,Mae Vardeleon,SWEDISH,JESTINE TANELON,SABBATH,600,0,600,returning,,paid,completed
2025-08-28,12:00:00,Nino Lizarondo,COMBINATION W/ HOT STONE,JANINE KIMBERLY GARCIA,SABBATH,0,0,0,returning,,paid,completed
2025-08-28,12:00:00,Pastor Erick,SABBATH FOOT REFLEX,LEAH PEDROSA,SABBATH,600,0,600,returning,,paid,completed
2025-08-28,12:00:00,Ma'am GIA,SABBATH FOOT REFLEX,JESTINE TANELON,SABBATH,600,0,600,returning,,paid,completed
2025-08-29,12:00:00,Anita Momero,TRADITIONAL HILOT WITH VENTOSA,ASHLEY JANE GARCIA,SABBATH,1500,300,1200,new,,paid,completed
2025-08-29,12:00:00,Noel Momero,SABBATH SIGNATURE,MARK KENNETH SANCHEZ,SABBATH,1000,200,800,new,,paid,completed
2025-08-29,12:00:00,Ronsay De Mesa,SABBATH SIGNATURE,LAARNI CAPARAS,SABBATH,1000,200,800,new,,paid,completed
2025-08-29,12:00:00,Josephine De Mesa,COMBINATION W/ HOT STONE,VIA JOY SANCHEZ,SABBATH,0,0,0,new,,paid,completed
2025-08-29,12:00:00,Christian Bryan Mendoza,SABBATH SIGNATURE,MARK KENNETH SANCHEZ,SABBATH,1000,0,1000,returning,,paid,completed
2025-08-29,12:00:00,Carmella Esguerra,SWEDISH,JANINE KIMBERLY GARCIA,SABBATH,600,0,600,new,,paid,completed
2025-08-29,12:00:00,Mark Esguerra,SWEDISH,JESTINE TANELON,SABBATH,600,0,600,new,,paid,completed
2025-08-29,12:00:00,Ghlenn Ramos,SABBATH SIGNATURE,ASHLEY JANE GARCIA,SABBATH,1000,0,1000,new,,paid,completed
2025-08-29,12:00:00,Grace Soriano,SABBATH SIGNATURE,LEAH PEDROSA,SABBATH,1000,0,1000,new,,paid,completed
2025-08-29,12:00:00,Patrick Gonzales,SABBATH SIGNATURE,VIA JOY SANCHEZ,SABBATH,1000,0,1000,new,,paid,completed
2025-08-29,12:00:00,Cathy Gonzales,SABBATH SIGNATURE,LAARNI CAPARAS,SABBATH,1000,0,1000,new,,paid,completed
2025-08-29,12:00:00,Jeana Venturina,COMBINATION,ASHLEY JANE GARCIA,SABBATH,0,0,0,returning,,paid,completed
2025-08-29,12:00:00,Janvic Venturina,COMBINATION,JESTINE TANELON,SABBATH,0,0,0,returning,,paid,completed
2025-08-29,12:00:00,Sam Venturina,COMBINATION,JANINE KIMBERLY GARCIA,SABBATH,0,0,0,returning,,paid,completed
2025-08-29,12:00:00,CJ Caluag,SWEDISH,LEAH PEDROSA,SABBATH,600,600,0,returning,,paid,completed
2025-08-29,12:00:00,CJ Caluag,SWEDISH,MARK KENNETH SANCHEZ,SABBATH,600,0,600,returning,,paid,completed
2025-08-29,12:00:00,Anita Momero,PACKAGE F,VIA JOY SANCHEZ,LE NAILS,1250,250,1000,new,,paid,completed
2025-08-29,12:00:00,Anita Momero,SOFT GEL NAIL EXTENSION,,LE NAILS,800,160,640,new,,paid,completed
2025-08-29,12:00:00,Anita Momero,3D GEL NAIL ART / EMBOSSED,,LE NAILS,600,120,480,new,,paid,completed
2025-08-29,12:00:00,Josephine De Mesa,PACKAGE F,,LE NAILS,1250,250,1000,new,,paid,completed
2025-08-29,12:00:00,Josephine De Mesa,SOFT GEL NAIL EXTENSION,,LE NAILS,800,160,640,new,,paid,completed
2025-08-29,12:00:00,Josephine De Mesa,3D GEL NAIL ART / EMBOSSED,,LE NAILS,600,120,480,new,,paid,completed
2025-08-30,12:00:00,Miko Galang,COMBINATION,JANINE KIMBERLY GARCIA,SABBATH,0,0,0,returning,,paid,completed
2025-08-30,12:00:00,Joyce Pondang,SWEDISH,JANINE KIMBERLY GARCIA,SABBATH,600,0,600,returning,,paid,completed
2025-08-30,12:00:00,Joyce Pondang,SABBATH FOOT REFLEX,JANINE KIMBERLY GARCIA,SABBATH,600,0,600,returning,,paid,completed
2025-08-30,12:00:00,Janis Lumagui,SWEDISH,VIA JOY SANCHEZ,SABBATH,600,0,600,returning,,paid,completed
2025-08-30,12:00:00,Janis Lumagui,SABBATH FOOT REFLEX,VIA JOY SANCHEZ,SABBATH,600,0,600,returning,,paid,completed
2025-08-30,12:00:00,Joucel Ramirez,SHIATSU,LEAH PEDROSA,SABBATH,0,0,0,returning,,paid,completed
2025-08-30,12:00:00,Gladeez Bermudez,COMBINATION,JESTINE TANELON,SABBATH,0,0,0,new,,paid,completed
2025-08-30,12:00:00,Juvy Raymundo,SABBATH SIGNATURE,,SABBATH,1000,0,1000,new,,paid,completed
2025-08-30,12:00:00,Russel Reburiano,COMBINATION,,SABBATH,0,0,0,new,,paid,completed
2025-08-30,12:00:00,Russel Reburiano,ADDITIONAL 30 MINS,,SABBATH,300,0,300,new,,paid,completed
2025-08-30,12:00:00,Mark Ervin Arandera,SABBATH PACKAGE 1,,SABBATH,2000,0,2000,returning,,paid,completed
2025-08-30,12:00:00,Christina Dela Cruz,SABBATH PACKAGE 1,,SABBATH,2000,0,2000,returning,,paid,completed
2025-08-30,12:00:00,Roselle Dalupang,SAUNA,,SABBATH,1000,0,1000,new,,paid,completed
2025-08-30,12:00:00,Roselle Dalupang,SAUNA,,SABBATH,1000,0,1000,new,,paid,completed
2025-08-30,12:00:00,Carina Dalmacio,POST & PRE NATAL W/ LACTATION,,SABBATH,2000,0,2000,new,,paid,completed
2025-08-30,12:00:00,Edrick Dalmacio,COMBINATION,,SABBATH,0,0,0,new,,paid,completed
2025-08-30,12:00:00,Richard Buenaventura,SABBATH SIGNATURE,,SABBATH,1000,0,1000,new,,paid,completed
2025-08-30,12:00:00,Maylyn Buenaventura,SABBATH SIGNATURE,,SABBATH,1000,0,1000,new,,paid,completed
2025-08-30,12:00:00,Jane Rustine,SABBATH SIGNATURE,,SABBATH,1000,0,1000,new,,paid,completed
2025-08-30,12:00:00,Hanah Yshie,SABBATH SIGNATURE,,SABBATH,1000,0,1000,new,,paid,completed
2025-08-30,12:00:00,Grace Oguilla,SABBATH PACKAGE 1,,SABBATH,2000,0,2000,new,,paid,completed
2025-08-30,12:00:00,Doem Oguilla,SABBATH PACKAGE 1,,SABBATH,2000,0,2000,new,,paid,completed
2025-08-31,12:00:00,Rovie Tungpalan,COMBINATION,,SABBATH,0,0,0,returning,,paid,completed
2025-08-31,12:00:00,Elvie Castisimo,COMBINATION,,SABBATH,0,0,0,returning,,paid,completed
2025-08-31,12:00:00,Bella Tungpalan,GROWTH,,SABBATH,500,0,500,returning,,paid,completed
2025-08-31,12:00:00,Ann Dalisay,SWEDISH,,SABBATH,600,600,0,returning,,paid,completed
2025-08-31,12:00:00,Ann Dalisay,SWEDISH,,SABBATH,600,600,0,returning,,paid,completed
2025-08-31,12:00:00,Michael Reyes,SABBATH FOOT REFLEX,,SABBATH,600,600,0,returning,,paid,completed
2025-08-31,12:00:00,Manilyn Sanchez,SABBATH FOOT REFLEX,,SABBATH,600,600,0,returning,,paid,completed
2025-08-31,12:00:00,Rv Dumo,SWEDISH,,SABBATH,600,0,600,new,,paid,completed
2025-08-31,12:00:00,Amiel Dumo,SWEDISH,,SABBATH,600,0,600,new,,paid,completed
2025-08-31,12:00:00,Noreen Garcia,SWEDISH,,SABBATH,600,0,600,returning,,paid,completed
2025-08-31,12:00:00,Jean Cardona,SHIATSU,,SABBATH,0,0,0,returning,,paid,completed
2025-08-31,12:00:00,Jhoana Fuster,SABBATH SIGNATURE,,SABBATH,1000,0,1000,returning,,paid,completed
2025-08-31,12:00:00,Gio Valerio,SABBATH SIGNATURE,,SABBATH,1000,0,1000,new,,paid,completed
2025-08-31,12:00:00,Joni Pan,SABBATH SIGNATURE,,SABBATH,1000,0,1000,new,,paid,completed
2025-08-31,12:00:00,Ras Pan,SABBATH SIGNATURE,,SABBATH,1000,0,1000,new,,paid,completed
2025-08-31,12:00:00,Rovie Tungpalan,MANIGEL ORLY,,LE NAILS,600,0,600,returning,,paid,completed
2025-08-31,12:00:00,Rovie Tungpalan,3D GEL NAIL ART / EMBOSSED,,LE NAILS,600,0,600,returning,,paid,completed
2025-08-31,12:00:00,Rovie Tungpalan,PEDICURE,,LE NAILS,200,0,200,returning,,paid,completed
2025-08-31,12:00:00,Bella Tungpalan,PEDICURE,,LE NAILS,200,0,200,returning,,paid,completed
2025-08-31,12:00:00,Bella Tungpalan,MANICURE,,LE NAILS,150,0,150,returning,,paid,completed
2025-08-31,12:00:00,Bella Tungpalan,REGULAR POLISH,,LE NAILS,0,0,0,returning,,paid,completed
2025-08-31,12:00:00,Manilyn Sanchez,MANIGEL ORLY,,LE NAILS,600,60,540,returning,,paid,completed
2025-08-31,12:00:00,Manilyn Sanchez,PEDIGEL ORLY,,LE NAILS,700,70,630,returning,,paid,completed
2025-08-31,12:00:00,Michael Reyes,PEDICURE,,LE NAILS,200,20,180,returning,,paid,completed
2025-09-01,12:00:00,Helena Guansing,SABBATH SIGNATURE,LAARNI CAPARAS,SABBATH,1000,0,800,returning,,paid,completed
2025-09-01,12:00:00,Rosario Santiago,SWEDISH,JANINE KIMBERLY GARCIA,SABBATH,600,0,480,new,,paid,completed
2025-09-01,12:00:00,Roy Santiago,SWEDISH,JESTINE TANELON,SABBATH,600,0,480,new,,paid,completed
2025-09-01,12:00:00,Dan Bautista,SWEDISH,ASHLEY JANE GARCIA,SABBATH,600,0,480,returning,,paid,completed
2025-09-01,12:00:00,Ma'am Gia,TRADITIONAL HILOT WITH VENTOSA,ASHLEY JANE GARCIA,SABBATH,1500,0,1200,returning,,paid,completed
2025-09-01,12:00:00,Ma'am Trishia,COMBINATION W/ HOT STONE,LEAH PEDROSA,SABBATH,0,0,0,returning,,paid,completed
2025-09-01,12:00:00,Marilou Miranda,PACKAGE A,,LE NAILS,0,0,0,new,,paid,completed
2025-09-01,12:00:00,Marilou Miranda,PACKAGE A,,LE NAILS,0,0,0,new,,paid,completed
2025-09-01,12:00:00,Marilou Miranda,REGULAR POLISH,,LE NAILS,0,0,0,new,,paid,completed
2025-09-02,12:00:00,Loy Bautista,SWEDISH,MARK KENNETH SANCHEZ,SABBATH,600,120,360,new,,paid,completed
2025-09-02,12:00:00,Arianne Kim Cruz,SWEDISH,JESTINE TANELON,SABBATH,600,0,480,new,,paid,completed
2025-09-02,12:00:00,Arianne Kim Cruz,ADDITIONAL 30 MINS,JESTINE TANELON,SABBATH,300,0,240,new,,paid,completed
2025-09-02,12:00:00,Cha Zulueta,SABBATH SIGNATURE,LEAH PEDROSA,SABBATH,1000,0,800,new,,paid,completed
2025-09-02,12:00:00,Jane Domingo,"SABBATH SIGNATURE FOOT, HEAD, NECK & SHOULDER",LEAH PEDROSA,SABBATH,750,0,600,returning,,paid,completed
2025-09-02,12:00:00,Mark Domingo,COMBINATION,MARK KENNETH SANCHEZ,SABBATH,0,0,0,returning,,paid,completed
2025-09-02,12:00:00,Patricia Mae Vitug,COMBINATION,JESTINE TANELON,SABBATH,0,0,0,returning,,paid,completed
2025-09-02,12:00:00,Patricia Mae Vitug,ADDITIONAL 30 MINS,JESTINE TANELON,SABBATH,300,0,240,returning,,paid,completed
2025-09-02,12:00:00,Crizelle Ann Milar,COMBINATION,ASHLEY JANE GARCIA,SABBATH,0,0,0,returning,,paid,completed
2025-09-02,12:00:00,Crizelle Ann Milar,ADDITIONAL 30 MINS,ASHLEY JANE GARCIA,SABBATH,300,0,240,returning,,paid,completed
2025-09-02,12:00:00,Joy Borlongan,"SABBATH SIGNATURE FOOT, HEAD, NECK & SHOULDER",JESTINE TANELON,SABBATH,750,600,150,returning,,paid,completed
2025-09-02,12:00:00,Jaydee Viernes,"SABBATH SIGNATURE FOOT, HEAD, NECK & SHOULDER",ASHLEY JANE GARCIA,SABBATH,750,0,600,new,,paid,completed
2025-09-02,12:00:00,Sarah Arquero,SABBATH SIGNATURE,ASHLEY JANE GARCIA,SABBATH,1000,0,800,returning,,paid,completed
2025-09-02,12:00:00,Kc Romero,COMBINATION,LEAH PEDROSA,SABBATH,0,0,0,new,,paid,completed
2025-09-02,12:00:00,Anthony Romero,COMBINATION,MARK KENNETH SANCHEZ,SABBATH,0,0,0,new,,paid,completed
2025-09-02,12:00:00,Ina Palisoc,SWEDISH,MARK KENNETH SANCHEZ,SABBATH,600,0,480,new,,paid,completed
2025-09-02,12:00:00,Boy Manalad,SWEDISH,JESTINE TANELON,SABBATH,600,0,480,new,,paid,completed
2025-09-02,12:00:00,Tenny Bautista,SABBATH FOOT REFLEX,JENIFFER ANN MANUEL,SABBATH,600,0,480,returning,,paid,completed
2025-09-02,12:00:00,Tenny Bautista,SABBATH FOOT REFLEX,JENIFFER ANN MANUEL,SABBATH,600,0,480,returning,,paid,completed
2025-09-02,12:00:00,Tenny Bautista,PACKAGE A,JENIFFER ANN MANUEL,LE NAILS,0,0,0,returning,,paid,completed
2025-09-02,12:00:00,Tenny Bautista,PACKAGE A,JENIFFER ANN MANUEL,LE NAILS,0,0,0,returning,,paid,completed
2025-09-02,12:00:00,Tenny Bautista,REGULAR POLISH,JENIFFER ANN MANUEL,LE NAILS,0,0,0,returning,,paid,completed
2025-09-02,12:00:00,Tenny Bautista,REGULAR POLISH,JENIFFER ANN MANUEL,LE NAILS,0,0,0,returning,,paid,completed
2025-09-02,12:00:00,Nina Tolentino,MANICURE,JENIFFER ANN MANUEL,LE NAILS,150,0,135,returning,,paid,completed
2025-09-02,12:00:00,Nina Tolentino,REGULAR POLISH,JENIFFER ANN MANUEL,LE NAILS,0,0,0,returning,,paid,completed
2025-09-03,12:00:00,Louis Carino,SABBATH SIGNATURE,LAARNI CAPARAS,SABBATH,1000,0,800,new,,paid,completed
2025-09-03,12:00:00,Shem Rodriguez,SABBATH SIGNATURE,MARK KENNETH SANCHEZ,SABBATH,1000,0,800,new,,paid,completed
2025-09-03,12:00:00,Sheryl Dela Cruz,TRADITIONAL HILOT WITH VENTOSA,LEAH PEDROSA,SABBATH,1500,0,1200,returning,,paid,completed
2025-09-03,12:00:00,Joyce Pondang,SABBATH FOOT REFLEX,ASHLEY JANE GARCIA,SABBATH,600,600,120,returning,,paid,completed
2025-09-03,12:00:00,Radie Regala,SWEDISH,ASHLEY JANE GARCIA,SABBATH,600,120,360,returning,,paid,completed
2025-09-03,12:00:00,Ma'am Vernie,SABBATH SIGNATURE,JESTINE TANELON,SABBATH,1000,1000,200,returning,,paid,completed
2025-09-03,12:00:00,Ma'am Vernie,ADDITIONAL 30 MINS,JESTINE TANELON,SABBATH,300,300,60,returning,,paid,completed
2025-09-03,12:00:00,Ryan Biugos,SWEDISH,LAARNI CAPARAS,SABBATH,600,0,480,returning,,paid,completed
2025-09-03,12:00:00,Kate Quinto,SWEDISH,LEAH PEDROSA,SABBATH,600,0,480,returning,,paid,completed
2025-09-03,12:00:00,Rawan Biugos,SWEDISH,ASHLEY JANE GARCIA,SABBATH,400,0,320,returning,,paid,completed
2025-09-03,12:00:00,Macky Gerona,SWEDISH,MARK KENNETH SANCHEZ,SABBATH,600,0,480,returning,,paid,completed
2025-09-03,12:00:00,Patrick Potenciano,SWEDISH,JESTINE TANELON,SABBATH,600,0,480,returning,,paid,completed
2025-09-04,12:00:00,Hazel Lacpamada,COMBINATION,JESTINE TANELON,SABBATH,0,0,0,returning,,paid,completed
2025-09-04,12:00:00,Harleen Santos,COMBINATION,LEAH PEDROSA,SABBATH,0,0,0,new,,paid,completed
2025-09-04,12:00:00,Renren Santos,COMBINATION,VIA JOY SANCHEZ,SABBATH,0,0,0,new,,paid,completed
2025-09-04,12:00:00,Ricky Espiritu,COMBINATION,LEAH PEDROSA,SABBATH,0,0,0,returning,,paid,completed
2025-09-04,12:00:00,Jepay Espiritu,SABBATH FOOT REFLEX,VIA JOY SANCHEZ,SABBATH,600,0,480,returning,,paid,completed
2025-09-05,12:00:00,Vc Olive Dominguez,COMBINATION,ASHLEY JANE GARCIA,SABBATH,0,0,0,new,,paid,completed
2025-09-05,12:00:00,Ma'am Gia,SABBATH FOOT REFLEX,JESTINE TANELON,SABBATH,600,0,480,returning,,paid,completed
2025-09-05,12:00:00,Pastor Erick,SABBATH FOOT REFLEX,MARK KENNETH SANCHEZ,SABBATH,600,480,120,returning,,paid,completed
2025-09-05,12:00:00,Justine Burayag,SWEDISH,LAARNI CAPARAS,SABBATH,600,0,480,new,,paid,completed
2025-09-05,12:00:00,Timothy Banares,COMBINATION,VIA JOY SANCHEZ,SABBATH,0,0,0,new,,paid,completed
2025-09-05,12:00:00,Kat Medina,COMBINATION,LEAH PEDROSA,SABBATH,0,0,0,new,,paid,completed
2025-09-05,12:00:00,James Medina,COMBINATION,ASHLEY JANE GARCIA,SABBATH,0,0,0,new,,paid,completed
2025-09-05,12:00:00,Allysa Medina,SWEDISH,JANINE KIMBERLY GARCIA,SABBATH,600,0,540,new,,paid,completed
2025-09-05,12:00:00,Ara Grace Solana,MANIGEL CUCCIO,,LE NAILS,450,0,405,returning,,paid,completed
2025-09-05,12:00:00,Ara Grace Solana,PEDIGEL CUCCIO,,LE NAILS,550,0,495,returning,,paid,completed
2025-09-05,12:00:00,Ara Grace Solana,MANIGEL ORLY,,LE NAILS,600,0,540,returning,,paid,completed
2025-09-05,12:00:00,Ara Grace Solana,PEDICURE,,LE NAILS,200,0,180,returning,,paid,completed
2025-09-05,12:00:00,Ara Grace Solana,NAIL GEL REMOVAL,,LE NAILS,150,0,135,returning,,paid,completed
2025-09-06,12:00:00,Andres Geronimo,SABBATH SIGNATURE,LAARNI CAPARAS,SABBATH,1000,0,900,new,,paid,completed
2025-09-06,12:00:00,Ruth Geronimo,SABBATH SIGNATURE,JANINE KIMBERLY GARCIA,SABBATH,1000,0,900,new,,paid,completed
2025-09-06,12:00:00,Jerson Briones,COMBINATION,MARK KENNETH SANCHEZ,SABBATH,0,0,0,new,,paid,completed
2025-09-06,12:00:00,Cynthia Briones,SWEDISH,LEAH PEDROSA,SABBATH,600,0,540,new,,paid,completed
2025-09-06,12:00:00,Cynthia Briones,SABBATH FOOT REFLEX,LEAH PEDROSA,SABBATH,600,0,540,new,,paid,completed
2025-09-06,12:00:00,Lester Mendoza,TRADITIONAL HILOT WITH VENTOSA,VIA JOY SANCHEZ,SABBATH,1500,0,1350,new,,paid,completed
2025-09-06,12:00:00,Queen Mendoza,COMBINATION,ASHLEY JANE GARCIA,SABBATH,0,0,0,new,,paid,completed
2025-09-06,12:00:00,Baby Mendoza,GROWTH,JESTINE TANELON,SABBATH,500,0,450,new,,paid,completed
2025-09-06,12:00:00,Leah Herera,SWEDISH,MARK KENNETH SANCHEZ,SABBATH,600,0,540,new,,paid,completed
2025-09-06,12:00:00,Benedict Natividad,SWEDISH,JANINE KIMBERLY GARCIA,SABBATH,600,0,540,new,,paid,completed
2025-09-06,12:00:00,Benedict Sombillo,SABBATH SIGNATURE,LAARNI CAPARAS,SABBATH,1000,0,900,new,,paid,completed
2025-09-06,12:00:00,Lilibeth Ambito,SWEDISH,VIA JOY SANCHEZ,SABBATH,600,0,540,returning,,paid,completed
2025-09-06,12:00:00,Randy Ambito,SWEDISH,LEAH PEDROSA,SABBATH,600,0,540,returning,,paid,completed
2025-09-06,12:00:00,Andrew Antonio,SHIATSU,JESTINE TANELON,SABBATH,0,0,0,new,,paid,completed
2025-09-06,12:00:00,Jude Jumero,COMBINATION,MARK KENNETH SANCHEZ,SABBATH,0,0,0,new,,paid,completed
2025-09-06,12:00:00,Mhik Santiago,SHIATSU,JANINE KIMBERLY GARCIA,SABBATH,0,0,0,returning,,paid,completed
2025-09-06,12:00:00,JM Santiago,SWEDISH,ASHLEY JANE GARCIA,SABBATH,600,0,540,returning,,paid,completed
2025-09-06,12:00:00,Desimae Susi,SABBATH SIGNATURE,LAARNI CAPARAS,SABBATH,1000,0,900,new,,paid,completed
2025-09-06,12:00:00,Ian Susi,SABBATH SIGNATURE,LEAH PEDROSA,SABBATH,1000,0,1000,new,,paid,completed
2025-09-06,12:00:00,Karla Michelle Santos,SABBATH SIGNATURE,VIA JOY SANCHEZ,SABBATH,1000,0,800,new,,paid,completed
2025-09-06,12:00:00,Eymuel Santos,SABBATH SIGNATURE,MARK KENNETH SANCHEZ,SABBATH,1000,0,800,new,,paid,completed
2025-09-06,12:00:00,Geanne Mendoza,TRADITIONAL HILOT WITH VENTOSA,JESTINE TANELON,SABBATH,1500,0,1200,returning,,paid,completed
2025-09-06,12:00:00,Geanne Mendoza,ADDITIONAL 30 MINS,JESTINE TANELON,SABBATH,300,0,240,returning,,paid,completed
2025-09-06,12:00:00,Alcon Mendoza,AROMATHERAPY OIL WITH HERBAL BALL,ASHLEY JANE GARCIA,SABBATH,1000,0,800,returning,,paid,completed
2025-09-06,12:00:00,Alcon Mendoza,SWEDISH,ASHLEY JANE GARCIA,SABBATH,600,0,480,returning,,paid,completed
2025-09-06,12:00:00,Jeffrey Flores,COMBINATION,JANINE KIMBERLY GARCIA,SABBATH,0,0,0,new,,paid,completed
2025-09-06,12:00:00,Jeffrey Flores,ADDITIONAL 30 MINS,JANINE KIMBERLY GARCIA,SABBATH,300,0,240,new,,paid,completed
2025-09-06,12:00:00,Neil Patrick Corpuz,COMBINATION,LEAH PEDROSA,SABBATH,0,0,0,new,,paid,completed
2025-09-06,12:00:00,Neil Patrick Corpuz,ADDITIONAL 30 MINS,LEAH PEDROSA,SABBATH,300,0,240,new,,paid,completed
2025-09-06,12:00:00,Nestor,PACKAGE A,JENIFFER ANN MANUEL,LE NAILS,0,0,0,new,,paid,completed
2025-09-06,12:00:00,Leah Herera,SOFT GEL NAIL EXTENSION,,LE NAILS,800,0,640,new,,paid,completed
2025-09-06,12:00:00,Leah Herera,PEDICURE,,LE NAILS,200,0,160,new,,paid,completed
2025-09-06,12:00:00,Leah Herera,REGULAR POLISH,,LE NAILS,0,0,0,new,,paid,completed
2025-09-06,12:00:00,Randy Ambito,PACKAGE A,,LE NAILS,0,0,0,returning,,paid,completed
2025-09-06,12:00:00,Randy Ambito,PACKAGE B,,LE NAILS,950,0,760,returning,,paid,completed
2025-09-06,12:00:00,Randy Ambito,REGULAR POLISH,,LE NAILS,0,0,0,returning,,paid,completed
2025-09-07,12:00:00,Ann Dalisay,SWEDISH,ASHLEY JANE GARCIA,SABBATH,600,600,120,returning,,paid,completed
2025-09-07,12:00:00,Ann Dalisay,SHIATSU,ASHLEY JANE GARCIA,SABBATH,0,0,0,returning,,paid,completed
2025-09-07,12:00:00,Mark,COMBINATION W/ HOT STONE,MARK KENNETH SANCHEZ,SABBATH,0,0,0,new,,paid,completed
2025-09-07,12:00:00,Mark,ADDITIONAL 30 MINS,MARK KENNETH SANCHEZ,SABBATH,300,0,300,new,,paid,completed
2025-09-07,12:00:00,Ligaya Teodoro,COMBINATION,JESTINE TANELON,SABBATH,0,0,0,new,,paid,completed
2025-09-07,12:00:00,Florentino Teodoro,COMBINATION,JANINE KIMBERLY GARCIA,SABBATH,0,0,0,new,,paid,completed
2025-09-07,12:00:00,Floralyn Teodoro,COMBINATION,VIA JOY SANCHEZ,SABBATH,0,0,0,new,,paid,completed
2025-09-07,12:00:00,Vanessa Espera,SWEDISH,LAARNI CAPARAS,SABBATH,600,0,540,new,,paid,completed
2025-09-07,12:00:00,Albin Espera,SWEDISH,LEAH PEDROSA,SABBATH,600,0,540,new,,paid,completed
2025-09-07,12:00:00,Elaina Espera,GROWTH,ASHLEY JANE GARCIA,SABBATH,500,0,450,new,,paid,completed
2025-09-07,12:00:00,Yohanna Espera,GROWTH,JENIFFER ANN MANUEL,SABBATH,500,0,450,new,,paid,completed
2025-09-07,12:00:00,DJ Javier,COMBINATION,MARK KENNETH SANCHEZ,SABBATH,0,0,0,new,,paid,completed
2025-09-07,12:00:00,Beth Balbin,SWEDISH,JESTINE TANELON,SABBATH,600,0,600,new,,paid,completed
2025-09-07,12:00:00,Abraham Balbin,SWEDISH,VIA JOY SANCHEZ,SABBATH,600,0,480,new,,paid,completed
2025-09-07,12:00:00,Chester Valenzuela,SWEDISH,LAARNI CAPARAS,SABBATH,600,0,480,new,,paid,completed
2025-09-07,12:00:00,Francis Carlos,SABBATH SIGNATURE,LEAH PEDROSA,SABBATH,1000,0,800,new,,paid,completed
2025-09-07,12:00:00,Amor Carlos,SABBATH SIGNATURE,JANINE KIMBERLY GARCIA,SABBATH,1000,0,800,new,,paid,completed
2025-09-07,12:00:00,Yumi,SHIATSU,JANINE KIMBERLY GARCIA,SABBATH,0,0,0,returning,,paid,completed
2025-09-07,12:00:00,Yumi,ADDITIONAL 30 MINS,JANINE KIMBERLY GARCIA,SABBATH,300,0,240,returning,,paid,completed
2025-09-07,12:00:00,Mike San Juan,COMBINATION,ASHLEY JANE GARCIA,SABBATH,0,0,0,new,,paid,completed
2025-09-07,12:00:00,Mike San Juan,ADDITIONAL 30 MINS,ASHLEY JANE GARCIA,SABBATH,300,60,180,new,,paid,completed
2025-09-07,12:00:00,Rem Ortega,COMBINATION,JESTINE TANELON,SABBATH,0,0,0,new,,paid,completed
2025-09-07,12:00:00,Rem Ortega,ADDITIONAL 30 MINS,JESTINE TANELON,SABBATH,300,60,180,new,,paid,completed
2025-09-07,12:00:00,Aimee Bautista,PEDICURE,,LE NAILS,200,0,180,returning,,paid,completed
2025-09-07,12:00:00,Aimee Bautista,NAIL GEL REMOVAL,,LE NAILS,150,0,135,returning,,paid,completed
2025-09-07,12:00:00,Aimee Bautista,SOFT GEL NAIL EXTENSION,,LE NAILS,800,0,720,returning,,paid,completed
2025-09-08,12:00:00,Jese Rene Baltzar,TRADITIONAL HILOT WITH VENTOSA,MARK KENNETH SANCHEZ,SABBATH,1500,0,1200,new,,paid,completed
2025-09-08,12:00:00,Czarina Ramos,SABBATH PACKAGE 1,VIA JOY SANCHEZ,SABBATH,2000,0,1600,new,,paid,completed
2025-09-08,12:00:00,Reymundo Ramos,SABBATH PACKAGE 1,JANINE KIMBERLY GARCIA,SABBATH,2000,0,1600,new,,paid,completed
2025-09-08,12:00:00,Raymond Esguerra,SABBATH SIGNATURE,JENIFFER ANN MANUEL,SABBATH,1000,0,800,new,,paid,completed
2025-09-08,12:00:00,Roxanne Esguerra,POST & PRE NATAL W/ LACTATION,ASHLEY JANE GARCIA,SABBATH,2000,0,1600,new,,paid,completed
2025-09-08,12:00:00,Joy Borlongan,SWEDISH,LAARNI CAPARAS,SABBATH,600,600,120,returning,,paid,completed
2025-09-08,12:00:00,King Borlongan,COMBINATION,MARK KENNETH SANCHEZ,SABBATH,0,0,0,returning,,paid,completed
2025-09-08,12:00:00,Moss Manalaysay,SWEDISH,JANINE KIMBERLY GARCIA,SABBATH,600,0,480,new,,paid,completed
2025-09-08,12:00:00,Sandra Manalaysay,SWEDISH,VIA JOY SANCHEZ,SABBATH,600,0,480,new,,paid,completed
2025-09-08,12:00:00,Patrick Potenciano,SWEDISH,ASHLEY JANE GARCIA,SABBATH,600,0,480,returning,,paid,completed
2025-09-08,12:00:00,Cel Tayao,SWEDISH,JANINE KIMBERLY GARCIA,SABBATH,600,600,120,returning,,paid,completed
2025-09-08,12:00:00,Dra. Debbie Samson,COMBINATION,ASHLEY JANE GARCIA,SABBATH,0,0,0,returning,,paid,completed
2025-09-08,12:00:00,Dinno Samson,COMBINATION,VIA JOY SANCHEZ,SABBATH,0,0,0,returning,,paid,completed
2025-09-09,12:00:00,Devie Roque,COMBINATION,LEAH PEDROSA,SABBATH,0,0,0,new,,paid,completed
2025-09-09,12:00:00,Norie Viterbo,COMBINATION,JESTINE TANELON,SABBATH,0,0,0,new,,paid,completed
2025-09-09,12:00:00,Loy Bautista,COMBINATION,MARK KENNETH SANCHEZ,SABBATH,0,0,0,returning,,paid,completed
2025-09-09,12:00:00,Ayin Alipio,SWEDISH,JANINE KIMBERLY GARCIA,SABBATH,600,0,480,new,,paid,completed
2025-09-09,12:00:00,Franz Alipio,SWEDISH,ASHLEY JANE GARCIA,SABBATH,600,0,480,new,,paid,completed
2025-09-09,12:00:00,Karla Pagsanjan,SABBATH SIGNATURE,VIA JOY SANCHEZ,SABBATH,1000,0,800,returning,,paid,completed
2025-09-09,12:00:00,Nick Pagsanjan,SABBATH SIGNATURE,MARK KENNETH SANCHEZ,SABBATH,1000,0,800,returning,,paid,completed
2025-09-09,12:00:00,Kurt Patrick Vila,SWEDISH,LEAH PEDROSA,SABBATH,600,0,540,new,,paid,completed
2025-09-09,12:00:00,Justin Mark Apdujan,SWEDISH,JESTINE TANELON,SABBATH,600,0,540,new,,paid,completed
2025-09-09,12:00:00,Rawan Biugas,SWEDISH,JANINE KIMBERLY GARCIA,SABBATH,600,0,480,returning,,paid,completed
2025-09-09,12:00:00,Macky Gerona,SWEDISH,VIA JOY SANCHEZ,SABBATH,600,0,480,returning,,paid,completed
2025-09-09,12:00:00,Jemar Labansa,COMBINATION W/ HOT STONE,MARK KENNETH SANCHEZ,SABBATH,0,0,0,returning,,paid,completed
2025-09-09,12:00:00,Hershey Labansa,COMBINATION W/ HOT STONE,ASHLEY JANE GARCIA,SABBATH,0,0,0,returning,,paid,completed
2025-09-09,12:00:00,Hanna Leoncio,"HEAD, BACK & SHOULDER",LEAH PEDROSA,SABBATH,0,0,0,returning,,paid,completed
2025-09-09,12:00:00,Marvel Buensuceso,MANIGEL CUCCIO,EVANGELINE CANONIGO,LE NAILS,450,0,360,returning,,paid,completed
2025-09-09,12:00:00,Jerson Briones,PACKAGE A,,LE NAILS,0,0,0,returning,,paid,completed
2025-09-09,12:00:00,Cynthia Briones,PACKAGE F,,LE NAILS,1250,0,1125,returning,,paid,completed
2025-09-10,12:00:00,Leilani Babista,SABBATH SIGNATURE,JANINE KIMBERLY GARCIA,SABBATH,1000,0,1000,new,,paid,completed
2025-09-10,12:00:00,Rico Buenavista,SHIATSU,MARK KENNETH SANCHEZ,SABBATH,0,0,0,new,,paid,completed
2025-09-10,12:00:00,Tin Mondejar,SWEDISH,JESTINE TANELON,SABBATH,600,0,480,new,,paid,completed
2025-09-10,12:00:00,King Borlongan,COMBINATION,ASHLEY JANE GARCIA,SABBATH,0,0,0,returning,,paid,completed
2025-09-10,12:00:00,Joy Borlongan,SABBATH FOOT REFLEX,VIA JOY SANCHEZ,SABBATH,600,0,480,returning,,paid,completed
2025-09-10,12:00:00,Sheryl Borlongan,SABBATH FOOT REFLEX,LEAH PEDROSA,SABBATH,600,0,600,new,,paid,completed
2025-09-10,12:00:00,Ricky Espiritu,COMBINATION,VIA JOY SANCHEZ,SABBATH,0,0,0,returning,,paid,completed
2025-09-10,12:00:00,Jepay Espiritu,COMBINATION,LEAH PEDROSA,SABBATH,0,0,0,returning,,paid,completed
2025-09-10,12:00:00,Yumi Yamada,SHIATSU,JANINE KIMBERLY GARCIA,SABBATH,0,0,0,returning,,paid,completed
2025-09-10,12:00:00,Yumi Yamada,ADDITIONAL 30 MINS,JANINE KIMBERLY GARCIA,SABBATH,300,0,270,returning,,paid,completed
2025-09-10,12:00:00,Mabel Buensuceso,PACKAGE A,JENIFFER ANN MANUEL,LE NAILS,0,0,0,returning,,paid,completed
2025-09-10,12:00:00,Mabel Buensuceso,PEDIGEL CUCCIO,EVANGELINE CANONIGO,LE NAILS,550,0,495,returning,,paid,completed
2025-09-11,12:00:00,Ma. Gina Sanchez,SABBATH PACKAGE 1,JESTINE TANELON,SABBATH,2000,0,1600,new,,paid,completed
2025-09-11,12:00:00,Michael Sanchez,SABBATH PACKAGE 1,LEAH PEDROSA,SABBATH,2000,0,1600,new,,paid,completed
2025-09-11,12:00:00,Kiko Nicolas,SABBATH SIGNATURE,LAARNI CAPARAS,SABBATH,1000,0,800,new,,paid,completed
2025-09-11,12:00:00,Divine Nicolas,SABBATH SIGNATURE,LEAH PEDROSA,SABBATH,1000,0,800,new,,paid,completed
2025-09-11,12:00:00,Pau Nicolas,GROWTH,JENIFFER ANN MANUEL,SABBATH,500,0,400,new,,paid,completed
2025-09-11,12:00:00,Pau Nicolas,ADDITIONAL 30 MINS,JENIFFER ANN MANUEL,SABBATH,300,0,240,new,,paid,completed
2025-09-11,12:00:00,Cherry Zablan,COMBINATION,JANINE KIMBERLY GARCIA,SABBATH,0,0,0,returning,,paid,completed
2025-09-11,12:00:00,Amel Zablan,COMBINATION,JESTINE TANELON,SABBATH,0,0,0,returning,,paid,completed
2025-09-11,12:00:00,Sarah Marie,SABBATH PACKAGE 1,JANINE KIMBERLY GARCIA,SABBATH,2000,0,1800,new,,paid,completed
2025-09-11,12:00:00,Jericho Reyes,SABBATH PACKAGE 1,,SABBATH,2000,0,1800,new,,paid,completed
2025-09-11,12:00:00,Dianne Rose Eugenio,SWEDISH,,SABBATH,600,0,540,new,,paid,completed
2025-09-11,12:00:00,Aimee Bautista,SWEDISH,,SABBATH,600,0,540,returning,,paid,completed
2025-09-11,12:00:00,Danny De Guzman,SWEDISH,,SABBATH,600,0,540,returning,,paid,completed
2025-09-11,12:00:00,Ma'am Gia,COMBINATION,,SABBATH,0,0,0,returning,,paid,completed
2025-09-11,12:00:00,Ma'am Trishia,COMBINATION,,SABBATH,0,0,0,returning,,paid,completed
2025-09-11,12:00:00,Aimee Bautista,SOFT GEL NAIL EXTENSION,,LE NAILS,800,0,640,returning,,paid,completed
2025-09-12,12:00:00,Gerardo Reyes,SHIATSU,ASHLEY JANE GARCIA,SABBATH,0,0,0,new,,paid,completed
2025-09-12,12:00:00,Gerardo Reyes,ADDITIONAL 30 MINS,ASHLEY JANE GARCIA,SABBATH,300,0,240,new,,paid,completed
2025-09-12,12:00:00,Mae Ann Reyes,COMBINATION,VIA JOY SANCHEZ,SABBATH,0,0,0,new,,paid,completed
2025-09-12,12:00:00,Mae Ann Reyes,ADDITIONAL 30 MINS,VIA JOY SANCHEZ,SABBATH,300,0,240,new,,paid,completed
2025-09-12,12:00:00,Ann Dalisay,BODY SCRUB,ASHLEY JANE GARCIA,SABBATH,0,0,0,returning,,paid,completed
2025-09-12,12:00:00,Michael Reyes,SWEDISH,LEAH PEDROSA,SABBATH,600,0,480,returning,,paid,completed
2025-09-12,12:00:00,Manilyn Sanchez,SWEDISH,JANINE KIMBERLY GARCIA,SABBATH,600,0,480,returning,,paid,completed
2025-09-12,12:00:00,Pamela Amante,SABBATH SIGNATURE,LAARNI CAPARAS,SABBATH,1000,0,800,new,,paid,completed
2025-09-12,12:00:00,Laiza Santos,COMBINATION,JESTINE TANELON,SABBATH,0,0,0,new,,paid,completed
2025-09-12,12:00:00,Laiza Santos,ADDITIONAL 30 MINS,JESTINE TANELON,SABBATH,300,0,240,new,,paid,completed
2025-09-12,12:00:00,Jhoana Fuster,TRADITIONAL HILOT WITH VENTOSA,JANINE KIMBERLY GARCIA,SABBATH,1500,0,1200,returning,,paid,completed
2025-09-12,12:00:00,Jhoana Fuster,ADDITIONAL 30 MINS,JANINE KIMBERLY GARCIA,SABBATH,300,0,240,returning,,paid,completed
2025-09-12,12:00:00,Belinda Barreno,COMBINATION,VIA JOY SANCHEZ,SABBATH,0,0,0,new,,paid,completed
2025-09-12,12:00:00,Antonio Barreno,TRADITIONAL HILOT WITH VENTOSA,ASHLEY JANE GARCIA,SABBATH,1500,0,1200,new,,paid,completed
2025-09-12,12:00:00,Mara Sisperez,SWEDISH,LAARNI CAPARAS,SABBATH,600,0,480,new,,paid,completed
2025-09-12,12:00:00,Jerome Nikki Reyes,"SABBATH SIGNATURE FOOT, HEAD, NECK & SHOULDER",MARK KENNETH SANCHEZ,SABBATH,750,0,675,new,,paid,completed
2025-09-12,12:00:00,Jerome Nikki Reyes,ADDITIONAL 30 MINS,MARK KENNETH SANCHEZ,SABBATH,300,0,270,new,,paid,completed
2025-09-12,12:00:00,Nicole Columna,"SABBATH SIGNATURE FOOT, HEAD, NECK & SHOULDER",LEAH PEDROSA,SABBATH,750,0,675,new,,paid,completed
2025-09-12,12:00:00,Nicole Columna,ADDITIONAL 30 MINS,LEAH PEDROSA,SABBATH,300,0,270,new,,paid,completed
2025-09-12,12:00:00,Martyn Santos,AROMATHERAPY OIL WITH HERBAL BALL,VIA JOY SANCHEZ,SABBATH,1000,0,900,new,,paid,completed
2025-09-12,12:00:00,Mei Merculio,AROMATHERAPY OIL WITH HERBAL BALL,JESTINE TANELON,SABBATH,1000,0,900,new,,paid,completed
2025-09-13,12:00:00,Bea Candelaria,COMBINATION W/ HOT STONE,LEAH PEDROSA,SABBATH,0,0,0,new,Basic,paid,completed
2025-09-13,12:00:00,Beth Cruz,AROMATHERAPY OIL WITH HERBAL BALL,JESTINE TANELON,SABBATH,1000,200,600,returning,,paid,completed
2025-09-13,12:00:00,Ezra Joson,SWEDISH,VIA JOY SANCHEZ,SABBATH,600,0,600,returning,,paid,completed
2025-09-13,12:00:00,Clarence Moratal,SWEDISH,ASHLEY JANE GARCIA,SABBATH,600,0,480,returning,,paid,completed
2025-09-13,12:00:00,Jossel Teodoro,SWEDISH,LAARNI CAPARAS,SABBATH,600,0,480,new,,paid,completed
2025-09-13,12:00:00,Eloiza Contreras,SWEDISH,JANINE KIMBERLY GARCIA,SABBATH,600,0,480,new,,paid,completed
2025-09-13,12:00:00,Chloe Magsakay,SWEDISH,LEAH PEDROSA,SABBATH,600,0,480,returning,,paid,completed
2025-09-13,12:00:00,Josephine Magsakay,SWEDISH,JESTINE TANELON,SABBATH,600,0,480,returning,,paid,completed
2025-09-13,12:00:00,Weng Valentin,SWEDISH,LAARNI CAPARAS,SABBATH,600,0,480,returning,,paid,completed
2025-09-13,12:00:00,Agnes Oronce,SWEDISH,JANINE KIMBERLY GARCIA,SABBATH,600,0,480,returning,,paid,completed
2025-09-13,12:00:00,Christel Mae Pangan,SWEDISH,VIA JOY SANCHEZ,SABBATH,600,0,480,new,,paid,completed
2025-09-13,12:00:00,Roma Guevarra,SABBATH SIGNATURE,ASHLEY JANE GARCIA,SABBATH,1000,0,800,new,,paid,completed
2025-09-13,12:00:00,Richard Guevarra,SABBATH SIGNATURE,LAARNI CAPARAS,SABBATH,1000,0,800,new,,paid,completed
2025-09-13,12:00:00,Warren Batac,SABBATH SIGNATURE,MARK KENNETH SANCHEZ,SABBATH,1000,0,800,new,,paid,completed
2025-09-13,12:00:00,Karla Sarmiento,COMBINATION,JANINE KIMBERLY GARCIA,SABBATH,0,0,0,new,,paid,completed
2025-09-13,12:00:00,Kier Carlos,SWEDISH,LEAH PEDROSA,SABBATH,600,0,480,new,,paid,completed
2025-09-13,12:00:00,Gella Serenilla,SABBATH PACKAGE 1,VIA JOY SANCHEZ,SABBATH,2000,0,1600,new,,paid,completed
2025-09-13,12:00:00,Mark Serenilla,SABBATH PACKAGE 1,JESTINE TANELON,SABBATH,2000,0,1600,new,,paid,completed
2025-09-13,12:00:00,Camille Cruz,PACKAGE B,EVANGELINE CANONIGO,LE NAILS,950,0,760,returning,,paid,completed
2025-09-13,12:00:00,Bea Candelaria,PEDICURE,JENIFFER ANN MANUEL,LE NAILS,200,0,160,new,,paid,completed
2025-09-13,12:00:00,Eloisa Contreras,MANICURE,EVANGELINE CANONIGO,LE NAILS,150,0,120,new,,paid,completed
2025-09-13,12:00:00,Eloisa Contreras,PEDICURE,EVANGELINE CANONIGO,LE NAILS,200,0,160,new,,paid,completed
2025-09-14,12:00:00,Anna Verdon,SWEDISH,JANINE KIMBERLY GARCIA,SABBATH,600,0,480,new,,paid,completed
2025-09-14,12:00:00,Leah Cruz,SWEDISH,ASHLEY JANE GARCIA,SABBATH,600,0,480,new,,paid,completed
2025-09-14,12:00:00,Solita Yu,SABBATH SIGNATURE,LAARNI CAPARAS,SABBATH,1000,0,800,new,,paid,completed
2025-09-14,12:00:00,Sheryl Geronimo,SABBATH SIGNATURE,LEAH PEDROSA,SABBATH,1000,0,800,new,,paid,completed
2025-09-14,12:00:00,Jhegs SIa,SWEDISH,VIA JOY SANCHEZ,SABBATH,600,0,480,new,,paid,completed
2025-09-14,12:00:00,Jennifer Galamiton,SWEDISH,JESTINE TANELON,SABBATH,600,0,540,new,,paid,completed
2025-09-14,12:00:00,Alyssa SIlao,SABBATH SIGNATURE,ASHLEY JANE GARCIA,SABBATH,1000,0,900,new,,paid,completed
2025-09-14,12:00:00,Nickie Silao,SABBATH SIGNATURE,JANINE KIMBERLY GARCIA,SABBATH,1000,0,900,new,,paid,completed
2025-09-14,12:00:00,Lucky Sigh,TRADITIONAL HILOT WITH VENTOSA,MARK KENNETH SANCHEZ,SABBATH,1500,0,1350,new,,paid,completed
2025-09-14,12:00:00,Jessa Domingo,SWEDISH,LAARNI CAPARAS,SABBATH,600,0,540,returning,,paid,completed
2025-09-14,12:00:00,PL Domingo,SWEDISH,LEAH PEDROSA,SABBATH,600,0,540,returning,,paid,completed
2025-09-14,12:00:00,Ma'am Gia,"SABBATH SIGNATURE FOOT, HEAD, NECK & SHOULDER",VIA JOY SANCHEZ,SABBATH,750,0,675,returning,,paid,completed
2025-09-14,12:00:00,Charm Arellano,SWEDISH,ASHLEY JANE GARCIA,SABBATH,600,0,540,new,,paid,completed
2025-09-14,12:00:00,She Peyra,SWEDISH,JANINE KIMBERLY GARCIA,SABBATH,600,0,600,new,,paid,completed
2025-09-14,12:00:00,Ivan Bautista,COMBINATION W/ HOT STONE,LEAH PEDROSA,SABBATH,0,0,0,new,,paid,completed
2025-09-14,12:00:00,Chloe Magrin,COMBINATION W/ HOT STONE,VIA JOY SANCHEZ,SABBATH,0,0,0,new,,paid,completed
2025-09-14,12:00:00,Ester Rivera,SWEDISH,JESTINE TANELON,SABBATH,600,120,360,new,,paid,completed
2025-09-14,12:00:00,Patrick Potenciano,SWEDISH,ASHLEY JANE GARCIA,SABBATH,600,0,480,returning,,paid,completed
2025-09-14,12:00:00,Cydric Garcia,SWEDISH,JANINE KIMBERLY GARCIA,SABBATH,600,0,480,new,,paid,completed
2025-09-14,12:00:00,Blue Montano,COMBINATION,JESTINE TANELON,SABBATH,0,0,0,new,,paid,completed
2025-09-14,12:00:00,Christel Mae Pangan,SABBATH FOOT REFLEX,MARK KENNETH SANCHEZ,SABBATH,600,600,120,returning,,paid,completed
2025-09-15,12:00:00,Melvin Chin,SABBATH SIGNATURE,MARK KENNETH SANCHEZ,SABBATH,1000,0,800,returning,,paid,completed
2025-09-15,12:00:00,Joji Chin,SABBATH SIGNATURE,LAARNI CAPARAS,SABBATH,1000,0,800,returning,,paid,completed
2025-09-15,12:00:00,Reb Chin,SABBATH SIGNATURE,JESTINE TANELON,SABBATH,1000,0,800,returning,,paid,completed
2025-09-15,12:00:00,Joy Borlongan,SWEDISH,VIA JOY SANCHEZ,SABBATH,600,600,120,returning,,paid,completed
2025-09-15,12:00:00,KIng Borlongan,"SABBATH SIGNATURE FOOT, HEAD, NECK & SHOULDER",JANINE KIMBERLY GARCIA,SABBATH,750,0,600,returning,,paid,completed
2025-09-15,12:00:00,Charish Ramos,SABBATH PACKAGE 1,ASHLEY JANE GARCIA,SABBATH,2000,0,1600,new,,paid,completed
2025-09-15,12:00:00,Charish Ramos,SCALP MASSAGE,ASHLEY JANE GARCIA,SABBATH,300,0,240,new,,paid,completed
2025-09-15,12:00:00,Francis Ramos,SABBATH PACKAGE 1,LEAH PEDROSA,SABBATH,2000,0,1600,new,,paid,completed
2025-09-15,12:00:00,Francis Ramos,SCALP MASSAGE,LEAH PEDROSA,SABBATH,300,0,240,new,,paid,completed
2025-09-15,12:00:00,Jennelyn Sanchez,COMBINATION,VIA JOY SANCHEZ,SABBATH,0,0,0,new,,paid,completed
2025-09-15,12:00:00,Debra Ann De Jesus,COMBINATION,JANINE KIMBERLY GARCIA,SABBATH,0,0,0,new,,paid,completed
2025-09-15,12:00:00,Edgiel Doria,COMBINATION,MARK KENNETH SANCHEZ,SABBATH,0,0,0,new,,paid,completed
2025-09-15,12:00:00,Jayneva Doria,COMBINATION,JESTINE TANELON,SABBATH,0,0,0,new,,paid,completed
2025-09-16,12:00:00,Jane Domingo,COMBINATION,ASHLEY JANE GARCIA,SABBATH,0,0,0,returning,,paid,completed
2025-09-16,12:00:00,Mark Domingo,"SABBATH SIGNATURE FOOT, HEAD, NECK & SHOULDER",MARK KENNETH SANCHEZ,SABBATH,750,0,675,returning,,paid,completed
2025-09-16,12:00:00,Joyce Colline Salen,COMBINATION,VIA JOY SANCHEZ,SABBATH,0,0,0,new,,paid,completed
2025-09-16,12:00:00,Sean Henry Avendano,COMBINATION,JESTINE TANELON,SABBATH,0,0,0,new,,paid,completed
2025-09-16,12:00:00,EJ Geronimo,SABBATH SIGNATURE,MARK KENNETH SANCHEZ,SABBATH,1000,0,900,returning,,paid,completed
2025-09-16,12:00:00,Paolo Cabral,SABBATH SIGNATURE,VIA JOY SANCHEZ,SABBATH,1000,0,900,new,,paid,completed
2025-09-16,12:00:00,Elay Cabral,SABBATH SIGNATURE,LEAH PEDROSA,SABBATH,1000,0,900,new,,paid,completed
2025-09-16,12:00:00,Ann Dalisay,SHIATSU,ASHLEY JANE GARCIA,SABBATH,0,0,0,returning,,paid,completed
2025-09-16,12:00:00,Ann Dalisay,SHIATSU,ASHLEY JANE GARCIA,SABBATH,0,0,0,returning,,paid,completed
2025-09-16,12:00:00,Mau Viray,COMBINATION,JESTINE TANELON,SABBATH,0,0,0,returning,,paid,completed
2025-09-16,12:00:00,Joni Pan,SWEDISH,VIA JOY SANCHEZ,SABBATH,600,0,540,returning,,paid,completed
2025-09-16,12:00:00,Ras Pan,SWEDISH,LEAH PEDROSA,SABBATH,600,0,540,returning,,paid,completed
2025-09-16,12:00:00,Alcon Mendoza,SABBATH SIGNATURE,ASHLEY JANE GARCIA,SABBATH,1000,0,1000,returning,,paid,completed
2025-09-16,12:00:00,Alcon Mendoza,ADDITIONAL 30 MINS,ASHLEY JANE GARCIA,SABBATH,300,300,60,returning,,paid,completed
2025-09-16,12:00:00,Gennevive Mendoza,COMBINATION W/ HOT STONE,JESTINE TANELON,SABBATH,0,0,0,returning,,paid,completed
2025-09-16,12:00:00,Gennevive Mendoza,ADDITIONAL 30 MINS,JESTINE TANELON,SABBATH,0,0,0,returning,,paid,completed
2025-09-16,12:00:00,Christel Mae Pangan,SHIATSU,MARK KENNETH SANCHEZ,SABBATH,0,0,0,returning,,paid,completed
2025-09-17,12:00:00,Kristine Destreza,SHIATSU,JESTINE TANELON,SABBATH,0,0,0,new,,paid,completed
2025-09-17,12:00:00,Pablo Destreza,"SABBATH SIGNATURE FOOT, HEAD, NECK & SHOULDER",VIA JOY SANCHEZ,SABBATH,750,0,600,new,,paid,completed
2025-09-17,12:00:00,Zenaida Destreza,SWEDISH,LEAH PEDROSA,SABBATH,600,0,480,new,,paid,completed
2025-09-17,12:00:00,Jasthene DUe,SABBATH SIGNATURE,ASHLEY JANE GARCIA,SABBATH,1000,0,900,new,,paid,completed
2025-09-17,12:00:00,Kent Tadeo,SABBATH SIGNATURE,MARK KENNETH SANCHEZ,SABBATH,1000,0,1000,new,,paid,completed
2025-09-17,12:00:00,Aiya Darcen,SABBATH PACKAGE 1,VIA JOY SANCHEZ,SABBATH,2000,0,1600,new,,paid,completed
2025-09-17,12:00:00,Aiya Darcen,ADDITIONAL 30 MINS,VIA JOY SANCHEZ,SABBATH,300,0,240,new,,paid,completed
2025-09-17,12:00:00,Faye Gonzales,SABBATH PACKAGE 1,LEAH PEDROSA,SABBATH,2000,2000,400,new,,paid,completed
2025-09-17,12:00:00,Faye Gonzales,ADDITIONAL 30 MINS,LEAH PEDROSA,SABBATH,300,0,240,new,,paid,completed
2025-09-18,12:00:00,Joyce Pondang,SABBATH FOOT REFLEX,JANINE KIMBERLY GARCIA,SABBATH,600,600,60,returning,,paid,completed
2025-09-18,12:00:00,Falls De Leon,SWEDISH,JESTINE TANELON,SABBATH,600,600,120,new,,paid,completed
2025-09-18,12:00:00,Laarni Manalaysay,COMBINATION,LEAH PEDROSA,SABBATH,0,0,0,new,,paid,completed
2025-09-18,12:00:00,Diegz Madrona,TRADITIONAL HILOT WITH VENTOSA,VIA JOY SANCHEZ,SABBATH,1500,0,1500,new,,paid,completed
2025-09-18,12:00:00,Stephany Tetangco,SABBATH SIGNATURE,JESTINE TANELON,SABBATH,1000,0,1000,new,,paid,completed
2025-09-18,12:00:00,Raynan Tetangco,SABBATH SIGNATURE,LEAH PEDROSA,SABBATH,1000,0,1000,new,,paid,completed
2025-09-18,12:00:00,Christel Pangan,SWEDISH,LAARNI CAPARAS,SABBATH,600,0,600,returning,,paid,completed
2025-09-19,12:00:00,Jayson Sumugat,SABBATH SIGNATURE,JENIFFER ANN MANUEL,SABBATH,1000,0,1000,returning,,paid,completed
2025-09-19,12:00:00,Steven Schumacher,SWEDISH,MARK KENNETH SANCHEZ,SABBATH,600,0,600,new,,paid,completed
2025-09-19,12:00:00,Maricel Schumacher,COMBINATION,ASHLEY JANE GARCIA,SABBATH,0,0,0,new,,paid,completed
2025-09-19,12:00:00,Laine Silvestre,SABBATH SIGNATURE,JANINE KIMBERLY GARCIA,SABBATH,1000,0,1000,new,,paid,completed
2025-09-19,12:00:00,Anthony SIlvestre,SABBATH SIGNATURE,LAARNI CAPARAS,SABBATH,1000,0,1000,new,,paid,completed
2025-09-19,12:00:00,Sheryl Alonzo,SWEDISH,VIA JOY SANCHEZ,SABBATH,600,0,600,returning,,paid,completed
2025-09-19,12:00:00,Dalisay Viscarra,SABBATH FOOT REFLEX,LEAH PEDROSA,SABBATH,600,0,600,new,,paid,completed
2025-09-19,12:00:00,Mark Gerald Viscarra,COMBINATION,MARK KENNETH SANCHEZ,SABBATH,0,0,0,new,,paid,completed
2025-09-19,12:00:00,Maria Santos,COMBINATION,JESTINE TANELON,SABBATH,0,0,0,new,,paid,completed
2025-09-19,12:00:00,Francis Santos,SABBATH FOOT REFLEX,ASHLEY JANE GARCIA,SABBATH,600,600,0,new,,paid,completed
2025-09-19,12:00:00,Ellen Santiago,COMBINATION,JANINE KIMBERLY GARCIA,SABBATH,0,0,0,new,,paid,completed
2025-09-19,12:00:00,Edwin Santiago,SABBATH FOOT REFLEX,VIA JOY SANCHEZ,SABBATH,600,600,0,new,,paid,completed
2025-09-19,12:00:00,Aldrin Aldaba,SABBATH SIGNATURE,LAARNI CAPARAS,SABBATH,1000,0,900,new,,paid,completed
2025-09-19,12:00:00,Andre Cruz,SWEDISH,ASHLEY JANE GARCIA,SABBATH,600,600,60,returning,,paid,completed
2025-09-19,12:00:00,Neth Eborde,SABBATH SIGNATURE,JESTINE TANELON,SABBATH,1000,0,900,new,,paid,completed
2025-09-19,12:00:00,Christel Pangan,COMBINATION,LEAH PEDROSA,SABBATH,0,0,0,returning,,paid,completed
2025-09-20,12:00:00,Julia Aura,SABBATH PACKAGE 1,VIA JOY SANCHEZ,SABBATH,2000,0,1800,new,,paid,completed
2025-09-20,12:00:00,John Ginel,SABBATH PACKAGE 1,LEAH PEDROSA,SABBATH,2000,0,1800,new,,paid,completed
2025-09-20,12:00:00,Cynthia Briones,SABBATH FOOT REFLEX,JANINE KIMBERLY GARCIA,SABBATH,600,0,540,returning,,paid,completed
2025-09-20,12:00:00,Eunice Estrella,SABBATH FOOT REFLEX,ASHLEY JANE GARCIA,SABBATH,600,0,540,new,,paid,completed
2025-09-20,12:00:00,Cel Tayao,SWEDISH,JESTINE TANELON,SABBATH,600,600,120,returning,,paid,completed
2025-09-20,12:00:00,Krys Aniag,COMBINATION,VIA JOY SANCHEZ,SABBATH,0,0,0,returning,,paid,completed
2025-09-20,12:00:00,Ann Margaret Uy,TRADITIONAL HILOT WITH VENTOSA,LEAH PEDROSA,SABBATH,1500,0,1200,new,,paid,completed
2025-09-20,12:00:00,Jayson Castaneda,SABBATH SIGNATURE,MARK KENNETH SANCHEZ,SABBATH,1000,0,800,new,,paid,completed
2025-09-20,12:00:00,Ruth Angelo,COMBINATION,JESTINE TANELON,SABBATH,0,0,0,returning,,paid,completed
2025-09-20,12:00:00,Ronald Angelo,COMBINATION,ASHLEY JANE GARCIA,SABBATH,0,0,0,returning,,paid,completed
2025-09-20,12:00:00,Patricia Ann Dela Cruz,COMBINATION,JANINE KIMBERLY GARCIA,SABBATH,0,0,0,new,,paid,completed
2025-09-20,12:00:00,Jesson Geraldo,COMBINATION,VIA JOY SANCHEZ,SABBATH,0,0,0,new,,paid,completed
2025-09-20,12:00:00,Eunice Estrella,MANIGEL ORLY,EVANGELINE CANONIGO,LE NAILS,600,0,480,new,,paid,completed
2025-09-20,12:00:00,Eunice Estrella,NAIL GEL REMOVAL,EVANGELINE CANONIGO,LE NAILS,150,0,120,new,,paid,completed
2025-09-20,12:00:00,Cel Tayao,MANIGEL ORLY,,LE NAILS,600,60,420,returning,,paid,completed
2025-09-20,12:00:00,Cel Tayao,PEDIGEL ORLY,,LE NAILS,700,70,490,returning,,paid,completed
2025-09-20,12:00:00,Cel Tayao,MANICURE,,LE NAILS,150,0,120,returning,,paid,completed
2025-09-20,12:00:00,Cel Tayao,PEDICURE,,LE NAILS,200,0,160,returning,,paid,completed
2025-09-20,12:00:00,Cel Tayao,PEDICURE,,LE NAILS,200,0,160,returning,,paid,completed
2025-09-21,12:00:00,Dan Serrano,SWEDISH,JANINE KIMBERLY GARCIA,SABBATH,600,0,480,new,,paid,completed
2025-09-21,12:00:00,Analee Serrano,SWEDISH,LAARNI CAPARAS,SABBATH,600,0,540,new,,paid,completed
2025-09-21,12:00:00,Asa Grace Manrique,SWEDISH,JESTINE TANELON,SABBATH,600,0,480,new,,paid,completed
2025-09-21,12:00:00,Eliud Catindig,COMBINATION,LEAH PEDROSA,SABBATH,0,0,0,new,,paid,completed
2025-09-21,12:00:00,Sarah Catindig,COMBINATION,VIA JOY SANCHEZ,SABBATH,0,0,0,new,,paid,completed
2025-09-21,12:00:00,Maricel Schumacher,SWEDISH,ASHLEY JANE GARCIA,SABBATH,600,0,480,returning,,paid,completed
2025-09-21,12:00:00,Steven Schumacher,SWEDISH,MARK KENNETH SANCHEZ,SABBATH,600,0,480,returning,,paid,completed
2025-09-21,12:00:00,Michael Reyes,COMBINATION,JANINE KIMBERLY GARCIA,SABBATH,0,0,0,returning,,paid,completed
2025-09-21,12:00:00,Manilyn Sanchez,COMBINATION,LEAH PEDROSA,SABBATH,0,0,0,returning,,paid,completed
2025-09-21,12:00:00,Pauline Dawel,COMBINATION,ASHLEY JANE GARCIA,SABBATH,0,0,0,new,,paid,completed
2025-09-21,12:00:00,Danlled Javier,COMBINATION,MARK KENNETH SANCHEZ,SABBATH,0,0,0,new,,paid,completed
2025-09-21,12:00:00,Franco Arroyo,GROWTH,LEAH PEDROSA,SABBATH,500,0,400,new,,paid,completed
2025-09-21,12:00:00,Cassie Arroyo,GROWTH,JESTINE TANELON,SABBATH,500,0,400,new,,paid,completed
2025-09-21,12:00:00,Joan Arroyo,COMBINATION,VIA JOY SANCHEZ,SABBATH,0,0,0,new,,paid,completed
2025-09-21,12:00:00,Sherwin Sta Ana,COMBINATION,ASHLEY JANE GARCIA,SABBATH,0,0,0,new,,paid,completed
2025-09-21,12:00:00,Catherine Sta Ana,COMBINATION,JANINE KIMBERLY GARCIA,SABBATH,0,0,0,new,,paid,completed
2025-09-21,12:00:00,Anthony Cruz,TRADITIONAL HILOT WITH VENTOSA,JESTINE TANELON,SABBATH,1500,0,1200,new,,paid,completed
2025-09-21,12:00:00,Janine Cruz,SWEDISH,LAARNI CAPARAS,SABBATH,600,0,480,new,,paid,completed
2025-09-21,12:00:00,Eric Nuque,COMBINATION,MARK KENNETH SANCHEZ,SABBATH,0,0,0,new,,paid,completed
2025-09-21,12:00:00,Vangie Nuque,SHIATSU,LEAH PEDROSA,SABBATH,0,0,0,new,,paid,completed
2025-09-21,12:00:00,Mcrowin Tanglao,COMBINATION,JENIFFER ANN MANUEL,SABBATH,0,0,0,new,,paid,completed
2025-09-21,12:00:00,Annalyn Tanglao,COMBINATION,VIA JOY SANCHEZ,SABBATH,0,0,0,new,,paid,completed
2025-09-21,12:00:00,Keziah Talucod,SABBATH PACKAGE 1,ASHLEY JANE GARCIA,SABBATH,2000,2000,400,new,,paid,completed
2025-09-21,12:00:00,Adrian Talucod,SABBATH PACKAGE 1,JANINE KIMBERLY GARCIA,SABBATH,2000,2000,400,new,,paid,completed
2025-09-21,12:00:00,Liezel Lee,COMBINATION,JESTINE TANELON,SABBATH,0,0,0,new,,paid,completed
2025-09-21,12:00:00,Jaime Lee,COMBINATION,LEAH PEDROSA,SABBATH,0,0,0,new,,paid,completed
2025-09-21,12:00:00,Harleen Santos,"SABBATH SIGNATURE FOOT, HEAD, NECK & SHOULDER",VIA JOY SANCHEZ,SABBATH,750,0,600,new,,paid,completed
2025-09-21,12:00:00,Ralph Santos,"SABBATH SIGNATURE FOOT, HEAD, NECK & SHOULDER",MARK KENNETH SANCHEZ,SABBATH,750,0,600,new,,paid,completed
2025-09-21,12:00:00,Enrique Calalang,SWEDISH,LAARNI CAPARAS,SABBATH,600,0,480,new,,paid,completed
2025-09-21,12:00:00,Enrique Calalang,ADDITIONAL 30 MINS,LAARNI CAPARAS,SABBATH,300,0,240,new,,paid,completed
2025-09-21,12:00:00,Amie Calalang,SWEDISH,JESTINE TANELON,SABBATH,600,0,480,new,,paid,completed
2025-09-21,12:00:00,Amie Calalang,ADDITIONAL 30 MINS,JESTINE TANELON,SABBATH,300,0,240,new,,paid,completed
2025-09-21,12:00:00,Mabel Cruz,COMBINATION,ASHLEY JANE GARCIA,SABBATH,0,0,0,new,,paid,completed
2025-09-21,12:00:00,EJ Cruz,COMBINATION,LEAH PEDROSA,SABBATH,0,0,0,new,,paid,completed
2025-09-21,12:00:00,Radie De Regala,SWEDISH,JANINE KIMBERLY GARCIA,SABBATH,600,120,420,returning,,paid,completed
2025-09-21,12:00:00,Christel Pangan,SWEDISH,VIA JOY SANCHEZ,SABBATH,600,600,60,returning,,paid,completed
2025-09-21,12:00:00,Ivan Roque,SABBATH SIGNATURE,LAARNI CAPARAS,SABBATH,1000,0,800,new,,paid,completed
2025-09-21,12:00:00,Jericson Leonardo,SABBATH SIGNATURE,MARK KENNETH SANCHEZ,SABBATH,1000,0,900,new,,paid,completed
2025-09-21,12:00:00,Ivan Roque,SHOWER,,SABBATH,200,0,180,new,,paid,completed
2025-09-21,12:00:00,Eliud Catindig,MANICURE,JENIFFER ANN MANUEL,LE NAILS,150,0,120,new,,paid,completed
2025-09-21,12:00:00,Eliud Catindig,PEDICURE,JENIFFER ANN MANUEL,LE NAILS,200,0,180,new,,paid,completed
2025-09-21,12:00:00,Eliud Catindig,NAIL ART,JENIFFER ANN MANUEL,LE NAILS,150,0,150,new,,paid,completed
2025-09-21,12:00:00,Eliud Catindig,NAIL ART,JENIFFER ANN MANUEL,LE NAILS,0,0,0,new,,paid,completed
2025-09-21,12:00:00,Joan Arroyo,FOOT MASSAGE,,LE NAILS,350,0,280,new,,paid,completed
2025-09-21,12:00:00,Joan Arroyo,FOOT SPA,,LE NAILS,0,0,0,new,,paid,completed
2025-09-21,12:00:00,Joan Arroyo,PEDICURE,,LE NAILS,200,0,160,new,,paid,completed
2025-09-21,12:00:00,Mel Morales,PACKAGE A,,LE NAILS,0,0,0,new,,paid,completed
2025-09-21,12:00:00,Mel Morales,PACKAGE A,,LE NAILS,0,0,0,new,,paid,completed
2025-09-22,12:00:00,Bill Santos,SWEDISH,,SABBATH,600,0,540,new,,paid,completed
2025-09-22,12:00:00,Brent Santos,SWEDISH,,SABBATH,600,0,540,new,,paid,completed
2025-09-22,12:00:00,Cassy Manahan,SWEDISH,,SABBATH,600,0,540,new,,paid,completed
2025-09-22,12:00:00,Ives Pantig,SWEDISH,,SABBATH,600,600,120,new,,paid,completed
2025-09-22,12:00:00,Pastor Erick,"SABBATH SIGNATURE FOOT, HEAD, NECK & SHOULDER",,SABBATH,750,750,150,returning,,paid,completed
2025-09-22,12:00:00,Ma'am Gia,"SABBATH SIGNATURE FOOT, HEAD, NECK & SHOULDER",,SABBATH,750,0,600,returning,,paid,completed
2025-09-22,12:00:00,Ma'am Gia,PACKAGE A,,LE NAILS,0,0,0,returning,,paid,completed
2025-09-22,12:00:00,Ma'am Gia,MANICURE,,LE NAILS,150,0,135,returning,,paid,completed
2025-09-22,12:00:00,Ma'am Gia,PEDICURE,,LE NAILS,200,0,180,returning,,paid,completed
2025-09-22,12:00:00,Ma'am Gia,PEDICURE,,LE NAILS,200,0,180,returning,,paid,completed
2025-09-22,12:00:00,Ma'am Gia,REGULAR POLISH,,LE NAILS,0,0,0,returning,,paid,completed
2025-09-22,12:00:00,Ma'am Gia,REGULAR POLISH,,LE NAILS,0,0,0,returning,,paid,completed
2025-09-22,12:00:00,Jd Gumba,PEDICURE,,LE NAILS,200,0,160,returning,,paid,completed
2025-09-22,12:00:00,Cassy Manahan,FOOT SPA,,LE NAILS,0,0,0,returning,,paid,completed
2025-09-22,12:00:00,Cassy Manahan,FOOT SPA,,LE NAILS,0,0,0,returning,,paid,completed
2025-09-23,12:00:00,Jamaica Bolos,SHIATSU,LEAH PEDROSA,SABBATH,0,0,0,new,,paid,completed
2025-09-23,12:00:00,Jamaica Bolos,"HEAD, BACK & SHOULDER",LEAH PEDROSA,SABBATH,0,0,0,new,,paid,completed
2025-09-23,12:00:00,Dale Rick Mallari,SABBATH FOOT REFLEX,JESTINE TANELON,SABBATH,600,0,480,new,,paid,completed
2025-09-23,12:00:00,Mereel Tada,SABBATH SIGNATURE,LEAH PEDROSA,SABBATH,1000,0,800,new,,paid,completed
2025-09-23,12:00:00,Drew Tada,SABBATH SIGNATURE,MARK KENNETH SANCHEZ,SABBATH,1000,0,800,new,,paid,completed
2025-09-23,12:00:00,Anne Pajii,SWEDISH,VIA JOY SANCHEZ,SABBATH,600,0,480,new,,paid,completed
2025-09-23,12:00:00,Ted Bautista,COMBINATION,ASHLEY JANE GARCIA,SABBATH,0,0,0,new,,paid,completed
2025-09-23,12:00:00,Mila Dionisio,SABBATH SIGNATURE,JESTINE TANELON,SABBATH,1000,0,800,new,,paid,completed
2025-09-23,12:00:00,Nina Flores,SABBATH SIGNATURE,ASHLEY JANE GARCIA,SABBATH,1000,0,800,new,,paid,completed
2025-09-23,12:00:00,Christel Mae Pangan,SWEDISH,VIA JOY SANCHEZ,SABBATH,600,600,120,returning,,paid,completed
2025-09-23,12:00:00,Cj Caluag,SWEDISH,MARK KENNETH SANCHEZ,SABBATH,600,600,120,returning,,paid,completed
2025-09-23,12:00:00,Lorraine Caluag,SWEDISH,JESTINE TANELON,SABBATH,600,0,480,returning,,paid,completed
2025-09-23,12:00:00,Shalimar Garcia,COMBINATION,ASHLEY JANE GARCIA,SABBATH,0,0,0,new,,paid,completed
2025-09-23,12:00:00,Jean Loui Garcia,COMBINATION,LEAH PEDROSA,SABBATH,0,0,0,new,,paid,completed
2025-09-23,12:00:00,Ma'am Trish,COMBINATION,ASHLEY JANE GARCIA,SABBATH,0,0,0,returning,,paid,completed
2025-09-23,12:00:00,Sir Josh,COMBINATION,LEAH PEDROSA,SABBATH,0,0,0,returning,,paid,completed
2025-09-23,12:00:00,Ana Grace Solana,MANIGEL ORLY,,LE NAILS,600,0,480,returning,,paid,completed
2025-09-23,12:00:00,Ana Grace Solana,MANIGEL ORLY,,LE NAILS,600,0,480,returning,,paid,completed
2025-09-23,12:00:00,Drew Tada,PACKAGE A,,LE NAILS,0,0,0,new,,paid,completed
2025-09-23,12:00:00,Drew Tada,REGULAR POLISH,,LE NAILS,0,0,0,new,,paid,completed
2025-09-23,12:00:00,Drew Tada,FOOT SPA,,LE NAILS,0,0,0,new,,paid,completed
2025-09-23,12:00:00,Drew Tada,PEDICURE,,LE NAILS,200,0,160,new,,paid,completed
2025-09-24,12:00:00,Ria Cortuya,SABBATH SIGNATURE,VIA JOY SANCHEZ,SABBATH,1000,0,800,new,,paid,completed
2025-09-24,12:00:00,Cris Louis Bocalig,SABBATH SIGNATURE,MARK KENNETH SANCHEZ,SABBATH,1000,0,800,new,,paid,completed
2025-09-24,12:00:00,Charlito Herradura,TRADITIONAL HILOT WITH VENTOSA,JESTINE TANELON,SABBATH,1500,0,1200,new,,paid,completed
2025-09-24,12:00:00,Estrelita Herradura,SWEDISH,ASHLEY JANE GARCIA,SABBATH,600,0,480,new,,paid,completed
2025-09-24,12:00:00,Estrelita Herradura,ADDITIONAL 30 MINS,ASHLEY JANE GARCIA,SABBATH,300,0,240,new,,paid,completed
2025-09-24,12:00:00,Allan Francis Manlapig,COMBINATION,VIA JOY SANCHEZ,SABBATH,0,0,0,new,,paid,completed
2025-09-24,12:00:00,Allan Francis Manlapig,ADDITIONAL 30 MINS,VIA JOY SANCHEZ,SABBATH,300,300,60,new,,paid,completed
2025-09-24,12:00:00,Esperenza Manlapig,COMBINATION,LEAH PEDROSA,SABBATH,0,0,0,returning,,paid,completed
2025-09-24,12:00:00,Esperenza Manlapig,ADDITIONAL 30 MINS,LEAH PEDROSA,SABBATH,300,0,240,returning,,paid,completed
2025-09-24,12:00:00,Roan Domingo,AROMATHERAPY OIL WITH HERBAL BALL,VIA JOY SANCHEZ,SABBATH,1000,0,800,new,,paid,completed
2025-09-24,12:00:00,Kyle Del Mundo,COMBINATION W/ HOT STONE,MARK KENNETH SANCHEZ,SABBATH,0,0,0,returning,,paid,completed
2025-09-24,12:00:00,Chanella Lajara,COMBINATION W/ HOT STONE,ASHLEY JANE GARCIA,SABBATH,0,0,0,returning,,paid,completed
2025-09-24,12:00:00,Cate Lajara,TRADITIONAL HILOT WITH VENTOSA,JESTINE TANELON,SABBATH,1500,0,1200,returning,,paid,completed
2025-09-24,12:00:00,Kim Del Mundo,TRADITIONAL HILOT WITH VENTOSA,LEAH PEDROSA,SABBATH,1500,0,1200,new,,paid,completed
2025-09-24,12:00:00,Kris Sison,COMBINATION,MARK KENNETH SANCHEZ,SABBATH,0,0,0,new,,paid,completed
2025-09-24,12:00:00,Jethro Aludino,COMBINATION,JESTINE TANELON,SABBATH,0,0,0,new,,paid,completed
2025-09-24,12:00:00,Estrelita Herradura,PACKAGE F,,LE NAILS,1250,0,1000,new,,paid,completed
2025-09-24,12:00:00,Estrelita Herradura,FOOT SPA,,LE NAILS,0,0,0,new,,paid,completed
2025-09-24,12:00:00,Estrelita Herradura,PEDIGEL ORLY,,LE NAILS,700,0,560,new,,paid,completed
2025-09-24,12:00:00,Estrelita Herradura,SOFT GEL NAIL EXTENSION,,LE NAILS,800,0,640,new,,paid,completed
2025-09-24,12:00:00,Estrelita Herradura,Ribbon,,LE NAILS,150,0,120,new,,paid,completed
2025-09-24,12:00:00,Estrelita Herradura,Ribbon,,LE NAILS,150,0,150,new,,paid,completed
2025-09-25,12:00:00,Chrismer Enriquez,SABBATH SIGNATURE,ASHLEY JANE GARCIA,SABBATH,1000,0,1000,new,,paid,completed
2025-09-25,12:00:00,Marc Loui Enriquez,SABBATH SIGNATURE,MARK KENNETH SANCHEZ,SABBATH,1000,0,1000,new,,paid,completed
2025-09-25,12:00:00,D Gonzales,SABBATH SIGNATURE,VIA JOY SANCHEZ,SABBATH,1000,0,1000,new,,paid,completed
2025-09-25,12:00:00,Gerwin Gonzales,TRADITIONAL HILOT WITH VENTOSA,LEAH PEDROSA,SABBATH,1500,0,1500,new,,paid,completed
2025-09-25,12:00:00,Gerwin Gonzales,"HEAD, BACK & SHOULDER",LEAH PEDROSA,SABBATH,400,0,400,new,,paid,completed
2025-09-25,12:00:00,Jennifer Gonzales,SABBATH SIGNATURE,JESTINE TANELON,SABBATH,1000,0,1000,new,,paid,completed
2025-09-25,12:00:00,Lalaine Gonzales,SABBATH FOOT REFLEX,ASHLEY JANE GARCIA,SABBATH,600,0,600,new,,paid,completed
2025-09-25,12:00:00,Radie Regala,SWEDISH,MARK KENNETH SANCHEZ,SABBATH,600,120,480,returning,,paid,completed
2025-09-25,12:00:00,Christel Pangan,SWEDISH,LEAH PEDROSA,SABBATH,600,600,0,returning,,paid,completed
2025-09-25,12:00:00,Ma'am Gia,SABBATH FOOT REFLEX,VIA JOY SANCHEZ,SABBATH,600,0,600,returning,,paid,completed
2025-09-25,12:00:00,Radie Regala,SABBATH FOOT REFLEX,MARK KENNETH SANCHEZ,SABBATH,600,120,480,returning,,paid,completed
2025-09-25,12:00:00,Ma'am Gia,MANIGEL CUCCIO,,LE NAILS,450,0,450,returning,,paid,completed
2025-09-25,12:00:00,Ma'am Gia,PEDIGEL CUCCIO,,LE NAILS,550,0,550,returning,,paid,completed
2025-09-25,12:00:00,Gracielle FC,MANIGEL CUCCIO,,LE NAILS,450,0,450,new,,paid,completed
2025-09-25,12:00:00,Gracielle FC,NAIL GEL REMOVAL,,LE NAILS,150,0,150,new,,paid,completed
2025-09-25,12:00:00,Gracielle FC,PEDICURE,,LE NAILS,200,0,200,new,,paid,completed
2025-09-25,12:00:00,Gracielle FC,REGULAR POLISH,,LE NAILS,0,0,0,new,,paid,completed
2025-09-25,12:00:00,D Gonzales,PACKAGE F,,LE NAILS,0,0,0,new,,paid,completed
2025-09-25,12:00:00,D Gonzales,PACKAGE A,,LE NAILS,0,0,0,new,,paid,completed
2025-09-25,12:00:00,D Gonzales,NAIL GEL REMOVAL,,LE NAILS,0,0,0,new,,paid,completed
2025-09-25,12:00:00,D Gonzales,MANICURE,,LE NAILS,150,0,150,new,,paid,completed
2025-09-25,12:00:00,D Gonzales,MANIGEL ORLY,,LE NAILS,600,0,600,new,,paid,completed
2025-09-25,12:00:00,D Gonzales,PEDIGEL ORLY,,LE NAILS,700,0,700,new,,paid,completed
2025-09-26,12:00:00,Mark Rigor,COMBINATION,MARK KENNETH SANCHEZ,SABBATH,0,0,0,returning,,paid,completed
2025-09-26,12:00:00,Divinia Iso,COMBINATION,JESTINE TANELON,SABBATH,0,0,0,returning,,paid,completed
2025-09-26,12:00:00,Christian Cabetando,SWEDISH,VIA JOY SANCHEZ,SABBATH,600,0,600,new,,paid,completed
2025-09-26,12:00:00,Yannica Cabetando,SWEDISH,ASHLEY JANE GARCIA,SABBATH,600,0,600,new,,paid,completed
2025-09-26,12:00:00,Ayin Labao,TRADITIONAL HILOT WITH VENTOSA,LEAH PEDROSA,SABBATH,1500,0,1500,new,,paid,completed
2025-09-26,12:00:00,Jeck Torres,COMBINATION,MARK KENNETH SANCHEZ,SABBATH,0,0,0,new,,paid,completed
2025-09-26,12:00:00,Shanny Torres,COMBINATION,JENIFFER ANN MANUEL,SABBATH,0,0,0,new,,paid,completed
2025-09-26,12:00:00,Aileen Farinas,SLIMMING MASSAGE,VIA JOY SANCHEZ,SABBATH,0,0,0,new,,paid,completed
2025-09-26,12:00:00,Arlene Farinas,SLIMMING MASSAGE,ASHLEY JANE GARCIA,SABBATH,0,0,0,new,,paid,completed
2025-09-26,12:00:00,Albert Farinas,COMBINATION W/ HOT STONE,JESTINE TANELON,SABBATH,0,0,0,new,,paid,completed
2025-09-26,12:00:00,Anna Brand,SWEDISH,LEAH PEDROSA,SABBATH,600,0,600,new,,paid,completed
2025-09-26,12:00:00,Marco Brand,SWEDISH,MARK KENNETH SANCHEZ,SABBATH,600,0,600,new,,paid,completed
2025-09-26,12:00:00,Christel Pangan,SABBATH FOOT REFLEX,JESTINE TANELON,SABBATH,600,600,0,returning,,paid,completed
2025-09-26,12:00:00,Ricky Espiritu,SABBATH PACKAGE 1,ASHLEY JANE GARCIA,SABBATH,2200,0,2200,returning,,paid,completed
2025-09-26,12:00:00,Jepay Espiritu,SABBATH PACKAGE 1,VIA JOY SANCHEZ,SABBATH,2200,0,2200,returning,,paid,completed
2025-09-26,12:00:00,Milette Ventura,PACKAGE A,,LE NAILS,0,0,0,returning,,paid,completed
2025-09-26,12:00:00,Jelyn Magsakay,SOFT GEL NAIL EXTENSION,,LE NAILS,800,0,800,returning,,paid,completed
2025-09-26,12:00:00,Jelyn Magsakay,SOFT GEL REMOVER,,LE NAILS,300,0,300,returning,,paid,completed
2025-09-26,12:00:00,Divinia Iso,MANICURE,,LE NAILS,150,15,135,returning,,paid,completed
2025-09-26,12:00:00,Divinia Iso,PEDICURE,,LE NAILS,200,20,180,returning,,paid,completed
2025-09-26,12:00:00,Yannica Cabetando,MANICURE,,LE NAILS,150,0,150,new,,paid,completed
2025-09-26,12:00:00,Yannica Cabetando,PEDICURE,,LE NAILS,200,0,200,new,,paid,completed
2025-09-26,12:00:00,Yannica Cabetando,REGULAR POLISH,,LE NAILS,0,0,0,new,,paid,completed
2025-09-26,12:00:00,Yannica Cabetando,REGULAR POLISH,,LE NAILS,0,0,0,new,,paid,completed
2025-09-26,12:00:00,Yannica Cabetando,PEDICURE,,LE NAILS,200,0,200,new,,paid,completed
2025-09-27,12:00:00,Ryan Lagman,SWEDISH,MARK KENNETH SANCHEZ,SABBATH,600,0,600,new,,paid,completed
2025-09-27,12:00:00,Eugene Lagman,SWEDISH,ASHLEY JANE GARCIA,SABBATH,600,0,600,new,,paid,completed
2025-09-27,12:00:00,Adabelle Lagman,TRADITIONAL HILOT WITH VENTOSA,LEAH PEDROSA,SABBATH,1500,0,1500,new,,paid,completed
2025-09-27,12:00:00,Simfrosa Lagman,TRADITIONAL HILOT WITH VENTOSA,JESTINE TANELON,SABBATH,1500,0,1500,new,,paid,completed
2025-09-27,12:00:00,April Reyes,SWEDISH,VIA JOY SANCHEZ,SABBATH,600,0,600,new,,paid,completed
2025-09-27,12:00:00,Mardy Reyes,SWEDISH,LAARNI CAPARAS,SABBATH,600,0,600,new,,paid,completed
2025-09-27,12:00:00,Jemar Labausa,COMBINATION W/ HOT STONE,MARK KENNETH SANCHEZ,SABBATH,0,0,0,returning,,paid,completed
2025-09-27,12:00:00,Hershey Labausa,TRADITIONAL HILOT WITH VENTOSA,ASHLEY JANE GARCIA,SABBATH,1500,0,1500,returning,,paid,completed
2025-09-27,12:00:00,Dea Cruz,COMBINATION W/ HOT STONE,JESTINE TANELON,SABBATH,0,0,0,returning,,paid,completed
2025-09-27,12:00:00,Paulo Cruz,TRADITIONAL HILOT WITH VENTOSA,LEAH PEDROSA,SABBATH,1500,0,1500,returning,,paid,completed
2025-09-27,12:00:00,Christian Oliveros,COMBINATION,VIA JOY SANCHEZ,SABBATH,0,0,0,new,,paid,completed
2025-09-27,12:00:00,Levita Oliveros,SWEDISH,LAARNI CAPARAS,SABBATH,600,0,600,new,,paid,completed
2025-09-27,12:00:00,Angelo Rivera,TRADITIONAL HILOT WITH VENTOSA,LEAH PEDROSA,SABBATH,1500,0,1500,new,,paid,completed
2025-09-27,12:00:00,Christel Pangan,SWEDISH,MARK KENNETH SANCHEZ,SABBATH,600,600,0,returning,,paid,completed
2025-09-27,12:00:00,Maricel Hermosura,PACKAGE A,JENIFFER ANN MANUEL,LE NAILS,0,0,0,new,,paid,completed
2025-09-27,12:00:00,Therese Santos,PACKAGE A,,LE NAILS,0,0,0,new,,paid,completed
2025-09-27,12:00:00,Therese Santos,REGULAR POLISH,,LE NAILS,0,0,0,new,,paid,completed
2025-09-27,12:00:00,Therese Santos,REGULAR POLISH,,LE NAILS,0,0,0,new,,paid,completed
2025-09-28,12:00:00,Ezra Joson,SWEDISH,VIA JOY SANCHEZ,SABBATH,600,0,600,returning,,paid,completed
2025-09-28,12:00:00,Clarence Moratal,SWEDISH,ASHLEY JANE GARCIA,SABBATH,600,0,600,returning,,paid,completed
2025-09-28,12:00:00,Steve Schumacher,SWEDISH,MARK KENNETH SANCHEZ,SABBATH,600,0,600,returning,,paid,completed
2025-09-28,12:00:00,Rochelle Recto,SWEDISH,LAARNI CAPARAS,SABBATH,600,0,600,new,,paid,completed
2025-09-28,12:00:00,April Castillo,COMBINATION W/ HOT STONE,JESTINE TANELON,SABBATH,0,0,0,new,,paid,completed
2025-09-28,12:00:00,Frandy Castillo,COMBINATION W/ HOT STONE,LEAH PEDROSA,SABBATH,0,0,0,new,,paid,completed
2025-09-28,12:00:00,Mhik Santiago,SHIATSU,ASHLEY JANE GARCIA,SABBATH,0,0,0,returning,,paid,completed
2025-09-28,12:00:00,Jas Santiago,SWEDISH,JANINE KIMBERLY GARCIA,SABBATH,600,0,600,returning,,paid,completed
2025-09-28,12:00:00,Dinno Samson,TRADITIONAL HILOT WITH VENTOSA,VIA JOY SANCHEZ,SABBATH,1500,0,1500,returning,,paid,completed
2025-09-28,12:00:00,Debbie Samson,TRADITIONAL HILOT WITH VENTOSA,JESTINE TANELON,SABBATH,1500,0,1500,returning,,paid,completed
2025-09-28,12:00:00,Jing Ramirez,SWEDISH,VIA JOY SANCHEZ,SABBATH,600,0,600,new,,paid,completed
2025-09-28,12:00:00,Wax Ramirez,TRADITIONAL HILOT WITH VENTOSA,JANINE KIMBERLY GARCIA,SABBATH,1500,0,1500,new,,paid,completed
2025-09-28,12:00:00,Omar Alob,SABBATH SIGNATURE,JENIFFER ANN MANUEL,SABBATH,1000,0,1000,new,,paid,completed
2025-09-28,12:00:00,Denni Cerapron,SABBATH SIGNATURE,JESTINE TANELON,SABBATH,1000,0,1000,new,,paid,completed
2025-09-28,12:00:00,Ma'am Gia,SABBATH FOOT REFLEX,ASHLEY JANE GARCIA,SABBATH,600,0,600,returning,,paid,completed
2025-09-28,12:00:00,Ma'am Gia,ADDITIONAL 30 MINS,ASHLEY JANE GARCIA,SABBATH,300,0,300,returning,,paid,completed
2025-09-28,12:00:00,Pastor Erick,SABBATH FOOT REFLEX,MARK KENNETH SANCHEZ,SABBATH,600,0,600,returning,,paid,completed
2025-09-28,12:00:00,Pastor Erick,ADDITIONAL 30 MINS,MARK KENNETH SANCHEZ,SABBATH,300,0,300,returning,,paid,completed
2025-09-28,12:00:00,Let Naran,SABBATH SIGNATURE,LEAH PEDROSA,SABBATH,1000,0,1000,new,,paid,completed
2025-09-28,12:00:00,Jon Naran,SABBATH SIGNATURE,LAARNI CAPARAS,SABBATH,1000,0,1000,new,,paid,completed
2025-09-28,12:00:00,John Dale Gumba,SWEDISH,LAARNI CAPARAS,SABBATH,600,0,600,returning,,paid,completed
2025-09-28,12:00:00,Maria Daisy De Guzman,PACKAGE A,,LE NAILS,0,0,0,new,,paid,completed
2025-09-28,12:00:00,Maria Daisy De Guzman,PACKAGE C,,LE NAILS,0,0,0,new,,paid,completed
2025-09-28,12:00:00,Maria Daisy De Guzman,REGULAR POLISH,,LE NAILS,0,0,0,new,,paid,completed
2025-09-28,12:00:00,Pastor Erick,MANICURE,,LE NAILS,150,0,150,new,,paid,completed
2025-09-28,12:00:00,Pastor Erick,MANICURE,,LE NAILS,150,0,150,new,,paid,completed
2025-09-28,12:00:00,Pastor Erick,PEDICURE,,LE NAILS,200,0,200,new,,paid,completed
2025-09-28,12:00:00,Ma'am Gia,MANICURE,,LE NAILS,150,0,150,returning,,paid,completed
2025-09-28,12:00:00,Ma'am Gia,MANICURE,,LE NAILS,150,0,150,returning,,paid,completed
2025-09-28,12:00:00,Ma'am Gia,PEDICURE,,LE NAILS,200,0,200,returning,,paid,completed
2025-09-28,12:00:00,Ma'am Gia,PEDICURE,,LE NAILS,200,0,200,returning,,paid,completed
2025-09-28,12:00:00,Ma'am Gia,UNDERARMS FEMALE,,LE NAILS,200,0,200,returning,,paid,completed
2025-09-29,12:00:00,Virginia Lopez,COMBINATION,,SABBATH,0,0,0,returning,,paid,completed
2025-09-29,12:00:00,Charm Arellano,SWEDISH,,SABBATH,600,0,600,returning,,paid,completed
2025-09-29,12:00:00,She Peyra,COMBINATION,,SABBATH,0,0,0,returning,,paid,completed
2025-09-29,12:00:00,Zeny Arante,SABBATH SIGNATURE,,SABBATH,1000,0,1000,returning,,paid,completed
2025-09-29,12:00:00,Inara Sta Mariaa,SWEDISH,,SABBATH,600,600,0,returning,,paid,completed
2025-09-29,12:00:00,Ghia Sta Maria,SWEDISH,,SABBATH,600,600,0,returning,,paid,completed
2025-09-29,12:00:00,Elizabeth Arellano,SWEDISH,,SABBATH,600,0,600,returning,,paid,completed
2025-09-29,12:00:00,Tummy Arellano,SWEDISH,,SABBATH,600,0,600,returning,,paid,completed
2025-09-29,12:00:00,Brenda Aquino,SWEDISH,,SABBATH,600,0,600,returning,,paid,completed
2025-09-29,12:00:00,Tina Butalon,SWEDISH,,SABBATH,600,0,600,returning,,paid,completed
2025-09-29,12:00:00,Jackielyn Autor,SWEDISH,,SABBATH,600,0,600,returning,,paid,completed
2025-09-29,12:00:00,Jhomar Salazar,COMBINATION,,SABBATH,0,0,0,returning,,paid,completed
2025-09-29,12:00:00,Love Adriano,COMBINATION,,SABBATH,0,0,0,returning,,paid,completed
2025-09-29,12:00:00,Sheryl Alonzo,SWEDISH,,SABBATH,600,0,600,returning,,paid,completed
2025-09-29,12:00:00,Christel Pangan,SWEDISH,,SABBATH,600,600,0,returning,,paid,completed
2025-10-01,12:00:00,Ann Dalisay,SHIATSU,JANINE KIMBERLY GARCIA,SABBATH,0,0,0,returning,,paid,completed
2025-10-01,12:00:00,Ann Dalisay,SHIATSU,JANINE KIMBERLY GARCIA,SABBATH,0,0,0,returning,,paid,completed
2025-10-01,12:00:00,Icca Dela Paz,TRADITIONAL HILOT WITH VENTOSA,JESTINE TANELON,SABBATH,1500,0,1500,new,,paid,completed
2025-10-01,12:00:00,John Dale Gumba,SWEDISH,LAARNI CAPARAS,SABBATH,600,0,600,returning,,paid,completed
2025-10-01,12:00:00,Enrique Calalang,COMBINATION,LEAH PEDROSA,SABBATH,0,0,0,new,,paid,completed
2025-10-01,12:00:00,Enrique Calalang,ADDITIONAL 30 MINS,LEAH PEDROSA,SABBATH,300,0,300,new,,paid,completed
2025-10-01,12:00:00,Andrew Talastas,COMBINATION,JESTINE TANELON,SABBATH,0,0,0,new,,paid,completed
2025-10-01,12:00:00,Andrew Talastas,"HEAD, BACK & SHOULDER",JESTINE TANELON,SABBATH,0,0,0,new,,paid,completed
2025-10-01,12:00:00,Criselda Talastas,COMBINATION,JANINE KIMBERLY GARCIA,SABBATH,0,0,0,new,,paid,completed
2025-10-01,12:00:00,Jonnel Sampaga,"HEAD, BACK & SHOULDER",JANINE KIMBERLY GARCIA,SABBATH,0,0,0,new,,paid,completed
2025-10-02,12:00:00,Vhinz Aubrey Narciso,SABBATH SIGNATURE,LEAH PEDROSA,SABBATH,1000,0,1000,new,,paid,completed
2025-10-02,12:00:00,Kevin Baesa,SWEDISH,LAARNI CAPARAS,SABBATH,600,0,600,new,,paid,completed
2025-10-02,12:00:00,Leomar Ventura,SABBATH PACKAGE 1,JANINE KIMBERLY GARCIA,SABBATH,2000,0,2000,new,,paid,completed
2025-10-02,12:00:00,Mhai Ventura,SABBATH PACKAGE 1,JESTINE TANELON,SABBATH,2000,0,2000,new,,paid,completed
2025-10-02,12:00:00,Nicole Garcia,SWEDISH,LEAH PEDROSA,SABBATH,600,0,600,new,,paid,completed
2025-10-02,12:00:00,Gwynette Garcia,SWEDISH,JANINE KIMBERLY GARCIA,SABBATH,600,0,600,new,,paid,completed
2025-10-02,12:00:00,Grace Garcia,SWEDISH,JESTINE TANELON,SABBATH,600,0,600,new,,paid,completed
2025-10-02,12:00:00,Sam Sulmaca,SABBATH SIGNATURE,LAARNI CAPARAS,SABBATH,1000,0,1000,returning,,paid,completed
2025-10-02,12:00:00,Joi Bautista,COMBINATION,JENIFFER ANN MANUEL,SABBATH,0,0,0,new,,paid,completed
2025-10-02,12:00:00,Richard Concepcion,SWEDISH,LEAH PEDROSA,SABBATH,600,0,600,new,,paid,completed
2025-10-02,12:00:00,Richard Concepcion,SABBATH FOOT REFLEX,LEAH PEDROSA,SABBATH,600,0,600,new,,paid,completed
2025-10-02,12:00:00,Jessa Domingo,COMBINATION,LAARNI CAPARAS,SABBATH,0,0,0,returning,,paid,completed
2025-10-02,12:00:00,PL Domingo,TRADITIONAL HILOT WITH VENTOSA,JENIFFER ANN MANUEL,SABBATH,1500,0,1500,returning,,paid,completed
2025-10-02,12:00:00,Michael Reyes,SWEDISH,JESTINE TANELON,SABBATH,600,0,600,returning,,paid,completed
2025-10-02,12:00:00,Manilyn Sanchez,SWEDISH,JANINE KIMBERLY GARCIA,SABBATH,600,0,600,returning,,paid,completed
2025-10-02,12:00:00,Christel Pangan,SWEDISH,LEAH PEDROSA,SABBATH,600,0,600,returning,,paid,completed
2025-10-03,12:00:00,Ann Dalisay,COMBINATION,JANINE KIMBERLY GARCIA,SABBATH,0,0,0,returning,Platinum,paid,completed
2025-10-03,12:00:00,Ann Dalisay,COMBINATION,JANINE KIMBERLY GARCIA,SABBATH,0,0,0,returning,Platinum,paid,completed
2025-10-03,12:00:00,Felix Bautista,SABBATH SIGNATURE,MARK KENNETH SANCHEZ,SABBATH,1000,0,1000,new,,paid,completed
2025-10-03,12:00:00,Emiliana Bautista,SWEDISH,LAARNI CAPARAS,SABBATH,600,0,600,new,,paid,completed
2025-10-03,12:00:00,Jessica Bautista,TRADITIONAL HILOT WITH VENTOSA,JESTINE TANELON,SABBATH,1500,0,1500,new,,paid,completed
2025-10-03,12:00:00,Janine Bautista,SWEDISH,LEAH PEDROSA,SABBATH,600,0,600,new,,paid,completed
2025-10-03,12:00:00,Joyce Bernardino,SWEDISH,ASHLEY JANE GARCIA,SABBATH,600,0,600,returning,,paid,completed
2025-10-03,12:00:00,Jayson Bondoc,COMBINATION,MARK KENNETH SANCHEZ,SABBATH,0,0,0,new,,paid,completed
2025-10-03,12:00:00,Azel Bondoc,COMBINATION,LAARNI CAPARAS,SABBATH,0,0,0,new,,paid,completed
2025-10-03,12:00:00,Arlyn Orong,COMBINATION,JESTINE TANELON,SABBATH,0,0,0,new,,paid,completed
2025-10-03,12:00:00,Marlon Orong,COMBINATION,JANINE KIMBERLY GARCIA,SABBATH,0,0,0,new,,paid,completed
2025-10-03,12:00:00,Christine Joy Oliveros,SWEDISH,VIA JOY SANCHEZ,SABBATH,600,0,600,new,,paid,completed
2025-10-03,12:00:00,Ton Oliveros,SWEDISH,LEAH PEDROSA,SABBATH,600,0,600,new,,paid,completed
2025-10-03,12:00:00,Christel Pangan,SWEDISH,ASHLEY JANE GARCIA,SABBATH,600,0,600,returning,,paid,completed
2025-10-03,12:00:00,Atty Trish,COMBINATION,VIA JOY SANCHEZ,SABBATH,0,0,0,returning,,paid,completed
2025-10-03,12:00:00,Sir Ian,TRADITIONAL HILOT WITH VENTOSA,JANINE KIMBERLY GARCIA,SABBATH,1500,0,1500,returning,,paid,completed
2025-10-04,12:00:00,Lee Dela Cruz,SABBATH PACKAGE 1,ASHLEY JANE GARCIA,SABBATH,2000,0,2000,new,,paid,completed
2025-10-04,12:00:00,Mary Joane Reyes,COMBINATION,LEAH PEDROSA,SABBATH,0,0,0,new,,paid,completed
2025-10-04,12:00:00,Michelle,COMBINATION,VIA JOY SANCHEZ,SABBATH,0,0,0,new,,paid,completed
2025-10-04,12:00:00,Al Justin Geronimo,TRADITIONAL HILOT WITH VENTOSA,MARK KENNETH SANCHEZ,SABBATH,1500,0,1500,new,,paid,completed
2025-10-04,12:00:00,Ma. Patricia Therese Geronimo,SWEDISH,VIA JOY SANCHEZ,SABBATH,600,0,600,new,,paid,completed
2025-10-04,12:00:00,Antonette Aira Hernandez,SHIATSU,LAARNI CAPARAS,SABBATH,0,0,0,new,,paid,completed
2025-10-04,12:00:00,Daniel Marin,COMBINATION,JANINE KIMBERLY GARCIA,SABBATH,0,0,0,new,,paid,completed
2025-10-04,12:00:00,Florentine Catan,SWEDISH,LAARNI CAPARAS,SABBATH,600,0,600,new,,paid,completed
2025-10-04,12:00:00,Ada Ignacio,SABBATH SIGNATURE,MARK KENNETH SANCHEZ,SABBATH,1000,0,1000,new,,paid,completed
2025-10-04,12:00:00,Regine Tan,SABBATH SIGNATURE,VIA JOY SANCHEZ,SABBATH,1000,0,1000,new,,paid,completed
2025-10-04,12:00:00,Edera Punongbayan,SABBATH SIGNATURE,ASHLEY JANE GARCIA,SABBATH,1000,0,1000,new,,paid,completed
2025-10-04,12:00:00,Louie Punongbayan,SABBATH SIGNATURE,LEAH PEDROSA,SABBATH,1000,0,1000,new,,paid,completed
2025-10-04,12:00:00,Anjo De Leon,COMBINATION,JANINE KIMBERLY GARCIA,SABBATH,0,0,0,new,,paid,completed
2025-10-04,12:00:00,Laura De Leon,COMBINATION,JESTINE TANELON,SABBATH,0,0,0,new,,paid,completed
2025-10-05,12:00:00,Marie Pauline Leoncio,COMBINATION,LAARNI CAPARAS,SABBATH,0,0,0,new,,paid,completed
2025-10-05,12:00:00,Julia Hao,COMBINATION,JESTINE TANELON,SABBATH,0,0,0,new,,paid,completed
2025-10-05,12:00:00,Celine Hao,COMBINATION,JANINE KIMBERLY GARCIA,SABBATH,0,0,0,new,,paid,completed
2025-10-05,12:00:00,Karla Alexie Hao,COMBINATION,VIA JOY SANCHEZ,SABBATH,0,0,0,new,,paid,completed
2025-10-05,12:00:00,Jay San Pedro,SWEDISH,MARK KENNETH SANCHEZ,SABBATH,600,0,600,new,,paid,completed
2025-10-05,12:00:00,Ruth Santos,SWEDISH,LEAH PEDROSA,SABBATH,600,0,600,new,,paid,completed
2025-10-05,12:00:00,Rhia Alsha Ghori,SWEDISH,ASHLEY JANE GARCIA,SABBATH,600,0,600,new,,paid,completed
2025-10-05,12:00:00,Johanz Coronel,SWEDISH,LAARNI CAPARAS,SABBATH,600,0,600,new,,paid,completed
2025-10-05,12:00:00,Ella Santos,SABBATH SIGNATURE,JESTINE TANELON,SABBATH,1000,0,1000,new,,paid,completed
2025-10-05,12:00:00,Ella Santos,SAUNA,JESTINE TANELON,SABBATH,1000,0,1000,new,,paid,completed
2025-10-05,12:00:00,Jerome Capistani,SABBATH SIGNATURE,LEAH PEDROSA,SABBATH,1000,0,1000,new,,paid,completed
2025-10-05,12:00:00,Jerome Capistani,SAUNA,LEAH PEDROSA,SABBATH,1000,0,1000,new,,paid,completed
2025-10-05,12:00:00,James Sumalca,TRADITIONAL HILOT WITH VENTOSA,VIA JOY SANCHEZ,SABBATH,1500,0,1500,new,,paid,completed
2025-10-05,12:00:00,Sam Sumalca,TRADITIONAL HILOT WITH VENTOSA,JANINE KIMBERLY GARCIA,SABBATH,1500,0,1500,new,,paid,completed
2025-10-05,12:00:00,Venus DIanne Miranda,SWEDISH,LAARNI CAPARAS,SABBATH,600,0,600,new,,paid,completed
2025-10-05,12:00:00,Nicole Miranda,SWEDISH,ASHLEY JANE GARCIA,SABBATH,600,0,600,new,,paid,completed
2025-10-05,12:00:00,Evangeline Miranda,SWEDISH,JENIFFER ANN MANUEL,SABBATH,600,0,600,new,,paid,completed
2025-10-05,12:00:00,Cherry Corpuz,SABBATH SIGNATURE,VIA JOY SANCHEZ,SABBATH,1000,0,1000,new,,paid,completed
2025-10-05,12:00:00,Agong Rosario,SABBATH PACKAGE 1,MARK KENNETH SANCHEZ,SABBATH,2000,0,2000,new,,paid,completed
2025-10-05,12:00:00,Kristen Rosatrio,SABBATH PACKAGE 1,JANINE KIMBERLY GARCIA,SABBATH,2000,0,2000,new,,paid,completed
2025-10-05,12:00:00,Divinia Iso,SABBATH SIGNATURE,ASHLEY JANE GARCIA,SABBATH,1000,0,1000,new,,paid,completed
2025-10-05,12:00:00,Rhodora Fuster,TRADITIONAL HILOT WITH VENTOSA,JANINE KIMBERLY GARCIA,SABBATH,1500,0,1500,new,,paid,completed
2025-10-05,12:00:00,Angelo Valerio,SABBATH SIGNATURE,MARK KENNETH SANCHEZ,SABBATH,1000,0,1000,new,,paid,completed
2025-10-05,12:00:00,Kim Philip Mariano,COMBINATION,LEAH PEDROSA,SABBATH,0,0,0,new,,paid,completed
2025-10-05,12:00:00,Kim Philip Mariano,ADDITIONAL 30 MINS,LEAH PEDROSA,SABBATH,300,0,300,new,,paid,completed
2025-10-05,12:00:00,Fey Moreno,COMBINATION,JESTINE TANELON,SABBATH,0,0,0,new,,paid,completed
2025-10-05,12:00:00,Fey Moreno,ADDITIONAL 30 MINS,JESTINE TANELON,SABBATH,300,0,300,new,,paid,completed
2025-10-05,12:00:00,Jhoana Fuster,COMBINATION,ASHLEY JANE GARCIA,SABBATH,0,0,0,new,,paid,completed
2025-10-05,12:00:00,Jhoana Fuster,SABBATH FOOT REFLEX,ASHLEY JANE GARCIA,SABBATH,600,0,600,new,,paid,completed
2025-10-05,12:00:00,Christel Pangan,SWEDISH,MARK KENNETH SANCHEZ,SABBATH,600,0,600,new,,paid,completed
2025-10-06,12:00:00,Maricel Centeno,SABBATH SIGNATURE,LAARNI CAPARAS,SABBATH,1000,0,1000,new,,paid,completed
2025-10-06,12:00:00,Ronnel Laylo,TRADITIONAL HILOT WITH VENTOSA,MARK KENNETH SANCHEZ,SABBATH,1500,0,1500,new,,paid,completed
2025-10-06,12:00:00,Analyn De Vera,COMBINATION,VIA JOY SANCHEZ,SABBATH,0,0,0,new,,paid,completed
2025-10-06,12:00:00,Lourdes Orozco,COMBINATION,ASHLEY JANE GARCIA,SABBATH,0,0,0,new,,paid,completed
2025-10-06,12:00:00,Stephanie Love Meneses,COMBINATION,LEAH PEDROSA,SABBATH,0,0,0,new,,paid,completed
2025-10-06,12:00:00,Hent Panopio,SABBATH SIGNATURE,JESTINE TANELON,SABBATH,1000,0,1000,new,,paid,completed
2025-10-06,12:00:00,Eddylyn Panopio,SABBATH SIGNATURE,JANINE KIMBERLY GARCIA,SABBATH,1000,0,1000,new,,paid,completed
2025-10-07,12:00:00,Christian Bryan Mendoza,SABBATH SIGNATURE,MARK KENNETH SANCHEZ,SABBATH,1000,0,1000,new,,paid,completed
2025-10-07,12:00:00,Ava Estrella Cabasag,AROMATHERAPY OIL WITH HERBAL BALL,LEAH PEDROSA,SABBATH,1000,0,1000,new,,paid,completed
2025-10-07,12:00:00,AJ Cabasag,AROMATHERAPY OIL WITH HERBAL BALL,ASHLEY JANE GARCIA,SABBATH,1000,0,1000,new,,paid,completed
2025-10-08,12:00:00,Ma Celeste Dela Cruz,COMBINATION,JESTINE TANELON,SABBATH,0,0,0,new,,paid,completed
2025-10-08,12:00:00,Arnaldo Dela Cruz,COMBINATION,MARK KENNETH SANCHEZ,SABBATH,0,0,0,new,,paid,completed
2025-10-08,12:00:00,Thirdy Gonzales,TRADITIONAL HILOT WITH VENTOSA,MARK KENNETH SANCHEZ,SABBATH,1500,0,1500,new,,paid,completed
2025-10-08,12:00:00,Vernie Gonzales,SABBATH SIGNATURE,JESTINE TANELON,SABBATH,1000,0,1000,new,,paid,completed
2025-10-08,12:00:00,Vernie Gonzales,ADDITIONAL 30 MINS,JESTINE TANELON,SABBATH,300,0,300,new,,paid,completed
2025-10-08,12:00:00,Lalaine Gonzales,SABBATH FOOT REFLEX,ASHLEY JANE GARCIA,SABBATH,600,0,600,new,,paid,completed
2025-10-08,12:00:00,Geena Gonzales,SABBATH FOOT REFLEX,LEAH PEDROSA,SABBATH,600,0,600,new,,paid,completed
2025-10-08,12:00:00,Jen Gonzales,SABBATH SIGNATURE,LAARNI CAPARAS,SABBATH,1000,0,1000,new,,paid,completed
2025-10-08,12:00:00,Cliff Gonzales,SABBATH SIGNATURE,VIA JOY SANCHEZ,SABBATH,1000,0,1000,new,,paid,completed
2025-10-08,12:00:00,Ma'am Gia,SWEDISH,VIA JOY SANCHEZ,SABBATH,600,0,600,new,,paid,completed
2025-10-08,12:00:00,Sheena Esguerra,SWEDISH,LAARNI CAPARAS,SABBATH,600,0,600,new,,paid,completed
2025-10-08,12:00:00,Lallie Mallari,SWEDISH,MARK KENNETH SANCHEZ,SABBATH,600,0,600,new,,paid,completed
2025-10-08,12:00:00,Princess Esguerra,COMBINATION,LEAH PEDROSA,SABBATH,0,0,0,new,,paid,completed
2025-10-08,12:00:00,Felly Esguerra,COMBINATION,ASHLEY JANE GARCIA,SABBATH,0,0,0,new,,paid,completed
2025-10-08,12:00:00,Mara Sisperez,SWEDISH,VIA JOY SANCHEZ,SABBATH,600,0,600,new,,paid,completed
2025-10-08,12:00:00,Teresa Barredo,SWEDISH,ASHLEY JANE GARCIA,SABBATH,600,0,600,new,,paid,completed
2025-10-08,12:00:00,Christel Pangan,SWEDISH,JESTINE TANELON,SABBATH,600,0,600,new,,paid,completed
2025-10-09,12:00:00,Ma'am Gia,SABBATH FOOT REFLEX,LEAH PEDROSA,SABBATH,600,0,600,new,,paid,completed
2025-10-09,12:00:00,Ann Dalisay,COMBINATION,JANINE KIMBERLY GARCIA,SABBATH,0,0,0,new,,paid,completed
2025-10-09,12:00:00,Ann Dalisay,COMBINATION,JANINE KIMBERLY GARCIA,SABBATH,0,0,0,new,,paid,completed
2025-10-09,12:00:00,Christel Pangan,SWEDISH,VIA JOY SANCHEZ,SABBATH,600,0,600,new,,paid,completed
2025-10-09,12:00:00,Wendy Oliveros,SWEDISH,JESTINE TANELON,SABBATH,600,0,600,new,,paid,completed
2025-10-10,12:00:00,Ronjae Leoncio,"HEAD, BACK & SHOULDER",,SABBATH,0,0,0,new,,paid,completed
2025-10-10,12:00:00,Sean Basilio,"HEAD, BACK & SHOULDER",,SABBATH,0,0,0,new,,paid,completed
2025-10-10,12:00:00,Jona Elilio,"HEAD, BACK & SHOULDER",,SABBATH,0,0,0,new,,paid,completed
2025-10-10,12:00:00,Rosalie Capili,"HEAD, BACK & SHOULDER",,SABBATH,0,0,0,new,,paid,completed
2025-10-10,12:00:00,Coleen Lopez,"HEAD, BACK & SHOULDER",,SABBATH,0,0,0,new,,paid,completed
2025-10-10,12:00:00,Angie Domingo,"HEAD, BACK & SHOULDER",,SABBATH,0,0,0,new,,paid,completed
2025-10-10,12:00:00,Ramona Diana Castillo,"HEAD, BACK & SHOULDER",,SABBATH,0,0,0,new,,paid,completed
2025-10-10,12:00:00,Carla Borlongan,"HEAD, BACK & SHOULDER",,SABBATH,0,0,0,new,,paid,completed
2025-10-10,12:00:00,Alyza Yerro,"HEAD, BACK & SHOULDER",,SABBATH,0,0,0,new,,paid,completed
2025-10-10,12:00:00,Sam Almuete,"HEAD, BACK & SHOULDER",,SABBATH,0,0,0,new,,paid,completed
2025-10-10,12:00:00,Julie Fabros,"HEAD, BACK & SHOULDER",,SABBATH,0,0,0,new,,paid,completed
2025-10-10,12:00:00,Marc Chester Rivera,"HEAD, BACK & SHOULDER",,SABBATH,0,0,0,new,,paid,completed
2025-10-10,12:00:00,Lila Palacio,"HEAD, BACK & SHOULDER",,SABBATH,0,0,0,new,,paid,completed
2025-10-10,12:00:00,Mary Nny Ramos,"HEAD, BACK & SHOULDER",,SABBATH,0,0,0,new,,paid,completed
2025-10-10,12:00:00,Mary Grace Galman,"HEAD, BACK & SHOULDER",,SABBATH,0,0,0,new,,paid,completed
2025-10-10,12:00:00,Angelica Altok,"HEAD, BACK & SHOULDER",,SABBATH,0,0,0,new,,paid,completed
2025-10-10,12:00:00,Jasha Mendoza,"HEAD, BACK & SHOULDER",,SABBATH,0,0,0,new,,paid,completed
2025-10-10,12:00:00,Jenica Regencia,"HEAD, BACK & SHOULDER",,SABBATH,0,0,0,new,,paid,completed
2025-10-10,12:00:00,Kim Adviento,"HEAD, BACK & SHOULDER",,SABBATH,0,0,0,new,,paid,completed
2025-10-10,12:00:00,Ana Estrella,"HEAD, BACK & SHOULDER",,SABBATH,0,0,0,new,,paid,completed
2025-10-10,12:00:00,Rona Robles,"HEAD, BACK & SHOULDER",,SABBATH,0,0,0,new,,paid,completed
2025-10-10,12:00:00,Danniel Santos,"HEAD, BACK & SHOULDER",,SABBATH,0,0,0,new,,paid,completed
2025-10-10,12:00:00,Rein Marcillan,"HEAD, BACK & SHOULDER",,SABBATH,0,0,0,new,,paid,completed
2025-10-10,12:00:00,John Magbitang,"HEAD, BACK & SHOULDER",,SABBATH,0,0,0,new,,paid,completed
2025-10-10,12:00:00,Grace Gan Dacayan,"HEAD, BACK & SHOULDER",,SABBATH,0,0,0,new,,paid,completed
2025-10-10,12:00:00,Anton Azucena,COMBINATION,,SABBATH,0,0,0,new,,paid,completed
2025-10-10,12:00:00,Roscel Perez,SABBATH SIGNATURE,,SABBATH,1000,0,1000,new,,paid,completed
2025-10-10,12:00:00,Ayesha Shiva Perez,SWEDISH,,SABBATH,600,0,600,new,,paid,completed
2025-10-10,12:00:00,John Dale Gumba,SWEDISH,,SABBATH,600,0,600,new,,paid,completed
2025-10-10,12:00:00,RB Ventic,SWEDISH,,SABBATH,600,0,600,new,,paid,completed
2025-10-10,12:00:00,Au De Guzman,SWEDISH,,SABBATH,600,0,600,new,,paid,completed
2025-10-10,12:00:00,Ana Melissa Dela Cruz,SWEDISH,,SABBATH,600,0,600,new,,paid,completed
2025-10-10,12:00:00,Michael Gatchalian,SABBATH SIGNATURE,,SABBATH,1000,0,1000,new,,paid,completed
2025-10-10,12:00:00,Maica Valdevioso,SABBATH SIGNATURE,,SABBATH,1000,0,1000,new,,paid,completed
2025-10-10,12:00:00,Leuan Lising,TRADITIONAL HILOT WITH VENTOSA,,SABBATH,1500,0,1500,new,,paid,completed
2025-10-10,12:00:00,Janina Lising,POST & PRE NATAL W/ LACTATION,,SABBATH,2000,0,2000,new,,paid,completed
2025-10-10,12:00:00,Christel Pangan,SWEDISH,,SABBATH,600,0,600,new,,paid,completed
2025-10-10,12:00:00,Ayessa,PACKAGE F,,LE NAILS,1250,0,1250,new,,paid,completed
2025-10-10,12:00:00,Ayessa,PACKAGE A,,LE NAILS,0,0,0,new,,paid,completed
2025-10-10,12:00:00,Ayessa,NAIL GEL REMOVAL,,LE NAILS,150,0,150,new,,paid,completed
2025-10-11,12:00:00,Romina Canlas Hilario,TRADITIONAL HILOT WITH VENTOSA,,SABBATH,1500,0,1500,new,,paid,completed
2025-10-11,12:00:00,Desiree Pangalangan,SABBATH SIGNATURE,,SABBATH,1000,0,1000,new,,paid,completed
2025-10-11,12:00:00,Cecilia Santos,SABBATH SIGNATURE,,SABBATH,1000,0,1000,new,,paid,completed
2025-10-11,12:00:00,Ruth Angelo,COMBINATION,,SABBATH,0,0,0,new,,paid,completed
2025-10-11,12:00:00,Ronald Angelo,COMBINATION,,SABBATH,0,0,0,new,,paid,completed
2025-10-11,12:00:00,Vanessa Eugenio,TRADITIONAL HILOT WITH VENTOSA,,SABBATH,1500,0,1500,new,,paid,completed
2025-10-11,12:00:00,Alesa Nojadera,SWEDISH,,SABBATH,600,0,600,new,,paid,completed
2025-10-11,12:00:00,Alesa Nojadera,"HEAD, BACK & SHOULDER",,SABBATH,0,0,0,new,,paid,completed
2025-10-11,12:00:00,Shirley Gaspar,SABBATH SIGNATURE,,SABBATH,1000,0,1000,new,,paid,completed
2025-10-11,12:00:00,Renzie Gaspar,COMBINATION W/ HOT STONE,,SABBATH,0,0,0,new,,paid,completed
2025-10-11,12:00:00,Roderick Losalita,SABBATH PACKAGE 1,,SABBATH,2000,0,2000,new,,paid,completed
2025-10-11,12:00:00,Sofia San Pablo,SABBATH PACKAGE 1,,SABBATH,2000,0,2000,new,,paid,completed
2025-10-11,12:00:00,Sarry Victoria,SWEDISH,,SABBATH,600,0,600,new,,paid,completed
2025-10-11,12:00:00,Gaw Marcelo,SWEDISH,,SABBATH,600,0,600,new,,paid,completed
2025-10-11,12:00:00,May Laquindanum,COMBINATION,,SABBATH,0,0,0,new,,paid,completed
2025-10-11,12:00:00,Theresa Santos,COMBINATION,,SABBATH,0,0,0,new,,paid,completed
2025-10-11,12:00:00,Ace Galang Celeste,COMBINATION,,SABBATH,0,0,0,new,,paid,completed
2025-10-11,12:00:00,Christian Vizcarra,COMBINATION,,SABBATH,0,0,0,new,,paid,completed
2025-10-11,12:00:00,Charles De Gula,TRADITIONAL HILOT WITH VENTOSA,,SABBATH,1500,1200,300,new,,paid,completed
2025-10-11,12:00:00,Nycky Legaspi,COMBINATION,,SABBATH,0,0,0,new,,paid,completed
2025-10-11,12:00:00,Nycky Legaspi,ADDITIONAL 30 MINS,,SABBATH,300,0,300,new,,paid,completed
2025-10-11,12:00:00,John Legaspi,COMBINATION,,SABBATH,0,0,0,new,,paid,completed
2025-10-11,12:00:00,John Legaspi,ADDITIONAL 30 MINS,,SABBATH,300,0,300,new,,paid,completed
2025-10-11,12:00:00,Miles Delos Reyes,SABBATH SIGNATURE,,SABBATH,1000,0,1000,new,,paid,completed
2025-10-11,12:00:00,Rens Ocampo,SABBATH SIGNATURE,,SABBATH,1000,0,1000,new,,paid,completed
2025-10-11,12:00:00,Rj Ocampo,COMBINATION,,SABBATH,0,0,0,new,,paid,completed
2025-10-11,12:00:00,Julius Pedro,SABBATH SIGNATURE,,SABBATH,1000,0,1000,new,,paid,completed
2025-10-11,12:00:00,Kathrina Pedro,SABBATH SIGNATURE,,SABBATH,1000,0,1000,new,,paid,completed
2025-10-11,12:00:00,Cel Tayao,SWEDISH,,SABBATH,600,600,0,new,,paid,completed
2025-10-11,12:00:00,Patrick Potenciano,SWEDISH,,SABBATH,600,0,600,new,,paid,completed
2025-10-11,12:00:00,Lalaine Casaje,SABBATH SIGNATURE,,SABBATH,1000,0,1000,new,,paid,completed
2025-10-11,12:00:00,Ronillo Casaje,SABBATH SIGNATURE,,SABBATH,1000,0,1000,new,,paid,completed
2025-10-11,12:00:00,Ma'am Hanna,SABBATH SIGNATURE,,SABBATH,1000,0,1000,new,,paid,completed
2025-10-11,12:00:00,Ma'am Hanna Friend,SABBATH SIGNATURE,,SABBATH,1000,0,1000,new,,paid,completed
2025-10-12,12:00:00,Ezra Joson,SWEDISH,,SABBATH,600,0,600,new,,paid,completed
2025-10-12,12:00:00,Clarence Moratal,SWEDISH,,SABBATH,600,0,600,new,,paid,completed
2025-10-12,12:00:00,Clarissa Jem Pineda,SABBATH PACKAGE 1,,SABBATH,2000,0,2000,new,,paid,completed
2025-10-12,12:00:00,Joshua Josue,SABBATH PACKAGE 1,,SABBATH,2000,0,2000,new,,paid,completed
2025-10-12,12:00:00,Kathryn Jugzilon,COMBINATION,,SABBATH,0,0,0,new,,paid,completed
2025-10-12,12:00:00,Joyce Bernardino,SHIATSU,,SABBATH,0,0,0,new,,paid,completed
2025-10-12,12:00:00,Joyce Bernardino,SABBATH FOOT REFLEX,,SABBATH,600,0,600,new,,paid,completed
2025-10-12,12:00:00,Roan Pangilinan,COMBINATION,,SABBATH,0,0,0,new,,paid,completed
2025-10-12,12:00:00,Weng Valentin,SWEDISH,,SABBATH,600,0,600,new,,paid,completed
2025-10-12,12:00:00,Maureen Cleofe,TRADITIONAL HILOT WITH VENTOSA,,SABBATH,1500,0,1500,new,,paid,completed
2025-10-12,12:00:00,Chera Cleofe,SABBATH SIGNATURE,,SABBATH,1000,0,1000,new,,paid,completed
2025-10-12,12:00:00,Aurea Mica Cleofe,SABBATH SIGNATURE,,SABBATH,1000,0,1000,new,,paid,completed
2025-10-12,12:00:00,Jerwin De Villa,TRADITIONAL HILOT WITH VENTOSA,,SABBATH,1500,0,1500,new,,paid,completed
2025-10-12,12:00:00,Mark Jason De Guzman,SABBATH SIGNATURE,,SABBATH,1000,0,1000,new,,paid,completed
2025-10-12,12:00:00,Richmond Zoleta,COMBINATION,,SABBATH,0,0,0,new,,paid,completed
2025-10-12,12:00:00,Aiya Darcen,COMBINATION W/ HOT STONE,,SABBATH,0,0,0,new,,paid,completed
2025-10-12,12:00:00,Faye Gonzales,COMBINATION W/ HOT STONE,,SABBATH,0,0,0,new,,paid,completed
2025-10-12,12:00:00,Kel De Jesus,SHIATSU,,SABBATH,0,0,0,new,,paid,completed
2025-10-12,12:00:00,Giby Bulaong,SWEDISH,,SABBATH,600,0,600,new,,paid,completed
2025-10-12,12:00:00,Clem Sulit,TRADITIONAL HILOT WITH VENTOSA,,SABBATH,1500,0,1500,new,,paid,completed
2025-10-12,12:00:00,Rham Sarte,COMBINATION,,SABBATH,0,0,0,new,,paid,completed
2025-10-12,12:00:00,Kriz Sarte,COMBINATION,,SABBATH,0,0,0,new,,paid,completed
2025-10-12,12:00:00,Chloe Magrin,SABBATH SIGNATURE,,SABBATH,1000,0,1000,new,,paid,completed
2025-10-12,12:00:00,Ivan Bautista,SABBATH SIGNATURE,,SABBATH,1000,0,1000,new,,paid,completed
2025-10-12,12:00:00,Janea Ann Villarico,COMBINATION,,SABBATH,0,0,0,new,,paid,completed
2025-10-12,12:00:00,Karl John Cacho,COMBINATION,,SABBATH,0,0,0,new,,paid,completed
2025-10-12,12:00:00,Mabel Buensuceso,SOFT GEL NAIL EXTENSION,,LE NAILS,800,0,800,new,,paid,completed
2025-10-12,12:00:00,Mabel Buensuceso,FULL SET BASIC NAIL ART,,LE NAILS,400,0,400,new,,paid,completed
2025-10-12,12:00:00,Mabel Buensuceso,PEDIGEL CUCCIO,,LE NAILS,550,0,550,new,,paid,completed
2025-10-12,12:00:00,Mabel Buensuceso,PEDICURE,,LE NAILS,200,0,200,new,,paid,completed
2025-10-13,12:00:00,Ann Dalisay,COMBINATION,,SABBATH,0,0,0,new,,paid,completed
2025-10-13,12:00:00,Ann Dalisay,COMBINATION,,SABBATH,0,0,0,new,,paid,completed
2025-10-13,12:00:00,Joel Siccuan,SABBATH SIGNATURE,,SABBATH,1000,0,1000,new,,paid,completed
2025-10-13,12:00:00,Vivian Siccuan,SABBATH SIGNATURE,,SABBATH,1000,0,1000,new,,paid,completed
2025-10-13,12:00:00,Zenaida Siccuan,SABBATH SIGNATURE,,SABBATH,1000,0,1000,new,,paid,completed
2025-10-13,12:00:00,Jordan SIccuan,SABBATH SIGNATURE,,SABBATH,1000,0,1000,new,,paid,completed
2025-10-13,12:00:00,Raquel Villaceran,SABBATH PACKAGE 1,,SABBATH,2000,0,2000,new,,paid,completed
2025-10-13,12:00:00,Maricel Mariano,SABBATH PACKAGE 1,,SABBATH,2000,0,2000,new,,paid,completed
2025-10-13,12:00:00,Shamae Mariano,SABBATH PACKAGE 1,,SABBATH,2000,0,2000,new,,paid,completed
2025-10-13,12:00:00,Luigi Tolentino,COMBINATION,,SABBATH,0,0,0,new,,paid,completed
2025-10-13,12:00:00,Luigi Tolentino,"HEAD, BACK & SHOULDER",,SABBATH,400,0,400,new,,paid,completed
2025-10-13,12:00:00,Jellaine Perocho,COMBINATION,,SABBATH,0,0,0,new,,paid,completed
2025-10-13,12:00:00,Jellaine Perocho,"HEAD, BACK & SHOULDER",,SABBATH,400,0,400,new,,paid,completed
2025-10-13,12:00:00,Cate Lajara,COMBINATION W/ HOT STONE,,SABBATH,0,0,0,new,,paid,completed
2025-10-13,12:00:00,Kyle Del Mundo,COMBINATION W/ HOT STONE,,SABBATH,0,0,0,new,,paid,completed
2025-10-13,12:00:00,Jhoana Fuster,TRADITIONAL HILOT WITH VENTOSA,,SABBATH,1500,0,1500,new,,paid,completed
2025-10-13,12:00:00,Caleb Fuster,GROWTH,,SABBATH,500,0,500,new,,paid,completed
2025-10-13,12:00:00,Jeric Paja,TRADITIONAL HILOT WITH VENTOSA,,SABBATH,1500,0,1500,new,,paid,completed
2025-10-13,12:00:00,Jeric Paja,SABBATH FOOT REFLEX,,SABBATH,600,0,600,new,,paid,completed
2025-10-13,12:00:00,JM Angeles,SABBATH PACKAGE 1,,SABBATH,2000,2000,0,new,,paid,completed
2025-10-13,12:00:00,JM Angeles,SABBATH PACKAGE 1,,SABBATH,2000,2000,0,new,,paid,completed
2025-10-13,12:00:00,Christel Pangan,SWEDISH,,SABBATH,600,600,0,new,,paid,completed
2025-10-13,12:00:00,Ma'am Judith,MANICURE,,LE NAILS,150,0,150,new,,paid,completed
2025-10-13,12:00:00,Ma'am Judith,PREMIUM PRIVATE ROOM,,LE NAILS,1500,0,1500,new,,paid,completed
2025-10-14,12:00:00,Jas Santiago,SHIATSU,,SABBATH,0,0,0,new,,paid,completed
2025-10-14,12:00:00,Aljohn Gamboa,SABBATH SIGNATURE,,SABBATH,1000,0,1000,new,,paid,completed
2025-10-14,12:00:00,Catpuno Gamboa,SABBATH SIGNATURE,,SABBATH,1000,0,1000,new,,paid,completed
2025-10-14,12:00:00,Ehm Gamboa,SWEDISH,,SABBATH,600,0,600,new,,paid,completed
2025-10-14,12:00:00,Kushi Gamboa,SWEDISH,,SABBATH,600,0,600,new,,paid,completed
2025-10-14,12:00:00,Jonel Cudia,SWEDISH,,SABBATH,600,0,600,new,,paid,completed
2025-10-14,12:00:00,Kimber Gallardo,TRADITIONAL HILOT WITH VENTOSA,,SABBATH,1500,0,1500,new,,paid,completed
2025-10-14,12:00:00,Mhik Santiago,"HEAD, BACK & SHOULDER",,SABBATH,0,0,0,new,,paid,completed
2025-10-14,12:00:00,Roschell De Silva,SWEDISH,,SABBATH,600,0,600,new,,paid,completed
2025-10-14,12:00:00,Reneil De SIlva,SWEDISH,,SABBATH,600,0,600,new,,paid,completed
2025-10-14,12:00:00,Justine Francisco,COMBINATION,,SABBATH,0,0,0,new,,paid,completed
2025-10-14,12:00:00,Babyruth Francisco,COMBINATION,,SABBATH,0,0,0,new,,paid,completed
2025-10-14,12:00:00,Lucy Inocencio,COMBINATION,,SABBATH,0,0,0,new,,paid,completed
2025-10-14,12:00:00,Dustine Magsing,COMBINATION,,SABBATH,0,0,0,new,,paid,completed
2025-10-14,12:00:00,Mhik Santiago,SOFT GEL NAIL EXTENSION,,LE NAILS,800,0,800,new,,paid,completed
2025-10-15,12:00:00,Carlven Dayao,COMBINATION,,SABBATH,0,0,0,new,,paid,completed
2025-10-15,12:00:00,Carol Lopez,COMBINATION,,SABBATH,0,0,0,new,,paid,completed
2025-10-15,12:00:00,Kaye Yambao,SWEDISH,,SABBATH,600,0,600,new,,paid,completed
2025-10-15,12:00:00,Ed Tenorio,SWEDISH,,SABBATH,600,0,600,new,,paid,completed
2025-10-15,12:00:00,Meng Sulit,SWEDISH,,SABBATH,600,0,600,new,,paid,completed
2025-10-15,12:00:00,Jesusa Sulit,SWEDISH,,SABBATH,600,0,600,new,,paid,completed
2025-10-15,12:00:00,Romelyn Barba,SWEDISH,,SABBATH,600,0,600,new,,paid,completed
2025-10-15,12:00:00,Cherry Ann Barba,SWEDISH,,SABBATH,600,0,600,new,,paid,completed
2025-10-15,12:00:00,Jemar Labausa,COMBINATION W/ HOT STONE,,SABBATH,0,0,0,new,,paid,completed
2025-10-15,12:00:00,Melvin Chin,SABBATH FOOT REFLEX,,SABBATH,600,0,600,new,,paid,completed
2025-10-15,12:00:00,Joji Chin,SABBATH FOOT REFLEX,,SABBATH,600,0,600,new,,paid,completed
2025-10-15,12:00:00,Jude Jamero,COMBINATION,,SABBATH,0,0,0,new,,paid,completed
2025-10-15,12:00:00,Christel Pangan,SWEDISH,,SABBATH,600,600,0,new,,paid,completed
2025-10-15,12:00:00,Charles Angelo Estrella,SWEDISH,,SABBATH,600,0,600,new,,paid,completed
2025-10-15,12:00:00,Alliah Mae Censon,SWEDISH,,SABBATH,600,0,600,new,,paid,completed
2025-10-16,12:00:00,Louisse Gia Pagdanganan,"HEAD, BACK & SHOULDER",,SABBATH,0,0,0,new,,paid,completed
2025-10-16,12:00:00,Julieta Del Rosario,SWEDISH,,SABBATH,600,0,600,new,,paid,completed
2025-10-16,12:00:00,Angelica Chesca Ocampo,"SABBATH SIGNATURE FOOT, HEAD, NECK & SHOULDER",,SABBATH,750,0,750,new,,paid,completed
2025-10-16,12:00:00,Kristine Aldaba,COMBINATION,,SABBATH,0,0,0,new,,paid,completed
2025-10-16,12:00:00,Kristine Aldaba,ADDITIONAL 30 MINS,,SABBATH,300,0,300,new,,paid,completed
2025-10-16,12:00:00,John Aldaba,COMBINATION,,SABBATH,0,0,0,new,,paid,completed
2025-10-16,12:00:00,John Aldaba,ADDITIONAL 30 MINS,,SABBATH,300,0,300,new,,paid,completed
2025-10-16,12:00:00,Neth Samson,COMBINATION,,SABBATH,0,0,0,new,,paid,completed
2025-10-16,12:00:00,Neth Samson,ADDITIONAL 30 MINS,,SABBATH,300,0,300,new,,paid,completed
2025-10-16,12:00:00,Gerry Samson,COMBINATION,,SABBATH,0,0,0,new,,paid,completed
2025-10-16,12:00:00,Gerry Samson,ADDITIONAL 30 MINS,,SABBATH,300,0,300,new,,paid,completed
2025-10-16,12:00:00,Krystelle Aniag,SABBATH FOOT REFLEX,,SABBATH,600,0,600,new,,paid,completed
2025-10-16,12:00:00,Krystelle Aniag,"HEAD, BACK & SHOULDER",,SABBATH,0,0,0,new,,paid,completed
2025-10-16,12:00:00,Patrick Potenciano,TRADITIONAL HILOT WITH VENTOSA,,SABBATH,1500,0,1500,new,,paid,completed
2025-10-16,12:00:00,Kurt Tayao,SWEDISH,,SABBATH,600,0,600,new,,paid,completed
2025-10-16,12:00:00,Cel Tayao,SWEDISH,,SABBATH,600,600,0,new,,paid,completed
2025-10-16,12:00:00,Yema Santos,COMBINATION,,SABBATH,0,0,0,new,,paid,completed
2025-10-16,12:00:00,Yema Santos,ADDITIONAL 30 MINS,,SABBATH,300,0,300,new,,paid,completed
2025-10-16,12:00:00,Gina Ojera,COMBINATION,,SABBATH,0,0,0,new,,paid,completed
2025-10-16,12:00:00,Gina Ojera,ADDITIONAL 30 MINS,,SABBATH,300,0,300,new,,paid,completed
2025-10-16,12:00:00,Peaches Magpayo,COMBINATION,,SABBATH,0,0,0,new,,paid,completed
2025-10-16,12:00:00,Peaches Magpayo,ADDITIONAL 30 MINS,,SABBATH,300,0,300,new,,paid,completed
2025-10-16,12:00:00,Rhoda Salamat,COMBINATION,,SABBATH,0,0,0,new,,paid,completed
2025-10-16,12:00:00,Rhoda Salamat,ADDITIONAL 30 MINS,,SABBATH,300,0,300,new,,paid,completed
2025-10-16,12:00:00,Ronalyn Cruz,COMBINATION,,SABBATH,0,0,0,new,,paid,completed
2025-10-16,12:00:00,Ronalyn Cruz,ADDITIONAL 30 MINS,,SABBATH,300,0,300,new,,paid,completed
2025-10-16,12:00:00,Anthony Cruz,COMBINATION,,SABBATH,0,0,0,new,,paid,completed
2025-10-16,12:00:00,Anthony Cruz,ADDITIONAL 30 MINS,,SABBATH,300,0,300,new,,paid,completed
2025-10-16,12:00:00,Christel Pangan,SWEDISH,,SABBATH,600,600,0,new,,paid,completed
2025-10-16,12:00:00,Radie De Regala,SWEDISH,,SABBATH,600,120,480,new,,paid,completed
2025-10-16,12:00:00,Arvielyn De Jesus,SOFT GEL NAIL EXTENSION,,LE NAILS,800,0,800,new,,paid,completed
2025-10-16,12:00:00,Arvielyn De Jesus,ACCENT,,LE NAILS,200,0,200,new,,paid,completed
2025-10-17,12:00:00,Aries Buenaventura,SABBATH SIGNATURE,,SABBATH,1000,0,1000,new,,paid,completed
2025-10-17,12:00:00,Aries Buenaventura,ADDITIONAL 30 MINS,,SABBATH,300,0,300,new,,paid,completed
2025-10-17,12:00:00,Chie Buenaventura,SABBATH SIGNATURE,,SABBATH,1000,0,1000,new,,paid,completed
2025-10-17,12:00:00,Chie Buenaventura,ADDITIONAL 30 MINS,,SABBATH,300,0,300,new,,paid,completed
2025-10-17,12:00:00,Len Buenaventura,GROWTH,,SABBATH,500,0,500,new,,paid,completed
2025-10-17,12:00:00,Psalm Pascual,COMBINATION,,SABBATH,0,0,0,new,,paid,completed
2025-10-17,12:00:00,Marianne Tiongson,SWEDISH,,SABBATH,600,0,600,new,,paid,completed
2025-10-17,12:00:00,JC Pangilinan,TRADITIONAL HILOT WITH VENTOSA,,SABBATH,1500,0,1500,new,,paid,completed
2025-10-17,12:00:00,Katherine Carillo,TRADITIONAL HILOT WITH VENTOSA,,SABBATH,1500,0,1500,new,,paid,completed
2025-10-17,12:00:00,Gerry Anne Mendoza,SABBATH SIGNATURE,,SABBATH,1000,0,1000,new,,paid,completed
2025-10-17,12:00:00,Gerry Anne Mendoza,ADDITIONAL 30 MINS,,SABBATH,300,0,300,new,,paid,completed
2025-10-17,12:00:00,Alcon Mendoza,SABBATH SIGNATURE,,SABBATH,1000,0,1000,new,,paid,completed
2025-10-17,12:00:00,Alcon Mendoza,ADDITIONAL 30 MINS,,SABBATH,300,0,300,new,,paid,completed
2025-10-17,12:00:00,Sheryl Alonzo,SWEDISH,,SABBATH,600,0,600,new,,paid,completed
2025-10-17,12:00:00,Christel Pangan,SWEDISH,,SABBATH,600,600,0,new,,paid,completed
2025-10-17,12:00:00,Ieuan Lising,TRADITIONAL HILOT WITH VENTOSA,,SABBATH,1500,0,1500,new,,paid,completed
2025-10-17,12:00:00,Janina Lising,POST & PRE NATAL W/ LACTATION,,SABBATH,2000,0,2000,new,,paid,completed
2025-10-17,12:00:00,Laila Garcia,SWEDISH,,SABBATH,600,0,600,new,,paid,completed
2025-10-17,12:00:00,Nelson,TRADITIONAL HILOT WITH VENTOSA,,SABBATH,1500,0,1500,new,,paid,completed
2025-10-17,12:00:00,Hector,TRADITIONAL HILOT WITH VENTOSA,,SABBATH,1500,0,1500,new,,paid,completed
2025-10-17,12:00:00,Ace Mateo,SWEDISH,,SABBATH,600,0,600,new,,paid,completed
2025-10-17,12:00:00,Jolina Tiongson,PEDICURE,,LE NAILS,200,0,200,new,,paid,completed
2025-10-17,12:00:00,Jolina Tiongson,PEDICURE,,LE NAILS,200,0,200,new,,paid,completed
2025-10-17,12:00:00,Jolina Tiongson,REGULAR POLISH,,LE NAILS,0,0,0,new,,paid,completed
2025-10-18,12:00:00,Angel Salvador,SABBATH PACKAGE 1,,SABBATH,2000,0,2000,new,,paid,completed
2025-10-18,12:00:00,Cesca Sabanal,SABBATH PACKAGE 1,,SABBATH,2000,0,2000,new,,paid,completed
2025-10-18,12:00:00,Ann Sabanal,SABBATH PACKAGE 1,,SABBATH,2000,0,2000,new,,paid,completed
2025-10-18,12:00:00,Charlotte Chiu,SABBATH SIGNATURE,,SABBATH,1000,0,1000,new,,paid,completed
2025-10-18,12:00:00,Erick Enriquez,SABBATH SIGNATURE,,SABBATH,1000,0,1000,new,,paid,completed
2025-10-18,12:00:00,Nira De Guzman,AROMATHERAPY OIL WITH HERBAL BALL,,SABBATH,1000,0,1000,new,,paid,completed
2025-10-18,12:00:00,Rizza Rosco,AROMATHERAPY OIL WITH HERBAL BALL,,SABBATH,1000,0,1000,new,,paid,completed
2025-10-18,12:00:00,May Ann Dawaing,AROMATHERAPY OIL WITH HERBAL BALL,,SABBATH,1000,0,1000,new,,paid,completed
2025-10-18,12:00:00,EJ Monteroso,SABBATH SIGNATURE,,SABBATH,1000,0,1000,new,,paid,completed
2025-10-18,12:00:00,Grace Castillo,COMBINATION,,SABBATH,0,0,0,new,,paid,completed
2025-10-18,12:00:00,Grace Castillo,ADDITIONAL 30 MINS,,SABBATH,300,0,300,new,,paid,completed
2025-10-18,12:00:00,Chenee Rodriguez,COMBINATION,,SABBATH,0,0,0,new,,paid,completed
2025-10-18,12:00:00,Chenee Rodriguez,ADDITIONAL 30 MINS,,SABBATH,300,0,300,new,,paid,completed
2025-10-18,12:00:00,Joyce Bernardino,SABBATH FOOT REFLEX,,SABBATH,600,0,600,new,,paid,completed
2025-10-18,12:00:00,Jane De Jesus,SABBATH PACKAGE 1,,SABBATH,2000,0,2000,new,,paid,completed
2025-10-18,12:00:00,Justin Rivera,SABBATH PACKAGE 1,,SABBATH,2000,0,2000,new,,paid,completed
2025-10-18,12:00:00,Sheryl Degala,SWEDISH,,SABBATH,600,0,600,new,,paid,completed
2025-10-18,12:00:00,Juvic Degala,SWEDISH,,SABBATH,600,0,600,new,,paid,completed
2025-10-18,12:00:00,Arvin Harina,"SABBATH SIGNATURE FOOT, HEAD, NECK & SHOULDER",,SABBATH,750,0,750,new,,paid,completed
2025-10-18,12:00:00,Rheyn Maquiso,"SABBATH SIGNATURE FOOT, HEAD, NECK & SHOULDER",,SABBATH,750,0,750,new,,paid,completed
2025-10-18,12:00:00,Allan Mata,COMBINATION,,SABBATH,0,0,0,new,,paid,completed
2025-10-18,12:00:00,Marilou Abonita,COMBINATION,,SABBATH,0,0,0,new,,paid,completed
2025-10-18,12:00:00,Marilou Abonita,ADDITIONAL 30 MINS,,SABBATH,300,0,300,new,,paid,completed
2025-10-18,12:00:00,Jojo Cunanan,COMBINATION,,SABBATH,0,0,0,new,,paid,completed
2025-10-18,12:00:00,Andro Angeles,COMBINATION,,SABBATH,0,0,0,new,,paid,completed
2025-10-18,12:00:00,Joyce Rebarter,AROMATHERAPY OIL WITH HERBAL BALL,,SABBATH,1000,0,1000,new,,paid,completed
2025-10-18,12:00:00,Neth Rebarter,AROMATHERAPY OIL WITH HERBAL BALL,,SABBATH,1000,0,1000,new,,paid,completed
2025-10-18,12:00:00,Kimu Anstaran,TRADITIONAL HILOT WITH VENTOSA,,SABBATH,1500,0,1500,new,,paid,completed
2025-10-18,12:00:00,Joha Anstaran,TRADITIONAL HILOT WITH VENTOSA,,SABBATH,1500,0,1500,new,,paid,completed
2025-10-18,12:00:00,Jo Anstaran,TRADITIONAL HILOT WITH VENTOSA,,SABBATH,1500,0,1500,new,,paid,completed
2025-10-18,12:00:00,Kate Rose Rodriguez,PACKAGE A,,LE NAILS,0,0,0,new,,paid,completed
2025-10-18,12:00:00,Kate Rose Rodriguez,PACKAGE A,,LE NAILS,0,0,0,new,,paid,completed
2025-10-18,12:00:00,Kate Rose Rodriguez,REGULAR POLISH,,LE NAILS,0,0,0,new,,paid,completed
2025-10-19,12:00:00,Jodie Maclang,SWEDISH,,SABBATH,600,0,600,new,,paid,completed
2025-10-19,12:00:00,Jose Djairus Martinez,SWEDISH,,SABBATH,600,0,600,new,,paid,completed
2025-10-19,12:00:00,Gilbert Gatchalian,SABBATH SIGNATURE,,SABBATH,1000,0,1000,new,,paid,completed
2025-10-19,12:00:00,Mildred Gatchalian,SABBATH SIGNATURE,,SABBATH,1000,0,1000,new,,paid,completed
2025-10-19,12:00:00,Elizabeth Aguinaldo,SABBATH FOOT REFLEX,,SABBATH,600,0,600,new,,paid,completed
2025-10-19,12:00:00,Pamela Palmario,COMBINATION,,SABBATH,0,0,0,new,,paid,completed
2025-10-19,12:00:00,Pamela Palmario,ADDITIONAL 30 MINS,,SABBATH,300,0,300,new,,paid,completed
2025-10-19,12:00:00,Lyah Miguel,TRADITIONAL HILOT WITH VENTOSA,,SABBATH,1500,0,1500,new,,paid,completed
2025-10-19,12:00:00,Ella Pan,SWEDISH,,SABBATH,600,0,600,new,,paid,completed
2025-10-19,12:00:00,Eric Pan,SWEDISH,,SABBATH,600,0,600,new,,paid,completed
2025-10-19,12:00:00,Jessa Agustin,SWEDISH,,SABBATH,600,0,600,new,,paid,completed
2025-10-19,12:00:00,Joshua Vinta,SWEDISH,,SABBATH,600,0,600,new,,paid,completed
2025-10-19,12:00:00,Enzo Talavera,SWEDISH,,SABBATH,600,0,600,new,,paid,completed
2025-10-19,12:00:00,Jaime Talavera,SWEDISH,,SABBATH,600,0,600,new,,paid,completed
2025-10-19,12:00:00,Lance Talavera,SWEDISH,,SABBATH,600,0,600,new,,paid,completed
2025-10-19,12:00:00,Maria Talavera,SWEDISH,,SABBATH,600,0,600,new,,paid,completed
2025-10-19,12:00:00,Ryan Talusig,SABBATH SIGNATURE,,SABBATH,1000,0,1000,new,,paid,completed
2025-10-19,12:00:00,Aj Manalili,SABBATH SIGNATURE,,SABBATH,1000,0,1000,new,,paid,completed
2025-10-19,12:00:00,Abegail Aguilar,COMBINATION W/ HOT STONE,,SABBATH,0,0,0,new,,paid,completed
2025-10-19,12:00:00,Danilo Madriga Jr,COMBINATION W/ HOT STONE,,SABBATH,0,0,0,new,,paid,completed
2025-10-19,12:00:00,Ras Pan,SWEDISH,,SABBATH,600,0,600,new,,paid,completed
2025-10-19,12:00:00,Joni Pan,SWEDISH,,SABBATH,600,0,600,new,,paid,completed
2025-10-19,12:00:00,Lyah Miguel,PACKAGE C,,LE NAILS,0,0,0,new,,paid,completed
2025-10-19,12:00:00,Lyah Miguel,REGULAR POLISH,,LE NAILS,0,0,0,new,,paid,completed
2025-10-19,12:00:00,Anne Espiritu,SOFT GEL NAIL EXTENSION,,LE NAILS,800,0,800,new,,paid,completed
2025-10-19,12:00:00,Anne Espiritu,PEDICURE,,LE NAILS,200,0,200,new,,paid,completed
2025-10-19,12:00:00,Anne Espiritu,REGULAR POLISH,,LE NAILS,0,0,0,new,,paid,completed
2025-10-19,12:00:00,Anne Espiritu,REGULAR POLISH,,LE NAILS,0,0,0,new,,paid,completed
2025-10-19,12:00:00,Anne Espiritu,REGULAR POLISH,,LE NAILS,0,0,0,new,,paid,completed
2025-10-20,12:00:00,Crom Nual,SABBATH PACKAGE 1,,SABBATH,2000,0,2000,new,,paid,completed
2025-10-20,12:00:00,Mark Nual,SABBATH PACKAGE 1,,SABBATH,2000,0,2000,new,,paid,completed
2025-10-20,12:00:00,Candy Manzano,COMBINATION,,SABBATH,0,0,0,new,,paid,completed
2025-10-20,12:00:00,Candy Manzano,COMBINATION,,SABBATH,0,0,0,new,,paid,completed
2025-10-20,12:00:00,Manuel Manzano,SABBATH SIGNATURE,,SABBATH,1000,0,1000,new,,paid,completed
2025-10-20,12:00:00,Manuel Manzano,ADDITIONAL 30 MINS,,SABBATH,300,0,300,new,,paid,completed
2025-10-20,12:00:00,Thess Estrella,COMBINATION,,SABBATH,0,0,0,new,,paid,completed
2025-10-20,12:00:00,Roscel Perez,COMBINATION,,SABBATH,0,0,0,new,,paid,completed
2025-10-20,12:00:00,Anthony Azucena,COMBINATION,,SABBATH,0,0,0,new,,paid,completed
2025-10-20,12:00:00,Kryptie Ramada,SWEDISH,,SABBATH,600,0,600,new,,paid,completed
2025-10-20,12:00:00,Kryptie Ramada,ADDITIONAL 30 MINS,,SABBATH,300,0,300,new,,paid,completed
2025-10-20,12:00:00,John Paul Joshua Baluyot,SWEDISH,,SABBATH,600,0,600,new,,paid,completed
2025-10-20,12:00:00,John Paul Joshua Baluyot,ADDITIONAL 30 MINS,,SABBATH,300,0,300,new,,paid,completed
2025-10-20,12:00:00,Lissa Ilano,SWEDISH,,SABBATH,600,0,600,new,,paid,completed
2025-10-20,12:00:00,Lissa Ilano,ADDITIONAL 30 MINS,,SABBATH,300,0,300,new,,paid,completed
2025-10-20,12:00:00,Reggie Ilano,SWEDISH,,SABBATH,600,0,600,new,,paid,completed
2025-10-20,12:00:00,Reggie Ilano,ADDITIONAL 30 MINS,,SABBATH,300,0,300,new,,paid,completed
2025-10-20,12:00:00,Roxan Conquilla,SWEDISH,,SABBATH,600,0,600,new,,paid,completed
2025-10-20,12:00:00,Alfred Bernardino,SWEDISH,,SABBATH,600,0,600,new,,paid,completed
2025-10-20,12:00:00,Hannah Leoncio,SWEDISH,,SABBATH,600,0,600,new,,paid,completed
2025-10-21,12:00:00,Maylissa Jill Jayme,SWEDISH,,SABBATH,600,0,600,new,,paid,completed
2025-10-21,12:00:00,Juliet Salamat,SWEDISH,,SABBATH,600,0,600,new,,paid,completed
2025-10-21,12:00:00,James Kenneth Calalang,SABBATH SIGNATURE,,SABBATH,1000,0,1000,new,,paid,completed
2025-10-21,12:00:00,Danielle Gwen Gatchalian,SABBATH SIGNATURE,,SABBATH,1000,0,1000,new,,paid,completed
2025-10-21,12:00:00,Leah Victoria,COMBINATION,,SABBATH,0,0,0,new,,paid,completed
2025-10-21,12:00:00,Joel Victoria,COMBINATION,,SABBATH,0,0,0,new,,paid,completed
2025-10-21,12:00:00,Joy Borlongan,SABBATH FOOT REFLEX,,SABBATH,600,0,600,new,,paid,completed
2025-10-21,12:00:00,Lorraine Ocopon,SABBATH FOOT REFLEX,,SABBATH,600,0,600,new,,paid,completed
2025-10-21,12:00:00,Gynie Buenaventura,SABBATH FOOT REFLEX,,SABBATH,600,0,600,new,,paid,completed
2025-10-21,12:00:00,Christian Bryan Mendoza,SABBATH SIGNATURE,,SABBATH,1000,0,1000,new,,paid,completed
2025-10-21,12:00:00,Carlo Martinez,SABBATH PACKAGE 1,,SABBATH,2000,0,2000,new,,paid,completed
2025-10-21,12:00:00,Kathleen Joyce Aga,SABBATH PACKAGE 1,,SABBATH,2000,0,2000,new,,paid,completed
2025-10-21,12:00:00,Krissy Paraiso,SWEDISH,,SABBATH,600,0,600,new,,paid,completed
2025-10-21,12:00:00,Suzette Paraiso,SWEDISH,,SABBATH,600,0,600,new,,paid,completed
2025-10-21,12:00:00,Marvin Paraiso,SWEDISH,,SABBATH,600,0,600,new,,paid,completed
2025-10-21,12:00:00,Mark taroz,COMBINATION,,SABBATH,0,0,0,new,,paid,completed
2025-10-21,12:00:00,Mark taroz,ADDITIONAL 30 MINS,,SABBATH,300,0,300,new,,paid,completed
2025-10-21,12:00:00,Rogelio Barrantos,COMBINATION,,SABBATH,0,0,0,new,,paid,completed
2025-10-21,12:00:00,Atty Trish,SABBATH SIGNATURE,,SABBATH,1000,1000,0,new,,paid,completed
2025-10-21,12:00:00,Marilou Miranda,SWEDISH,,SABBATH,600,0,600,new,,paid,completed
2025-10-21,12:00:00,Manuel Miranda,SWEDISH,,SABBATH,600,0,600,new,,paid,completed
2025-10-21,12:00:00,Christel Pangan,SWEDISH,,SABBATH,600,600,0,new,,paid,completed
2025-10-22,12:00:00,Raffy Dikitanan,TRADITIONAL HILOT WITH VENTOSA,,SABBATH,1500,0,1500,new,,paid,completed
2025-10-22,12:00:00,Farrah Mines,COMBINATION,,SABBATH,0,0,0,new,,paid,completed
2025-10-22,12:00:00,Gordon Mines,COMBINATION,,SABBATH,0,0,0,new,,paid,completed
2025-10-22,12:00:00,Raphael Vistan,COMBINATION W/ HOT STONE,,SABBATH,0,0,0,new,,paid,completed
2025-10-22,12:00:00,Aila Gomez,COMBINATION W/ HOT STONE,,SABBATH,0,0,0,new,,paid,completed
2025-10-22,12:00:00,Glen Diaz,COMBINATION,,SABBATH,0,0,0,new,,paid,completed
2025-10-22,12:00:00,Patrick Potenciano,SWEDISH,,SABBATH,600,0,600,new,,paid,completed
2025-10-22,12:00:00,Christel Pangan,SWEDISH,,SABBATH,600,600,0,new,Platinum,paid,completed
2025-10-22,12:00:00,Gordon Mines,PACKAGE A,,LE NAILS,0,0,0,new,,paid,completed
2025-10-22,12:00:00,Farrah Mines,PACKAGE F,,LE NAILS,1250,0,1250,new,,paid,completed
2025-10-22,12:00:00,Sheryl Dela Cruz,MANIGEL ORLY,,LE NAILS,600,0,600,new,,paid,completed
2025-10-22,12:00:00,Sheryl Dela Cruz,PEDIGEL ORLY,,LE NAILS,700,0,700,new,,paid,completed
2025-10-22,12:00:00,Raffy Dikitanan,PACKAGE A,,LE NAILS,0,0,0,new,,paid,completed
2025-10-23,12:00:00,Antonio De Guzman,SWEDISH,,SABBATH,600,0,600,new,,paid,completed
2025-10-23,12:00:00,Daisy De Guzman,SWEDISH,,SABBATH,600,0,600,new,,paid,completed
2025-10-23,12:00:00,Armida Penaverde,SWEDISH,,SABBATH,600,0,600,new,,paid,completed
2025-10-23,12:00:00,Arman Aquino,SWEDISH,,SABBATH,600,0,600,new,,paid,completed
2025-10-23,12:00:00,Angelo Aquino,SWEDISH,,SABBATH,600,0,600,new,,paid,completed
2025-10-23,12:00:00,Noriene Falsario,SWEDISH,,SABBATH,600,0,600,new,,paid,completed
2025-10-23,12:00:00,Khaye Canlas,COMBINATION,,SABBATH,0,0,0,new,,paid,completed
2025-10-23,12:00:00,Rochelle Ann Escartin,"SABBATH SIGNATURE FOOT, HEAD, NECK & SHOULDER",,SABBATH,750,0,750,new,,paid,completed
2025-10-23,12:00:00,Juan Manuel Garcia,SABBATH SIGNATURE,,SABBATH,1000,0,1000,new,,paid,completed
2025-10-23,12:00:00,Marielle Domingo,SABBATH SIGNATURE,,SABBATH,1000,0,1000,new,,paid,completed
2025-10-23,12:00:00,Rochelle Ann Escartin,MANICURE,,LE NAILS,150,0,150,new,,paid,completed
2025-10-23,12:00:00,Rochelle Ann Escartin,PEDICURE,,LE NAILS,200,0,200,new,,paid,completed
2025-10-23,12:00:00,Armida Penaverde,PACKAGE F,,LE NAILS,1250,0,1250,new,,paid,completed
2025-10-23,12:00:00,Armida Penaverde,Rhinestones,,LE NAILS,100,0,100,new,,paid,completed
2025-10-23,12:00:00,Armida Penaverde,Rhinestones,,LE NAILS,100,0,100,new,,paid,completed
2025-10-23,12:00:00,Armida Penaverde,Rhinestones,,LE NAILS,100,0,100,new,,paid,completed
2025-10-23,12:00:00,Armida Penaverde,Gel Polish,,LE NAILS,100,0,100,new,,paid,completed
2025-10-23,12:00:00,Armida Penaverde,Gel Polish,,LE NAILS,100,0,100,new,,paid,completed
2025-10-23,12:00:00,Armida Penaverde,MANICURE,,LE NAILS,150,0,150,new,,paid,completed
2025-10-23,12:00:00,Armida Penaverde,MANICURE,,LE NAILS,150,0,150,new,,paid,completed
2025-10-23,12:00:00,Armida Penaverde,PEDICURE,,LE NAILS,200,0,200,new,,paid,completed
2025-10-23,12:00:00,Armida Penaverde,PEDICURE,,LE NAILS,200,0,200,new,,paid,completed
2025-10-23,12:00:00,Armida Penaverde,PACKAGE C,,LE NAILS,0,0,0,new,,paid,completed
2025-10-23,12:00:00,Armida Penaverde,PACKAGE C,,LE NAILS,0,0,0,new,,paid,completed
2025-10-23,12:00:00,Armida Penaverde,PACKAGE C,,LE NAILS,0,0,0,new,,paid,completed
2025-10-23,12:00:00,Armida Penaverde,PACKAGE C,,LE NAILS,0,0,0,new,,paid,completed
2025-10-23,12:00:00,Armida Penaverde,PACKAGE A,,LE NAILS,0,0,0,new,,paid,completed
2025-10-23,12:00:00,Armida Penaverde,PACKAGE F,,LE NAILS,1250,0,1250,new,,paid,completed
2025-10-23,12:00:00,Armida Penaverde,PACKAGE F,,LE NAILS,1250,0,1250,new,,paid,completed
2025-10-23,12:00:00,Armida Penaverde,PACKAGE F,,LE NAILS,1250,0,1250,new,,paid,completed
2025-10-23,12:00:00,Armida Penaverde,MANICURE,,LE NAILS,150,0,150,new,,paid,completed
2025-10-23,12:00:00,Armida Penaverde,PEDICURE,,LE NAILS,200,0,200,new,,paid,completed
2025-10-23,12:00:00,Clarisse Sandiego,UNDERARMS FEMALE,,LE NAILS,0,0,0,new,,paid,completed
2025-10-24,12:00:00,Engr CJ Caluag,SWEDISH,,SABBATH,600,600,0,new,,paid,completed
2025-10-24,12:00:00,Mark Domingo,"SABBATH SIGNATURE FOOT, HEAD, NECK & SHOULDER",,SABBATH,750,0,750,new,,paid,completed
2025-10-24,12:00:00,Jane Domingo,COMBINATION,,SABBATH,0,0,0,new,,paid,completed
2025-10-24,12:00:00,Maricel Lagman,SWEDISH,,SABBATH,600,0,600,new,,paid,completed
2025-10-24,12:00:00,Ryan Lagman,SWEDISH,,SABBATH,600,0,600,new,,paid,completed
2025-10-24,12:00:00,Mario Reyes,SWEDISH,,SABBATH,600,600,0,new,,paid,completed
2025-10-24,12:00:00,Josephine Reyes,SABBATH SIGNATURE,,SABBATH,1000,0,1000,new,,paid,completed
2025-10-24,12:00:00,Victoria Santos,SABBATH SIGNATURE,,SABBATH,1000,0,1000,new,,paid,completed
2025-10-24,12:00:00,Sir Ian,SWEDISH,,SABBATH,600,600,0,new,,paid,completed
2025-10-24,12:00:00,Ma'am Gia,SWEDISH,,SABBATH,600,0,600,new,,paid,completed
2025-10-24,12:00:00,Gella Jane Serenilla,SABBATH SIGNATURE,,SABBATH,1000,0,1000,new,,paid,completed
2025-10-24,12:00:00,Mark Daniel Serenilla,COMBINATION W/ HOT STONE,,SABBATH,0,0,0,new,,paid,completed
2025-10-24,12:00:00,Joel Serenilla,COMBINATION W/ HOT STONE,,SABBATH,0,0,0,new,,paid,completed
2025-10-24,12:00:00,Jea Dungo,AROMATHERAPY OIL WITH HERBAL BALL,,SABBATH,1000,0,1000,new,,paid,completed
2025-10-24,12:00:00,Christel Pangan,SWEDISH,,SABBATH,600,600,0,new,,paid,completed
2025-10-24,12:00:00,Aimee Bautista,SWEDISH,,SABBATH,600,0,600,new,,paid,completed
2025-10-24,12:00:00,Engr CJ Caluag,SOFT GEL NAIL EXTENSION,,LE NAILS,800,0,800,new,,paid,completed
2025-10-24,12:00:00,Engr CJ Caluag,Gel Polish,,LE NAILS,100,0,100,new,,paid,completed
2025-10-24,12:00:00,Aimee Bautista,MANIGEL ORLY,,LE NAILS,600,0,600,new,,paid,completed
2025-10-24,12:00:00,Aimee Bautista,PEDICURE,,LE NAILS,200,0,200,new,,paid,completed
2025-10-24,12:00:00,Aimee Bautista,REGULAR POLISH,,LE NAILS,0,0,0,new,,paid,completed
2025-10-25,12:00:00,Abby Boylos,SABBATH SIGNATURE,,SABBATH,1000,0,1000,new,,paid,completed
2025-10-25,12:00:00,Treb Paule,SABBATH SIGNATURE,,SABBATH,1000,0,1000,new,,paid,completed
2025-10-25,12:00:00,Charlie Herrera,COMBINATION,,SABBATH,0,0,0,new,,paid,completed
2025-10-25,12:00:00,Joedilyn Herrera,COMBINATION,,SABBATH,0,0,0,new,,paid,completed
2025-10-25,12:00:00,Caleb Herrera,GROWTH,,SABBATH,500,0,500,new,,paid,completed
2025-10-25,12:00:00,Pastor Erick,SABBATH FOOT REFLEX,,SABBATH,600,0,600,new,,paid,completed
2025-10-25,12:00:00,Pastor Erick,ADDITIONAL 30 MINS,,SABBATH,300,0,300,new,,paid,completed
2025-10-25,12:00:00,Ma'am Gia,SABBATH FOOT REFLEX,,SABBATH,600,0,600,new,,paid,completed
2025-10-25,12:00:00,Ma'am Gia,ADDITIONAL 30 MINS,,SABBATH,300,0,300,new,,paid,completed
2025-10-25,12:00:00,Ann Faji,COMBINATION,,SABBATH,0,0,0,new,,paid,completed
2025-10-25,12:00:00,Ted Faji,COMBINATION,,SABBATH,0,0,0,new,,paid,completed
2025-10-25,12:00:00,Jermaine Ruzzel Calayag,SWEDISH,,SABBATH,600,0,600,new,,paid,completed
2025-10-25,12:00:00,Janeila Revellame,SWEDISH,,SABBATH,600,0,600,new,,paid,completed
2025-10-25,12:00:00,Khalid Maundo Omar,GROWTH,,SABBATH,500,0,500,new,,paid,completed
2025-10-25,12:00:00,Candy Mundo,SABBATH SIGNATURE,,SABBATH,1000,0,1000,new,,paid,completed
2025-10-25,12:00:00,Candy Mundo,ADDITIONAL 30 MINS,,SABBATH,300,0,300,new,,paid,completed
2025-10-25,12:00:00,L.A Dollete,SWEDISH,,SABBATH,600,0,600,new,,paid,completed
2025-10-25,12:00:00,Bernadette Calonzo,COMBINATION,,SABBATH,0,0,0,new,,paid,completed
2025-10-25,12:00:00,Pawa Nunez,SWEDISH,,SABBATH,600,0,600,new,,paid,completed
2025-10-25,12:00:00,Mark Anthony,COMBINATION,,SABBATH,0,0,0,new,,paid,completed
2025-10-25,12:00:00,Treb Paule,PACKAGE A,,LE NAILS,0,0,0,new,,paid,completed
2025-10-25,12:00:00,Abby Boylos,PACKAGE A,,LE NAILS,0,0,0,new,,paid,completed
2025-10-25,12:00:00,Ma'am Gia,PACKAGE A,,LE NAILS,0,0,0,new,,paid,completed
2025-10-26,12:00:00,Carlito Cruz,COMBINATION,,SABBATH,0,0,0,new,,paid,completed
2025-10-26,12:00:00,Carina Mae Pagtalunan,COMBINATION,,SABBATH,0,0,0,new,,paid,completed
2025-10-26,12:00:00,Jovita Palamine,SWEDISH,,SABBATH,600,0,600,new,,paid,completed
2025-10-26,12:00:00,Princess Ericka Calanap,SWEDISH,,SABBATH,600,0,600,new,,paid,completed
2025-10-26,12:00:00,Vince Jonathan Palamine,SWEDISH,,SABBATH,600,0,600,new,,paid,completed
2025-10-26,12:00:00,Aprilyn Palamine,SWEDISH,,SABBATH,600,0,600,new,,paid,completed
2025-10-26,12:00:00,Jeanne Padilla,GROWTH,,SABBATH,500,0,500,new,,paid,completed
2025-10-26,12:00:00,Kim Quetua,COMBINATION,,SABBATH,0,0,0,new,,paid,completed
2025-10-26,12:00:00,Leigh Quetua,SWEDISH,,SABBATH,600,600,0,new,,paid,completed
2025-10-26,12:00:00,Claudine Dela Cruz,TRADITIONAL HILOT WITH VENTOSA,,SABBATH,1500,0,1500,new,,paid,completed
2025-10-26,12:00:00,Raymond Dela Cruz,SWEDISH,,SABBATH,600,0,600,new,,paid,completed
2025-10-26,12:00:00,Sheila Mae Geronimo,COMBINATION W/ HOT STONE,,SABBATH,0,0,0,new,,paid,completed
2025-10-26,12:00:00,Patricia Mae Vitug,TRADITIONAL HILOT WITH VENTOSA,,SABBATH,1500,0,1500,new,,paid,completed
2025-10-26,12:00:00,Euzelle Ann Milar,TRADITIONAL HILOT WITH VENTOSA,,SABBATH,1500,0,1500,new,,paid,completed
2025-10-26,12:00:00,Trevor Tyson,COMBINATION,,SABBATH,0,0,0,new,,paid,completed
2025-10-26,12:00:00,John Tyson,SABBATH FOOT REFLEX,,SABBATH,600,0,600,new,,paid,completed
2025-10-26,12:00:00,Valinda Tyson,COMBINATION,,SABBATH,0,0,0,new,,paid,completed
2025-10-26,12:00:00,Victoria Tyson,SWEDISH,,SABBATH,600,0,600,new,,paid,completed
2025-10-26,12:00:00,Trey Tyson,COMBINATION,,SABBATH,0,0,0,new,,paid,completed
2025-10-26,12:00:00,Vivian Siccuan,TRADITIONAL HILOT WITH VENTOSA,,SABBATH,1500,0,1500,new,,paid,completed
2025-10-26,12:00:00,Jordan Siccuan,COMBINATION,,SABBATH,0,0,0,new,,paid,completed
2025-10-26,12:00:00,Christian Marc Pulumbarit,SWEDISH,,SABBATH,600,0,600,new,,paid,completed
2025-10-26,12:00:00,Leonisa Pulumbarit,SWEDISH,,SABBATH,600,0,600,new,,paid,completed
2025-10-26,12:00:00,Danilo Pulumbarit,SWEDISH,,SABBATH,600,0,600,new,,paid,completed
2025-10-26,12:00:00,Rose Balatbat,SWEDISH,,SABBATH,600,0,600,new,,paid,completed
2025-10-26,12:00:00,Arcee Balatbat,SWEDISH,,SABBATH,600,0,600,new,,paid,completed
2025-10-26,12:00:00,Achilles Balatbat,SWEDISH,,SABBATH,600,0,600,new,,paid,completed
2025-10-26,12:00:00,Hannah Leoncio,SWEDISH,,SABBATH,600,0,600,new,,paid,completed
2025-10-26,12:00:00,Christel Pangan,SWEDISH,,SABBATH,600,600,0,new,,paid,completed
2025-10-26,12:00:00,Ivan Bautista,COMBINATION W/ HOT STONE,,SABBATH,0,0,0,new,,paid,completed
2025-10-26,12:00:00,Chloe Magrin,COMBINATION W/ HOT STONE,,SABBATH,0,0,0,new,,paid,completed
2025-10-26,12:00:00,Ana Grace Solana,MANICURE,,LE NAILS,150,0,150,new,,paid,completed
2025-10-26,12:00:00,Ana Grace Solana,MANICURE,,LE NAILS,150,0,150,new,,paid,completed
2025-10-26,12:00:00,Ana Grace Solana,PEDICURE,,LE NAILS,200,0,200,new,,paid,completed
2025-10-26,12:00:00,Ana Grace Solana,PEDICURE,,LE NAILS,200,0,200,new,,paid,completed
2025-10-26,12:00:00,Ana Grace Solana,SOFT GEL NAIL EXTENSION,,LE NAILS,800,0,800,new,,paid,completed
2025-10-26,12:00:00,Leonisa Pulumbarit,MANICURE,,LE NAILS,150,0,150,new,,paid,completed
2025-10-26,12:00:00,Leonisa Pulumbarit,PEDICURE,,LE NAILS,200,0,200,new,,paid,completed
2025-10-26,12:00:00,Leonisa Pulumbarit,PEDICURE,,LE NAILS,200,0,200,new,,paid,completed
2025-10-26,12:00:00,Leonisa Pulumbarit,REGULAR POLISH,,LE NAILS,0,0,0,new,,paid,completed
2025-10-27,12:00:00,Merlie Dela Cruz,Sabbath w/ Herbal Balls,,SABBATH,1500,0,1500,new,,paid,completed
2025-10-27,12:00:00,Jeanne Zinggapan,Sabbath w/ Herbal Balls,,SABBATH,1500,0,1500,new,,paid,completed
2025-10-27,12:00:00,Nino Suzarra,COMBINATION,,SABBATH,0,0,0,new,,paid,completed
2025-10-27,12:00:00,Nino Suzarra,ADDITIONAL 30 MINS,,SABBATH,300,0,300,new,,paid,completed
2025-10-27,12:00:00,Grace Suzara,COMBINATION,,SABBATH,0,0,0,new,,paid,completed
2025-10-27,12:00:00,Grace Suzara,ADDITIONAL 30 MINS,,SABBATH,300,0,300,new,,paid,completed
2025-10-27,12:00:00,Evelyn Ablola,TRADITIONAL HILOT WITH VENTOSA,,SABBATH,1500,0,1500,new,,paid,completed
2025-10-27,12:00:00,Marvin Manalaysay,COMBINATION,,SABBATH,0,0,0,new,,paid,completed
2025-10-27,12:00:00,Ali sol Cruz,COMBINATION,,SABBATH,0,0,0,new,,paid,completed
2025-10-27,12:00:00,Paulo Cruz,COMBINATION,,SABBATH,0,0,0,new,,paid,completed
2025-10-27,12:00:00,Nick Penaflor,SLIMMING MASSAGE,,SABBATH,0,0,0,new,,paid,completed
2025-10-27,12:00:00,Lyn Borlongan,SLIMMING MASSAGE,,SABBATH,0,0,0,new,,paid,completed
2025-10-27,12:00:00,Pastor Melvin,SABBATH FOOT REFLEX,,SABBATH,600,0,600,new,,paid,completed
2025-10-27,12:00:00,Joji Chin,SABBATH FOOT REFLEX,,SABBATH,600,0,600,new,,paid,completed
2025-10-28,12:00:00,Dennis Garcia,SABBATH PACKAGE 1,,SABBATH,2000,0,2000,new,,paid,completed
2025-10-28,12:00:00,Juwelyn Garcia,SABBATH PACKAGE 1,,SABBATH,2000,0,2000,new,,paid,completed
2025-10-28,12:00:00,Catherine Sta Ana,COMBINATION,,SABBATH,0,0,0,new,,paid,completed
2025-10-28,12:00:00,Sherwin Sta Ana,COMBINATION,,SABBATH,0,0,0,new,,paid,completed
2025-10-28,12:00:00,Sally Fiel,COMBINATION,,SABBATH,0,0,0,new,,paid,completed
2025-10-28,12:00:00,Eugene Fiel,COMBINATION,,SABBATH,0,0,0,new,,paid,completed
2025-10-28,12:00:00,Aubrey Baclig,COMBINATION,,SABBATH,0,0,0,new,,paid,completed
2025-10-28,12:00:00,Christel Pangan,SWEDISH,,SABBATH,600,600,0,new,,paid,completed
2025-10-28,12:00:00,Jude Jamero,COMBINATION,,SABBATH,0,0,0,new,,paid,completed
2025-10-28,12:00:00,Edzel Chris Bartolaba,SWEDISH,,SABBATH,600,0,600,new,,paid,completed
2025-10-28,12:00:00,Radie De Regala,SABBATH FOOT REFLEX,,SABBATH,600,120,480,new,,paid,completed
2025-10-28,12:00:00,Radie De Regala,SWEDISH,,SABBATH,600,120,480,new,,paid,completed
2025-10-28,12:00:00,MC Reyes,COMBINATION,,SABBATH,0,0,0,new,,paid,completed
2025-10-29,12:00:00,Iya Alshagari,SWEDISH,,SABBATH,600,0,600,new,,paid,completed
2025-10-29,12:00:00,Abdulatif Alshagari,COMBINATION,,SABBATH,0,0,0,new,,paid,completed
2025-10-29,12:00:00,Camille Cruz,SABBATH SIGNATURE,,SABBATH,1000,0,1000,new,,paid,completed
2025-10-29,12:00:00,Princess Chin,COMBINATION W/ HOT STONE,,SABBATH,0,0,0,new,,paid,completed
2025-10-29,12:00:00,Charm Arellano,SWEDISH,,SABBATH,600,0,600,new,,paid,completed
2025-10-29,12:00:00,Christian Bryan Mendoza,TRADITIONAL HILOT WITH VENTOSA,,SABBATH,1500,0,1500,new,,paid,completed
2025-10-29,12:00:00,Lesley Pujante,COMBINATION,,SABBATH,0,0,0,new,,paid,completed
2025-10-29,12:00:00,Lesley Pujante,ADDITIONAL 30 MINS,,SABBATH,300,0,300,new,,paid,completed
2025-10-29,12:00:00,Alvin Pujante,COMBINATION,,SABBATH,0,0,0,new,,paid,completed
2025-10-29,12:00:00,Alvin Pujante,ADDITIONAL 30 MINS,,SABBATH,300,0,300,new,,paid,completed
2025-10-29,12:00:00,Arch Pangan,SABBATH SIGNATURE,,SABBATH,1000,0,1000,new,,paid,completed
2025-10-29,12:00:00,Christel Pangan,SWEDISH,,SABBATH,600,600,0,new,,paid,completed
2025-10-29,12:00:00,JD Gumba,PEDICURE,,LE NAILS,200,0,200,new,,paid,completed
2025-10-29,12:00:00,JD Gumba,PEDICURE,,LE NAILS,200,0,200,new,,paid,completed
2025-10-29,12:00:00,Charm Arellano,SOFT GEL NAIL EXTENSION,,LE NAILS,800,0,800,new,,paid,completed
2025-10-30,12:00:00,Fincee Santos,COMBINATION,,SABBATH,0,0,0,new,,paid,completed
2025-10-30,12:00:00,Fime Santos,COMBINATION,,SABBATH,0,0,0,new,,paid,completed
2025-10-30,12:00:00,Sheryl Degala,SABBATH SIGNATURE,,SABBATH,1000,0,1000,new,,paid,completed
2025-10-30,12:00:00,Juvic Degala,SABBATH SIGNATURE,,SABBATH,1000,0,1000,new,,paid,completed
2025-10-30,12:00:00,Santiago Degala,COMBINATION,,SABBATH,0,0,0,new,,paid,completed
2025-10-30,12:00:00,Joel Martinez,COMBINATION,,SABBATH,0,0,0,new,,paid,completed
2025-10-30,12:00:00,JobelMallo,COMBINATION,,SABBATH,0,0,0,new,,paid,completed
2025-10-30,12:00:00,JobelMallo,ADDITIONAL 30 MINS,,SABBATH,300,0,300,new,,paid,completed
2025-10-30,12:00:00,Josephine Reyes,COMBINATION,,SABBATH,0,0,0,new,,paid,completed
2025-10-30,12:00:00,Josephine Reyes,ADDITIONAL 30 MINS,,SABBATH,300,0,300,new,,paid,completed
2025-10-30,12:00:00,Mario Reyes,SWEDISH,,SABBATH,600,600,0,new,,paid,completed
2025-10-30,12:00:00,John Almacel,COMBINATION,,SABBATH,0,0,0,new,,paid,completed
2025-10-30,12:00:00,Jenny Almacel,COMBINATION,,SABBATH,0,0,0,new,,paid,completed
2025-10-30,12:00:00,Arvin Harina,SABBATH SIGNATURE,,SABBATH,1000,0,1000,new,,paid,completed
2025-10-30,12:00:00,Rhenn Harina,SABBATH SIGNATURE,,SABBATH,1000,0,1000,new,,paid,completed
2025-10-30,12:00:00,Lea Manaysay,SWEDISH,,SABBATH,600,0,600,new,,paid,completed
2025-10-30,12:00:00,Lenie Mendoza,SWEDISH,,SABBATH,600,0,600,new,,paid,completed
2025-10-30,12:00:00,Liezel Sayo,SWEDISH,,SABBATH,600,0,600,new,,paid,completed
2025-10-30,12:00:00,Ma'am Gia,SABBATH FOOT REFLEX,,SABBATH,600,0,600,new,,paid,completed
2025-10-30,12:00:00,Ma'am Gia,ADDITIONAL 30 MINS,,SABBATH,300,0,300,new,,paid,completed
2025-10-30,12:00:00,Pastor Erick,SABBATH FOOT REFLEX,,SABBATH,600,0,600,new,,paid,completed
2025-10-30,12:00:00,Pastor Erick,ADDITIONAL 30 MINS,,SABBATH,300,0,300,new,,paid,completed
2025-10-30,12:00:00,Ma'am Gabbi,SWEDISH,,SABBATH,600,0,600,new,,paid,completed
2025-10-30,12:00:00,Ma'am Gabbi,ADDITIONAL 30 MINS,,SABBATH,300,0,300,new,,paid,completed
2025-10-30,12:00:00,Ma'am Trish,COMBINATION,,SABBATH,0,0,0,new,,paid,completed
2025-10-31,12:00:00,Kristel Aguilar,SABBATH PACKAGE 1,,SABBATH,2000,0,2000,new,,paid,completed
2025-10-31,12:00:00,Kethleen Aguilar,SABBATH PACKAGE 1,,SABBATH,2000,0,2000,new,,paid,completed
2025-10-31,12:00:00,Ma. Nelda Aguilar,SABBATH PACKAGE 1,,SABBATH,2000,0,2000,new,,paid,completed
2025-10-31,12:00:00,Ricca Parajinog,SABBATH PACKAGE 1,,SABBATH,2000,0,2000,new,,paid,completed
2025-10-31,12:00:00,Mauricio Centeno,COMBINATION,,SABBATH,0,0,0,new,,paid,completed
2025-10-31,12:00:00,Tine Dela Cruz,COMBINATION,,SABBATH,0,0,0,new,,paid,completed
2025-10-31,12:00:00,Jewel Dela Cruz,GROWTH,,SABBATH,500,0,500,new,,paid,completed
2025-10-31,12:00:00,Diana Baylon,SABBATH SIGNATURE,,SABBATH,1000,0,1000,new,,paid,completed
2025-10-31,12:00:00,Ronjae Leoncio,SABBATH SIGNATURE,,SABBATH,1000,0,1000,new,,paid,completed
2025-10-31,12:00:00,John Dale Gumba,"HEAD, BACK & SHOULDER",,SABBATH,400,0,400,new,,paid,completed
2025-10-31,12:00:00,Hendrick Manlulu,"HEAD, BACK & SHOULDER",,SABBATH,400,0,400,new,,paid,completed
2025-10-31,12:00:00,Kevin Dela Cruz,COMBINATION,,SABBATH,0,0,0,new,,paid,completed
2025-10-31,12:00:00,Lyka Vivas,COMBINATION,,SABBATH,0,0,0,new,,paid,completed
2025-10-31,12:00:00,Cecille Velasquez,SWEDISH,,SABBATH,600,0,600,new,,paid,completed
2025-10-31,12:00:00,Alma Bersalona,SWEDISH,,SABBATH,600,0,600,new,,paid,completed
2025-10-31,12:00:00,Alma Bersalona,ADDITIONAL 30 MINS,,SABBATH,300,0,300,new,,paid,completed
2025-10-31,12:00:00,Christel Pangan,SWEDISH,,SABBATH,600,600,0,new,,paid,completed
2025-10-31,12:00:00,Enrique Calalang,SWEDISH,,SABBATH,600,0,600,new,,paid,completed
2025-10-31,12:00:00,Enrique Calalang,ADDITIONAL 30 MINS,,SABBATH,300,0,300,new,,paid,completed
2025-10-31,12:00:00,Mark Joseph Barron,COMBINATION,,SABBATH,0,0,0,new,,paid,completed
2025-10-31,12:00:00,Mark Joseph Barron,ADDITIONAL 30 MINS,,SABBATH,300,0,300,new,,paid,completed
2025-10-31,12:00:00,Lin Caparas,SABBATH SIGNATURE,,SABBATH,1000,0,1000,new,,paid,completed
2025-10-31,12:00:00,Radie De Regala,SABBATH FOOT REFLEX,,SABBATH,600,0,600,new,,paid,completed
2025-10-31,12:00:00,Christine Magadila,SABBATH PACKAGE 1,,SABBATH,2000,0,2000,new,,paid,completed
2025-10-31,12:00:00,Ali Francisco,SABBATH PACKAGE 1,,SABBATH,2000,0,2000,new,,paid,completed
2025-10-31,12:00:00,Ruffy Yamzon,SWEDISH,,SABBATH,600,0,600,new,,paid,completed
2025-10-31,12:00:00,Beth Yamzon,SWEDISH,,SABBATH,600,0,600,new,,paid,completed
2025-10-31,12:00:00,Cecille Velasquez,MANICURE,,LE NAILS,150,0,150,new,,paid,completed
2025-10-31,12:00:00,Cecille Velasquez,PEDICURE,,LE NAILS,200,0,200,new,,paid,completed
2025-10-31,12:00:00,Cecille Velasquez,REGULAR POLISH,,LE NAILS,0,0,0,new,,paid,completed
2025-10-31,12:00:00,Cecille Velasquez,REGULAR POLISH,,LE NAILS,0,0,0,new,,paid,completed
2025-10-31,12:00:00,Christel Pangan,MANICURE,,LE NAILS,150,0,150,new,,paid,completed
2025-10-31,12:00:00,Lyka Vivas,MANICURE,,LE NAILS,150,0,150,new,,paid,completed
2025-10-31,12:00:00,Lyka Vivas,PEDICURE,,LE NAILS,200,0,200,new,,paid,completed
2025-10-31,12:00:00,Lyka Vivas,REGULAR POLISH,,LE NAILS,0,0,0,new,,paid,completed
2025-10-31,12:00:00,Lyka Vivas,REGULAR POLISH,,LE NAILS,0,0,0,new,,paid,completed
2025-10-31,12:00:00,Elissa Garcia,MANICURE,,LE NAILS,150,0,150,new,,paid,completed
2025-10-31,12:00:00,Elissa Garcia,PEDICURE,,LE NAILS,200,0,200,new,,paid,completed
2025-10-31,12:00:00,Elissa Garcia,REGULAR POLISH,,LE NAILS,0,0,0,new,,paid,completed
2025-10-31,12:00:00,Kevin Dela Cruz,PEDICURE,,LE NAILS,200,0,200,new,,paid,completed
2025-10-31,12:00:00,Kevin Dela Cruz,FOOT SPA,,LE NAILS,0,0,0,new,,paid,completed
2025-10-31,12:00:00,Rafel Tiongson,PEDICURE,,LE NAILS,200,0,200,new,,paid,completed
2025-10-31,12:00:00,Kristel Aguilar,Brazillian Wax,,LE NAILS,1000,0,1000,new,,paid,completed
2025-10-31,12:00:00,Kristel Aguilar,FOOT SPA,,LE NAILS,0,0,0,new,,paid,completed
2025-10-31,12:00:00,Kristel Aguilar,FOOT SPA,,LE NAILS,0,0,0,new,,paid,completed
2025-10-31,12:00:00,Kristel Aguilar,FOOT SPA,,LE NAILS,0,0,0,new,,paid,completed
2025-10-31,12:00:00,Kristel Aguilar,FOOT SPA,,LE NAILS,0,0,0,new,,paid,completed
2025-11-01,12:00:00,Carlito Cruz,COMBINATION W/ HOT STONE,,SABBATH,0,0,0,new,,paid,completed
2025-11-01,12:00:00,Carina Pagtalunan,COMBINATION W/ HOT STONE,,SABBATH,0,0,0,new,,paid,completed
2025-11-01,12:00:00,Marilyn Mendoza,SABBATH SIGNATURE,,SABBATH,1000,0,1000,new,,paid,completed
2025-11-01,12:00:00,Eduardo Mendoza,SABBATH SIGNATURE,,SABBATH,1000,0,1000,new,,paid,completed
2025-11-01,12:00:00,Sheryl Alonzo,SWEDISH,,SABBATH,600,0,600,new,,paid,completed
2025-11-01,12:00:00,Miguel Baylon,SABBATH FOOT REFLEX,,SABBATH,600,0,600,new,,paid,completed
2025-11-01,12:00:00,Ronjae Leoncio,TRADITIONAL HILOT WITH VENTOSA,,SABBATH,1500,0,1500,new,,paid,completed
2025-11-01,12:00:00,Paul Noel Perez,SABBATH SIGNATURE,,SABBATH,1000,0,1000,new,,paid,completed
2025-11-01,12:00:00,Marita Perez,SABBATH SIGNATURE,,SABBATH,1000,0,1000,new,,paid,completed
2025-11-01,12:00:00,Lissa Ilano,SWEDISH,,SABBATH,600,0,600,new,,paid,completed
2025-11-01,12:00:00,Lissa Ilano,SWEDISH,,SABBATH,600,0,600,new,,paid,completed
2025-11-01,12:00:00,Charm Griengo,SABBATH SIGNATURE,,SABBATH,1000,0,1000,new,,paid,completed
2025-11-01,12:00:00,Narida Griengo,SABBATH SIGNATURE,,SABBATH,1000,0,1000,new,,paid,completed
2025-11-01,12:00:00,Miguel Griengo,SWEDISH,,SABBATH,600,0,600,new,,paid,completed
2025-11-01,12:00:00,Adelaida Blas,SWEDISH,,SABBATH,600,0,600,new,,paid,completed
2025-11-01,12:00:00,Ruth Gantan,"SABBATH SIGNATURE FOOT, HEAD, NECK & SHOULDER",,SABBATH,750,0,750,new,,paid,completed
2025-11-01,12:00:00,Michelle Priz,TRADITIONAL HILOT WITH VENTOSA,,SABBATH,1500,0,1500,new,,paid,completed
2025-11-01,12:00:00,Lissa Ilano,PACKAGE F,,LE NAILS,1250,0,1250,new,,paid,completed
2025-11-04,12:00:00,Karla Marie Naguit,SLIMMING MASSAGE,,SABBATH,0,0,0,new,,paid,completed
2025-11-04,12:00:00,Karla Marie Naguit,BODY SCRUB,,SABBATH,0,0,0,new,,paid,completed
2025-11-04,12:00:00,Christel Pangan,SHIATSU,,SABBATH,0,0,0,new,,paid,completed
2025-11-04,12:00:00,Jeana Venturina,TRADITIONAL HILOT WITH VENTOSA,,SABBATH,1500,0,1500,new,,paid,completed
2025-11-04,12:00:00,Janvic Venturina,TRADITIONAL HILOT WITH VENTOSA,,SABBATH,1500,0,1500,new,,paid,completed
2025-11-04,12:00:00,Jeana Venturina,PACKAGE A,,SABBATH,0,0,0,new,,paid,completed
2025-11-04,12:00:00,Janvic Venturina,PACKAGE A,,SABBATH,0,0,0,new,,paid,completed
2025-11-05,12:00:00,Ma'am Vernie,SWEDISH,,SABBATH,600,0,600,new,,paid,completed
2025-11-05,12:00:00,Ma'am Vernie,ADDITIONAL 30 MINS,,SABBATH,300,0,300,new,,paid,completed
2025-11-05,12:00:00,Randy Ambito,COMBINATION,,SABBATH,0,0,0,new,,paid,completed
2025-11-05,12:00:00,Lilibeth Ambito,COMBINATION,,SABBATH,0,0,0,new,,paid,completed
2025-11-05,12:00:00,Emil Kalaw,SWEDISH,,SABBATH,600,0,600,new,,paid,completed
2025-11-05,12:00:00,Mark Aniag,COMBINATION,,SABBATH,0,0,0,new,,paid,completed
2025-11-05,12:00:00,Krys Aniag,SWEDISH,,SABBATH,600,0,600,new,,paid,completed
2025-11-05,12:00:00,Aira Benedictos,SWEDISH,,SABBATH,600,0,600,new,,paid,completed
2025-11-05,12:00:00,Lester Concepcion,SWEDISH,,SABBATH,600,0,600,new,,paid,completed
2025-11-05,12:00:00,Claudine Ramos,COMBINATION,,SABBATH,0,0,0,new,,paid,completed
2025-11-05,12:00:00,Reinier Ramos,COMBINATION,,SABBATH,0,0,0,new,,paid,completed
2025-11-05,12:00:00,Mary Ann Alfaro,COMBINATION W/ HOT STONE,,SABBATH,0,0,0,new,,paid,completed
2025-11-05,12:00:00,Sheryl Dela Cruz,COMBINATION,,SABBATH,0,0,0,new,,paid,completed
2025-11-05,12:00:00,Jade Jamero,SABBATH SIGNATURE,,SABBATH,1000,0,1000,new,,paid,completed
2025-11-05,12:00:00,Edzel Bartolaba,PACKAGE B,,LE NAILS,950,0,950,new,,paid,completed
2025-11-05,12:00:00,Edzel Bartolaba,FOOT SPA,,LE NAILS,0,0,0,new,,paid,completed
2025-11-05,12:00:00,Edzel Bartolaba,PEDICURE,,LE NAILS,200,0,200,new,,paid,completed
2025-11-05,12:00:00,Edzel Bartolaba,REGULAR POLISH,,LE NAILS,0,0,0,new,,paid,completed
2025-11-05,12:00:00,Mary Ann Alfaro,PACKAGE A,,LE NAILS,0,0,0,new,,paid,completed
2025-11-05,12:00:00,Mary Ann Alfaro,REGULAR POLISH,,LE NAILS,0,0,0,new,,paid,completed
2025-11-05,12:00:00,Mary Ann Alfaro,REGULAR POLISH,,LE NAILS,0,0,0,new,,paid,completed
2025-11-05,12:00:00,Vangie,MANICURE,,LE NAILS,150,0,150,new,,paid,completed
2025-11-05,12:00:00,Vangie,PEDICURE,,LE NAILS,200,0,200,new,,paid,completed
2025-11-05,12:00:00,Vangie,REGULAR POLISH,,LE NAILS,0,0,0,new,,paid,completed
2025-11-05,12:00:00,Vangie,REGULAR POLISH,,LE NAILS,0,0,0,new,,paid,completed
2025-11-06,12:00:00,Nadine Martinez,SABBATH PACKAGE 1,,SABBATH,2000,1200,800,new,,paid,completed
2025-11-06,12:00:00,Justine Lorenzo,SABBATH PACKAGE 1,,SABBATH,2000,0,2000,new,,paid,completed
2025-11-06,12:00:00,Rowena Tamayo,SWEDISH,,SABBATH,600,0,600,new,,paid,completed
2025-11-06,12:00:00,Rikki Tamayo,COMBINATION,,SABBATH,0,0,0,new,,paid,completed
2025-11-06,12:00:00,Marjorie Tamayo,COMBINATION,,SABBATH,0,0,0,new,,paid,completed
2025-11-06,12:00:00,Josh Rodriguez,SABBATH SIGNATURE,,SABBATH,1000,0,1000,new,,paid,completed
2025-11-06,12:00:00,Lara De Leon,SABBATH SIGNATURE,,SABBATH,1000,0,1000,new,,paid,completed
2025-11-06,12:00:00,Lara De Leon,COMBINATION,,SABBATH,0,0,0,new,,paid,completed
2025-11-06,12:00:00,Lara De Leon,ADDITIONAL 30 MINS,,SABBATH,300,0,300,new,,paid,completed
2025-11-06,12:00:00,Ashley Lopez,COMBINATION W/ HOT STONE,,SABBATH,0,0,0,new,,paid,completed
2025-11-06,12:00:00,Mae Bernardo,COMBINATION,,SABBATH,0,0,0,new,,paid,completed
2025-11-06,12:00:00,Mark Bernardo,COMBINATION,,SABBATH,0,0,0,new,,paid,completed
2025-11-06,12:00:00,Christel Pangan,SWEDISH,,SABBATH,600,600,0,new,,paid,completed
2025-11-06,12:00:00,Ian Susi,SABBATH SIGNATURE,,SABBATH,1000,0,1000,new,,paid,completed
2025-11-07,12:00:00,Jay Domingo,COMBINATION W/ HOT STONE,,SABBATH,0,0,0,new,,paid,completed
2025-11-07,12:00:00,Rex Marquez,COMBINATION,,SABBATH,0,0,0,new,,paid,completed
2025-11-07,12:00:00,Donna Domingo,COMBINATION W/ HOT STONE,,SABBATH,0,0,0,new,,paid,completed
2025-11-07,12:00:00,Mary Elaine Espela,SABBATH PACKAGE 1,,SABBATH,2000,0,2000,new,,paid,completed
2025-11-07,12:00:00,Yumi,SHIATSU,,SABBATH,0,0,0,new,,paid,completed
2025-11-07,12:00:00,Yumi,ADDITIONAL 30 MINS,,SABBATH,300,0,300,new,,paid,completed
2025-11-07,12:00:00,Cin Mercado,COMBINATION,,SABBATH,0,0,0,new,,paid,completed
2025-11-07,12:00:00,Benjamin Espiritu,COMBINATION,,SABBATH,0,0,0,new,,paid,completed
2025-11-07,12:00:00,Nino Bautista,GROWTH,,SABBATH,500,0,500,new,,paid,completed
2025-11-07,12:00:00,David Bautista,COMBINATION,,SABBATH,0,0,0,new,,paid,completed
2025-11-07,12:00:00,Regalado Gole,SWEDISH,,SABBATH,600,0,600,new,,paid,completed
2025-11-07,12:00:00,Shaira Gole,SABBATH SIGNATURE,,SABBATH,1000,0,1000,new,,paid,completed
2025-11-07,12:00:00,JP Magsakay,SWEDISH,,SABBATH,600,0,600,new,,paid,completed
2025-11-07,12:00:00,Chloe Magsakay,SWEDISH,,SABBATH,600,0,600,new,,paid,completed
2025-11-07,12:00:00,Mark Anthony Lodrigito,COMBINATION,,SABBATH,0,0,0,new,,paid,completed
2025-11-07,12:00:00,Mesezabel Obrador,SWEDISH,,SABBATH,600,0,600,new,,paid,completed
2025-11-07,12:00:00,Erin Obrador,SWEDISH,,SABBATH,600,0,600,new,,paid,completed
2025-11-07,12:00:00,Rogene Alave,SHIATSU,,SABBATH,0,0,0,new,,paid,completed
2025-11-07,12:00:00,Josa Kay Alave,SWEDISH,,SABBATH,600,0,600,new,,paid,completed
2025-11-07,12:00:00,Cassy Manahan,SABBATH SIGNATURE,,SABBATH,1000,0,1000,new,,paid,completed
2025-11-07,12:00:00,Ives Pantig,SABBATH SIGNATURE,,SABBATH,1000,0,1000,new,,paid,completed
2025-11-08,12:00:00,James Tan,SABBATH SIGNATURE,,SABBATH,1000,0,1000,new,,paid,completed
2025-11-08,12:00:00,Ruth Angelo,COMBINATION,,SABBATH,0,0,0,new,,paid,completed
2025-11-08,12:00:00,Ronald Angelo,COMBINATION,,SABBATH,0,0,0,new,,paid,completed
2025-11-08,12:00:00,Virgie Parra,SABBATH PACKAGE 1,,SABBATH,2000,0,2000,new,,paid,completed
2025-11-08,12:00:00,Ana Jimenez,SABBATH PACKAGE 1,,SABBATH,2000,0,2000,new,,paid,completed
2025-11-08,12:00:00,Micah Gole Romero,SABBATH SIGNATURE,,SABBATH,1000,0,1000,new,,paid,completed
2025-11-08,12:00:00,Shaira Gole,SWEDISH,,SABBATH,600,0,600,new,,paid,completed
2025-11-08,12:00:00,Ezra Joson,COMBINATION,,SABBATH,0,0,0,new,,paid,completed
2025-11-08,12:00:00,Clarence Moratal,COMBINATION,,SABBATH,0,0,0,new,,paid,completed
2025-11-08,12:00:00,Wowee Lim,SWEDISH,,SABBATH,600,0,600,new,,paid,completed
2025-11-08,12:00:00,Jaypee Lim,SWEDISH,,SABBATH,600,0,600,new,,paid,completed
2025-11-08,12:00:00,Toni Sunguad,TRADITIONAL HILOT WITH VENTOSA,,SABBATH,1500,0,1500,new,,paid,completed
2025-11-08,12:00:00,Shanne Coronel,COMBINATION W/ HOT STONE,,SABBATH,0,0,0,new,,paid,completed
2025-11-08,12:00:00,Shanne Coronel,ADDITIONAL 30 MINS,,SABBATH,300,0,300,new,,paid,completed
2025-11-08,12:00:00,Joshua Coronel,COMBINATION W/ HOT STONE,,SABBATH,0,0,0,new,,paid,completed
2025-11-08,12:00:00,Joshua Coronel,ADDITIONAL 30 MINS,,SABBATH,300,0,300,new,,paid,completed
2025-11-08,12:00:00,Wax Ramirez,SWEDISH,,SABBATH,600,0,600,new,,paid,completed
2025-11-08,12:00:00,Jing Ramirez,SWEDISH,,SABBATH,600,0,600,new,,paid,completed
2025-11-08,12:00:00,Beth Yamzon,SABBATH FOOT REFLEX,,SABBATH,600,0,600,new,,paid,completed
2025-11-08,12:00:00,Anne Endozo,SABBATH PACKAGE 1 w/ swedish,,SABBATH,0,0,0,new,,paid,completed
2025-11-08,12:00:00,Au Endozo,SABBATH PACKAGE 1 w/ swedish,,SABBATH,0,0,0,new,,paid,completed
2025-11-08,12:00:00,JD Gumba,"HEAD, BACK & SHOULDER",,SABBATH,400,0,400,new,,paid,completed
2025-11-08,12:00:00,Mitch Dejan,COMBINATION,,SABBATH,0,0,0,new,,paid,completed
2025-11-08,12:00:00,Pau De Leon,COMBINATION,,SABBATH,0,0,0,new,,paid,completed
2025-11-08,12:00:00,Marco Brand,SWEDISH,,SABBATH,600,0,600,new,,paid,completed
2025-11-08,12:00:00,Ana Brand,SWEDISH,,SABBATH,600,0,600,new,,paid,completed
2025-11-08,12:00:00,Fiona Marzan,SWEDISH,,SABBATH,600,0,600,new,,paid,completed
2025-11-08,12:00:00,Ma. Cristina Marzan,COMBINATION W/ HOT STONE,,SABBATH,0,0,0,new,,paid,completed
2025-11-08,12:00:00,Ma'am Hanna,COMBINATION,,SABBATH,0,0,0,new,,paid,completed
2025-11-08,12:00:00,Ma'am Gia,SWEDISH,,SABBATH,600,600,0,new,,paid,completed
2025-11-08,12:00:00,AJ Bernardo,"HEAD, BACK & SHOULDER",,SABBATH,0,0,0,new,,paid,completed
2025-11-08,12:00:00,Sofia Marzan,"HEAD, BACK & SHOULDER",,SABBATH,0,0,0,new,,paid,completed
2025-11-08,12:00:00,Daniel Gerald,"HEAD, BACK & SHOULDER",,SABBATH,0,0,0,new,,paid,completed
2025-11-08,12:00:00,Sheryl Alonzo,"HEAD, BACK & SHOULDER",,SABBATH,0,0,0,new,,paid,completed
2025-11-08,12:00:00,Anna Carpio,SABBATH SIGNATURE,,SABBATH,1000,0,1000,new,,paid,completed
2025-11-08,12:00:00,Anna Carpio,ADDITIONAL 30 MINS,,SABBATH,300,0,300,new,,paid,completed
2025-11-08,12:00:00,Johnson Carpio,SABBATH SIGNATURE,,SABBATH,1000,0,1000,new,,paid,completed
2025-11-08,12:00:00,Johnson Carpio,ADDITIONAL 30 MINS,,SABBATH,300,0,300,new,,paid,completed
2025-11-08,12:00:00,Kate Ramada,COMBINATION,,SABBATH,0,0,0,new,,paid,completed
2025-11-08,12:00:00,Felino Ignacio III,TRADITIONAL HILOT WITH VENTOSA,,SABBATH,1500,0,1500,new,,paid,completed
2025-11-08,12:00:00,Ma. Selina De Guzman,SWEDISH,,SABBATH,600,0,600,new,,paid,completed
2025-11-08,12:00:00,Ma'am Hanna,FULL BODY FEMALE,,SABBATH,1800,1800,0,new,,paid,completed
2025-11-08,12:00:00,Kai Lim,SHOWER,,SABBATH,200,0,200,new,,paid,completed
2025-11-08,12:00:00,Kai Lim,MANIGEL ORLY,,LE NAILS,600,0,600,new,,paid,completed
2025-11-08,12:00:00,Leonissa Machate,PACKAGE A,,LE NAILS,0,0,0,new,,paid,completed
2025-11-08,12:00:00,Leonissa Machate,PACKAGE C,,LE NAILS,0,0,0,new,,paid,completed
2025-11-09,12:00:00,Rey Villafuerte,COMBINATION,,SABBATH,0,0,0,new,,paid,completed
2025-11-09,12:00:00,Rey Villafuerte,ADDITIONAL 30 MINS,,SABBATH,300,0,300,new,,paid,completed
2025-11-09,12:00:00,Christel Pangan,SWEDISH,,SABBATH,600,600,0,new,,paid,completed
2025-11-09,12:00:00,Christian Pangan,SWEDISH,,SABBATH,600,0,600,new,,paid,completed
2025-11-09,12:00:00,Carla Paguia,SABBATH SIGNATURE,,SABBATH,1000,0,1000,new,,paid,completed
2025-11-09,12:00:00,Third Paguia,SABBATH SIGNATURE,,SABBATH,1000,0,1000,new,,paid,completed
2025-11-09,12:00:00,Sir Ian,SWEDISH,,SABBATH,600,600,0,new,,paid,completed
2025-11-09,12:00:00,Ola Javier,MANIGEL CUCCIO,,LE NAILS,450,0,450,new,,paid,completed
2025-11-10,12:00:00,Psalm Pascual,COMBINATION,,SABBATH,0,0,0,new,,paid,completed
2025-11-10,12:00:00,Ronell Christian Angeles,COMBINATION,,SABBATH,0,0,0,new,,paid,completed
2025-11-10,12:00:00,Kris Angeles,COMBINATION,,SABBATH,0,0,0,new,,paid,completed
2025-11-10,12:00:00,Bessie Mendoza,COMBINATION,,SABBATH,0,0,0,new,,paid,completed
2025-11-10,12:00:00,Benilda Angeles,COMBINATION,,SABBATH,0,0,0,new,,paid,completed
2025-11-10,12:00:00,Rolando Angeles,TRADITIONAL HILOT WITH VENTOSA,,SABBATH,1500,0,1500,new,,paid,completed
2025-11-10,12:00:00,Raymond Ramos,COMBINATION,,SABBATH,0,0,0,new,,paid,completed
2025-11-10,12:00:00,Micah Ramos,SABBATH SIGNATURE,,SABBATH,1000,0,1000,new,,paid,completed
2025-11-10,12:00:00,Diether Castro,COMBINATION,,SABBATH,0,0,0,new,,paid,completed
2025-11-10,12:00:00,Larry Gonzales,COMBINATION,,SABBATH,0,0,0,new,,paid,completed
2025-11-10,12:00:00,Florie Gonzales,COMBINATION,,SABBATH,0,0,0,new,,paid,completed
2025-11-10,12:00:00,Lhan Gonzales,COMBINATION,,SABBATH,0,0,0,new,,paid,completed
2025-11-10,12:00:00,Debbie Samson,COMBINATION,,SABBATH,0,0,0,new,,paid,completed
2025-11-10,12:00:00,Dinno Samson,COMBINATION,,SABBATH,0,0,0,new,,paid,completed
2025-11-10,12:00:00,Christel Pangan,SABBATH FOOT REFLEX,,SABBATH,600,600,0,new,,paid,completed
2025-11-10,12:00:00,Micah Ramos,FOOT SPA,,LE NAILS,0,0,0,new,,paid,completed
2025-11-10,12:00:00,Micah Ramos,PEDIGEL CUCCIO,,LE NAILS,550,0,550,new,,paid,completed
2025-11-11,12:00:00,Melanie Canilao,SWEDISH,,SABBATH,600,0,600,new,,paid,completed
2025-11-11,12:00:00,Elenita Canilao,SWEDISH,,SABBATH,600,0,600,new,,paid,completed
2025-11-11,12:00:00,Oscar Oliveros,COMBINATION,,SABBATH,0,0,0,new,,paid,completed
2025-11-11,12:00:00,Oscar Oliveros,ADDITIONAL 30 MINS,,SABBATH,300,0,300,new,,paid,completed
2025-11-11,12:00:00,Joan Mendoza,SABBATH PACKAGE 1,,SABBATH,2000,0,2000,new,,paid,completed
2025-11-11,12:00:00,Regie Mendoza,SABBATH PACKAGE 1,,SABBATH,2000,0,2000,new,,paid,completed
2025-11-11,12:00:00,Patrick Potenciano,TRADITIONAL HILOT WITH VENTOSA,,SABBATH,1500,0,1500,new,,paid,completed
2025-11-11,12:00:00,Cel Tayao,SABBATH FOOT REFLEX,,SABBATH,600,600,0,new,,paid,completed
2025-11-11,12:00:00,Ashley Ayaso,COMBINATION,,SABBATH,0,0,0,new,,paid,completed
2025-11-11,12:00:00,Alex Ayaso Jr,COMBINATION,,SABBATH,0,0,0,new,,paid,completed
2025-11-11,12:00:00,Carolyn Go,COMBINATION,,SABBATH,0,0,0,new,,paid,completed
2025-11-11,12:00:00,Eden Lora,SABBATH SIGNATURE,,SABBATH,1000,0,1000,new,,paid,completed
2025-11-11,12:00:00,Ghlo Santos,SABBATH SIGNATURE,,SABBATH,1000,0,1000,new,,paid,completed
2025-11-11,12:00:00,Doreen Magsino,SABBATH SIGNATURE,,SABBATH,1000,0,1000,new,,paid,completed
2025-11-11,12:00:00,Jocelyn Yajima,SABBATH SIGNATURE,,SABBATH,1000,0,1000,new,,paid,completed
2025-11-11,12:00:00,Shirley Salvador,SABBATH SIGNATURE,,SABBATH,1000,0,1000,new,,paid,completed
2025-11-11,12:00:00,Marites Gone,SWEDISH,,SABBATH,600,0,600,new,,paid,completed
2025-11-11,12:00:00,Edgardo Gone,SWEDISH,,SABBATH,600,0,600,new,,paid,completed
2025-11-11,12:00:00,Renz Gone,SWEDISH,,SABBATH,600,0,600,new,,paid,completed
2025-11-11,12:00:00,Mae Gone,SWEDISH,,SABBATH,600,0,600,new,,paid,completed
2025-11-11,12:00:00,Faye Gonzales,AROMATHERAPY OIL WITH HERBAL BALL,,SABBATH,1000,0,1000,new,,paid,completed
2025-11-11,12:00:00,Faye Gonzales,ADDITIONAL 30 MINS,,SABBATH,300,0,300,new,,paid,completed
2025-11-11,12:00:00,Aiya Darcen,AROMATHERAPY OIL WITH HERBAL BALL,,SABBATH,1000,0,1000,new,,paid,completed
2025-11-11,12:00:00,Aiya Darcen,ADDITIONAL 30 MINS,,SABBATH,300,0,300,new,,paid,completed
2025-11-11,12:00:00,Engr CJ,SWEDISH,,SABBATH,600,600,0,new,,paid,completed
2025-11-11,12:00:00,Chuchi Villamayor,SWEDISH,,SABBATH,600,0,600,new,,paid,completed
2025-11-11,12:00:00,Janina Lising,POST & PRE NATAL W/ LACTATION,,SABBATH,2000,0,2000,new,,paid,completed
2025-11-11,12:00:00,Lenon Lising,COMBINATION,,SABBATH,0,0,0,new,,paid,completed
2025-11-11,12:00:00,Bianca Bautista,MANIGEL ORLY,,LE NAILS,600,0,600,new,,paid,completed
2025-11-11,12:00:00,Gracelle,SOFT GEL NAIL EXTENSION,,LE NAILS,800,0,800,new,,paid,completed
2025-11-11,12:00:00,Gracelle,PEDICURE,,LE NAILS,200,0,200,new,,paid,completed
2025-11-11,12:00:00,Gracelle,REGULAR POLISH,,LE NAILS,0,0,0,new,,paid,completed
2025-11-11,12:00:00,Gracelle,SOFT GEL REMOVER,,LE NAILS,300,0,300,new,,paid,completed
2025-11-12,12:00:00,Krys Aniag,COMBINATION,,SABBATH,0,0,0,new,,paid,completed
2025-11-12,12:00:00,Krys Aniag,ADDITIONAL 30 MINS,,SABBATH,300,0,300,new,,paid,completed
2025-11-12,12:00:00,Gordon Mines,COMBINATION,,SABBATH,0,0,0,new,,paid,completed
2025-11-12,12:00:00,Farrah Mines,COMBINATION,,SABBATH,0,0,0,new,,paid,completed
2025-11-12,12:00:00,Grace Santos,COMBINATION,,SABBATH,0,0,0,new,,paid,completed
2025-11-12,12:00:00,Grace Santos,ADDITIONAL 30 MINS,,SABBATH,300,0,300,new,,paid,completed
2025-11-12,12:00:00,Raffy Clemente,COMBINATION,,SABBATH,0,0,0,new,,paid,completed
2025-11-12,12:00:00,Raffy Clemente,ADDITIONAL 30 MINS,,SABBATH,300,0,300,new,,paid,completed
2025-11-12,12:00:00,Mario Reyes,SWEDISH,,SABBATH,600,600,0,new,,paid,completed
2025-11-12,12:00:00,Jo Reyes,COMBINATION,,SABBATH,0,0,0,new,,paid,completed
2025-11-12,12:00:00,Jo Reyes,ADDITIONAL 30 MINS,,SABBATH,300,60,240,new,,paid,completed
2025-11-12,12:00:00,Nicole Columna,SABBATH FOOT REFLEX,,SABBATH,600,0,600,new,,paid,completed
2025-11-12,12:00:00,Jerome Reyes,SABBATH FOOT REFLEX,,SABBATH,600,0,600,new,,paid,completed
2025-11-12,12:00:00,Gordon Mines,MANICURE,,LE NAILS,150,0,150,new,,paid,completed
2025-11-12,12:00:00,Gordon Mines,PEDICURE,,LE NAILS,200,0,200,new,,paid,completed
2025-11-12,12:00:00,Farrah Mines,MANICURE,,LE NAILS,150,0,150,new,,paid,completed
2025-11-12,12:00:00,Farrah Mines,PEDICURE,,LE NAILS,200,0,200,new,,paid,completed
2025-11-12,12:00:00,Farrah Mines,REGULAR POLISH,,LE NAILS,0,0,0,new,,paid,completed
2025-11-12,12:00:00,Amy,PEDICURE,,LE NAILS,200,0,200,new,,paid,completed
2025-11-12,12:00:00,Amy,REGULAR POLISH,,LE NAILS,0,0,0,new,,paid,completed
2025-11-12,12:00:00,Amy,MANIGEL CUCCIO,,LE NAILS,450,0,450,new,,paid,completed
2025-11-12,12:00:00,Amy,NAIL ART,,LE NAILS,0,0,0,new,,paid,completed
2025-11-13,12:00:00,Precious Lopez,COMBINATION,,SABBATH,0,0,0,new,,paid,completed
2025-11-13,12:00:00,Jubelene Galman,COMBINATION,,SABBATH,0,0,0,new,,paid,completed
2025-11-13,12:00:00,Dan Espiritu,SABBATH SIGNATURE,,SABBATH,1000,0,1000,new,,paid,completed
2025-11-13,12:00:00,Jenny Espiritu,SABBATH SIGNATURE,,SABBATH,1000,0,1000,new,,paid,completed
2025-11-13,12:00:00,Ella Robles,SWEDISH,,SABBATH,600,0,600,new,,paid,completed
2025-11-13,12:00:00,Elera Robles,SWEDISH,,SABBATH,600,0,600,new,,paid,completed
2025-11-13,12:00:00,Nino Bautista,TRADITIONAL HILOT WITH VENTOSA,,SABBATH,1500,0,1500,new,,paid,completed
2025-11-13,12:00:00,Jojo Dabel,COMBINATION,,SABBATH,0,0,0,new,,paid,completed
2025-11-13,12:00:00,Marilyn Dabel,COMBINATION,,SABBATH,0,0,0,new,,paid,completed
2025-11-13,12:00:00,Christel Pangan,SWEDISH,,SABBATH,600,600,0,new,,paid,completed
2025-11-13,12:00:00,Joel Cosay,SWEDISH,,SABBATH,600,0,600,new,,paid,completed
2025-11-13,12:00:00,Andrea Cosay,SWEDISH,,SABBATH,600,0,600,new,,paid,completed
2025-11-13,12:00:00,Kleira Cosay,SWEDISH,,SABBATH,600,0,600,new,,paid,completed
2025-11-13,12:00:00,Kleira Cosay,SWEDISH,,SABBATH,600,0,600,new,,paid,completed
2025-11-13,12:00:00,Mam Gia,COMBINATION,,SABBATH,0,0,0,new,,paid,completed
2025-11-13,12:00:00,Pastor Erick,SABBATH FOOT REFLEX,,SABBATH,600,0,600,new,,paid,completed
2025-11-14,12:00:00,Jamaica Bolos,SHIATSU,,SABBATH,600,0,600,new,,paid,completed
2025-11-14,12:00:00,Jamaica Bolos,ADDITIONAL 30 MINS,,SABBATH,300,0,300,new,,paid,completed
2025-11-14,12:00:00,Aries Lucas,COMBINATION,,SABBATH,750,0,750,new,,paid,completed
2025-11-14,12:00:00,Kienly Garcia,COMBINATION,,SABBATH,750,0,750,new,,paid,completed
2025-11-14,12:00:00,Almira Lim,SABBATH SIGNATURE,,SABBATH,1000,1000,0,new,,paid,completed
2025-11-14,12:00:00,Janos Lim,SABBATH SIGNATURE,,SABBATH,1000,1000,0,new,,paid,completed
2025-11-14,12:00:00,Rey Villamater,COMBINATION,,SABBATH,750,0,750,new,,paid,completed
2025-11-14,12:00:00,Cheryl Zablan,COMBINATION,,SABBATH,0,0,0,new,,paid,completed
2025-11-14,12:00:00,Amel Zablan,COMBINATION,,SABBATH,750,0,750,new,,paid,completed
2025-11-14,12:00:00,Samantha Gutierrez,COMBINATION,,SABBATH,0,0,0,new,,paid,completed
2025-11-14,12:00:00,Gerimae Palad,COMBINATION,,SABBATH,0,0,0,new,,paid,completed
2025-11-14,12:00:00,Debbie Samson,SABBATH SIGNATURE,,SABBATH,1000,1000,0,new,,paid,completed
2025-11-14,12:00:00,Liz Sto Tomas,SABBATH SIGNATURE,,SABBATH,1000,1000,0,new,,paid,completed
2025-11-14,12:00:00,Philip Cruz,SABBATH SIGNATURE,,SABBATH,1000,1000,0,new,,paid,completed
2025-11-14,12:00:00,Ian Cruz,SWEDISH,,SABBATH,600,0,600,new,,paid,completed
2025-11-14,12:00:00,Ian Cruz,SWEDISH,,SABBATH,600,0,600,new,,paid,completed
2025-11-14,12:00:00,Jenny Esteves,SABBATH SIGNATURE,,SABBATH,1000,0,1000,new,,paid,completed
2025-11-14,12:00:00,Gerald Dela Cruz,COMBINATION,,SABBATH,0,0,0,new,,paid,completed
2025-11-14,12:00:00,Jenny Esteves,PACKAGE B,,LE NAILS,950,0,950,new,,paid,completed
2025-11-14,12:00:00,Gerald Dela Cruz,MANICURE,,LE NAILS,150,0,150,new,,paid,completed
2025-11-14,12:00:00,Gerald Dela Cruz,PEDICURE,,LE NAILS,200,0,200,new,,paid,completed
2025-11-14,12:00:00,Paviel Ramos,GIFT CERTIFICATE (10+1),,SABBATH,18000,0,18000,new,,paid,completed
2025-11-14,12:00:00,Paviel Ramos,GIFT CERTIFICATE (10+1),,SABBATH,18000,0,18000,new,,paid,completed
2025-11-14,12:00:00,Paviel Ramos,GIFT CERTIFICATE CUSTOM,,SABBATH,2600,0,2600,new,,paid,completed
2025-11-15,12:00:00,Christian Abapo,TRADITIONAL HILOT WITH VENTOSA,,SABBATH,1500,0,1500,new,,paid,completed
2025-11-15,12:00:00,Mary Ann Abapo,COMBINATION,,SABBATH,0,0,0,new,,paid,completed
2025-11-15,12:00:00,Lucila Tolentino,COMBINATION,,SABBATH,0,0,0,new,,paid,completed
2025-11-15,12:00:00,Rizalina Deleon,SWEDISH,,SABBATH,600,0,600,new,,paid,completed
2025-11-15,12:00:00,Randy Deleon,SWEDISH,,SABBATH,600,0,600,new,,paid,completed
2025-11-15,12:00:00,Gabriel De leon,COMBINATION,,SABBATH,0,0,0,new,,paid,completed
2025-11-15,12:00:00,Monica Quetua,SWEDISH,,SABBATH,600,0,600,new,,paid,completed
2025-11-15,12:00:00,Faith De Leon,SWEDISH,,SABBATH,600,0,600,new,,paid,completed
2025-11-15,12:00:00,Weng,SWEDISH,,SABBATH,600,0,600,new,,paid,completed
2025-11-15,12:00:00,Meng,SWEDISH,,SABBATH,600,0,600,new,,paid,completed
2025-11-15,12:00:00,Candice Telin,SABBATH PACKAGE 1,,SABBATH,2000,0,2000,new,,paid,completed
2025-11-15,12:00:00,Ronald Telin,SABBATH PACKAGE 1,,SABBATH,2000,0,2000,new,,paid,completed
2025-11-15,12:00:00,Anabel Reyes,SABBATH SIGNATURE,,SABBATH,1000,0,1000,new,,paid,completed
2025-11-15,12:00:00,Arnel Manalang,SABBATH SIGNATURE,,SABBATH,1000,0,1000,new,,paid,completed
2025-11-15,12:00:00,Arcel Abuyo,SABBATH SIGNATURE,,SABBATH,1000,0,1000,new,,paid,completed
2025-11-15,12:00:00,Airacel Bulus,SABBATH SIGNATURE,,SABBATH,1000,0,1000,new,,paid,completed
2025-11-15,12:00:00,John Cel Adriano,SABBATH SIGNATURE,,SABBATH,1000,0,1000,new,,paid,completed
2025-11-15,12:00:00,John Cel Adriano,SABBATH FOOT REFLEX,,SABBATH,600,0,600,new,,paid,completed
2025-11-15,12:00:00,Raymart Martin,BODY SCRUB W/ MASSAGE,,SABBATH,3000,0,3000,new,,paid,completed
2025-11-15,12:00:00,Sarah Martin,BODY SCRUB W/ MASSAGE,,SABBATH,3000,0,3000,new,,paid,completed
2025-11-15,12:00:00,Coy Nazario,COMBINATION,,SABBATH,0,0,0,new,,paid,completed
2025-11-15,12:00:00,Em Nazario,POST & PRE NATAL W/ LACTATION,,SABBATH,2000,0,2000,new,,paid,completed
2025-11-15,12:00:00,John Paulo Cabuhat,SABBATH SIGNATURE,,SABBATH,1000,0,1000,new,,paid,completed
2025-11-15,12:00:00,Diennelle Cabuhat,SABBATH SIGNATURE,,SABBATH,1000,0,1000,new,,paid,completed
2025-11-15,12:00:00,Princess Del Rosario,SABBATH SIGNATURE,,SABBATH,1000,0,1000,new,,paid,completed
2025-11-15,12:00:00,Andrian Diaz,TRADITIONAL HILOT WITH VENTOSA,,SABBATH,1500,1500,0,new,,paid,completed
2025-11-15,12:00:00,Cassy Manahan,SWEDISH,,SABBATH,600,0,600,new,,paid,completed
2025-11-15,12:00:00,Ives Pantig,SWEDISH,,SABBATH,600,0,600,new,,paid,completed
2025-11-15,12:00:00,MJ Buenaventura,COMBINATION,,SABBATH,0,0,0,new,,paid,completed
2025-11-15,12:00:00,MJ Buenaventura,ADDITIONAL 30 MINS,,SABBATH,300,0,300,new,,paid,completed
2025-11-15,12:00:00,JD Gumba,SHIATSU,,SABBATH,0,0,0,new,,paid,completed
2025-11-15,12:00:00,Ma'am Gia,COMBINATION,,SABBATH,0,0,0,new,,paid,completed
2025-11-15,12:00:00,Ma'am Hanna,SWEDISH,,SABBATH,600,0,600,new,,paid,completed
2025-11-15,12:00:00,Macky Gerona,SWEDISH,,SABBATH,600,0,600,new,,paid,completed
2025-11-15,12:00:00,Rawan Biugos,SWEDISH,,SABBATH,600,0,600,new,,paid,completed
2025-11-15,12:00:00,Warren Batac,COMBINATION,,SABBATH,0,0,0,new,,paid,completed
2025-11-16,12:00:00,Jona Santiago,SWEDISH,,SABBATH,600,0,600,new,,paid,completed
2025-11-16,12:00:00,Kate Santiago,TRADITIONAL HILOT WITH VENTOSA,,SABBATH,1500,0,1500,new,,paid,completed
2025-11-16,12:00:00,Ann Alfaro,TRADITIONAL HILOT WITH VENTOSA,,SABBATH,1500,0,1500,new,,paid,completed
2025-11-16,12:00:00,Sophia Valdez,SWEDISH,,SABBATH,600,0,600,new,,paid,completed
2025-11-16,12:00:00,Nina Principe,SWEDISH,,SABBATH,600,0,600,new,,paid,completed
2025-11-16,12:00:00,Grianne Principe,SWEDISH,,SABBATH,600,0,600,new,,paid,completed
2025-11-16,12:00:00,Juliana Principe,SWEDISH,,SABBATH,600,0,600,new,,paid,completed
2025-11-16,12:00:00,Princess Eden Principe,SWEDISH,,SABBATH,600,600,0,new,,paid,completed
2025-11-16,12:00:00,Kristiana Garcia,SWEDISH,,SABBATH,600,0,600,new,,paid,completed
2025-11-16,12:00:00,Sevillana Principe,SWEDISH,,SABBATH,600,0,600,new,,paid,completed
2025-11-16,12:00:00,Jasmine Principe,SWEDISH,,SABBATH,600,0,600,new,,paid,completed
2025-11-16,12:00:00,Ned Principe,SWEDISH,,SABBATH,600,0,600,new,,paid,completed
2025-11-16,12:00:00,Jessa Liaonag,SWEDISH,,SABBATH,600,0,600,new,,paid,completed
2025-11-16,12:00:00,Jill Andrea Santos,SWEDISH,,SABBATH,600,0,600,new,,paid,completed
2025-11-16,12:00:00,Sandy Shane San Juan,SWEDISH,,SABBATH,600,0,600,new,,paid,completed
2025-11-16,12:00:00,Valery Tamayo,"SABBATH SIGNATURE FOOT, HEAD, NECK & SHOULDER",,SABBATH,750,0,750,new,,paid,completed
2025-11-16,12:00:00,Mark Dalisay,COMBINATION,,SABBATH,0,0,0,new,,paid,completed
2025-11-16,12:00:00,Kenneth Roque,COMBINATION,,SABBATH,0,0,0,new,,paid,completed
2025-11-16,12:00:00,Marence Pedrozo,COMBINATION,,SABBATH,0,0,0,new,,paid,completed
2025-11-16,12:00:00,Justin Sta Ana,SWEDISH,,SABBATH,600,0,600,new,,paid,completed
2025-11-16,12:00:00,Jeremia Nunez,COMBINATION,,SABBATH,0,0,0,new,,paid,completed
2025-11-16,12:00:00,Al Nunez,COMBINATION,,SABBATH,0,0,0,new,,paid,completed
2025-11-16,12:00:00,Alex Nunez,COMBINATION,,SABBATH,0,0,0,new,,paid,completed
2025-11-16,12:00:00,Albert James Bambao,COMBINATION,,SABBATH,0,0,0,new,,paid,completed
2025-11-16,12:00:00,Roland Paul Baltazar,COMBINATION,,SABBATH,0,0,0,new,,paid,completed
2025-11-16,12:00:00,John Yumul,COMBINATION,,SABBATH,0,0,0,new,,paid,completed
2025-11-16,12:00:00,John Yumul,ADDITIONAL 30 MINS,,SABBATH,300,0,300,new,,paid,completed
2025-11-16,12:00:00,Lorie Yumul,SABBATH SIGNATURE,,SABBATH,1000,0,1000,new,,paid,completed
2025-11-16,12:00:00,Drey Velasco,SABBATH PACKAGE 1,,SABBATH,2000,0,2000,new,,paid,completed
2025-11-16,12:00:00,Charm Hernandez,SABBATH PACKAGE 1,,SABBATH,2000,0,2000,new,,paid,completed
2025-11-16,12:00:00,Ivy Marasigan,SWEDISH,,SABBATH,600,0,600,new,,paid,completed
2025-11-16,12:00:00,Reymar Marasigan,SABBATH SIGNATURE,,SABBATH,1000,0,1000,new,,paid,completed
2025-11-16,12:00:00,Ramon De Guzman,SWEDISH,,SABBATH,600,0,600,new,,paid,completed
2025-11-16,12:00:00,Lilian De Guzman,COMBINATION,,SABBATH,0,0,0,new,,paid,completed
2025-11-16,12:00:00,Paula Cruz,COMBINATION,,SABBATH,0,0,0,new,,paid,completed
2025-11-16,12:00:00,Jaja Zaguirre,COMBINATION,,SABBATH,0,0,0,new,,paid,completed
2025-11-16,12:00:00,Kyle Moises,COMBINATION,,SABBATH,0,0,0,new,,paid,completed
2025-11-16,12:00:00,Kyle Moises,ADDITIONAL 30 MINS,,SABBATH,300,0,300,new,,paid,completed
2025-11-16,12:00:00,Warlyn Guerrero,COMBINATION,,SABBATH,0,0,0,new,,paid,completed
2025-11-16,12:00:00,Laurence Guerrero,COMBINATION,,SABBATH,0,0,0,new,,paid,completed
2025-11-16,12:00:00,Christel Pangan,SWEDISH,,SABBATH,600,600,0,new,,paid,completed
2025-11-16,12:00:00,Krizzelle Sarte,COMBINATION,,SABBATH,0,0,0,new,,paid,completed
2025-11-16,12:00:00,Ramon Sarte,COMBINATION,,SABBATH,0,0,0,new,,paid,completed
2025-11-16,12:00:00,Jessa Liaonag,PACKAGE A,,LE NAILS,0,0,0,new,,paid,completed
2025-11-16,12:00:00,Jessa Liaonag,PACKAGE A,,LE NAILS,0,0,0,new,,paid,completed
2025-11-16,12:00:00,Jessa Liaonag,PACKAGE A,,LE NAILS,0,0,0,new,,paid,completed
2025-11-16,12:00:00,Jessa Liaonag,PACKAGE A,,LE NAILS,0,0,0,new,,paid,completed
2025-11-16,12:00:00,Jessa Liaonag,PACKAGE A,,LE NAILS,0,0,0,new,,paid,completed
2025-11-16,12:00:00,Jessa Liaonag,PACKAGE A,,LE NAILS,0,0,0,new,,paid,completed
2025-11-16,12:00:00,Jessa Liaonag,PACKAGE A,,LE NAILS,0,0,0,new,,paid,completed
2025-11-16,12:00:00,Jessa Liaonag,PACKAGE A,,LE NAILS,0,0,0,new,,paid,completed
2025-11-16,12:00:00,Jessa Liaonag,REGULAR POLISH,,LE NAILS,0,0,0,new,,paid,completed
2025-11-16,12:00:00,Jessa Liaonag,REGULAR POLISH,,LE NAILS,0,0,0,new,,paid,completed
2025-11-16,12:00:00,Cristina Mendez,MANIGEL ORLY,,LE NAILS,600,120,480,new,,paid,completed
2025-11-16,12:00:00,Cristina Mendez,MANIGEL ORLY,,LE NAILS,600,0,600,new,,paid,completed
2025-11-16,12:00:00,Cristina Mendez,PEDICURE,,LE NAILS,200,0,200,new,,paid,completed
2025-11-16,12:00:00,Cristina Mendez,PEDICURE,,LE NAILS,200,0,200,new,,paid,completed
2025-11-16,12:00:00,Cristina Mendez,REGULAR POLISH,,LE NAILS,0,0,0,new,,paid,completed
2025-11-16,12:00:00,Cristina Mendez,REGULAR POLISH,,LE NAILS,0,0,0,new,,paid,completed
2025-11-17,12:00:00,Juanito Morales,SABBATH PACKAGE 1,,SABBATH,2000,0,2000,new,,paid,completed
2025-11-17,12:00:00,Irish San Pedro,SABBATH PACKAGE 1,,SABBATH,2000,0,2000,new,,paid,completed
2025-11-17,12:00:00,Irish San Pedro,ADDITIONAL 30 MINS,,SABBATH,300,102,198,new,,paid,completed
2025-11-17,12:00:00,Juanito Morales,ADDITIONAL 30 MINS,,SABBATH,300,102,198,new,,paid,completed
2025-11-18,12:00:00,Alexander Dela Cruz,COMBINATION,,SABBATH,0,0,0,new,,paid,completed
2025-11-18,12:00:00,Maria Cristina Estrada,COMBINATION,,SABBATH,0,0,0,new,,paid,completed
2025-11-18,12:00:00,Carmelita Espiritu,COMBINATION,,SABBATH,0,0,0,new,,paid,completed
2025-11-18,12:00:00,Evelyn Samaniego,COMBINATION,,SABBATH,0,0,0,new,,paid,completed
2025-11-18,12:00:00,Sharm Andres,COMBINATION,,SABBATH,0,0,0,new,,paid,completed
2025-11-18,12:00:00,Rodbert Santos,COMBINATION,,SABBATH,0,0,0,new,,paid,completed
2025-11-18,12:00:00,Jocelyn Manzano,COMBINATION,,SABBATH,0,0,0,new,,paid,completed
2025-11-18,12:00:00,Marites Sumacbac,COMBINATION,,SABBATH,0,0,0,new,,paid,completed
2025-11-18,12:00:00,Roland Paul Baltazar,COMBINATION,,SABBATH,0,0,0,new,,paid,completed
2025-11-18,12:00:00,Lorelina Sierra,SABBATH FOOT REFLEX,,SABBATH,600,0,600,new,,paid,completed
2025-11-18,12:00:00,Bryan Reyes,"SABBATH SIGNATURE FOOT, HEAD, NECK & SHOULDER",,SABBATH,750,0,750,new,,paid,completed
2025-11-18,12:00:00,Beth Reyes,"SABBATH SIGNATURE FOOT, HEAD, NECK & SHOULDER",,SABBATH,750,0,750,new,,paid,completed
2025-11-18,12:00:00,Ria Castreya,SABBATH SIGNATURE,,SABBATH,1000,0,1000,new,,paid,completed
2025-11-18,12:00:00,Cris Bocalig,SABBATH SIGNATURE,,SABBATH,1000,0,1000,new,,paid,completed
2025-11-18,12:00:00,Ma'am Gia,SABBATH PACKAGE 1,,SABBATH,2000,2000,0,new,,paid,completed
2025-11-18,12:00:00,Pastor Erick,SABBATH PACKAGE 1,,SABBATH,2000,2000,0,new,,paid,completed
2025-11-18,12:00:00,Ma'am Trish,COMBINATION,,SABBATH,0,0,0,new,,paid,completed
2025-11-18,12:00:00,Ma'am Trish,ADDITIONAL 30 MINS,,SABBATH,300,300,0,new,,paid,completed
2025-11-18,12:00:00,Dan Bautista,SWEDISH,,SABBATH,600,0,600,new,,paid,completed
2025-11-18,12:00:00,Rl Marquez,SABBATH SIGNATURE,,SABBATH,1000,0,1000,new,,paid,completed
2025-11-18,12:00:00,Lorelina Sierra,PACKAGE B,,LE NAILS,950,0,950,new,,paid,completed
2025-11-18,12:00:00,Lorelina Sierra,PACKAGE A,,LE NAILS,0,0,0,new,,paid,completed
2025-11-18,12:00:00,Lorelina Sierra,PACKAGE A,,LE NAILS,0,0,0,new,,paid,completed
2025-11-18,12:00:00,Lorelina Sierra,PACKAGE A,,LE NAILS,0,0,0,new,,paid,completed
2025-11-18,12:00:00,Lorelina Sierra,PACKAGE A,,LE NAILS,0,0,0,new,,paid,completed
2025-11-18,12:00:00,Lorelina Sierra,PACKAGE A,,LE NAILS,0,0,0,new,,paid,completed
2025-11-19,12:00:00,May Faustino,TRADITIONAL HILOT WITH VENTOSA,,SABBATH,1500,0,1500,new,,paid,completed
2025-11-19,12:00:00,Victor Faustino,TRADITIONAL HILOT WITH VENTOSA,,SABBATH,1500,0,1500,new,,paid,completed
2025-11-19,12:00:00,Juanita Javier,TRADITIONAL HILOT WITH VENTOSA,,SABBATH,1500,0,1500,new,,paid,completed
2025-11-19,12:00:00,Ra Paraino,SWEDISH,,SABBATH,600,600,0,new,,paid,completed
2025-11-19,12:00:00,Elsie Ronquillo,SWEDISH,,SABBATH,600,600,0,new,,paid,completed
2025-11-19,12:00:00,Rachel Quinaoayan,SWEDISH,,SABBATH,600,600,0,new,,paid,completed
2025-11-19,12:00:00,Abigail Macalino,SWEDISH,,SABBATH,600,600,0,new,,paid,completed
2025-11-19,12:00:00,Sheryl Alonzo,COMBINATION,,SABBATH,0,0,0,new,,paid,completed
2025-11-19,12:00:00,Rabbani Alfaro,COMBINATION,,SABBATH,0,0,0,new,,paid,completed
2025-11-19,12:00:00,Earl Umali,COMBINATION,,SABBATH,0,0,0,new,,paid,completed
2025-11-19,12:00:00,Winston Apejas,COMBINATION,,SABBATH,0,0,0,new,,paid,completed
2025-11-19,12:00:00,Andy Curalde,COMBINATION,,SABBATH,0,0,0,new,,paid,completed
2025-11-19,12:00:00,Arnulfo Lander,"HEAD, BACK & SHOULDER",,SABBATH,0,0,0,new,,paid,completed
2025-11-19,12:00:00,Meizel Aislyn Roxas,"HEAD, BACK & SHOULDER",,SABBATH,0,0,0,new,,paid,completed
2025-11-19,12:00:00,Lynos Bustillos,"HEAD, BACK & SHOULDER",,SABBATH,0,0,0,new,,paid,completed
2025-11-19,12:00:00,John Paul Mendoza,"HEAD, BACK & SHOULDER",,SABBATH,0,0,0,new,,paid,completed
2025-11-19,12:00:00,Raymark Urquico,SHIATSU,,SABBATH,0,0,0,new,,paid,completed
2025-11-19,12:00:00,Arlene Joy Dizon,SHIATSU,,SABBATH,0,0,0,new,,paid,completed
2025-11-19,12:00:00,Kenneth Roz,SWEDISH,,SABBATH,600,0,600,new,,paid,completed
2025-11-19,12:00:00,Jay Manalili,SWEDISH,,SABBATH,600,0,600,new,,paid,completed
2025-11-19,12:00:00,Jay Manalili,SWEDISH,,SABBATH,600,0,600,new,,paid,completed
2025-11-19,12:00:00,Jessica Hernandez,COMBINATION W/ HOT STONE,,SABBATH,0,0,0,new,,paid,completed
2025-11-19,12:00:00,Jessica Hernandez,ADDITIONAL 30 MINS,,SABBATH,300,0,300,new,,paid,completed
2025-11-19,12:00:00,Pol Hernandez,TRADITIONAL HILOT WITH VENTOSA,,SABBATH,1500,0,1500,new,,paid,completed
2025-11-19,12:00:00,Jeff Pascual,SHIATSU,,SABBATH,0,0,0,new,,paid,completed
2025-11-19,12:00:00,Angela Marcos,COMBINATION,,SABBATH,0,0,0,new,,paid,completed
2025-11-19,12:00:00,Kristel Yambao,SWEDISH,,SABBATH,600,0,600,new,,paid,completed
2025-11-19,12:00:00,Carlson Ramos,PACKAGE F,,LE NAILS,1250,0,1250,new,,paid,completed
2025-11-19,12:00:00,Joyce Pondang,SOFT GEL REMOVER,,LE NAILS,300,30,270,new,,paid,completed
2025-11-19,12:00:00,Joyce Pondang,REGULAR POLISH,,LE NAILS,0,0,0,new,,paid,completed
2025-11-19,12:00:00,Joyce Pondang,REGULAR POLISH,,LE NAILS,0,0,0,new,,paid,completed
2025-11-19,12:00:00,Joyce Pondang,PACKAGE A,,LE NAILS,0,0,0,new,,paid,completed
2025-11-19,12:00:00,Joyce Pondang,PACKAGE A,,LE NAILS,0,0,0,new,,paid,completed
2025-11-20,12:00:00,Patricia Vitug,COMBINATION,,SABBATH,0,0,0,new,,paid,completed
2025-11-20,12:00:00,Patricia Vitug,ADDITIONAL 30 MINS,,SABBATH,300,0,300,new,,paid,completed
2025-11-20,12:00:00,Grizzle Miller,SABBATH SIGNATURE,,SABBATH,1000,0,1000,new,,paid,completed
2025-11-20,12:00:00,Jun Martinez,SWEDISH,,SABBATH,600,0,600,new,,paid,completed
2025-11-20,12:00:00,Edwin Angeles,SWEDISH,,SABBATH,600,0,600,new,,paid,completed
2025-11-20,12:00:00,Mario Reyes,SWEDISH,,SABBATH,600,600,0,new,,paid,completed
2025-11-20,12:00:00,Delia Ona,SWEDISH,,SABBATH,600,600,0,new,,paid,completed
2025-11-20,12:00:00,Ryan Sagala,COMBINATION,,SABBATH,0,0,0,new,,paid,completed
2025-11-20,12:00:00,Ryan Sagala,"HEAD, BACK & SHOULDER",,SABBATH,0,0,0,new,,paid,completed
2025-11-20,12:00:00,Naomi David,SWEDISH,,SABBATH,600,0,600,new,,paid,completed
2025-11-20,12:00:00,Paul Reyes,SWEDISH,,SABBATH,600,0,600,new,,paid,completed
2025-11-20,12:00:00,Ruth Dela Cruz,COMBINATION,,SABBATH,0,0,0,new,,paid,completed
2025-11-20,12:00:00,John Reinald Catahan,COMBINATION,,SABBATH,0,0,0,new,,paid,completed
2025-11-20,12:00:00,Rheyn Meguiso,COMBINATION,,SABBATH,0,0,0,new,,paid,completed
2025-11-20,12:00:00,Rheyn Meguiso,ADDITIONAL 30 MINS,,SABBATH,300,0,300,new,,paid,completed
2025-11-20,12:00:00,Arvin Pamintuan,COMBINATION,,SABBATH,0,0,0,new,,paid,completed
2025-11-20,12:00:00,Arvin Pamintuan,ADDITIONAL 30 MINS,,SABBATH,300,0,300,new,,paid,completed
2025-11-20,12:00:00,Cyril Pineda,SABBATH SIGNATURE,,SABBATH,1000,0,1000,new,,paid,completed
2025-11-20,12:00:00,Monica Pineda,SABBATH SIGNATURE,,SABBATH,1000,0,1000,new,,paid,completed
2025-11-20,12:00:00,Rommel Flaviano Jr,TRADITIONAL HILOT WITH VENTOSA,,SABBATH,2000,0,2000,new,,paid,completed
2025-11-20,12:00:00,Rommel Flaviano,SABBATH SIGNATURE,,SABBATH,2000,0,2000,new,,paid,completed
2025-11-20,12:00:00,Trish Vitug,SHOWER,,SABBATH,200,0,200,new,,paid,completed
2025-11-20,12:00:00,Trish Vitug,SHOWER,,SABBATH,200,0,200,new,,paid,completed
2025-11-20,12:00:00,JD Gumba,PEDICURE,,LE NAILS,200,0,200,new,,paid,completed
2025-11-20,12:00:00,Delia Ona,SOFT GEL NAIL EXTENSION,,LE NAILS,800,600,200,new,,paid,completed
2025-11-20,12:00:00,Delia Ona,PEDICURE,,LE NAILS,200,0,200,new,,paid,completed
2025-11-20,12:00:00,Delia Ona,REGULAR POLISH,,LE NAILS,0,0,0,new,,paid,completed
2025-11-21,12:00:00,Randy Ambito,SWEDISH,,SABBATH,600,0,600,new,,paid,completed
2025-11-21,12:00:00,Lilibeth Ambito,SWEDISH,,SABBATH,600,0,600,new,,paid,completed
2025-11-21,12:00:00,Daniella Lucas,SWEDISH,,SABBATH,600,600,0,new,,paid,completed
2025-11-21,12:00:00,Faye Arellano,SWEDISH,,SABBATH,600,0,600,new,,paid,completed
2025-11-21,12:00:00,Regine Recto,SWEDISH,,SABBATH,600,0,600,new,,paid,completed
2025-11-21,12:00:00,Renesthel Pulumbarit,SWEDISH,,SABBATH,600,0,600,new,,paid,completed
2025-11-21,12:00:00,Charito Purigay,SABBATH SIGNATURE,,SABBATH,1000,0,1000,new,,paid,completed
2025-11-21,12:00:00,Marites Yuzon,SABBATH SIGNATURE,,SABBATH,1000,0,1000,new,,paid,completed
2025-11-21,12:00:00,Ma. Victoria Enriquez,COMBINATION W/ HOT STONE,,SABBATH,0,0,0,new,,paid,completed
2025-11-21,12:00:00,Jem Enriquez,AROMATHERAPY OIL WITH HERBAL BALL,,SABBATH,1000,0,1000,new,,paid,completed
2025-11-21,12:00:00,Jamaine Sulit,SWEDISH,,SABBATH,600,0,600,new,,paid,completed
2025-11-21,12:00:00,Jinno Manahan,SWEDISH,,SABBATH,600,600,0,new,,paid,completed
2025-11-21,12:00:00,Miguel Kho,SWEDISH,,SABBATH,600,0,600,new,,paid,completed
2025-11-21,12:00:00,Georgina Junno,SWEDISH,,SABBATH,600,0,600,new,,paid,completed
2025-11-21,12:00:00,Nonito Junno,COMBINATION,,SABBATH,0,0,0,new,,paid,completed
2025-11-21,12:00:00,Harry Pasigna,COMBINATION,,SABBATH,0,0,0,new,,paid,completed
2025-11-21,12:00:00,Iya Buenavida,SABBATH PACKAGE 1,,SABBATH,2000,0,2000,new,,paid,completed
2025-11-21,12:00:00,Iya Buenavida,ADDITIONAL 30 MINS,,SABBATH,300,99,201,new,,paid,completed
2025-11-21,12:00:00,Gabo Gutierrez,SABBATH SIGNATURE,,SABBATH,1000,0,1000,new,,paid,completed
2025-11-21,12:00:00,Gabo Gutierrez,ADDITIONAL 30 MINS,,SABBATH,300,99,201,new,,paid,completed
2025-11-21,12:00:00,Danny Bautista,SWEDISH,,SABBATH,600,0,600,new,,paid,completed
2025-11-21,12:00:00,Aimee Bautista,SWEDISH,,SABBATH,600,0,600,new,,paid,completed
2025-11-21,12:00:00,Aiya Darcen,COMBINATION,,SABBATH,0,0,0,new,,paid,completed
2025-11-21,12:00:00,Faye Gonzales,COMBINATION,,SABBATH,0,0,0,new,,paid,completed
2025-11-21,12:00:00,Bianca Yap,COMBINATION,,SABBATH,0,0,0,new,,paid,completed
2025-11-21,12:00:00,Bianca Yap,ADDITIONAL 30 MINS,,SABBATH,300,0,300,new,,paid,completed
2025-11-21,12:00:00,Jeno Valenciano,COMBINATION,,SABBATH,0,0,0,new,,paid,completed
2025-11-21,12:00:00,Jeno Valenciano,ADDITIONAL 30 MINS,,SABBATH,300,0,300,new,,paid,completed
2025-11-21,12:00:00,Carina Enriquez,SABBATH SIGNATURE,,SABBATH,1000,0,1000,new,,paid,completed
2025-11-21,12:00:00,Christel Pangan,SWEDISH,,SABBATH,600,600,0,new,,paid,completed
2025-11-21,12:00:00,Az Tamayo,TRADITIONAL HILOT WITH VENTOSA,,SABBATH,1500,0,1500,new,,paid,completed
2025-11-21,12:00:00,Molly Molly,TRADITIONAL HILOT WITH VENTOSA,,SABBATH,1500,0,1500,new,,paid,completed
2025-11-21,12:00:00,Katy Yap,TRADITIONAL HILOT WITH VENTOSA,,SABBATH,1500,0,1500,new,,paid,completed
2025-11-21,12:00:00,Bianca Bautista,SOFT GEL NAIL EXTENSION,,LE NAILS,800,0,800,new,,paid,completed
2025-11-21,12:00:00,Joan,MANICURE,,LE NAILS,150,0,150,new,,paid,completed
2025-11-21,12:00:00,Joan,PEDICURE,,LE NAILS,200,0,200,new,,paid,completed
2025-11-21,12:00:00,Joan,REGULAR POLISH,,LE NAILS,0,0,0,new,,paid,completed
2025-11-21,12:00:00,Joan,REGULAR POLISH,,LE NAILS,0,0,0,new,,paid,completed
2025-11-21,12:00:00,Mary Grace Gan,MANICURE,,LE NAILS,150,0,150,new,,paid,completed
2025-11-21,12:00:00,Mary Grace Gan,PEDICURE,,LE NAILS,200,0,200,new,,paid,completed
2025-11-21,12:00:00,Mary Grace Gan,REGULAR POLISH,,LE NAILS,0,0,0,new,,paid,completed
2025-11-21,12:00:00,Mary Grace Gan,REGULAR POLISH,,LE NAILS,0,0,0,new,,paid,completed
2025-11-22,12:00:00,Jojie Faustino,COMBINATION,,SABBATH,0,0,0,new,,paid,completed
2025-11-22,12:00:00,Jojie Faustino,ADDITIONAL 30 MINS,,SABBATH,300,0,300,new,,paid,completed
2025-11-22,12:00:00,Yolly Faustino,SWEDISH,,SABBATH,600,0,600,new,,paid,completed
2025-11-22,12:00:00,Eden Ismil,SWEDISH,,SABBATH,0,0,0,new,,paid,completed
2025-11-22,12:00:00,Gracie Dengga,SABBATH SIGNATURE,,SABBATH,1000,0,1000,new,,paid,completed
2025-11-22,12:00:00,Arien Gale Dengga,GROWTH,,SABBATH,500,0,500,new,,paid,completed
2025-11-22,12:00:00,Charles Ho,COMBINATION,,SABBATH,0,0,0,new,,paid,completed
2025-11-22,12:00:00,Pau Simon,COMBINATION,,SABBATH,0,0,0,new,,paid,completed
2025-11-22,12:00:00,Andrea Abuan,COMBINATION,,SABBATH,0,0,0,new,,paid,completed
2025-11-22,12:00:00,Jhirro Santos,COMBINATION,,SABBATH,0,0,0,new,,paid,completed
2025-11-22,12:00:00,Ezra Joson,SWEDISH,,SABBATH,600,600,0,new,,paid,completed
2025-11-22,12:00:00,Clarence Moratal,SWEDISH,,SABBATH,600,0,600,new,,paid,completed
2025-11-22,12:00:00,Mark Rashed Guinaob,COMBINATION,,SABBATH,0,0,0,new,,paid,completed
2025-11-22,12:00:00,Renshi Guinaob,SWEDISH,,SABBATH,600,0,600,new,,paid,completed
2025-11-22,12:00:00,Imelda Guinaob,SWEDISH,,SABBATH,600,0,600,new,,paid,completed
2025-11-22,12:00:00,Jia Eunice Pontilla,SWEDISH,,SABBATH,600,600,0,new,,paid,completed
2025-11-22,12:00:00,Roel Arellano,SWEDISH,,SABBATH,600,0,600,new,,paid,completed
2025-11-22,12:00:00,Ellen Arellano,SWEDISH,,SABBATH,600,0,600,new,,paid,completed
2025-11-22,12:00:00,Dinah Jaime,SWEDISH,,SABBATH,600,600,0,new,,paid,completed
2025-11-22,12:00:00,Michael Scanlon,SWEDISH,,SABBATH,600,0,600,new,,paid,completed
2025-11-22,12:00:00,Ruth Scanlon,SWEDISH,,SABBATH,600,0,600,new,,paid,completed
2025-11-22,12:00:00,Sam Benedictos,SWEDISH,,SABBATH,600,0,600,new,,paid,completed
2025-11-22,12:00:00,Lea Benedictos,SWEDISH,,SABBATH,600,0,600,new,,paid,completed
2025-11-22,12:00:00,Bernalhet Cabrera,COMBINATION,,SABBATH,0,0,0,new,,paid,completed
2025-11-22,12:00:00,Bop Byron Reyes,COMBINATION,,SABBATH,0,0,0,new,,paid,completed
2025-11-22,12:00:00,Rhea Jane Baltazar,COMBINATION,,SABBATH,0,0,0,new,,paid,completed
2025-11-22,12:00:00,Emmanuel Baltazar,COMBINATION,,SABBATH,0,0,0,new,,paid,completed
2025-11-22,12:00:00,Abigail Baranda,COMBINATION,,SABBATH,0,0,0,new,,paid,completed
2025-11-22,12:00:00,Joyce Bernardino,SWEDISH,,SABBATH,600,0,600,new,,paid,completed
2025-11-22,12:00:00,Joyce Bernardino,ADDITIONAL 30 MINS,,SABBATH,300,0,300,new,,paid,completed
2025-11-22,12:00:00,Wendel Baranda,COMBINATION,,SABBATH,0,0,0,new,,paid,completed
2025-11-22,12:00:00,Hope Javier,COMBINATION,,SABBATH,0,0,0,new,,paid,completed
2025-11-22,12:00:00,Romak Trance,SABBATH SIGNATURE,,SABBATH,1000,0,1000,new,,paid,completed
2025-11-22,12:00:00,Gabrielle Javier,COMBINATION W/ HOT STONE,,SABBATH,0,0,0,new,,paid,completed
2025-11-22,12:00:00,Elaine Cruz,SABBATH SIGNATURE,,SABBATH,1000,0,1000,new,,paid,completed
2025-11-22,12:00:00,Zen Miclat,SABBATH SIGNATURE,,SABBATH,1000,0,1000,new,,paid,completed
2025-11-22,12:00:00,Ernest Kyle Agay,TRADITIONAL HILOT WITH VENTOSA,,SABBATH,1500,0,1500,new,,paid,completed
2025-11-22,12:00:00,Jobelle Agay,SABBATH SIGNATURE,,SABBATH,1000,0,1000,new,,paid,completed
2025-11-22,12:00:00,Michael Nebria,COMBINATION,,SABBATH,0,0,0,new,,paid,completed
2025-11-22,12:00:00,Catherine Nebria,COMBINATION,,SABBATH,0,0,0,new,,paid,completed
2025-11-22,12:00:00,Albert Alincastre,COMBINATION,,SABBATH,0,0,0,new,,paid,completed
2025-11-22,12:00:00,Jeo Atienza,COMBINATION,,SABBATH,0,0,0,new,,paid,completed
2025-11-22,12:00:00,Jeo Atienza,ADDITIONAL 30 MINS,,SABBATH,300,60,240,new,,paid,completed
2025-11-22,12:00:00,Liz Clairbone,TRADITIONAL HILOT WITH VENTOSA,,SABBATH,1500,0,1500,new,,paid,completed
2025-11-22,12:00:00,Jessica Bernabe,COMBINATION,,SABBATH,0,0,0,new,,paid,completed
2025-11-22,12:00:00,Angelica Cruz,COMBINATION,,SABBATH,0,0,0,new,,paid,completed
2025-11-22,12:00:00,Roberto Santos,COMBINATION,,SABBATH,0,0,0,new,,paid,completed
2025-11-22,12:00:00,Jojie Faustino,PACKAGE C,,LE NAILS,0,0,0,new,,paid,completed
2025-11-22,12:00:00,Jojie Faustino,PACKAGE C,,LE NAILS,0,0,0,new,,paid,completed
2025-11-22,12:00:00,Jojie Faustino,REGULAR POLISH,,LE NAILS,0,0,0,new,,paid,completed
2025-11-22,12:00:00,Jojie Faustino,REGULAR POLISH,,LE NAILS,0,0,0,new,,paid,completed
2025-11-22,12:00:00,Jojie Faustino,REGULAR POLISH,,LE NAILS,0,0,0,new,,paid,completed
2025-11-22,12:00:00,Jojie Faustino,REGULAR POLISH,,LE NAILS,0,0,0,new,,paid,completed
2025-11-23,12:00:00,Jan Rain,COMBINATION,,SABBATH,0,0,0,new,,paid,completed
2025-11-23,12:00:00,Alliyah Baylon,SWEDISH,,SABBATH,600,0,600,new,,paid,completed
2025-11-23,12:00:00,Jenn Nerpio,COMBINATION,,SABBATH,0,0,0,new,,paid,completed
2025-11-23,12:00:00,Jenn Nerpio,ADDITIONAL 30 MINS,,SABBATH,300,0,300,new,,paid,completed
2025-11-23,12:00:00,Manly Nerpio,COMBINATION,,SABBATH,0,0,0,new,,paid,completed
2025-11-23,12:00:00,Manly Nerpio,ADDITIONAL 30 MINS,,SABBATH,300,0,300,new,,paid,completed
2025-11-23,12:00:00,Jane Domingo,COMBINATION,,SABBATH,0,0,0,new,,paid,completed
2025-11-23,12:00:00,Mark Domingo,COMBINATION,,SABBATH,0,0,0,new,,paid,completed
2025-11-23,12:00:00,Kenneth Lantin,COMBINATION,,SABBATH,0,0,0,new,,paid,completed
2025-11-23,12:00:00,Kenneth Lantin,ADDITIONAL 30 MINS,,SABBATH,300,240,60,new,,paid,completed
2025-11-23,12:00:00,Tristan Lantin,COMBINATION,,SABBATH,0,0,0,new,,paid,completed
2025-11-23,12:00:00,Tristan Lantin,ADDITIONAL 30 MINS,,SABBATH,300,0,300,new,,paid,completed
2025-11-23,12:00:00,Clyde Barranda,COMBINATION,,SABBATH,0,0,0,new,,paid,completed
2025-11-23,12:00:00,Kyle Barranda,COMBINATION,,SABBATH,0,0,0,new,,paid,completed
2025-11-23,12:00:00,Kurt Barranda,COMBINATION,,SABBATH,0,0,0,new,,paid,completed
2025-11-23,12:00:00,Len Falsario,SHIATSU,,SABBATH,0,0,0,new,,paid,completed
2025-11-23,12:00:00,Elena Falsario,COMBINATION W/ HOT STONE,,SABBATH,0,0,0,new,,paid,completed
2025-11-23,12:00:00,Xuni Esteves,SWEDISH,,SABBATH,600,0,600,new,,paid,completed
2025-11-23,12:00:00,Zarah Nicolas,SWEDISH,,SABBATH,600,0,600,new,,paid,completed
2025-11-23,12:00:00,Nike Samonte,COMBINATION,,SABBATH,0,0,0,new,,paid,completed
2025-11-23,12:00:00,Nike Samonte,ADDITIONAL 30 MINS,,SABBATH,300,0,300,new,,paid,completed
2025-11-23,12:00:00,Ellaine Samonte,COMBINATION,,SABBATH,0,0,0,new,,paid,completed
2025-11-23,12:00:00,Ellaine Samonte,ADDITIONAL 30 MINS,,SABBATH,300,0,300,new,,paid,completed
2025-11-23,12:00:00,Manilyn Yap,SWEDISH,,SABBATH,600,0,600,new,,paid,completed
2025-11-23,12:00:00,Manilyn Yap,ADDITIONAL 30 MINS,,SABBATH,0,0,0,new,,paid,completed
2025-11-23,12:00:00,Noel Yap,SWEDISH,,SABBATH,600,0,600,new,,paid,completed
2025-11-23,12:00:00,Noel Yap,ADDITIONAL 30 MINS,,SABBATH,300,0,300,new,,paid,completed
2025-11-23,12:00:00,Rogene Alave,SHIATSU,,SABBATH,0,0,0,new,,paid,completed
2025-11-23,12:00:00,Sofia Mamaril,SWEDISH,,SABBATH,600,0,600,new,,paid,completed
2025-11-23,12:00:00,Carlos Mamaril,SWEDISH,,SABBATH,600,0,600,new,,paid,completed
2025-11-23,12:00:00,Chris Santiago,COMBINATION,,SABBATH,0,0,0,new,,paid,completed
2025-11-23,12:00:00,Christian Bermudez,COMBINATION,,SABBATH,0,0,0,new,,paid,completed
2025-11-24,12:00:00,Camille Pineda,SABBATH PACKAGE 1,,SABBATH,2000,0,2000,new,,paid,completed
2025-11-24,12:00:00,Patrick Pineda,SABBATH PACKAGE 1,,SABBATH,2000,0,2000,new,,paid,completed
2025-11-24,12:00:00,Jeffrey Simeon,SABBATH SIGNATURE,,SABBATH,1000,0,1000,new,,paid,completed
2025-11-24,12:00:00,Ruchiel Reyes,SABBATH FOOT REFLEX,,SABBATH,600,0,600,new,,paid,completed
2025-11-24,12:00:00,Kimberly Narciso,COMBINATION,,SABBATH,0,0,0,new,,paid,completed
2025-11-24,12:00:00,Hya Narciso,COMBINATION,,SABBATH,0,0,0,new,,paid,completed
2025-11-24,12:00:00,Jhoana Fuster,COMBINATION W/ HOT STONE,,SABBATH,0,0,0,new,,paid,completed
2025-11-24,12:00:00,Johanna Valerio,COMBINATION W/ HOT STONE,,SABBATH,0,0,0,new,,paid,completed
2025-11-24,12:00:00,Dikka Mae Lasalita,COMBINATION,,SABBATH,0,0,0,new,,paid,completed
2025-11-24,12:00:00,Mara Sisperez,COMBINATION,,SABBATH,0,0,0,new,,paid,completed
2025-11-24,12:00:00,Weng Valentin,SWEDISH,,SABBATH,600,0,600,new,,paid,completed
2025-11-24,12:00:00,Jai Valentin,SWEDISH,,SABBATH,600,0,600,new,,paid,completed
2025-11-24,12:00:00,Ralph De Jesus,SWEDISH,,SABBATH,600,0,600,new,,paid,completed
2025-11-24,12:00:00,Ralph De Jesus,ADDITIONAL 30 MINS,,SABBATH,300,0,300,new,,paid,completed
2025-11-24,12:00:00,Charle De Jesus,TRADITIONAL HILOT WITH VENTOSA,,SABBATH,1500,0,1500,new,,paid,completed
2025-11-24,12:00:00,Radie De Reg,SWEDISH,,SABBATH,600,120,480,new,,paid,completed
2025-11-24,12:00:00,Nicole Yco,"SABBATH SIGNATURE FOOT, HEAD, NECK & SHOULDER",,SABBATH,750,0,750,new,,paid,completed
2025-11-24,12:00:00,Alcon Mendoza,SABBATH FOOT REFLEX,,SABBATH,600,0,600,new,,paid,completed
2025-11-24,12:00:00,Alcon Mendoza,AROMATHERAPY OIL WITH HERBAL BALL,,SABBATH,1000,0,1000,new,,paid,completed
2025-11-24,12:00:00,Geanne Mendoza,TRADITIONAL HILOT WITH VENTOSA,,SABBATH,1500,0,1500,new,,paid,completed
2025-11-24,12:00:00,Geanne Mendoza,ADDITIONAL 30 MINS,,SABBATH,300,0,300,new,,paid,completed
2025-11-24,12:00:00,Chester Valenzuela,MANICURE,,LE NAILS,150,0,150,new,,paid,completed
2025-11-24,12:00:00,Chester Valenzuela,PEDICURE,,LE NAILS,200,0,200,new,,paid,completed
2025-11-24,12:00:00,Patrick Pineda,MANICURE,,LE NAILS,150,0,150,new,,paid,completed
2025-11-24,12:00:00,Patrick Pineda,PEDICURE,,LE NAILS,200,0,200,new,,paid,completed
2025-11-24,12:00:00,Camille Pineda,MANIGEL ORLY,,LE NAILS,600,0,600,new,,paid,completed
2025-11-24,12:00:00,Camille Pineda,PEDICURE,,LE NAILS,200,0,200,new,,paid,completed
2025-11-25,12:00:00,John Cel Adriano,COMBINATION,,SABBATH,0,0,0,new,,paid,completed
2025-11-25,12:00:00,John Cel Adriano,ADDITIONAL 30 MINS,,SABBATH,300,0,300,new,,paid,completed
2025-11-25,12:00:00,Garry Geronimo,COMBINATION,,SABBATH,0,0,0,new,,paid,completed
2025-11-25,12:00:00,Sherwin Aure,SABBATH PACKAGE 1 w/ comb,,SABBATH,2150,0,2150,new,,paid,completed
2025-11-25,12:00:00,Sherwin Aure,ADDITIONAL 30 MINS,,SABBATH,300,0,300,new,,paid,completed
2025-11-25,12:00:00,Marj Aure,SABBATH PACKAGE 1 w/ comb,,SABBATH,2150,0,2150,new,,paid,completed
2025-11-25,12:00:00,Marj Aure,ADDITIONAL 30 MINS,,SABBATH,300,0,300,new,,paid,completed
2025-11-25,12:00:00,Aileen Aure,COMBINATION,,SABBATH,0,0,0,new,,paid,completed
2025-11-25,12:00:00,Aileen Aure,"HEAD, BACK & SHOULDER",,SABBATH,0,0,0,new,,paid,completed
2025-11-25,12:00:00,Jeff Genarda,COMBINATION,,SABBATH,0,0,0,new,,paid,completed
2025-11-25,12:00:00,Jeff Genarda,"HEAD, BACK & SHOULDER",,SABBATH,0,0,0,new,,paid,completed
2025-11-25,12:00:00,Avery Aguelo,SABBATH SIGNATURE,,SABBATH,1000,0,1000,new,,paid,completed
2025-11-25,12:00:00,Charles Custodio,COMBINATION,,SABBATH,0,0,0,new,,paid,completed
2025-11-25,12:00:00,Charles Custodio,"HEAD, BACK & SHOULDER",,SABBATH,0,0,0,new,,paid,completed
2025-11-25,12:00:00,Mark Aure,SWEDISH,,SABBATH,600,0,600,new,,paid,completed
2025-11-25,12:00:00,Mark Aure,"HEAD, BACK & SHOULDER",,SABBATH,0,0,0,new,,paid,completed
2025-11-25,12:00:00,Joey Aguello,SWEDISH,,SABBATH,600,0,600,new,,paid,completed
2025-11-25,12:00:00,Joey Aguello,"HEAD, BACK & SHOULDER",,SABBATH,0,0,0,new,,paid,completed
2025-11-25,12:00:00,Mylene Aguello,SWEDISH,,SABBATH,600,0,600,new,,paid,completed
2025-11-25,12:00:00,Mylene Aguello,"HEAD, BACK & SHOULDER",,SABBATH,0,0,0,new,,paid,completed
2025-11-25,12:00:00,Christel Pangan,SWEDISH,,SABBATH,600,600,0,new,,paid,completed
2025-11-25,12:00:00,Abegail Baldomero,COMBINATION,,SABBATH,0,0,0,new,,paid,completed
2025-11-25,12:00:00,Abegail Baldomero,ADDITIONAL 30 MINS,,SABBATH,300,0,300,new,,paid,completed
2025-11-25,12:00:00,Ivan Baldomero,COMBINATION,,SABBATH,0,0,0,new,,paid,completed
2025-11-25,12:00:00,Ivan Baldomero,ADDITIONAL 30 MINS,,SABBATH,300,0,300,new,,paid,completed
2025-11-25,12:00:00,Melanie Vismonte,SWEDISH,,SABBATH,600,0,600,new,,paid,completed
2025-11-25,12:00:00,Liza Carlos,SWEDISH,,SABBATH,600,0,600,new,,paid,completed
2025-11-25,12:00:00,John Cel Adriano,PACKAGE A,,LE NAILS,0,0,0,new,,paid,completed
2025-11-25,12:00:00,Abegail Baldomero,SOFT GEL NAIL EXTENSION,,LE NAILS,800,0,800,new,,paid,completed
2025-11-25,12:00:00,Abegail Baldomero,NAIL GEL REMOVER,,LE NAILS,150,0,150,new,,paid,completed
2025-11-26,12:00:00,Pauline Poblete,SABBATH PACKAGE 1,,SABBATH,2000,0,2000,new,,paid,completed
2025-11-26,12:00:00,Raymond Poblete,SABBATH PACKAGE 1,,SABBATH,2000,0,2000,new,,paid,completed
2025-11-26,12:00:00,Jonathan Farinas,COMBINATION,,SABBATH,0,0,0,new,,paid,completed
2025-11-26,12:00:00,Mary Grace Farinas,COMBINATION,,SABBATH,0,0,0,new,,paid,completed
2025-11-26,12:00:00,Divinia Iso,SABBATH PACKAGE 1,,SABBATH,2000,2000,0,new,,paid,completed
2025-11-26,12:00:00,Ashley Magpayo,COMBINATION,,SABBATH,0,0,0,new,,paid,completed
2025-11-26,12:00:00,Arvin Magpayo,COMBINATION,,SABBATH,0,0,0,new,,paid,completed
2025-11-27,12:00:00,Alexander Batom,TRADITIONAL HILOT WITH VENTOSA,,SABBATH,1500,0,1500,new,,paid,completed
2025-11-27,12:00:00,Alexander Batom,ADDITIONAL 30 MINS,,SABBATH,300,0,300,new,,paid,completed
2025-11-27,12:00:00,Ledivine Batom,TRADITIONAL HILOT WITH VENTOSA,,SABBATH,1500,0,1500,new,,paid,completed
2025-11-27,12:00:00,Ledivine Batom,ADDITIONAL 30 MINS,,SABBATH,300,0,300,new,,paid,completed
2025-11-27,12:00:00,Zyrheen Shin Estrella,COMBINATION,,SABBATH,0,0,0,new,,paid,completed
2025-11-27,12:00:00,Edwin Estrella,COMBINATION,,SABBATH,0,0,0,new,,paid,completed
2025-11-27,12:00:00,Rhea Estrella,COMBINATION,,SABBATH,0,0,0,new,,paid,completed
2025-11-27,12:00:00,Wenkie Malinao,SWEDISH,,SABBATH,600,0,600,new,,paid,completed
2025-11-27,12:00:00,Jaycris Bisco,COMBINATION,,SABBATH,0,0,0,new,,paid,completed
2025-11-27,12:00:00,Ferdinand Paulino,"HEAD, BACK & SHOULDER",,SABBATH,0,0,0,new,,paid,completed
2025-11-27,12:00:00,April Manansala,"HEAD, BACK & SHOULDER",,SABBATH,0,0,0,new,,paid,completed
2025-11-27,12:00:00,Jonna Paula Relleve,"HEAD, BACK & SHOULDER",,SABBATH,0,0,0,new,,paid,completed
2025-11-27,12:00:00,Shella Grace Boragay,"HEAD, BACK & SHOULDER",,SABBATH,0,0,0,new,,paid,completed
2025-11-27,12:00:00,Jeremy Mendoza,"HEAD, BACK & SHOULDER",,SABBATH,0,0,0,new,,paid,completed
2025-11-27,12:00:00,Daryl Raven Boragay,"HEAD, BACK & SHOULDER",,SABBATH,0,0,0,new,,paid,completed
2025-11-27,12:00:00,Psalm Pascual,COMBINATION,,SABBATH,0,0,0,new,,paid,completed
2025-11-27,12:00:00,Cristine TIongson,COMBINATION,,SABBATH,0,0,0,new,,paid,completed
2025-11-27,12:00:00,Pauline Pascual,COMBINATION,,SABBATH,0,0,0,new,,paid,completed
2025-11-28,12:00:00,Michael Reyes,SABBATH FOOT REFLEX,,SABBATH,600,600,0,new,,paid,completed
2025-11-28,12:00:00,Michael Reyes,SWEDISH,,SABBATH,600,600,0,new,,paid,completed
2025-11-28,12:00:00,EJ Roxas,SWEDISH,,SABBATH,600,0,600,new,,paid,completed
2025-11-28,12:00:00,Pia Roxas,SWEDISH,,SABBATH,600,0,600,new,,paid,completed
2025-11-28,12:00:00,Olivia Roxas,GROWTH,,SABBATH,500,0,500,new,,paid,completed
2025-11-28,12:00:00,Angela Capule,COMBINATION,,SABBATH,0,0,0,new,,paid,completed
2025-11-28,12:00:00,Joven Capule,COMBINATION,,SABBATH,0,0,0,new,,paid,completed
2025-11-28,12:00:00,Raphael Valerio,SWEDISH,,SABBATH,600,0,600,new,,paid,completed
2025-11-28,12:00:00,Ella Pan,TRADITIONAL HILOT WITH VENTOSA,,SABBATH,1500,0,1500,new,,paid,completed
2025-11-28,12:00:00,Eric Pan,TRADITIONAL HILOT WITH VENTOSA,,SABBATH,1500,0,1500,new,,paid,completed
2025-11-28,12:00:00,Leigh Quetua,SWEDISH,,SABBATH,600,600,0,new,,paid,completed
2025-11-28,12:00:00,Kim Quetua,SWEDISH,,SABBATH,600,600,0,new,,paid,completed
2025-11-28,12:00:00,Ron Castro,SABBATH PACKAGE 1,,SABBATH,2000,0,2000,new,,paid,completed
2025-11-28,12:00:00,Charisse Castro,SABBATH PACKAGE 1,,SABBATH,2000,0,2000,new,,paid,completed
2025-11-28,12:00:00,Krys Aniag,COMBINATION,,SABBATH,0,0,0,new,,paid,completed
2025-11-28,12:00:00,Krys Aniag,ADDITIONAL 30 MINS,,SABBATH,300,0,300,new,,paid,completed
2025-11-28,12:00:00,Christel Pangan,SWEDISH,,SABBATH,600,600,0,new,,paid,completed
2025-11-28,12:00:00,Laila Garcia,AROMATHERAPY OIL WITH HERBAL BALL,,SABBATH,1000,0,1000,new,,paid,completed
2025-11-28,12:00:00,Ace Mateo,SWEDISH,,SABBATH,600,0,600,new,,paid,completed
2025-11-28,12:00:00,Ron Castro,MANICURE,,LE NAILS,150,0,150,new,,paid,completed
2025-11-28,12:00:00,Ron Castro,PEDICURE,,LE NAILS,200,0,200,new,,paid,completed
2025-11-28,12:00:00,Lyla Garcia,MANIGEL ORLY,,LE NAILS,600,0,600,new,,paid,completed
2025-11-28,12:00:00,Lyla Garcia,FULL SET BASIC NAIL ART,,LE NAILS,400,0,400,new,,paid,completed
2025-11-28,12:00:00,Lyla Garcia,FOOT SPA,,LE NAILS,0,0,0,new,,paid,completed
2025-11-28,12:00:00,Lyla Garcia,PEDICURE,,LE NAILS,200,0,200,new,,paid,completed
2025-11-28,12:00:00,Lyla Garcia,PACKAGE A,,LE NAILS,0,0,0,new,,paid,completed
2025-11-28,12:00:00,Michaella Valerio,PEDICURE,,LE NAILS,200,0,200,new,,paid,completed
2025-11-28,12:00:00,Michaella Valerio,REGULAR POLISH,,LE NAILS,0,0,0,new,,paid,completed
2025-11-28,12:00:00,Venus Miranda,PEDICURE,,LE NAILS,200,0,200,new,,paid,completed
2025-11-28,12:00:00,Venus Miranda,REGULAR POLISH,,LE NAILS,0,0,0,new,,paid,completed
2025-11-28,12:00:00,Venus Miranda,FOOT SPA,,LE NAILS,0,0,0,new,,paid,completed
2025-11-28,12:00:00,Manilyn Sanchez,SOFT GEL NAIL EXTENSION,,LE NAILS,800,80,720,new,,paid,completed
2025-11-28,12:00:00,Manilyn Sanchez,SOFT GEL NAIL EXTENSION,,LE NAILS,800,80,720,new,,paid,completed
2025-11-28,12:00:00,Manilyn Sanchez,Gel Polish,,LE NAILS,100,10,90,new,,paid,completed
2025-11-28,12:00:00,Manilyn Sanchez,Gel Polish,,LE NAILS,100,10,90,new,,paid,completed
2025-11-28,12:00:00,Michael Reyes,PEDICURE,,LE NAILS,200,20,180,new,,paid,completed
2025-11-29,12:00:00,Chloe Anne Devera,SABBATH PACKAGE 1,,SABBATH,2000,0,2000,new,,paid,completed
2025-11-29,12:00:00,Christian Castro,SABBATH PACKAGE 1,,SABBATH,2000,0,2000,new,,paid,completed
2025-11-29,12:00:00,Constantino Dela Cruz Jr,SWEDISH,,SABBATH,600,0,600,new,,paid,completed
2025-11-29,12:00:00,Cecilia Bautista,SWEDISH,,SABBATH,600,0,600,new,,paid,completed
2025-11-29,12:00:00,Ian Paolo Francisco,COMBINATION,,SABBATH,0,0,0,new,,paid,completed
2025-11-29,12:00:00,Riza Fujita,COMBINATION,,SABBATH,0,0,0,new,,paid,completed
2025-11-29,12:00:00,Shigeaki Fujita,COMBINATION,,SABBATH,0,0,0,new,,paid,completed
2025-11-29,12:00:00,Raxline Pascual,SABBATH FOOT REFLEX,,SABBATH,600,0,600,new,,paid,completed
2025-11-29,12:00:00,Juanito Jerome Pascual,SWEDISH,,SABBATH,600,0,600,new,,paid,completed
2025-11-29,12:00:00,Aileen Francisco,COMBINATION,,SABBATH,0,0,0,new,,paid,completed
2025-11-29,12:00:00,Danilo Pulumbarit,COMBINATION,,SABBATH,0,0,0,new,,paid,completed
2025-11-29,12:00:00,Owen Pascual,TRADITIONAL HILOT WITH VENTOSA,,SABBATH,1500,0,1500,new,,paid,completed
2025-11-29,12:00:00,Alfie Pascual,TRADITIONAL HILOT WITH VENTOSA,,SABBATH,1500,0,1500,new,,paid,completed
2025-11-29,12:00:00,Angel Roswell Buenaventura,SWEDISH,,SABBATH,600,0,600,new,,paid,completed
2025-11-29,12:00:00,Shiela Buenaventura,SWEDISH,,SABBATH,600,0,600,new,,paid,completed
2025-11-29,12:00:00,Ed Buenaventura,SWEDISH,,SABBATH,600,0,600,new,,paid,completed
2025-11-29,12:00:00,Ricardo Buenaventura,SWEDISH,,SABBATH,600,0,600,new,,paid,completed
2025-11-29,12:00:00,Lhot Bueaventura,SWEDISH,,SABBATH,600,0,600,new,,paid,completed
2025-11-29,12:00:00,Hannah Buenaventura,SHIATSU,,SABBATH,0,0,0,new,,paid,completed
2025-11-29,12:00:00,Jimmy Yambao,SWEDISH,,SABBATH,600,0,600,new,,paid,completed
2025-11-29,12:00:00,Evangeline Buenaventura,SWEDISH,,SABBATH,600,0,600,new,,paid,completed
2025-11-29,12:00:00,Nicole Buenaventura,SWEDISH,,SABBATH,600,0,600,new,,paid,completed
2025-11-29,12:00:00,Mark Buenaventura,SWEDISH,,SABBATH,600,0,600,new,,paid,completed
2025-11-29,12:00:00,Orlando Buenaventura,SWEDISH,,SABBATH,600,0,600,new,,paid,completed
2025-11-29,12:00:00,Peter John Vistan,SWEDISH,,SABBATH,600,0,600,new,,paid,completed
2025-11-29,12:00:00,Annalyn Vistan,SWEDISH,,SABBATH,600,0,600,new,,paid,completed
2025-11-29,12:00:00,John Matthew Buenaventura,SWEDISH,,SABBATH,600,0,600,new,,paid,completed
2025-11-29,12:00:00,Nino Lopez,COMBINATION,,SABBATH,0,0,0,new,,paid,completed
2025-11-29,12:00:00,Nino Lopez,ADDITIONAL 30 MINS,,SABBATH,300,0,300,new,,paid,completed
2025-11-29,12:00:00,Geonell Dela Cruz,SABBATH SIGNATURE,,SABBATH,1000,0,1000,new,,paid,completed
2025-11-29,12:00:00,Paula Dela Cruz,SABBATH SIGNATURE,,SABBATH,1000,0,1000,new,,paid,completed
2025-11-29,12:00:00,Pauline Castillo,COMBINATION,,SABBATH,0,0,0,new,,paid,completed
2025-11-29,12:00:00,Treb Paule,COMBINATION,,SABBATH,0,0,0,new,,paid,completed
2025-11-29,12:00:00,Treb Paule,ADDITIONAL 30 MINS,,SABBATH,300,0,300,new,,paid,completed
2025-11-29,12:00:00,Abby Boyles,SABBATH SIGNATURE,,SABBATH,1000,0,1000,new,,paid,completed
2025-11-29,12:00:00,Gil Sayo,SWEDISH,,SABBATH,600,0,600,new,,paid,completed
2025-11-29,12:00:00,Vivian Siccuan,COMBINATION,,SABBATH,0,0,0,new,,paid,completed
2025-11-29,12:00:00,Vivian Siccuan,ADDITIONAL 30 MINS,,SABBATH,300,0,300,new,,paid,completed
2025-11-29,12:00:00,Darryl Park,PACKAGE A,,LE NAILS,0,0,0,new,,paid,completed
2025-11-29,12:00:00,Darryl Park,Gel Polish,,LE NAILS,100,0,100,new,,paid,completed
2025-11-29,12:00:00,Darryl Park,Gel Polish,,LE NAILS,100,0,100,new,,paid,completed
2025-11-29,12:00:00,Grachelle Gallardo,PACKAGE A,,LE NAILS,0,0,0,new,,paid,completed
2025-11-29,12:00:00,Grachelle Gallardo,REGULAR POLISH,,LE NAILS,0,0,0,new,,paid,completed
2025-11-29,12:00:00,Grachelle Gallardo,REGULAR POLISH,,LE NAILS,0,0,0,new,,paid,completed
2025-11-29,12:00:00,Patrick Vistan,FOOT SPA,,LE NAILS,0,0,0,new,,paid,completed
2025-11-29,12:00:00,Danilo Pulumbarit,PACKAGE A,,LE NAILS,0,0,0,new,,paid,completed
2025-11-29,12:00:00,Danilo Pulumbarit,PACKAGE A,,LE NAILS,0,0,0,new,,paid,completed
2025-11-29,12:00:00,Danilo Pulumbarit,REGULAR POLISH,,LE NAILS,0,0,0,new,,paid,completed
2025-11-29,12:00:00,Danilo Pulumbarit,REGULAR POLISH,,LE NAILS,0,0,0,new,,paid,completed
2025-11-29,12:00:00,Gracie Denaga,MANICURE,,LE NAILS,150,0,150,new,,paid,completed
2025-11-29,12:00:00,Gracie Denaga,FOOT SPA,,LE NAILS,0,0,0,new,,paid,completed
2025-11-29,12:00:00,Gracie Denaga,FOOT SPA,,LE NAILS,0,0,0,new,,paid,completed
2025-11-29,12:00:00,Gracie Denaga,FOOT SPA,,LE NAILS,0,0,0,new,,paid,completed
2025-11-29,12:00:00,Gracie Denaga,PEDIGEL CUCCIO,,LE NAILS,550,0,550,new,,paid,completed
2025-11-29,12:00:00,Gracie Denaga,FOOT MASSAGE,,LE NAILS,350,0,350,new,,paid,completed
2025-11-29,12:00:00,Gracie Denaga,FOOT MASSAGE,,LE NAILS,350,0,350,new,,paid,completed
2025-11-29,12:00:00,Gracie Denaga,SABBATH FOOT REFLEX,,SABBATH,600,0,600,new,,paid,completed
2025-11-29,12:00:00,Constantino Dela Cruz Jr,FOOT SPA,,LE NAILS,0,0,0,new,,paid,completed
2025-11-29,12:00:00,Constantino Dela Cruz Jr,UNDERARMS MALE,,LE NAILS,300,0,300,new,,paid,completed
2025-11-30,12:00:00,Prince Trinidad,SABBATH PACKAGE 1,,SABBATH,2000,1000,1000,new,,paid,completed
2025-11-30,12:00:00,Jerimie Guinoo,SABBATH PACKAGE 1,,SABBATH,2000,2000,0,new,,paid,completed
2025-11-30,12:00:00,Ma'am Vernie,SABBATH SIGNATURE,,SABBATH,1000,0,1000,new,,paid,completed
2025-11-30,12:00:00,Russel Florano,SWEDISH,,SABBATH,600,0,600,new,,paid,completed
2025-11-30,12:00:00,Roxy Florano,SWEDISH,,SABBATH,600,0,600,new,,paid,completed
2025-11-30,12:00:00,Merlita Ortega,SWEDISH,,SABBATH,600,0,600,new,,paid,completed
2025-11-30,12:00:00,Dorcelyn Pascual,COMBINATION,,SABBATH,0,0,0,new,,paid,completed
2025-11-30,12:00:00,Zaver Jb Pascual,COMBINATION,,SABBATH,0,0,0,new,,paid,completed
2025-11-30,12:00:00,Suzeth De Guzman,COMBINATION W/ HOT STONE,,SABBATH,0,0,0,new,,paid,completed
2025-11-30,12:00:00,Jane Aquino,COMBINATION W/ HOT STONE,,SABBATH,0,0,0,new,,paid,completed
2025-11-30,12:00:00,Joy Borlongan,SWEDISH,,SABBATH,600,0,600,new,,paid,completed
2025-11-30,12:00:00,King Borlongan,SWEDISH,,SABBATH,600,0,600,new,,paid,completed
2025-11-30,12:00:00,Glen Mori De Leon,SWEDISH,,SABBATH,600,0,600,new,,paid,completed
2025-11-30,12:00:00,Joeven De Leon,SWEDISH,,SABBATH,600,0,600,new,,paid,completed
2025-11-30,12:00:00,Fernando Juan,SWEDISH,,SABBATH,600,0,600,new,,paid,completed
2025-11-30,12:00:00,Miles Juan,SWEDISH,,SABBATH,600,0,600,new,,paid,completed
2025-11-30,12:00:00,Danilo De Leon,SWEDISH,,SABBATH,600,0,600,new,,paid,completed
2025-11-30,12:00:00,Radie De Regala,SWEDISH,,SABBATH,600,120,480,new,,paid,completed
2025-11-30,12:00:00,John Eric Yumul,TRADITIONAL HILOT WITH VENTOSA,,SABBATH,1500,0,1500,new,,paid,completed
2025-11-30,12:00:00,Lorie Yumul,COMBINATION,,SABBATH,0,0,0,new,,paid,completed
2025-11-30,12:00:00,Lorie Yumul,ADDITIONAL 30 MINS,,SABBATH,300,0,300,new,,paid,completed
2025-11-30,12:00:00,Elaine Ariola,COMBINATION,,SABBATH,0,0,0,new,,paid,completed
2025-11-30,12:00:00,Elaine Ariola,ADDITIONAL 30 MINS,,SABBATH,300,0,300,new,,paid,completed
2025-11-30,12:00:00,Jericho De Guia,COMBINATION,,SABBATH,0,0,0,new,,paid,completed
2025-11-30,12:00:00,Jericho De Guia,ADDITIONAL 30 MINS,,SABBATH,300,0,300,new,,paid,completed
2025-11-30,12:00:00,Angela Calilap,SWEDISH,,SABBATH,600,0,600,new,,paid,completed
2025-11-30,12:00:00,Maria Jesusa Calilap,SWEDISH,,SABBATH,600,0,600,new,,paid,completed
2025-11-30,12:00:00,Christel Pangan,SWEDISH,,SABBATH,600,600,0,new,,paid,completed
2025-11-30,12:00:00,Merlita Ortega,PACKAGE A,,LE NAILS,0,0,0,new,,paid,completed
2025-11-30,12:00:00,Merlita Ortega,REGULAR POLISH,,LE NAILS,0,0,0,new,,paid,completed
2025-11-30,12:00:00,Merlita Ortega,REGULAR POLISH,,LE NAILS,0,0,0,new,,paid,completed
2025-11-30,12:00:00,Michelle Usi,MANICURE,,LE NAILS,150,0,150,new,,paid,completed
2025-11-30,12:00:00,Michelle Usi,PEDICURE,,LE NAILS,200,0,200,new,,paid,completed
2025-11-30,12:00:00,Michelle Usi,PACKAGE C,,LE NAILS,0,0,0,new,,paid,completed
2025-11-30,12:00:00,Michelle Usi,REGULAR POLISH,,LE NAILS,0,0,0,new,,paid,completed
2025-11-30,12:00:00,Michelle Usi,REGULAR POLISH,,LE NAILS,0,0,0,new,,paid,completed
2025-11-30,12:00:00,Michelle Usi,REGULAR POLISH,,LE NAILS,0,0,0,new,,paid,completed
2025-11-30,12:00:00,Ma'am Vernie,MANIGEL ORLY,,LE NAILS,600,0,600,new,,paid,completed
2025-11-30,12:00:00,Ma'am Vernie,FOOT SPA,,LE NAILS,0,0,0,new,,paid,completed
2025-11-30,12:00:00,Ma'am Vernie,PACKAGE F,,LE NAILS,1250,0,1250,new,,paid,completed
2025-12-01,12:00:00,Ena Claur,SWEDISH,,SABBATH,600,0,600,new,,paid,completed
2025-12-01,12:00:00,Jonathan Ipong,SWEDISH,,SABBATH,600,0,600,new,,paid,completed
2025-12-01,12:00:00,Ricca Del Rosario,SABBATH SIGNATURE,,SABBATH,1000,0,1000,new,,paid,completed
2025-12-01,12:00:00,Lionel Del Rosario,SABBATH SIGNATURE,,SABBATH,1000,0,1000,new,,paid,completed
2025-12-01,12:00:00,Chari RIvera,COMBINATION,,SABBATH,0,0,0,new,,paid,completed
2025-12-01,12:00:00,Chari RIvera,ADDITIONAL 30 MINS,,SABBATH,300,0,300,new,,paid,completed
2025-12-01,12:00:00,Jaybee Rivera,COMBINATION,,SABBATH,0,0,0,new,,paid,completed
2025-12-01,12:00:00,Jaybee Rivera,ADDITIONAL 30 MINS,,SABBATH,300,0,300,new,,paid,completed
2025-12-01,12:00:00,Grace Dungo,COMBINATION,,SABBATH,0,0,0,new,,paid,completed
2025-12-01,12:00:00,Jose Dungo,COMBINATION,,SABBATH,0,0,0,new,,paid,completed
2025-12-01,12:00:00,Jea Dungo,COMBINATION,,SABBATH,0,0,0,new,,paid,completed
2025-12-01,12:00:00,Gella Serenilla,COMBINATION,,SABBATH,0,0,0,new,,paid,completed
2025-12-01,12:00:00,Jorie Villanueva,TRADITIONAL HILOT WITH VENTOSA,,SABBATH,1500,0,1500,new,,paid,completed
2025-12-01,12:00:00,Jorie Villanueva,ADDITIONAL 30 MINS,,SABBATH,300,0,300,new,,paid,completed
2025-12-01,12:00:00,Gina Mae Bunca,SWEDISH,,SABBATH,600,0,600,new,,paid,completed
2025-12-01,12:00:00,Erlinda Pahati,SWEDISH,,SABBATH,600,0,600,new,,paid,completed
2025-12-01,12:00:00,Miguel Pahati,SWEDISH,,SABBATH,600,0,600,new,,paid,completed
2025-12-01,12:00:00,Estella Adriano,SWEDISH,,SABBATH,600,0,600,new,,paid,completed
2025-12-01,12:00:00,Alvin Adriano,SWEDISH,,SABBATH,600,0,600,new,,paid,completed
2025-12-01,12:00:00,Christine Goron,SABBATH SIGNATURE,,SABBATH,1000,0,1000,new,,paid,completed
2025-12-01,12:00:00,Viela Cabaral,SABBATH SIGNATURE,,SABBATH,1000,0,1000,new,,paid,completed
2025-12-01,12:00:00,John Dale Gumba,"HEAD, BACK & SHOULDER",,SABBATH,0,0,0,new,,paid,completed
2025-12-02,12:00:00,Jan Kathleen Ramos,COMBINATION,,SABBATH,0,0,0,new,,paid,completed
2025-12-02,12:00:00,Sean Michael De Castro,COMBINATION,,SABBATH,0,0,0,new,,paid,completed
2025-12-02,12:00:00,Mercy Lising,COMBINATION,,SABBATH,0,0,0,new,,paid,completed
2025-12-02,12:00:00,Michael Balisi,SABBATH PACKAGE 1,,SABBATH,2000,0,2000,new,,paid,completed
2025-12-02,12:00:00,Andrea Concepcion,SABBATH PACKAGE 1,,SABBATH,2000,0,2000,new,,paid,completed
2025-12-02,12:00:00,Lesly Pujante,COMBINATION,,SABBATH,0,0,0,new,,paid,completed
2025-12-02,12:00:00,Lesly Pujante,ADDITIONAL 30 MINS,,SABBATH,300,0,300,new,,paid,completed
2025-12-02,12:00:00,Joyce Bernardino,SABBATH FOOT REFLEX,,SABBATH,600,0,600,new,,paid,completed
2025-12-02,12:00:00,Marlon Valenzuela,TRADITIONAL HILOT WITH VENTOSA,,SABBATH,1500,0,1500,new,,paid,completed
2025-12-02,12:00:00,Jhen Valenzuela,TRADITIONAL HILOT WITH VENTOSA,,SABBATH,1500,0,1500,new,,paid,completed
2025-12-02,12:00:00,Edgardo Gone,SWEDISH,,SABBATH,600,0,600,new,,paid,completed
2025-12-02,12:00:00,Marites Gone,SWEDISH,,SABBATH,600,0,600,new,,paid,completed
2025-12-02,12:00:00,Edshayne Gone,SWEDISH,,SABBATH,600,0,600,new,,paid,completed
2025-12-02,12:00:00,John Paul Tenorio,SWEDISH,,SABBATH,600,0,600,new,,paid,completed
2025-12-02,12:00:00,Vincent Siccuantes,COMBINATION,,SABBATH,0,0,0,new,,paid,completed
2025-12-02,12:00:00,Mitch Carlos,SWEDISH,,SABBATH,600,0,600,new,,paid,completed
2025-12-02,12:00:00,Nani Carlos,TRADITIONAL HILOT WITH VENTOSA,,SABBATH,1500,0,1500,new,,paid,completed
2025-12-02,12:00:00,Macky Gerona,SWEDISH,,SABBATH,600,0,600,new,,paid,completed
2025-12-02,12:00:00,Rawan Burgos,SWEDISH,,SABBATH,600,0,600,new,,paid,completed
2025-12-02,12:00:00,Marivic Gerona,SWEDISH,,SABBATH,600,0,600,new,,paid,completed
2025-12-02,12:00:00,Wilfred Cho,SWEDISH,,SABBATH,600,0,600,new,,paid,completed
2025-12-02,12:00:00,Wilfred Cho,ADDITIONAL 30 MINS,,SABBATH,300,0,300,new,,paid,completed
2025-12-02,12:00:00,Milita Cho,SWEDISH,,SABBATH,600,0,600,new,,paid,completed
2025-12-02,12:00:00,Milita Cho,ADDITIONAL 30 MINS,,SABBATH,300,0,300,new,,paid,completed
2025-12-02,12:00:00,Alex Milan,SABBATH SIGNATURE,,SABBATH,1000,0,1000,new,,paid,completed
2025-12-02,12:00:00,Anton Pascual,COMBINATION,,SABBATH,0,0,0,new,,paid,completed
2025-12-02,12:00:00,Abegail Laquindanum,AROMATHERAPY OIL WITH HERBAL BALL,,SABBATH,1000,0,1000,new,,paid,completed
2025-12-03,12:00:00,Ruth Robinson,SWEDISH,,SABBATH,600,0,600,new,,paid,completed
2025-12-03,12:00:00,Julie Ann Dela Cruz,SWEDISH,,SABBATH,600,0,600,new,,paid,completed
2025-12-03,12:00:00,Ben Calayag,COMBINATION,,SABBATH,0,0,0,new,,paid,completed
2025-12-03,12:00:00,Chino Ahorro,COMBINATION,,SABBATH,0,0,0,new,,paid,completed
2025-12-03,12:00:00,Jr Pascual,COMBINATION,,SABBATH,0,0,0,new,,paid,completed
2025-12-03,12:00:00,Jimmy Yambao,SWEDISH,,SABBATH,600,0,600,new,,paid,completed
2025-12-03,12:00:00,Angelica Rodriguez,POST & PRE NATAL W/ LACTATION,,SABBATH,2000,0,2000,new,,paid,completed
2025-12-03,12:00:00,Chona Clemente,COMBINATION,,SABBATH,0,0,0,new,,paid,completed
2025-12-03,12:00:00,Jessie Miclat,COMBINATION,,SABBATH,0,0,0,new,,paid,completed
2025-12-03,12:00:00,Jeorge Bautista,SWEDISH,,SABBATH,600,0,600,new,,paid,completed
2025-12-03,12:00:00,Aime Bautista,SWEDISH,,SABBATH,600,0,600,new,,paid,completed
2025-12-03,12:00:00,Kat Lising,"SABBATH SIGNATURE FOOT, HEAD, NECK & SHOULDER",,SABBATH,750,0,750,new,,paid,completed
2025-12-03,12:00:00,Jenina Gonzales,"SABBATH SIGNATURE FOOT, HEAD, NECK & SHOULDER",,SABBATH,750,0,750,new,,paid,completed
2025-12-03,12:00:00,Cj Caluag,SWEDISH,,SABBATH,600,600,0,new,,paid,completed
2025-12-03,12:00:00,Christel Pangan,SWEDISH,,SABBATH,600,600,0,new,,paid,completed
2025-12-03,12:00:00,Charles Absalon,COMBINATION,,SABBATH,0,0,0,new,,paid,completed
2025-12-03,12:00:00,Charles Absalon,ADDITIONAL 30 MINS,,SABBATH,300,0,300,new,,paid,completed
2025-12-03,12:00:00,Lorraine Caluag,SWEDISH,,SABBATH,600,0,600,new,,paid,completed
2025-12-03,12:00:00,Sheryl Dela Cruz,TRADITIONAL HILOT WITH VENTOSA,,SABBATH,1500,0,1500,new,,paid,completed
2025-12-03,12:00:00,Sheryl Dela Cruz,MANICURE,,LE NAILS,150,0,150,new,,paid,completed
2025-12-03,12:00:00,Sheryl Dela Cruz,MANICURE,,LE NAILS,150,0,150,new,,paid,completed
2025-12-03,12:00:00,Sheryl Dela Cruz,PEDICURE,,LE NAILS,200,0,200,new,,paid,completed
2025-12-03,12:00:00,Ruth Robinson,PEDICURE,,LE NAILS,200,0,200,new,,paid,completed
2025-12-03,12:00:00,Ruth Robinson,PACKAGE A,,LE NAILS,0,0,0,new,,paid,completed
2025-12-03,12:00:00,Ruth Robinson,REGULAR POLISH,,LE NAILS,0,0,0,new,,paid,completed
2025-12-03,12:00:00,Ruth Robinson,REGULAR POLISH,,LE NAILS,0,0,0,new,,paid,completed
2025-12-03,12:00:00,Ruth Robinson,REGULAR POLISH,,LE NAILS,0,0,0,new,,paid,completed
2025-12-03,12:00:00,Chino Ahorro,PACKAGE A,,LE NAILS,0,0,0,new,,paid,completed
2025-12-03,12:00:00,Ara Grace Solana,MANICURE,,LE NAILS,150,0,150,new,,paid,completed
2025-12-03,12:00:00,Ara Grace Solana,PEDICURE,,LE NAILS,200,0,200,new,,paid,completed
2025-12-04,12:00:00,Jocelyn Tripole,SWEDISH,,SABBATH,600,0,600,new,,paid,completed
2025-12-04,12:00:00,Jerome Tripole,SWEDISH,,SABBATH,600,0,600,new,,paid,completed
2025-12-04,12:00:00,Nina Tolentino,"HEAD, BACK & SHOULDER",,SABBATH,0,0,0,new,,paid,completed
2025-12-04,12:00:00,Lieza Valenzuela,COMBINATION,,SABBATH,0,0,0,new,,paid,completed
2025-12-04,12:00:00,Ramil Viciano,COMBINATION,,SABBATH,0,0,0,new,,paid,completed
2025-12-04,12:00:00,Elaine Espela,SABBATH SIGNATURE,,SABBATH,1000,0,1000,new,,paid,completed
2025-12-04,12:00:00,Ed Santiago,SABBATH SIGNATURE,,SABBATH,1000,0,1000,new,,paid,completed
2025-12-04,12:00:00,Rene Reyes,SWEDISH,,SABBATH,600,0,600,new,,paid,completed
2025-12-04,12:00:00,Des Reyes,SWEDISH,,SABBATH,600,0,600,new,,paid,completed
2025-12-04,12:00:00,Cathy Aguilar,MANICURE,,LE NAILS,150,0,150,new,,paid,completed
2025-12-04,12:00:00,Cathy Aguilar,REGULAR POLISH,,LE NAILS,0,0,0,new,,paid,completed
2025-12-05,12:00:00,Eliza Marcelo,SWEDISH,,SABBATH,600,0,600,new,,paid,completed
2025-12-05,12:00:00,Jordan Gatchalian,SWEDISH,,SABBATH,600,0,600,new,,paid,completed
2025-12-05,12:00:00,Jessie Bernardo,SWEDISH,,SABBATH,600,0,600,new,,paid,completed
2025-12-05,12:00:00,Jovie Bernardo,SWEDISH,,SABBATH,600,0,600,new,,paid,completed
2025-12-05,12:00:00,Ella Pan,SWEDISH,,SABBATH,600,0,600,new,,paid,completed
2025-12-05,12:00:00,Eric Pan,COMBINATION,,SABBATH,0,0,0,new,,paid,completed
2025-12-05,12:00:00,Dan Espiritu,COMBINATION,,SABBATH,0,0,0,new,,paid,completed
2025-12-05,12:00:00,Jean Espiritu,SWEDISH,,SABBATH,600,0,600,new,,paid,completed
2025-12-05,12:00:00,Roman Espiritu,COMBINATION,,SABBATH,0,0,0,new,,paid,completed
2025-12-05,12:00:00,Roman Espiritu,ADDITIONAL 30 MINS,,SABBATH,300,0,300,new,,paid,completed
2025-12-05,12:00:00,Rhian Espiritu,COMBINATION,,SABBATH,0,0,0,new,,paid,completed
2025-12-05,12:00:00,Rhian Espiritu,ADDITIONAL 30 MINS,,SABBATH,300,0,300,new,,paid,completed
2025-12-05,12:00:00,Ivone Espiritu,GROWTH,,SABBATH,500,0,500,new,,paid,completed
2025-12-05,12:00:00,Micah Reyes,COMBINATION,,SABBATH,0,0,0,new,,paid,completed
2025-12-05,12:00:00,Mickey Reyes,SHIATSU,,SABBATH,0,0,0,new,,paid,completed
2025-12-05,12:00:00,Gemelo Morales,PACKAGE A,,LE NAILS,0,0,0,new,,paid,completed
2025-12-05,12:00:00,Gemelo Morales,PACKAGE C,,LE NAILS,0,0,0,new,,paid,completed
2025-12-05,12:00:00,Gemelo Morales,REGULAR POLISH,,LE NAILS,0,0,0,new,,paid,completed
2025-12-06,12:00:00,Micah Jumaquio,SABBATH SIGNATURE,,SABBATH,1000,0,1000,new,,paid,completed
2025-12-06,12:00:00,Micah Jumaquio,SABBATH FOOT REFLEX,,SABBATH,600,0,600,new,,paid,completed
2025-12-06,12:00:00,Christian Jumaquio,COMBINATION,,SABBATH,0,0,0,new,,paid,completed
2025-12-06,12:00:00,Christian Jumaquio,ADDITIONAL 30 MINS,,SABBATH,300,0,300,new,,paid,completed
2025-12-06,12:00:00,Christian Jumaquio,SABBATH FOOT REFLEX,,SABBATH,600,0,600,new,,paid,completed
2025-12-06,12:00:00,Sacho Monma,SWEDISH,,SABBATH,600,120,480,new,,paid,completed
2025-12-06,12:00:00,Erin Obrador,SWEDISH,,SABBATH,600,120,480,new,,paid,completed
2025-12-06,12:00:00,Cessa Obrador,SWEDISH,,SABBATH,600,0,600,new,,paid,completed
2025-12-06,12:00:00,Kathleen Felix,SWEDISH,,SABBATH,600,0,600,new,,paid,completed
2025-12-06,12:00:00,Rina Jumaquio,SWEDISH,,SABBATH,600,0,600,new,,paid,completed
2025-12-06,12:00:00,Rading Jumaquio,SWEDISH,,SABBATH,600,0,600,new,,paid,completed
2025-12-06,12:00:00,Gracelle Madrinian,"HEAD, BACK & SHOULDER",,SABBATH,0,0,0,new,,paid,completed
2025-12-06,12:00:00,Joanne Reyes,COMBINATION,,SABBATH,0,0,0,new,,paid,completed
2025-12-06,12:00:00,Michael Scanlon,SWEDISH,,SABBATH,600,0,600,new,,paid,completed
2025-12-06,12:00:00,Ruth Scanlon,SWEDISH,,SABBATH,600,0,600,new,,paid,completed
2025-12-06,12:00:00,Ellen Arellano,SWEDISH,,SABBATH,600,0,600,new,,paid,completed
2025-12-06,12:00:00,Roel Arellano,SWEDISH,,SABBATH,600,0,600,new,,paid,completed
2025-12-06,12:00:00,Mardy Espiritu,SHIATSU,,SABBATH,0,0,0,new,,paid,completed
2025-12-06,12:00:00,Ronel Santiago,COMBINATION,,SABBATH,0,0,0,new,,paid,completed
2025-12-06,12:00:00,Jonah Gutierrez,TRADITIONAL HILOT WITH VENTOSA,,SABBATH,1500,0,1500,new,,paid,completed
2025-12-06,12:00:00,Jonah Gutierrez,ADDITIONAL 30 MINS,,SABBATH,300,0,300,new,,paid,completed
2025-12-06,12:00:00,Maricris Gutierrez,SABBATH SIGNATURE,,SABBATH,1000,0,1000,new,,paid,completed
2025-12-06,12:00:00,Aurelio Madrinian,COMBINATION,,SABBATH,0,0,0,new,,paid,completed
2025-12-06,12:00:00,Cyrus John Candoy,SWEDISH,,SABBATH,600,0,600,new,,paid,completed
2025-12-06,12:00:00,Antonio Barreno,COMBINATION W/ HOT STONE,,SABBATH,0,0,0,new,,paid,completed
2025-12-06,12:00:00,Belinda Barreno,COMBINATION W/ HOT STONE,,SABBATH,0,0,0,new,,paid,completed
2025-12-06,12:00:00,Hannah Leoncio,COMBINATION,,SABBATH,0,0,0,new,,paid,completed
2025-12-06,12:00:00,Hannah Leoncio,ADDITIONAL 30 MINS,,SABBATH,300,0,300,new,,paid,completed
2025-12-06,12:00:00,Christel Pangan,SWEDISH,,SABBATH,600,600,0,new,,paid,completed
2025-12-06,12:00:00,Alvin Lunca,SWEDISH,,SABBATH,600,0,600,new,,paid,completed
2025-12-06,12:00:00,Alvin Lunca,ADDITIONAL 30 MINS,,SABBATH,300,0,300,new,,paid,completed
2025-12-06,12:00:00,Ma. Angelica Lunca,SWEDISH,,SABBATH,600,0,600,new,,paid,completed
2025-12-06,12:00:00,Ma. Angelica Lunca,ADDITIONAL 30 MINS,,SABBATH,300,0,300,new,,paid,completed
2025-12-06,12:00:00,John Dale Gumba,SWEDISH,,SABBATH,600,0,600,new,,paid,completed
2025-12-06,12:00:00,Jonah Gutierrez,FOOT SPA,,LE NAILS,0,0,0,new,,paid,completed
2025-12-06,12:00:00,Gracelle Madrinian,MANICURE,,LE NAILS,150,0,150,new,,paid,completed
2025-12-06,12:00:00,Gracelle Madrinian,PEDICURE,,LE NAILS,200,0,200,new,,paid,completed
2025-12-06,12:00:00,Gracelle Madrinian,MANIGEL ORLY,,LE NAILS,600,0,600,new,,paid,completed
2025-12-06,12:00:00,Gracelle Madrinian,PEDICURE,,LE NAILS,200,0,200,new,,paid,completed
2025-12-06,12:00:00,Gracelle Madrinian,REGULAR POLISH,,LE NAILS,0,0,0,new,,paid,completed
2025-12-06,12:00:00,Angelli Santos,MANICURE,,LE NAILS,150,0,150,new,,paid,completed
2025-12-06,12:00:00,Angelli Santos,PEDICURE,,LE NAILS,200,0,200,new,,paid,completed
2025-12-06,12:00:00,Angelli Santos,PEDICURE,,LE NAILS,200,0,200,new,,paid,completed
2025-12-06,12:00:00,Angelli Santos,REGULAR POLISH,,LE NAILS,0,0,0,new,,paid,completed
2025-12-06,12:00:00,Angelli Santos,FOOT SPA,,LE NAILS,0,0,0,new,,paid,completed
2025-12-06,12:00:00,Joanne Reyes,PACKAGE C,,LE NAILS,0,0,0,new,,paid,completed
2025-12-06,12:00:00,Joanne Reyes,REGULAR POLISH,,LE NAILS,0,0,0,new,,paid,completed
2025-12-06,12:00:00,Joanne Reyes,REGULAR POLISH,,LE NAILS,0,0,0,new,,paid,completed
2025-12-06,12:00:00,Joanne Reyes,REGULAR POLISH,,LE NAILS,0,0,0,new,,paid,completed
2025-12-07,12:00:00,Deb Viernesto,COMBINATION,,SABBATH,0,0,0,new,,paid,completed
2025-12-07,12:00:00,James Roque,COMBINATION,,SABBATH,0,0,0,new,,paid,completed
2025-12-07,12:00:00,Charmaine Visperas,SABBATH PACKAGE 1 w/ comb,,SABBATH,2150,0,2150,new,,paid,completed
2025-12-07,12:00:00,Reynaldo Visperas,SABBATH PACKAGE 1 w/ comb,,SABBATH,2150,0,2150,new,,paid,completed
2025-12-07,12:00:00,Felino Teodoro,TRADITIONAL HILOT WITH VENTOSA,,SABBATH,1500,0,1500,new,,paid,completed
2025-12-07,12:00:00,Baby Teodoro,SWEDISH,,SABBATH,600,0,600,new,,paid,completed
2025-12-07,12:00:00,Jay Umali,TRADITIONAL HILOT WITH VENTOSA,,SABBATH,1500,0,1500,new,,paid,completed
2025-12-07,12:00:00,Anne Umali,SWEDISH,,SABBATH,600,0,600,new,,paid,completed
2025-12-07,12:00:00,Jon Bulaong,SWEDISH,,SABBATH,600,0,600,new,,paid,completed
2025-12-07,12:00:00,Khite Bulaong,SWEDISH,,SABBATH,600,0,600,new,,paid,completed
2025-12-07,12:00:00,Patricia Francia,SWEDISH,,SABBATH,600,0,600,new,,paid,completed
2025-12-07,12:00:00,Theresa Pascual,SWEDISH,,SABBATH,600,0,600,new,,paid,completed
2025-12-07,12:00:00,Mark Aniag,COMBINATION,,SABBATH,0,0,0,new,,paid,completed
2025-12-07,12:00:00,Mark Aniag,ADDITIONAL 30 MINS,,SABBATH,300,0,300,new,,paid,completed
2025-12-07,12:00:00,Krystel Aniag,COMBINATION,,SABBATH,0,0,0,new,,paid,completed
2025-12-07,12:00:00,Krystel Aniag,ADDITIONAL 30 MINS,,SABBATH,300,0,300,new,,paid,completed
2025-12-07,12:00:00,Mylene Aguello,TRADITIONAL HILOT WITH VENTOSA,,SABBATH,1500,0,1500,new,,paid,completed
2025-12-07,12:00:00,Jeffrey Genandi,COMBINATION,,SABBATH,0,0,0,new,,paid,completed
2025-12-07,12:00:00,Emjhay Calding,SWEDISH,,SABBATH,600,0,600,new,,paid,completed
2025-12-07,12:00:00,Erwin Calding,COMBINATION,,SABBATH,0,0,0,new,,paid,completed
2025-12-07,12:00:00,Ferlie Buenaflor,COMBINATION,,SABBATH,0,0,0,new,,paid,completed
2025-12-07,12:00:00,Annaljielyn Sasulga,COMBINATION,,SABBATH,0,0,0,new,,paid,completed
2025-12-07,12:00:00,Michael Dela Cruz,SWEDISH,,SABBATH,600,0,600,new,,paid,completed
2025-12-07,12:00:00,Elaine Dela Cruz,SABBATH SIGNATURE,,SABBATH,1000,0,1000,new,,paid,completed
2025-12-07,12:00:00,Arvellyn De Guzman,COMBINATION,,SABBATH,0,0,0,new,,paid,completed
2025-12-07,12:00:00,Michael Reyes,SABBATH FOOT REFLEX,,SABBATH,600,600,0,new,,paid,completed
2025-12-07,12:00:00,Manilyn Sanchez,SABBATH FOOT REFLEX,,SABBATH,600,600,0,new,,paid,completed
2025-12-07,12:00:00,Kim Del Mundo,COMBINATION W/ HOT STONE,,SABBATH,0,0,0,new,,paid,completed
2025-12-07,12:00:00,Cate Lajara,COMBINATION W/ HOT STONE,,SABBATH,0,0,0,new,,paid,completed
2025-12-07,12:00:00,Ella Lajara,TRADITIONAL HILOT WITH VENTOSA,,SABBATH,1500,0,1500,new,,paid,completed
2025-12-07,12:00:00,Dixie Santiago,COMBINATION,,SABBATH,0,0,0,new,,paid,completed
2025-12-07,12:00:00,Aron Santiago,COMBINATION,,SABBATH,0,0,0,new,,paid,completed
2025-12-07,12:00:00,Vergie Arroyo,PACKAGE A,,LE NAILS,0,0,0,new,,paid,completed
2025-12-07,12:00:00,Vergie Arroyo,REGULAR POLISH,,LE NAILS,0,0,0,new,,paid,completed
2025-12-07,12:00:00,Chris Baluyot,PEDICURE,,LE NAILS,200,0,200,new,,paid,completed
2025-12-07,12:00:00,Chris Baluyot,REGULAR POLISH,,LE NAILS,0,0,0,new,,paid,completed
2025-12-08,12:00:00,Josephine Villasenor,TRADITIONAL HILOT WITH VENTOSA,,SABBATH,1500,0,1500,new,,paid,completed
2025-12-08,12:00:00,Celerino Villasenor,TRADITIONAL HILOT WITH VENTOSA,,SABBATH,1500,0,1500,new,,paid,completed
2025-12-08,12:00:00,Czyren Villasenor,COMBINATION,,SABBATH,0,0,0,new,,paid,completed
2025-12-08,12:00:00,Walter Vitug,COMBINATION,,SABBATH,0,0,0,new,,paid,completed
2025-12-08,12:00:00,Rowena Vitug,COMBINATION,,SABBATH,0,0,0,new,,paid,completed
2025-12-08,12:00:00,Patricia Mae Vitug,COMBINATION,,SABBATH,0,0,0,new,,paid,completed
2025-12-08,12:00:00,Moriel Dionisio,SWEDISH,,SABBATH,600,0,600,new,,paid,completed
2025-12-08,12:00:00,Moriel Dionisio,"HEAD, BACK & SHOULDER",,SABBATH,0,0,0,new,,paid,completed
2025-12-08,12:00:00,Jeffrey Glasson,SWEDISH,,SABBATH,600,0,600,new,,paid,completed
2025-12-08,12:00:00,Jeffrey Glasson,"HEAD, BACK & SHOULDER",,SABBATH,0,0,0,new,,paid,completed
2025-12-08,12:00:00,Sol Villanueva,COMBINATION,,SABBATH,0,0,0,new,,paid,completed
2025-12-08,12:00:00,Phillip Villanueva,COMBINATION,,SABBATH,0,0,0,new,,paid,completed
2025-12-08,12:00:00,Josephine Reyes,COMBINATION,,SABBATH,0,0,0,new,,paid,completed
2025-12-08,12:00:00,Josephine Reyes,ADDITIONAL 30 MINS,,SABBATH,300,0,300,new,,paid,completed
2025-12-08,12:00:00,Mario Reyes,SWEDISH,,SABBATH,600,600,0,new,,paid,completed
2025-12-08,12:00:00,Jeanell Casaje,COMBINATION,,SABBATH,0,0,0,new,,paid,completed
2025-12-08,12:00:00,Nina Casaje,COMBINATION,,SABBATH,0,0,0,new,,paid,completed
2025-12-08,12:00:00,Melanie Canilao,COMBINATION,,SABBATH,0,0,0,new,,paid,completed
2025-12-08,12:00:00,Kala Ho,COMBINATION,,SABBATH,0,0,0,new,,paid,completed
2025-12-08,12:00:00,Rachel Alvarez,COMBINATION,,SABBATH,0,0,0,new,,paid,completed
2025-12-08,12:00:00,Ryan Alvarez,COMBINATION,,SABBATH,0,0,0,new,,paid,completed
2025-12-08,12:00:00,Olivia Robbyn Alvarez,GROWTH,,SABBATH,500,0,500,new,,paid,completed
2025-12-08,12:00:00,Ben Calayag,COMBINATION,,SABBATH,0,0,0,new,,paid,completed
2025-12-08,12:00:00,Chino Ahorro,COMBINATION,,SABBATH,0,0,0,new,,paid,completed
2025-12-08,12:00:00,Claire Ahorro,SWEDISH,,SABBATH,600,0,600,new,,paid,completed
2025-12-08,12:00:00,Jowell Jose,SHIATSU,,SABBATH,0,0,0,new,,paid,completed
2025-12-08,12:00:00,Marian Pascual,SWEDISH,,SABBATH,600,0,600,new,,paid,completed
2025-12-08,12:00:00,Iya Jose,SWEDISH,,SABBATH,600,0,600,new,,paid,completed
2025-12-08,12:00:00,Sari Jose,GROWTH,,SABBATH,500,0,500,new,,paid,completed
2025-12-08,12:00:00,Rory Jose,GROWTH,,SABBATH,500,0,500,new,,paid,completed
2025-12-08,12:00:00,Anne King,SABBATH SIGNATURE,,SABBATH,1000,0,1000,new,,paid,completed
2025-12-08,12:00:00,Christopher Cornejo,SABBATH SIGNATURE,,SABBATH,1000,0,1000,new,,paid,completed
2025-12-08,12:00:00,Eduardo Reyes,SWEDISH,,SABBATH,600,0,600,new,,paid,completed
2025-12-08,12:00:00,Ruchiel Reyes,SABBATH FOOT REFLEX,,SABBATH,600,0,600,new,,paid,completed
2025-12-08,12:00:00,Chester Valenzuela,COMBINATION,,SABBATH,0,0,0,new,,paid,completed
2025-12-08,12:00:00,Janine Vicente,COMBINATION,,SABBATH,0,0,0,new,,paid,completed
2025-12-08,12:00:00,Ronald Vicente,COMBINATION,,SABBATH,0,0,0,new,,paid,completed
2025-12-08,12:00:00,Abraham Gudmalin,SABBATH SIGNATURE,,SABBATH,1000,0,1000,new,,paid,completed
2025-12-08,12:00:00,Jacquelyn Gudmalin,SABBATH SIGNATURE,,SABBATH,1000,0,1000,new,,paid,completed
2025-12-08,12:00:00,Masahiko Monma,SWEDISH,,SABBATH,600,0,600,new,,paid,completed
2025-12-08,12:00:00,Masahiko Monma,ADDITIONAL 30 MINS,,SABBATH,300,0,300,new,,paid,completed
2025-12-08,12:00:00,Rina Jumaquio,SWEDISH,,SABBATH,600,120,480,new,,paid,completed
2025-12-08,12:00:00,Rading Jumaquio,SWEDISH,,SABBATH,600,120,480,new,,paid,completed
2025-12-08,12:00:00,Kathleen Felix,SWEDISH,,SABBATH,600,0,600,new,,paid,completed
2025-12-08,12:00:00,Herbert Felix,SABBATH FOOT REFLEX,,SABBATH,600,0,600,new,,paid,completed
2025-12-08,12:00:00,Cessa Abrador,SWEDISH,,SABBATH,600,0,600,new,,paid,completed
2025-12-08,12:00:00,Erwin Abrador,SWEDISH,,SABBATH,600,0,600,new,,paid,completed
2025-12-08,12:00:00,Gem Dela Cruz,COMBINATION,,SABBATH,0,0,0,new,,paid,completed
2025-12-08,12:00:00,Gem Dela Cruz,ADDITIONAL 30 MINS,,SABBATH,300,0,300,new,,paid,completed
2025-12-08,12:00:00,Aira Guzman,PEDICURE,,LE NAILS,200,40,160,new,,paid,completed
2025-12-08,12:00:00,Aira Guzman,REGULAR POLISH,,LE NAILS,0,0,0,new,,paid,completed
2025-12-08,12:00:00,Gem Dela Cruz,PACKAGE A,,LE NAILS,0,0,0,new,,paid,completed
2025-12-08,12:00:00,Chester Valenzuela,MANICURE,,LE NAILS,150,0,150,new,,paid,completed
2025-12-08,12:00:00,Chester Valenzuela,PEDICURE,,LE NAILS,200,0,200,new,,paid,completed
2025-12-08,12:00:00,Melanie Canilao,PACKAGE C,,LE NAILS,0,0,0,new,,paid,completed
2025-12-08,12:00:00,Melanie Canilao,REGULAR POLISH,,LE NAILS,0,0,0,new,,paid,completed
2025-12-09,12:00:00,Sophia Cruz,SWEDISH,,SABBATH,600,0,600,new,,paid,completed
2025-12-09,12:00:00,Jill Bonifacio,SWEDISH,,SABBATH,600,0,600,new,,paid,completed
2025-12-09,12:00:00,LV Santiago,SABBATH FOOT REFLEX,,SABBATH,600,0,600,new,,paid,completed
2025-12-09,12:00:00,Anne Trinidad,SWEDISH,,SABBATH,600,0,600,new,,paid,completed
2025-12-09,12:00:00,Mary Panganiban,SWEDISH,,SABBATH,600,120,480,new,,paid,completed
2025-12-09,12:00:00,Albine Sandiego,SWEDISH,,SABBATH,600,120,480,new,,paid,completed
2025-12-09,12:00:00,Nilda Bautista,SWEDISH,,SABBATH,600,120,480,new,,paid,completed
2025-12-09,12:00:00,Ma. Fatima Cruz,AROMATHERAPY OIL WITH HERBAL BALL,,SABBATH,1000,0,1000,new,,paid,completed
2025-12-09,12:00:00,Ma. Fatima Cruz,SABBATH FOOT REFLEX,,SABBATH,600,0,600,new,,paid,completed
2025-12-09,12:00:00,May Pangilinan,TRADITIONAL HILOT WITH VENTOSA,,SABBATH,1500,0,1500,new,,paid,completed
2025-12-09,12:00:00,Judy Ann Clen,SWEDISH,,SABBATH,600,0,600,new,,paid,completed
2025-12-09,12:00:00,Ma. Fatima Cruz,PACKAGE C,,LE NAILS,0,0,0,new,,paid,completed
2025-12-09,12:00:00,Ma. Fatima Cruz,REGULAR POLISH,,LE NAILS,0,0,0,new,,paid,completed
2025-12-09,12:00:00,Anne King,PEDICURE,,LE NAILS,200,0,200,new,,paid,completed
2025-12-09,12:00:00,Anne King,REGULAR POLISH,,LE NAILS,0,0,0,new,,paid,completed
2025-12-09,12:00:00,Elijah Paras,PEDICURE,,LE NAILS,200,0,200,new,,paid,completed
2025-12-09,12:00:00,Elijah Paras,REGULAR POLISH,,LE NAILS,0,0,0,new,,paid,completed
2025-12-09,12:00:00,Elijah Paras,FOOT SPA,,LE NAILS,0,0,0,new,,paid,completed
2025-12-10,12:00:00,John Merwin Fajardo,SABBATH PACKAGE 1,,SABBATH,2000,0,2000,new,,paid,completed
2025-12-10,12:00:00,Christina Pearl Fajardo,SABBATH PACKAGE 2,,SABBATH,3000,0,3000,new,,paid,completed
2025-12-10,12:00:00,Carole Favis,SWEDISH,,SABBATH,600,0,600,new,,paid,completed
2025-12-10,12:00:00,Carole Favis,ADDITIONAL 30 MINS,,SABBATH,300,0,300,new,,paid,completed
2025-12-10,12:00:00,John Dale Gumba,"HEAD, BACK & SHOULDER",,SABBATH,0,0,0,new,,paid,completed
2025-12-10,12:00:00,Nazaren Meneses,SABBATH SIGNATURE,,SABBATH,1000,0,1000,new,,paid,completed
2025-12-10,12:00:00,Kharizza Cyrine,SABBATH SIGNATURE,,SABBATH,1000,0,1000,new,,paid,completed
2025-12-10,12:00:00,Sheryl Alonzo,COMBINATION,,SABBATH,0,0,0,new,,paid,completed
2025-12-10,12:00:00,Emerita Sombero,SWEDISH,,SABBATH,600,0,600,new,,paid,completed
2025-12-10,12:00:00,Christian Mendoza,SABBATH SIGNATURE,,SABBATH,1000,0,1000,new,,paid,completed
2025-12-10,12:00:00,Gladees Bermudez,SWEDISH,,SABBATH,600,0,600,new,,paid,completed
2025-12-10,12:00:00,Angelo Ramirez,SWEDISH,,SABBATH,600,0,600,new,,paid,completed
2025-12-10,12:00:00,Joyce Bernardino,SABBATH FOOT REFLEX,,SABBATH,600,0,600,new,,paid,completed
2025-12-10,12:00:00,Joyce Bernardino,ADDITIONAL 30 MINS,,SABBATH,300,0,300,new,,paid,completed
2025-12-10,12:00:00,Harry Pasigna,COMBINATION,,SABBATH,0,0,0,new,,paid,completed
2025-12-10,12:00:00,Nonito Junio,COMBINATION,,SABBATH,0,0,0,new,,paid,completed
2025-12-10,12:00:00,Georgina Junio,SWEDISH,,SABBATH,600,0,600,new,,paid,completed
2025-12-10,12:00:00,Christel Pangan,SWEDISH,,SABBATH,600,600,0,new,,paid,completed
2025-12-10,12:00:00,Georgina Junio,MANICURE,,LE NAILS,150,0,150,new,,paid,completed
2025-12-10,12:00:00,Georgina Junio,MANICURE,,LE NAILS,150,0,150,new,,paid,completed
2025-12-10,12:00:00,Georgina Junio,PEDICURE,,LE NAILS,200,0,200,new,,paid,completed
2025-12-10,12:00:00,Georgina Junio,PEDICURE,,LE NAILS,200,0,200,new,,paid,completed
2025-12-10,12:00:00,Georgina Junio,REGULAR POLISH,,LE NAILS,0,0,0,new,,paid,completed
2025-12-10,12:00:00,Georgina Junio,REGULAR POLISH,,LE NAILS,0,0,0,new,,paid,completed
2025-12-10,12:00:00,Sherwin Villagracia,PACKAGE A,,LE NAILS,0,0,0,new,,paid,completed
2025-12-10,12:00:00,Sherwin Villagracia,REGULAR POLISH,,LE NAILS,0,0,0,new,,paid,completed
2025-12-10,12:00:00,Sherwin Villagracia,REGULAR POLISH,,LE NAILS,0,0,0,new,,paid,completed
2025-12-10,12:00:00,Emerita Sombero,MANIGEL ORLY,,LE NAILS,600,0,600,new,,paid,completed
2025-12-10,12:00:00,Emerita Sombero,NAIL ART,,LE NAILS,0,0,0,new,,paid,completed
2025-12-10,12:00:00,Emerita Sombero,PEDICURE,,LE NAILS,200,0,200,new,,paid,completed
2025-12-10,12:00:00,Emerita Sombero,REGULAR POLISH,,LE NAILS,0,0,0,new,,paid,completed
2025-12-11,12:00:00,Jesita Martin,SWEDISH,,SABBATH,600,0,600,new,,paid,completed
2025-12-11,12:00:00,Renz Joseph Martin,SWEDISH,,SABBATH,600,0,600,new,,paid,completed
2025-12-11,12:00:00,Glena Martin,SWEDISH,,SABBATH,600,0,600,new,,paid,completed
2025-12-11,12:00:00,Elmo Calingasan,COMBINATION,,SABBATH,0,0,0,new,,paid,completed
2025-12-11,12:00:00,Janiel Javier,COMBINATION,,SABBATH,0,0,0,new,,paid,completed
2025-12-11,12:00:00,Nozomi Javier,COMBINATION,,SABBATH,0,0,0,new,,paid,completed
2025-12-11,12:00:00,Christopher Galman,COMBINATION,,SABBATH,0,0,0,new,,paid,completed
2025-12-11,12:00:00,Christopher Galman,ADDITIONAL 30 MINS,,SABBATH,300,0,300,new,,paid,completed
2025-12-11,12:00:00,Jennina Galman,POST & PRE NATAL W/ LACTATION,,SABBATH,2000,0,2000,new,,paid,completed
2025-12-11,12:00:00,Ma. Fatima Cruz,SABBATH PACKAGE 1,,SABBATH,2000,0,2000,new,,paid,completed
2025-12-11,12:00:00,Benedict Cruz,SABBATH PACKAGE 2,,SABBATH,3000,0,3000,new,,paid,completed
2025-12-11,12:00:00,Dinah Jairi,SWEDISH,,SABBATH,600,0,600,new,,paid,completed
2025-12-11,12:00:00,Ronnie Jairi,SWEDISH,,SABBATH,600,0,600,new,,paid,completed
2025-12-11,12:00:00,Ruth Scanlon,SWEDISH,,SABBATH,600,0,600,new,,paid,completed
2025-12-11,12:00:00,Mike Scanlon,SWEDISH,,SABBATH,600,0,600,new,,paid,completed
2025-12-11,12:00:00,Radie De Regala,SWEDISH,,SABBATH,600,120,480,new,,paid,completed
2025-12-11,12:00:00,Jonnah Aniag,COMBINATION,,SABBATH,0,0,0,new,,paid,completed
2025-12-11,12:00:00,Jonnah Aniag,ADDITIONAL 30 MINS,,SABBATH,300,0,300,new,,paid,completed
2025-12-11,12:00:00,Rudy Briones,SABBATH SIGNATURE,,SABBATH,1000,0,1000,new,,paid,completed
2025-12-11,12:00:00,Jennina Galman,MANICURE,,LE NAILS,150,0,150,new,,paid,completed
2025-12-11,12:00:00,Jennina Galman,PEDICURE,,LE NAILS,200,0,200,new,,paid,completed
2025-12-12,12:00:00,PJ Santiago,COMBINATION,,SABBATH,0,0,0,new,,paid,completed
2025-12-12,12:00:00,Richard Cruz,COMBINATION,,SABBATH,0,0,0,new,,paid,completed
2025-12-12,12:00:00,Larryca Cruz,SWEDISH,,SABBATH,600,0,600,new,,paid,completed
2025-12-12,12:00:00,Kim Quetua,COMBINATION,,SABBATH,0,0,0,new,,paid,completed
2025-12-12,12:00:00,Leigh Quetua,COMBINATION,,SABBATH,0,0,0,new,,paid,completed
2025-12-12,12:00:00,Mikko Nana,SABBATH PACKAGE 1,,SABBATH,2000,0,2000,new,,paid,completed
2025-12-12,12:00:00,Juvy Raymundo,COMBINATION,,SABBATH,0,0,0,new,,paid,completed
2025-12-12,12:00:00,Russel Reburano,COMBINATION,,SABBATH,0,0,0,new,,paid,completed
2025-12-12,12:00:00,Cristy Calderon,SWEDISH,,SABBATH,600,0,600,new,,paid,completed
2025-12-12,12:00:00,Marvin Carlo Castro,SWEDISH,,SABBATH,600,0,600,new,,paid,completed
2025-12-12,12:00:00,Christel Pangan,SWEDISH,,SABBATH,600,600,0,new,,paid,completed
2025-12-12,12:00:00,Cindy Manlapiz,TRADITIONAL HILOT WITH VENTOSA,,SABBATH,1500,0,1500,new,,paid,completed
2025-12-12,12:00:00,Ma. Gilda Manlapig,TRADITIONAL HILOT WITH VENTOSA,,SABBATH,1500,0,1500,new,,paid,completed
2025-12-12,12:00:00,Grayzie Pascual,SOFT GEL NAIL EXTENSION,,LE NAILS,800,0,800,new,,paid,completed
2025-12-12,12:00:00,Grayzie Pascual,Rhinestones,,LE NAILS,100,0,100,new,,paid,completed
2025-12-12,12:00:00,Marvin Carlo Castro,GIFT CERTIFICATE CUSTOM,,SABBATH,2600,0,2600,new,,paid,completed
2025-12-13,12:00:00,Kat Lising,TRADITIONAL HILOT WITH VENTOSA,,SABBATH,1500,0,1500,new,,paid,completed
2025-12-13,12:00:00,Nina Gonzales,TRADITIONAL HILOT WITH VENTOSA,,SABBATH,1500,0,1500,new,,paid,completed
2025-12-13,12:00:00,Mike Scanlon,SWEDISH,,SABBATH,600,0,600,new,,paid,completed
2025-12-13,12:00:00,Roel Arellano,SWEDISH,,SABBATH,600,0,600,new,,paid,completed
2025-12-13,12:00:00,Rainiel Arellano,SWEDISH,,SABBATH,600,0,600,new,,paid,completed
2025-12-13,12:00:00,Charlie Herrera,AROMATHERAPY OIL WITH HERBAL BALL,,SABBATH,1000,0,1000,new,,paid,completed
2025-12-13,12:00:00,Calleb Joshua Herrera,GROWTH,,SABBATH,500,0,500,new,,paid,completed
2025-12-13,12:00:00,Nanette Garcia,SWEDISH,,SABBATH,600,0,600,new,,paid,completed
2025-12-13,12:00:00,Carmi Bancoleta,SWEDISH,,SABBATH,600,0,600,new,,paid,completed
2025-12-13,12:00:00,Jennifer Ballelos,SWEDISH,,SABBATH,600,0,600,new,,paid,completed
2025-12-13,12:00:00,Lou Bernardo Claudio,SWEDISH,,SABBATH,600,0,600,new,,paid,completed
2025-12-13,12:00:00,Jovelyn Biendima,TRADITIONAL HILOT WITH VENTOSA,,SABBATH,1500,0,1500,new,,paid,completed
2025-12-13,12:00:00,Evan Lim Ranola,TRADITIONAL HILOT WITH VENTOSA,,SABBATH,1500,0,1500,new,,paid,completed
2025-12-13,12:00:00,Lady Ravie Omyo,BODY SCRUB,,SABBATH,0,0,0,new,,paid,completed
2025-12-13,12:00:00,Lady Ravie Omyo,SABBATH SIGNATURE,,SABBATH,1000,0,1000,new,,paid,completed
2025-12-13,12:00:00,Aminoding Subosubo,COMBINATION W/ HOT STONE,,SABBATH,0,0,0,new,,paid,completed
2025-12-13,12:00:00,Aynah Baraguir Subo,"SABBATH SIGNATURE FOOT, HEAD, NECK & SHOULDER",,SABBATH,750,0,750,new,,paid,completed
2025-12-13,12:00:00,Lala Lopez,COMBINATION,,SABBATH,0,0,0,new,,paid,completed
2025-12-13,12:00:00,John Lloyd Aquilos,TRADITIONAL HILOT WITH VENTOSA,,SABBATH,1500,0,1500,new,,paid,completed
2025-12-13,12:00:00,Christel Pangan,SWEDISH,,SABBATH,600,600,0,new,,paid,completed
2025-12-13,12:00:00,David Sandoval,SWEDISH,,SABBATH,600,0,600,new,,paid,completed
2025-12-13,12:00:00,Richel Sandoval,SWEDISH,,SABBATH,600,0,600,new,,paid,completed
2025-12-13,12:00:00,CJ Oliveros,SWEDISH,,SABBATH,600,0,600,new,,paid,completed
2025-12-13,12:00:00,Christian Oliveros,SWEDISH,,SABBATH,600,0,600,new,,paid,completed
2025-12-13,12:00:00,Nanette Garcia,BRAZILLIAN WAX,,LE NAILS,1000,0,1000,new,,paid,completed
2025-12-13,12:00:00,Nanette Garcia,PACKAGE A,,LE NAILS,0,0,0,new,,paid,completed
2025-12-13,12:00:00,Nanette Garcia,PACKAGE A,,LE NAILS,0,0,0,new,,paid,completed
2025-12-13,12:00:00,Nanette Garcia,PACKAGE A,,LE NAILS,0,0,0,new,,paid,completed
2025-12-13,12:00:00,Nanette Garcia,REGULAR POLISH,,LE NAILS,0,0,0,new,,paid,completed
2025-12-13,12:00:00,Nanette Garcia,REGULAR POLISH,,LE NAILS,0,0,0,new,,paid,completed
2025-12-13,12:00:00,Nanette Garcia,REGULAR POLISH,,LE NAILS,0,0,0,new,,paid,completed
2025-12-13,12:00:00,Nanette Garcia,REGULAR POLISH,,LE NAILS,0,0,0,new,,paid,completed
2025-12-13,12:00:00,Nanette Garcia,REGULAR POLISH,,LE NAILS,0,0,0,new,,paid,completed
2025-12-13,12:00:00,Nanette Garcia,REGULAR POLISH,,LE NAILS,0,0,0,new,,paid,completed
2025-12-13,12:00:00,Evan Lim Ranola,PACKAGE A,,LE NAILS,0,0,0,new,,paid,completed
2025-12-13,12:00:00,Lou Bernardo Claudio,PACKAGE A,,LE NAILS,0,0,0,new,,paid,completed
2025-12-13,12:00:00,Lou Bernardo Claudio,REGULAR POLISH,,,0,0,0,new,,paid,completed
2025-12-13,12:00:00,Lou Bernardo Claudio,REGULAR POLISH,,,0,0,0,new,,paid,completed
2025-12-14,12:00:00,Vhernie Pagtalunan,AROMATHERAPY OIL WITH HERBAL BALL,,SABBATH,1000,0,1000,new,,paid,completed
2025-12-14,12:00:00,Vhernie Pagtalunan,ADDITIONAL 30 MINS,,SABBATH,300,0,300,new,,paid,completed
2025-12-14,12:00:00,Shaina Del Rosario,SWEDISH,,SABBATH,600,0,600,new,,paid,completed
2025-12-14,12:00:00,Chenee Rose Rodriguez,COMBINATION,,SABBATH,0,0,0,new,,paid,completed
2025-12-14,12:00:00,Chenee Rose Rodriguez,ADDITIONAL 30 MINS,,SABBATH,300,0,300,new,,paid,completed
2025-12-14,12:00:00,Grace Castillo,COMBINATION,,SABBATH,0,0,0,new,,paid,completed
2025-12-14,12:00:00,Grace Castillo,ADDITIONAL 30 MINS,,SABBATH,300,0,300,new,,paid,completed
2025-12-14,12:00:00,Reese Calderon,COMBINATION,,SABBATH,0,0,0,new,,paid,completed
2025-12-14,12:00:00,Kristine Calderon,COMBINATION,,SABBATH,0,0,0,new,,paid,completed
2025-12-14,12:00:00,Janette Herras,COMBINATION,,SABBATH,0,0,0,new,,paid,completed
2025-12-14,12:00:00,Janette Herras,ADDITIONAL 30 MINS,,SABBATH,300,0,300,new,,paid,completed
2025-12-14,12:00:00,Luis Ballelas,TRADITIONAL HILOT WITH VENTOSA,,SABBATH,1500,0,1500,new,,paid,completed
2025-12-14,12:00:00,Kyla Calayag,COMBINATION,,SABBATH,0,0,0,new,,paid,completed
2025-12-14,12:00:00,Joyce Bernardino,SABBATH FOOT REFLEX,,SABBATH,600,0,600,new,,paid,completed
2025-12-14,12:00:00,Joyce Bernardino,ADDITIONAL 30 MINS,,SABBATH,300,0,300,new,,paid,completed
2025-12-14,12:00:00,Ron Mariano,COMBINATION W/ HOT STONE,,SABBATH,0,0,0,new,,paid,completed
2025-12-14,12:00:00,Donald Mariano,COMBINATION,,SABBATH,0,0,0,new,,paid,completed
2025-12-14,12:00:00,Donald Mariano,ADDITIONAL 30 MINS,,SABBATH,300,0,300,new,,paid,completed
2025-12-14,12:00:00,Kimberly Milag,TRADITIONAL HILOT WITH VENTOSA,,SABBATH,1500,0,1500,new,,paid,completed
2025-12-14,12:00:00,Johanna Oh,TRADITIONAL HILOT WITH VENTOSA,,SABBATH,1500,0,1500,new,,paid,completed
2025-12-14,12:00:00,Johanna Oh,ADDITIONAL 30 MINS,,SABBATH,300,0,300,new,,paid,completed
2025-12-14,12:00:00,She Nojadera,TRADITIONAL HILOT WITH VENTOSA,,SABBATH,1500,0,1500,new,,paid,completed
2025-12-14,12:00:00,Mae Nojadera,SWEDISH,,SABBATH,600,0,600,new,,paid,completed
2025-12-14,12:00:00,Zie Gaspar,COMBINATION W/ HOT STONE,,SABBATH,0,0,0,new,,paid,completed
2025-12-14,12:00:00,Zie Gaspar,ADDITIONAL 30 MINS,,SABBATH,300,0,300,new,,paid,completed
2025-12-14,12:00:00,Vane Eugenio,COMBINATION,,SABBATH,0,0,0,new,,paid,completed
2025-12-14,12:00:00,Vane Eugenio,SABBATH FOOT REFLEX,,SABBATH,600,0,600,new,,paid,completed
2025-12-14,12:00:00,Angelica Lontok,SWEDISH,,SABBATH,600,0,600,new,,paid,completed
2025-12-14,12:00:00,Kzandra Jemima,SWEDISH,,SABBATH,600,0,600,new,,paid,completed
2025-12-14,12:00:00,Richard Lontok,SWEDISH,,SABBATH,600,0,600,new,,paid,completed
2025-12-14,12:00:00,Grace De Leon,SWEDISH,,SABBATH,600,0,600,new,,paid,completed
2025-12-14,12:00:00,Rey Santos,SWEDISH,,SABBATH,600,0,600,new,,paid,completed
2025-12-14,12:00:00,Robert Cruz,COMBINATION,,SABBATH,0,0,0,new,,paid,completed
2025-12-14,12:00:00,Robert Cruz,ADDITIONAL 30 MINS,,SABBATH,300,0,300,new,,paid,completed
2025-12-14,12:00:00,Arnold Guevarra,COMBINATION,,SABBATH,0,0,0,new,,paid,completed
2025-12-14,12:00:00,Arnold Guevarra,ADDITIONAL 30 MINS,,SABBATH,300,0,300,new,,paid,completed
2025-12-14,12:00:00,Leo Aquino,SWEDISH,,SABBATH,600,0,600,new,,paid,completed
2025-12-14,12:00:00,Alelie Aquino,SWEDISH,,SABBATH,600,0,600,new,,paid,completed
2025-12-14,12:00:00,Jia Guang,SWEDISH,,SABBATH,600,0,600,new,,paid,completed
2025-12-14,12:00:00,Wendy Ligon,SWEDISH,,SABBATH,600,0,600,new,,paid,completed
2025-12-14,12:00:00,Miller Santos,SWEDISH,,SABBATH,600,0,600,new,,paid,completed
2025-12-14,12:00:00,Felicidad Tomaquin,SWEDISH,,SABBATH,600,120,480,new,,paid,completed
2025-12-14,12:00:00,Joel Decujos Jr,COMBINATION,,SABBATH,0,0,0,new,,paid,completed
2025-12-14,12:00:00,Lynette Decujos,COMBINATION,,SABBATH,0,0,0,new,,paid,completed
2025-12-14,12:00:00,Neth Venturina,COMBINATION W/ HOT STONE,,SABBATH,0,0,0,new,,paid,completed
2025-12-14,12:00:00,Jean Samirah Venturina,SABBATH FOOT REFLEX,,SABBATH,600,0,600,new,,paid,completed
2025-12-14,12:00:00,Jose Marie Venturina,COMBINATION,,SABBATH,0,0,0,new,,paid,completed
2025-12-14,12:00:00,Janvic Venturina,TRADITIONAL HILOT WITH VENTOSA,,SABBATH,1500,0,1500,new,,paid,completed
2025-12-14,12:00:00,Arvielyn De Guzman,COMBINATION W/ HOT STONE,,SABBATH,0,0,0,new,,paid,completed
2025-12-14,12:00:00,Neth Venturina,PACKAGE A,,LE NAILS,0,0,0,new,,paid,completed
2025-12-14,12:00:00,Janvic Venturina,PACKAGE A,,LE NAILS,0,0,0,new,,paid,completed
2025-12-14,12:00:00,Jose Marie Venturina,PACKAGE A,,LE NAILS,0,0,0,new,,paid,completed
2025-12-14,12:00:00,Shaina Del Rosario,PACKAGE A,,LE NAILS,0,0,0,new,,paid,completed
2025-12-14,12:00:00,Janette Herras,MANIGEL CUCCIO,,LE NAILS,450,0,450,new,,paid,completed
2025-12-14,12:00:00,Janette Herras,PEDICURE,,LE NAILS,200,0,200,new,,paid,completed
2025-12-14,12:00:00,Janette Herras,PEDICURE,,LE NAILS,200,0,200,new,,paid,completed
2025-12-14,12:00:00,Janette Herras,REGULAR POLISH,,LE NAILS,0,0,0,new,,paid,completed
2025-12-15,12:00:00,Lea Benedictos,SWEDISH,,SABBATH,600,0,600,new,,paid,completed
2025-12-15,12:00:00,Lea Benedictos,ADDITIONAL 30 MINS,,SABBATH,300,0,300,new,,paid,completed
2025-12-15,12:00:00,Ruth Scanlon,SWEDISH,,SABBATH,600,0,600,new,,paid,completed
2025-12-15,12:00:00,Ruth Scanlon,ADDITIONAL 30 MINS,,SABBATH,300,0,300,new,,paid,completed
2025-12-15,12:00:00,Stacey Douglas,SWEDISH,,SABBATH,600,0,600,new,,paid,completed
2025-12-15,12:00:00,Stacey Douglas,ADDITIONAL 30 MINS,,SABBATH,300,0,300,new,,paid,completed
2025-12-15,12:00:00,Jean Espiritu,GROWTH,,SABBATH,500,0,500,new,,paid,completed
2025-12-15,12:00:00,Dann Espiritu,GROWTH,,SABBATH,500,0,500,new,,paid,completed
2025-12-15,12:00:00,Jeany Espiritu,SWEDISH,,SABBATH,600,0,600,new,,paid,completed
2025-12-15,12:00:00,Danilo Espiritu,SWEDISH,,SABBATH,600,0,600,new,,paid,completed
2025-12-15,12:00:00,Anne Zablan,COMBINATION,,SABBATH,0,0,0,new,,paid,completed
2025-12-15,12:00:00,Amel Zablan,COMBINATION,,SABBATH,0,0,0,new,,paid,completed
2025-12-15,12:00:00,Patricia Vitug,COMBINATION,,SABBATH,0,0,0,new,,paid,completed
2025-12-15,12:00:00,Grizelle Milan,COMBINATION,,SABBATH,0,0,0,new,,paid,completed
2025-12-15,12:00:00,Patrick Pascual,COMBINATION,,SABBATH,0,0,0,new,,paid,completed
2025-12-15,12:00:00,Angelito Pascual,COMBINATION,,SABBATH,0,0,0,new,,paid,completed
2025-12-15,12:00:00,Kevin Manalo,COMBINATION W/ HOT STONE,,SABBATH,0,0,0,new,,paid,completed
2025-12-15,12:00:00,Princess DImaguiba,PACKAGE A,,LE NAILS,0,0,0,new,,paid,completed
2025-12-15,12:00:00,Princess DImaguiba,PACKAGE A,,LE NAILS,0,0,0,new,,paid,completed
2025-12-15,12:00:00,Lineth Kim,PACKAGE F,,LE NAILS,1250,0,1250,new,,paid,completed
2025-12-15,12:00:00,Lineth Kim,FULL SET BASIC NAIL ART,,LE NAILS,400,0,400,new,,paid,completed
2025-12-15,12:00:00,Lineth Kim,FULL SET BASIC NAIL ART,,LE NAILS,400,0,400,new,,paid,completed
2025-12-15,12:00:00,Lineth Kim,PACKAGE A,,LE NAILS,0,0,0,new,,paid,completed
2025-12-15,12:00:00,John Dale Gumba,FOOT MASSAGE,,LE NAILS,350,0,350,new,,paid,completed
2025-12-15,12:00:00,John Dale Gumba,PEDICURE,,LE NAILS,200,0,200,new,,paid,completed
2025-12-15,12:00:00,Coco Pineda,GIFT CERTIFICATE CUSTOM,,SABBATH,2600,0,2600,new,,paid,completed
2025-12-15,12:00:00,Coco Pineda,GIFT CERTIFICATE CUSTOM,,SABBATH,2600,0,2600,new,,paid,completed
2025-12-16,12:00:00,Lourdez Orozco,COMBINATION,,SABBATH,0,0,0,new,,paid,completed
2025-12-16,12:00:00,Lourdez Orozco,ADDITIONAL 30 MINS,,SABBATH,300,0,300,new,,paid,completed
2025-12-16,12:00:00,Rosalinda Lasco,COMBINATION,,SABBATH,0,0,0,new,,paid,completed
2025-12-16,12:00:00,Rosalinda Lasco,ADDITIONAL 30 MINS,,SABBATH,300,0,300,new,,paid,completed
2025-12-16,12:00:00,April Love Bordador,COMBINATION,,SABBATH,0,0,0,new,,paid,completed
2025-12-16,12:00:00,April Love Bordador,ADDITIONAL 30 MINS,,SABBATH,300,0,300,new,,paid,completed
2025-12-16,12:00:00,Mary Ann Halasan,COMBINATION,,SABBATH,0,0,0,new,,paid,completed
2025-12-16,12:00:00,Marites Malacca,SABBATH SIGNATURE,,SABBATH,1000,0,1000,new,,paid,completed
2025-12-16,12:00:00,Litton John Malacca,COMBINATION,,SABBATH,0,0,0,new,,paid,completed
2025-12-16,12:00:00,Litton John Malacca,ADDITIONAL 30 MINS,,SABBATH,300,0,300,new,,paid,completed
2025-12-16,12:00:00,Kathleen Calayag,COMBINATION,,SABBATH,0,0,0,new,,paid,completed
2025-12-16,12:00:00,Alvin Lizarondo,"SABBATH SIGNATURE FOOT, HEAD, NECK & SHOULDER",,SABBATH,750,0,750,new,,paid,completed
2025-12-16,12:00:00,Franz Alipio,SWEDISH,,SABBATH,600,0,600,new,,paid,completed
2025-12-16,12:00:00,Ayin Alipio,SWEDISH,,SABBATH,600,0,600,new,,paid,completed
2025-12-16,12:00:00,Michelle Alindato,COMBINATION,,SABBATH,0,0,0,new,,paid,completed
2025-12-16,12:00:00,Jan-fran Alindato,COMBINATION,,SABBATH,0,0,0,new,,paid,completed
2025-12-16,12:00:00,Helen Falsario,TRADITIONAL HILOT WITH VENTOSA,,SABBATH,1500,0,1500,new,,paid,completed
2025-12-16,12:00:00,Ma. Julieta Simangan,TRADITIONAL HILOT WITH VENTOSA,,SABBATH,1500,0,1500,new,,paid,completed
2025-12-16,12:00:00,Christine Joy Falsario,COMBINATION W/ HOT STONE,,SABBATH,0,0,0,new,,paid,completed
2025-12-16,12:00:00,Len Falsario,SABBATH SIGNATURE,,SABBATH,1000,0,1000,new,,paid,completed
2025-12-16,12:00:00,Aya Aguilar,SABBATH SIGNATURE,,SABBATH,1000,0,1000,new,,paid,completed
2025-12-16,12:00:00,Jonas Aguilar,SABBATH SIGNATURE,,SABBATH,1000,0,1000,new,,paid,completed
2025-12-16,12:00:00,Lei De Jesus,COMBINATION,,SABBATH,0,0,0,new,,paid,completed
2025-12-16,12:00:00,Lei De Jesus,ADDITIONAL 30 MINS,,SABBATH,300,0,300,new,,paid,completed
2025-12-16,12:00:00,Pat De Jesus,COMBINATION,,SABBATH,0,0,0,new,,paid,completed
2025-12-16,12:00:00,Pat De Jesus,ADDITIONAL 30 MINS,,SABBATH,300,0,300,new,,paid,completed
2025-12-16,12:00:00,Jhoana Fuster,COMBINATION,,SABBATH,0,0,0,new,,paid,completed
2025-12-16,12:00:00,Jhoana Fuster,ADDITIONAL 30 MINS,,SABBATH,300,0,300,new,,paid,completed
2025-12-16,12:00:00,Cherry Cagang,COMBINATION,,SABBATH,0,0,0,new,,paid,completed
2025-12-16,12:00:00,Rose Herrera,COMBINATION,,SABBATH,0,0,0,new,,paid,completed
2025-12-16,12:00:00,Aya Aguilar,MANICURE,,LE NAILS,150,0,150,new,,paid,completed
2025-12-16,12:00:00,Aya Aguilar,PEDICURE,,LE NAILS,200,0,200,new,,paid,completed
2025-12-16,12:00:00,Micah Camille,PEDICURE,,LE NAILS,200,0,200,new,,paid,completed
2025-12-16,12:00:00,Micah Camille,FOOT SPA,,LE NAILS,0,0,0,new,,paid,completed
2025-12-16,12:00:00,Micah Camille,FOOT SPA,,LE NAILS,0,0,0,new,,paid,completed
2025-12-16,12:00:00,Micah Camille,PEDIGEL CUCCIO,,LE NAILS,550,0,550,new,,paid,completed
2025-12-16,12:00:00,Micah Camille,Gel Polish,,LE NAILS,100,0,100,new,,paid,completed
2025-12-17,12:00:00,Priscilla Carmona,SABBATH SIGNATURE,,SABBATH,1000,200,800,new,,paid,completed
2025-12-17,12:00:00,Aurora Villanueva,SABBATH SIGNATURE,,SABBATH,1000,200,800,new,,paid,completed
2025-12-17,12:00:00,Lilibeth Ventura,SABBATH SIGNATURE,,SABBATH,1000,200,800,new,,paid,completed
2025-12-17,12:00:00,Jerry Villanueva,SABBATH SIGNATURE,,SABBATH,1000,200,800,new,,paid,completed
2025-12-17,12:00:00,Ruth Scanlon,SWEDISH,,SABBATH,600,0,600,new,,paid,completed
2025-12-17,12:00:00,Ruth Scanlon,ADDITIONAL 30 MINS,,SABBATH,300,0,300,new,,paid,completed
2025-12-17,12:00:00,Mike Scanlon,SWEDISH,,SABBATH,600,0,600,new,,paid,completed
2025-12-17,12:00:00,Mike Scanlon,ADDITIONAL 30 MINS,,SABBATH,300,0,300,new,,paid,completed
2025-12-17,12:00:00,Mark Anthony De Honor,COMBINATION,,SABBATH,0,0,0,new,,paid,completed
2025-12-17,12:00:00,Mark Anthony De Honor,ADDITIONAL 30 MINS,,SABBATH,300,0,300,new,,paid,completed
2025-12-17,12:00:00,Lymwell Guban,COMBINATION,,SABBATH,0,0,0,new,,paid,completed
2025-12-17,12:00:00,Lymwell Guban,ADDITIONAL 30 MINS,,SABBATH,300,0,300,new,,paid,completed
2025-12-17,12:00:00,Ezra Joson,SWEDISH,,SABBATH,600,0,600,new,,paid,completed
2025-12-17,12:00:00,Clarence Moratal,SWEDISH,,SABBATH,600,0,600,new,,paid,completed
2025-12-17,12:00:00,Anthony Azucena,COMBINATION,,SABBATH,0,0,0,new,,paid,completed
2025-12-17,12:00:00,Rose Ann Cabigting,COMBINATION,,SABBATH,0,0,0,new,,paid,completed
2025-12-17,12:00:00,Arjay Cabigting,COMBINATION,,SABBATH,0,0,0,new,,paid,completed
2025-12-17,12:00:00,Faye Gonzales,AROMATHERAPY OIL WITH HERBAL BALL,,SABBATH,1000,0,1000,new,,paid,completed
2025-12-17,12:00:00,Aiya Darcen,AROMATHERAPY OIL WITH HERBAL BALL,,SABBATH,1000,0,1000,new,,paid,completed
2025-12-17,12:00:00,Wariel Batac,COMBINATION,,SABBATH,0,0,0,new,,paid,completed
2025-12-17,12:00:00,Mhai Cervantes,COMBINATION,,SABBATH,0,0,0,new,,paid,completed
2025-12-17,12:00:00,Mhai Cervantes,ADDITIONAL 30 MINS,,SABBATH,300,0,300,new,,paid,completed
2025-12-17,12:00:00,James Cervantes,COMBINATION,,SABBATH,0,0,0,new,,paid,completed
2025-12-17,12:00:00,James Cervantes,ADDITIONAL 30 MINS,,SABBATH,300,0,300,new,,paid,completed
2025-12-17,12:00:00,Mae Ann Salazar,COMBINATION,,SABBATH,0,0,0,new,,paid,completed
2025-12-17,12:00:00,Emmanuel Salazar,COMBINATION,,SABBATH,0,0,0,new,,paid,completed
2025-12-17,12:00:00,Joselle Reyes,SWEDISH,,SABBATH,600,0,600,new,,paid,completed
2025-12-17,12:00:00,Jescel Galang,SWEDISH,,SABBATH,600,0,600,new,,paid,completed
2025-12-17,12:00:00,Rhea Baltazar,GIFT CERTIFICATE CUSTOM,,SABBATH,2600,0,2600,new,,paid,completed
2025-12-17,12:00:00,Rhea Baltazar,GIFT CERTIFICATE CUSTOM,,SABBATH,2600,0,2600,new,,paid,completed
2025-12-17,12:00:00,Jerry Villanueva,FOOT SPA,,LE NAILS,0,0,0,new,,paid,completed
2025-12-18,12:00:00,Armando Hilario,SWEDISH,,SABBATH,600,0,600,new,,paid,completed
2025-12-18,12:00:00,Apol Hilario,COMBINATION W/ HOT STONE,,SABBATH,0,0,0,new,,paid,completed
2025-12-18,12:00:00,Nieko Penaflor,COMBINATION,,SABBATH,0,0,0,new,,paid,completed
2025-12-18,12:00:00,Nieko Penaflor,ADDITIONAL 30 MINS,,SABBATH,300,0,300,new,,paid,completed
2025-12-18,12:00:00,Lyn Borlongan,SWEDISH,,SABBATH,600,0,600,new,,paid,completed
2025-12-18,12:00:00,Lyn Borlongan,ADDITIONAL 30 MINS,,SABBATH,300,0,300,new,,paid,completed
2025-12-18,12:00:00,Radie De Regala,SWEDISH,,SABBATH,600,120,480,new,,paid,completed
2025-12-18,12:00:00,Lyn Borlongan,SOFT GEL NAIL EXTENSION,,LE NAILS,800,0,800,new,,paid,completed
2025-12-18,12:00:00,Ara Grace Solana,MANIGEL ORLY,,LE NAILS,600,0,600,new,,paid,completed
2025-12-18,12:00:00,Ara Grace Solana,PEDIGEL ORLY,,LE NAILS,700,0,700,new,,paid,completed
2025-12-18,12:00:00,April Hilario,PACKAGE A,,LE NAILS,0,0,0,new,,paid,completed
2025-12-18,12:00:00,Delia Abueg,PACKAGE C,,LE NAILS,0,0,0,new,,paid,completed
2025-12-18,12:00:00,Delia Abueg,REGULAR POLISH,,LE NAILS,0,0,0,new,,paid,completed
2025-12-18,12:00:00,Mary Grace Gan Dacayan,GIFT CERTIFICATE CUSTOM,,SABBATH,2600,0,2600,new,,paid,completed
2025-12-18,12:00:00,Mary Grace Gan Dacayan,GIFT CERTIFICATE CUSTOM,,SABBATH,2600,0,2600,new,,paid,completed
2025-12-18,12:00:00,Mary Grace Gan Dacayan,GIFT CERTIFICATE CUSTOM,,SABBATH,2600,0,2600,new,,paid,completed
2025-12-18,12:00:00,Mary Grace Gan Dacayan,GIFT CERTIFICATE CUSTOM,,SABBATH,2600,0,2600,new,,paid,completed
2025-12-19,12:00:00,Marian Tamayo,SWEDISH,,SABBATH,600,0,600,new,,paid,completed
2025-12-19,12:00:00,Nean Tamayo,COMBINATION,,SABBATH,0,0,0,new,,paid,completed
2025-12-19,12:00:00,Nora Coronel,SWEDISH,,SABBATH,600,0,600,new,,paid,completed
2025-12-19,12:00:00,Nerissa Coronel,COMBINATION,,SABBATH,0,0,0,new,,paid,completed
2025-12-19,12:00:00,Auh De Guzman,TRADITIONAL HILOT WITH VENTOSA,,SABBATH,1500,0,1500,new,,paid,completed
2025-12-19,12:00:00,John Dale Gumba,"HEAD, BACK & SHOULDER",,SABBATH,0,0,0,new,,paid,completed
2025-12-19,12:00:00,Max De Guzman,TRADITIONAL HILOT WITH VENTOSA,,SABBATH,1500,0,1500,new,,paid,completed
2025-12-19,12:00:00,Jonathan Dela Cruz,COMBINATION,,SABBATH,0,0,0,new,,paid,completed
2025-12-19,12:00:00,Jonathan Dela Cruz,ADDITIONAL 30 MINS,,SABBATH,300,0,300,new,,paid,completed
2025-12-19,12:00:00,Dabnie Dela Cruz,COMBINATION,,SABBATH,0,0,0,new,,paid,completed
2025-12-19,12:00:00,Dabnie Dela Cruz,ADDITIONAL 30 MINS,,SABBATH,300,0,300,new,,paid,completed
2025-12-19,12:00:00,Rosalie Reyes,SWEDISH,,SABBATH,600,0,600,new,,paid,completed
2025-12-19,12:00:00,Prince Justine Reyes,SWEDISH,,SABBATH,600,0,600,new,,paid,completed
2025-12-19,12:00:00,Ronaldo Reyes,SWEDISH,,SABBATH,600,0,600,new,,paid,completed
2025-12-19,12:00:00,Mary Ann Tomaquin,"SABBATH SIGNATURE FOOT, HEAD, NECK & SHOULDER",,SABBATH,750,0,750,new,,paid,completed
2025-12-19,12:00:00,Jerick Tomaquin,"SABBATH SIGNATURE FOOT, HEAD, NECK & SHOULDER",,SABBATH,750,0,750,new,,paid,completed
2025-12-19,12:00:00,Alliah Aquino,COMBINATION,,SABBATH,0,0,0,new,,paid,completed
2025-12-19,12:00:00,Carlo Cudia,COMBINATION,,SABBATH,0,0,0,new,,paid,completed
2025-12-19,12:00:00,Carlo Cudia,ADDITIONAL 30 MINS,,SABBATH,300,0,300,new,,paid,completed
2025-12-19,12:00:00,Christel Pangan,SWEDISH,,SABBATH,600,600,0,new,,paid,completed
2025-12-19,12:00:00,Rose Balatbat,SWEDISH,,SABBATH,600,0,600,new,,paid,completed
2025-12-19,12:00:00,Juliet Salamat,COMBINATION,,SABBATH,0,0,0,new,,paid,completed
2025-12-19,12:00:00,Mitch De Guzman,COMBINATION,,SABBATH,0,0,0,new,,paid,completed
2025-12-19,12:00:00,Pong De Guzman,COMBINATION,,SABBATH,0,0,0,new,,paid,completed
2025-12-19,12:00:00,Lily Payongayong,COMBINATION,,SABBATH,0,0,0,new,,paid,completed
2025-12-19,12:00:00,Mary Ann Tomaquin,HALF LEGS FEMALE,,LE NAILS,350,0,350,new,,paid,completed
2025-12-19,12:00:00,Anne Theodosis,PACKAGE C,,LE NAILS,0,0,0,new,,paid,completed
2025-12-19,12:00:00,Anne Theodosis,REGULAR POLISH,,LE NAILS,0,0,0,new,,paid,completed
2025-12-19,12:00:00,Chloe Magsakay,PACKAGE C,,LE NAILS,0,0,0,new,,paid,completed
2025-12-19,12:00:00,Chloe Magsakay,PACKAGE C,,LE NAILS,0,0,0,new,,paid,completed
2025-12-19,12:00:00,Chloe Magsakay,REGULAR POLISH,,LE NAILS,0,0,0,new,,paid,completed
2025-12-19,12:00:00,Chloe Magsakay,REGULAR POLISH,,LE NAILS,0,0,0,new,,paid,completed
2025-12-19,12:00:00,Rose Balatbat,PEDICURE,,LE NAILS,200,0,200,new,,paid,completed
2025-12-19,12:00:00,Rose Balatbat,REGULAR POLISH,,LE NAILS,0,0,0,new,,paid,completed
2025-12-20,12:00:00,Cynthia Briones,SABBATH FOOT REFLEX,,SABBATH,600,600,0,new,,paid,completed
2025-12-20,12:00:00,Sheryl Degala,COMBINATION,,SABBATH,0,0,0,new,,paid,completed
2025-12-20,12:00:00,Juvic Degala,COMBINATION,,SABBATH,0,0,0,new,,paid,completed
2025-12-20,12:00:00,Noy Santos,COMBINATION,,SABBATH,0,0,0,new,,paid,completed
2025-12-20,12:00:00,Den Deguzman,COMBINATION,,SABBATH,0,0,0,new,,paid,completed
2025-12-20,12:00:00,Marc Domingo,COMBINATION,,SABBATH,0,0,0,new,,paid,completed
2025-12-20,12:00:00,Marian Salonga,COMBINATION,,SABBATH,0,0,0,new,,paid,completed
2025-12-20,12:00:00,Yeeha Hosijima,COMBINATION,,SABBATH,0,0,0,new,,paid,completed
2025-12-20,12:00:00,Alyssa Manicol,TRADITIONAL HILOT WITH VENTOSA,,SABBATH,1500,0,1500,new,,paid,completed
2025-12-20,12:00:00,Marion Reyes,COMBINATION,,SABBATH,0,0,0,new,,paid,completed
2025-12-20,12:00:00,Marion Reyes,ADDITIONAL 30 MINS,,SABBATH,300,0,300,new,,paid,completed
2025-12-20,12:00:00,Galel Magnus Reyes,GROWTH,,SABBATH,500,0,500,new,,paid,completed
2025-12-20,12:00:00,Jobel Mallo,COMBINATION,,SABBATH,0,0,0,new,,paid,completed
2025-12-20,12:00:00,Samuel Pastrana,SABBATH PACKAGE 1,,SABBATH,2000,0,2000,new,,paid,completed
2025-12-20,12:00:00,Samuel Pastrana,ADDITIONAL 30 MINS,,SABBATH,300,0,300,new,,paid,completed
2025-12-20,12:00:00,Jaycee Quijano,SABBATH PACKAGE 1,,SABBATH,2000,0,2000,new,,paid,completed
2025-12-20,12:00:00,Jaycee Quijano,ADDITIONAL 30 MINS,,SABBATH,300,0,300,new,,paid,completed
2025-12-20,12:00:00,Amelyn Talastas,SABBATH PACKAGE 1,,SABBATH,2000,0,2000,new,,paid,completed
2025-12-20,12:00:00,Amelyn Talastas,ADDITIONAL 30 MINS,,SABBATH,300,0,300,new,,paid,completed
2025-12-20,12:00:00,Jerwin Manzon,SABBATH PACKAGE 1,,SABBATH,2000,0,2000,new,,paid,completed
2025-12-20,12:00:00,Jerwin Manzon,ADDITIONAL 30 MINS,,SABBATH,300,0,300,new,,paid,completed
2025-12-20,12:00:00,Monique Curia,SABBATH PACKAGE 1,,SABBATH,2000,0,2000,new,,paid,completed
2025-12-20,12:00:00,Monique Curia,ADDITIONAL 30 MINS,,SABBATH,300,0,300,new,,paid,completed
2025-12-20,12:00:00,Ghil Sayo,COMBINATION,,SABBATH,0,0,0,new,,paid,completed
2025-12-20,12:00:00,Meg Nunez,COMBINATION,,SABBATH,0,0,0,new,,paid,completed
2025-12-20,12:00:00,Alner Nunez,COMBINATION,,SABBATH,0,0,0,new,,paid,completed
2025-12-20,12:00:00,Alex Nunez,COMBINATION,,SABBATH,0,0,0,new,,paid,completed
2025-12-20,12:00:00,Al Dungo,COMBINATION,,SABBATH,0,0,0,new,,paid,completed
2025-12-20,12:00:00,Ronnie Guarin,SABBATH SIGNATURE,,SABBATH,1000,0,1000,new,,paid,completed
2025-12-20,12:00:00,Ninow Guarin,SWEDISH,,SABBATH,600,0,600,new,,paid,completed
2025-12-20,12:00:00,Ninow Guarin,ADDITIONAL 30 MINS,,SABBATH,300,0,300,new,,paid,completed
2025-12-20,12:00:00,Jemar Labausa,SABBATH SIGNATURE,,SABBATH,1000,1000,0,new,,paid,completed
2025-12-20,12:00:00,Hershey Labausa,AROMATHERAPY OIL WITH HERBAL BALL,,SABBATH,1000,1000,0,new,,paid,completed
2025-12-20,12:00:00,Jm Angeles,SWEDISH,,SABBATH,600,0,600,new,,paid,completed
2025-12-20,12:00:00,Jm Angeles,ADDITIONAL 30 MINS,,SABBATH,300,0,300,new,,paid,completed
2025-12-20,12:00:00,Nat Angeles,SWEDISH,,SABBATH,600,0,600,new,,paid,completed
2025-12-20,12:00:00,Nat Angeles,ADDITIONAL 30 MINS,,SABBATH,300,0,300,new,,paid,completed
2025-12-20,12:00:00,Antonette Hernandez,MANICURE,,LE NAILS,150,0,150,new,,paid,completed
2025-12-20,12:00:00,Antonette Hernandez,PEDICURE,,LE NAILS,200,0,200,new,,paid,completed
2025-12-20,12:00:00,Antonette Hernandez,FOOT SPA,,LE NAILS,0,0,0,new,,paid,completed
2025-12-20,12:00:00,Antonette Hernandez,REGULAR POLISH,,LE NAILS,0,0,0,new,,paid,completed
2025-12-20,12:00:00,Antonette Hernandez,REGULAR POLISH,,LE NAILS,0,0,0,new,,paid,completed
2025-12-20,12:00:00,Cynthia Briones,MANICURE,,LE NAILS,150,0,150,new,,paid,completed
2025-12-20,12:00:00,Cynthia Briones,NAIL GEL REMOVAL,,LE NAILS,150,30,120,new,,paid,completed
2025-12-20,12:00:00,Jm Angeles,SHOWER,,SABBATH,200,0,200,new,,paid,completed
2025-12-20,12:00:00,Kyla Calayag,FOOT MASSAGE,,LE NAILS,350,0,350,new,,paid,completed
2025-12-20,12:00:00,Kyla Calayag,FOOT SPA,,LE NAILS,0,0,0,new,,paid,completed
2025-12-20,12:00:00,Gracelle,"HEAD, BACK & SHOULDER",,SABBATH,0,0,0,new,,paid,completed
2025-12-20,12:00:00,Gracelle,COMBINATION,,SABBATH,0,0,0,new,,paid,completed
2025-12-21,12:00:00,Caesar Flores Jr,SABBATH PACKAGE 1 W/ ventosa,,SABBATH,3000,0,3000,new,,paid,completed
2025-12-21,12:00:00,Mabel Flores,SABBATH PACKAGE 1 w/ Sabbath Massage,,SABBATH,2400,0,2400,new,,paid,completed
2025-12-21,12:00:00,Hasley Joy Santiago,COMBINATION,,SABBATH,0,0,0,new,,paid,completed
2025-12-21,12:00:00,Paz Mendoza,COMBINATION,,SABBATH,0,0,0,new,,paid,completed
2025-12-21,12:00:00,Irene Buenaventura,COMBINATION,,SABBATH,0,0,0,new,,paid,completed
2025-12-21,12:00:00,Roselyne Baguisa,COMBINATION,,SABBATH,0,0,0,new,,paid,completed
2025-12-21,12:00:00,Monique Tan,COMBINATION W/ HOT STONE,,SABBATH,0,0,0,new,,paid,completed
2025-12-21,12:00:00,Wren Flores,COMBINATION W/ HOT STONE,,SABBATH,0,0,0,new,,paid,completed
2025-12-21,12:00:00,Ruth Angelo,"SABBATH SIGNATURE FOOT, HEAD, NECK & SHOULDER",,SABBATH,750,0,750,new,,paid,completed
2025-12-21,12:00:00,Ronald Angelo,"SABBATH SIGNATURE FOOT, HEAD, NECK & SHOULDER",,SABBATH,750,0,750,new,,paid,completed
2025-12-21,12:00:00,Reymar Canada,SABBATH PACKAGE 1,,SABBATH,2000,0,2000,new,,paid,completed
2025-12-21,12:00:00,Krizelle Canada,SABBATH PACKAGE 2,,SABBATH,3000,0,3000,new,,paid,completed
2025-12-21,12:00:00,Bryan Mendoza,TRADITIONAL HILOT WITH VENTOSA,,SABBATH,1500,0,1500,new,,paid,completed
2025-12-21,12:00:00,Paul Arinas,COMBINATION,,SABBATH,0,0,0,new,,paid,completed
2025-12-21,12:00:00,Jean Arinas,COMBINATION,,SABBATH,0,0,0,new,,paid,completed
2025-12-21,12:00:00,Louisse Tizon,SWEDISH,,SABBATH,600,0,600,new,,paid,completed
2025-12-21,12:00:00,Jewell Pineda,SWEDISH,,SABBATH,600,0,600,new,,paid,completed
2025-12-21,12:00:00,Katrina Perez,SWEDISH,,SABBATH,600,0,600,new,,paid,completed
2025-12-21,12:00:00,Dennis Perez,SWEDISH,,SABBATH,600,0,600,new,,paid,completed
2025-12-21,12:00:00,Marco Brand,SWEDISH,,SABBATH,600,0,600,new,,paid,completed
2025-12-21,12:00:00,Ana Brand,SWEDISH,,SABBATH,600,0,600,new,,paid,completed
2025-12-21,12:00:00,Valerio Martin Guio,COMBINATION,,SABBATH,0,0,0,new,,paid,completed
2025-12-21,12:00:00,Valerio Martin Guio,ADDITIONAL 30 MINS,,SABBATH,300,0,300,new,,paid,completed
2025-12-21,12:00:00,Limuel Macutay,SWEDISH,,SABBATH,600,0,600,new,,paid,completed
2025-12-22,12:00:00,Wilma Alapide,TRADITIONAL HILOT WITH VENTOSA,,SABBATH,1500,0,1500,new,,paid,completed
2025-12-22,12:00:00,Janella Revillame,SWEDISH,,SABBATH,600,0,600,new,,paid,completed
2025-12-22,12:00:00,Jermaine Calayag,SWEDISH,,SABBATH,600,0,600,new,,paid,completed
2025-12-22,12:00:00,Iya Jose,GROWTH,,SABBATH,500,0,500,new,,paid,completed
2025-12-22,12:00:00,Sari Jose,GROWTH,,SABBATH,500,0,500,new,,paid,completed
2025-12-22,12:00:00,Chino Jose Ahorro,COMBINATION,,SABBATH,0,0,0,new,,paid,completed
2025-12-22,12:00:00,Clair Ahorro,SWEDISH,,SABBATH,600,0,600,new,,paid,completed
2025-12-22,12:00:00,Donita Calma,COMBINATION W/ HOT STONE,,SABBATH,0,0,0,new,,paid,completed
2025-12-22,12:00:00,Jowell Jose,SWEDISH,,SABBATH,600,0,600,new,,paid,completed
2025-12-22,12:00:00,Roxy Jose,SWEDISH,,SABBATH,600,0,600,new,,paid,completed
2025-12-22,12:00:00,Mara Sisperez,COMBINATION,,SABBATH,0,0,0,new,,paid,completed
2025-12-22,12:00:00,Jeffrey Pactoranan,COMBINATION,,SABBATH,0,0,0,new,,paid,completed
2025-12-22,12:00:00,Maria Teresa Barredo,SWEDISH,,SABBATH,600,120,480,new,,paid,completed
2025-12-22,12:00:00,Kharizza Laquinon,COMBINATION,,SABBATH,0,0,0,new,,paid,completed
2025-12-22,12:00:00,Nazaren Menes,COMBINATION,,SABBATH,0,0,0,new,,paid,completed
2025-12-22,12:00:00,John Robert Espiritu,COMBINATION,,SABBATH,0,0,0,new,,paid,completed
2025-12-22,12:00:00,Jeremy Lois Espiritu,COMBINATION,,SABBATH,0,0,0,new,,paid,completed
2025-12-22,12:00:00,Imelda Silang,COMBINATION,,SABBATH,0,0,0,new,,paid,completed
2025-12-22,12:00:00,Aira Ito,COMBINATION,,SABBATH,0,0,0,new,,paid,completed
2025-12-22,12:00:00,Ella Ito,COMBINATION,,SABBATH,0,0,0,new,,paid,completed
2025-12-22,12:00:00,Charles De Gula,SWEDISH,,SABBATH,600,0,600,new,,paid,completed
2025-12-22,12:00:00,Sarah De Gula,COMBINATION,,SABBATH,0,0,0,new,,paid,completed
2025-12-22,12:00:00,Nick Penaflor,COMBINATION W/ HOT STONE,,SABBATH,0,0,0,new,,paid,completed
2025-12-22,12:00:00,Lyn Borlongan,COMBINATION W/ HOT STONE,,SABBATH,0,0,0,new,,paid,completed
2025-12-22,12:00:00,Chie Angeles,PEDICURE,,LE NAILS,200,0,200,new,,paid,completed
2025-12-22,12:00:00,Chie Angeles,REGULAR POLISH,,LE NAILS,0,0,0,new,,paid,completed
2025-12-22,12:00:00,Mary Grace Domingo,PACKAGE C,,LE NAILS,0,0,0,new,,paid,completed
2025-12-22,12:00:00,Mary Grace Domingo,REGULAR POLISH,,LE NAILS,0,0,0,new,,paid,completed
2025-12-22,12:00:00,Clair Ahorro,SOFT GEL REMOVER,,LE NAILS,300,0,300,new,,paid,completed
2025-12-22,12:00:00,Clair Ahorro,PACKAGE F,,LE NAILS,1250,0,1250,new,,paid,completed
2025-12-22,12:00:00,Clair Ahorro,PACKAGE F,,LE NAILS,1250,0,1250,new,,paid,completed
2025-12-22,12:00:00,Clair Ahorro,FOOT SPA,,LE NAILS,0,0,0,new,,paid,completed
2025-12-22,12:00:00,Mara Sisperez,MANICURE,,LE NAILS,150,0,150,new,,paid,completed
2025-12-22,12:00:00,Mara Sisperez,PEDICURE,,LE NAILS,200,0,200,new,,paid,completed
2025-12-22,12:00:00,Mara Sisperez,REGULAR POLISH,,LE NAILS,0,0,0,new,,paid,completed
2025-12-22,12:00:00,Mara Sisperez,REGULAR POLISH,,LE NAILS,0,0,0,new,,paid,completed
2025-12-22,12:00:00,Mina Garcia,PACKAGE A,,LE NAILS,0,0,0,new,,paid,completed
2025-12-23,12:00:00,Madison Calma,COMBINATION,,SABBATH,0,0,0,new,,paid,completed
2025-12-23,12:00:00,Donita Calma,"SABBATH SIGNATURE FOOT, HEAD, NECK & SHOULDER",,SABBATH,750,0,750,new,,paid,completed
2025-12-23,12:00:00,Angelique Calma,SWEDISH,,SABBATH,600,0,600,new,,paid,completed
2025-12-23,12:00:00,Marla Sisperez,SWEDISH,,SABBATH,600,0,600,new,,paid,completed
2025-12-23,12:00:00,Krys Aniag,"SABBATH SIGNATURE FOOT, HEAD, NECK & SHOULDER",,SABBATH,750,0,750,new,,paid,completed
2025-12-23,12:00:00,Rommel Castro,SWEDISH,,SABBATH,600,0,600,new,,paid,completed
2025-12-23,12:00:00,Rhea Estrella,COMBINATION,,SABBATH,0,0,0,new,,paid,completed
2025-12-23,12:00:00,Edwin Estrella,COMBINATION,,SABBATH,0,0,0,new,,paid,completed
2025-12-23,12:00:00,Rodolfo Castillo,SWEDISH,,SABBATH,600,0,600,new,,paid,completed
2025-12-23,12:00:00,Thom Dayao,SWEDISH,,SABBATH,600,0,600,new,,paid,completed
2025-12-23,12:00:00,Mhires Dayao,SWEDISH,,SABBATH,600,0,600,new,,paid,completed
2025-12-23,12:00:00,Meann Dayao,SWEDISH,,SABBATH,600,0,600,new,,paid,completed
2025-12-23,12:00:00,Benzstrong Dayao,SWEDISH,,SABBATH,600,0,600,new,,paid,completed
2025-12-23,12:00:00,Rheyn Pamintuan,SWEDISH,,SABBATH,600,0,600,new,,paid,completed
2025-12-23,12:00:00,Vhin Pamintuan,SWEDISH,,SABBATH,600,0,600,new,,paid,completed
2025-12-23,12:00:00,Gina Junio,SWEDISH,,SABBATH,600,120,480,new,,paid,completed
2025-12-23,12:00:00,Nonito Junio,COMBINATION,,SABBATH,0,0,0,new,,paid,completed
2025-12-23,12:00:00,Harry Pasigna II,COMBINATION,,SABBATH,0,0,0,new,,paid,completed
2025-12-23,12:00:00,Ann Faji,SWEDISH,,SABBATH,600,0,600,new,,paid,completed
2025-12-23,12:00:00,Charo Ludana,GIFT CERTIFICATE CUSTOM,,SABBATH,2600,0,2600,new,,paid,completed
2025-12-23,12:00:00,Gracelle Madrinian,PACKAGE A,,LE NAILS,0,0,0,new,,paid,completed
2025-12-23,12:00:00,Gracelle Madrinian,REGULAR POLISH,,LE NAILS,0,0,0,new,,paid,completed
2025-12-23,12:00:00,Gracelle Madrinian,FOOT SPA,,LE NAILS,0,0,0,new,,paid,completed
2025-12-23,12:00:00,Gracelle Madrinian,PEDICURE,,LE NAILS,200,0,200,new,,paid,completed
2025-12-23,12:00:00,Gracelle Madrinian,PEDICURE,,LE NAILS,200,0,200,new,,paid,completed
2025-12-23,12:00:00,Ivy Santos,PEDICURE,,LE NAILS,200,0,200,new,,paid,completed
2025-12-23,12:00:00,Ivy Santos,PEDICURE,,LE NAILS,200,0,200,new,,paid,completed
2025-12-23,12:00:00,Ivy Santos,REGULAR POLISH,,LE NAILS,0,0,0,new,,paid,completed
2025-12-23,12:00:00,Ivy Santos,REGULAR POLISH,,LE NAILS,0,0,0,new,,paid,completed
2025-12-23,12:00:00,Ivy Santos,FOOT MASSAGE,,LE NAILS,350,0,350,new,,paid,completed
2025-12-23,12:00:00,Ivy Santos,FOOT MASSAGE,,LE NAILS,350,0,350,new,,paid,completed
2025-12-23,12:00:00,Ivy Santos,FOOT SPA,,LE NAILS,0,0,0,new,,paid,completed
2025-12-23,12:00:00,Ivy Santos,PEDIGEL CUCCIO,,LE NAILS,550,0,550,new,,paid,completed
2025-12-23,12:00:00,Ivy Santos,NAIL GEL REMOVER,,LE NAILS,150,0,150,new,,paid,completed
2025-12-23,12:00:00,Fatima Cruz,PACKAGE B,,LE NAILS,950,0,950,new,,paid,completed
2025-12-23,12:00:00,Fatima Cruz,REGULAR POLISH,,LE NAILS,0,0,0,new,,paid,completed
2025-12-23,12:00:00,Fatima Cruz,HALF LEGS FEMALE,,LE NAILS,350,0,350,new,,paid,completed
2025-12-23,12:00:00,Marla Sisperez,PEDICURE,,LE NAILS,200,0,200,new,,paid,completed
2025-12-23,12:00:00,Marla Sisperez,REGULAR POLISH,,LE NAILS,0,0,0,new,,paid,completed
2025-12-24,12:00:00,Rachel De Jesus,COMBINATION,,SABBATH,0,0,0,new,,paid,completed
2025-12-24,12:00:00,Rachel De Jesus,ADDITIONAL 30 MINS,,SABBATH,300,0,300,new,,paid,completed
2025-12-24,12:00:00,Cristian Rodriguez,COMBINATION,,SABBATH,0,0,0,new,,paid,completed
2025-12-24,12:00:00,Cristian Rodriguez,ADDITIONAL 30 MINS,,SABBATH,300,0,300,new,,paid,completed
2025-12-24,12:00:00,Manilyn Dayot,COMBINATION W/ HOT STONE,,SABBATH,0,0,0,new,,paid,completed
2025-12-24,12:00:00,Salina Gumaru,COMBINATION,,SABBATH,0,0,0,new,,paid,completed
2025-12-24,12:00:00,Ezekiel Gumaru,COMBINATION,,SABBATH,0,0,0,new,,paid,completed
2025-12-24,12:00:00,Rainiel Arellano,COMBINATION,,SABBATH,0,0,0,new,,paid,completed
2025-12-24,12:00:00,Roel Arellano,COMBINATION,,SABBATH,0,0,0,new,,paid,completed
2025-12-24,12:00:00,Tenzin Manzelmann,COMBINATION,,SABBATH,0,0,0,new,,paid,completed
2025-12-24,12:00:00,Maceena Manzelmann,COMBINATION,,SABBATH,0,0,0,new,,paid,completed
2025-12-24,12:00:00,Jamir Jairi,COMBINATION,,SABBATH,0,0,0,new,,paid,completed
2025-12-24,12:00:00,Allen Jay Co,COMBINATION,,SABBATH,0,0,0,new,,paid,completed
2025-12-24,12:00:00,Christel Hyne Co,COMBINATION,,SABBATH,0,0,0,new,,paid,completed
2025-12-24,12:00:00,Regine Lim Alfredo,PACKAGE A,,LE NAILS,0,0,0,new,,paid,completed
2025-12-24,12:00:00,Regine Lim Alfredo,PACKAGE A,,LE NAILS,0,0,0,new,,paid,completed
2025-12-24,12:00:00,Marielle Valdez,PACKAGE C,,LE NAILS,0,0,0,new,,paid,completed
2025-12-24,12:00:00,Marielle Valdez,REGULAR POLISH,,LE NAILS,0,0,0,new,,paid,completed
2025-12-24,12:00:00,Leonissa Machate,PACKAGE A,,LE NAILS,0,0,0,new,,paid,completed
2025-12-24,12:00:00,Leonissa Machate,PACKAGE A,,LE NAILS,0,0,0,new,,paid,completed
2025-12-24,12:00:00,Leonissa Machate,REGULAR POLISH,,LE NAILS,0,0,0,new,,paid,completed
2025-12-24,12:00:00,Leonissa Machate,REGULAR POLISH,,LE NAILS,0,0,0,new,,paid,completed
2025-12-24,12:00:00,Ana Santos,PACKAGE A,,LE NAILS,0,0,0,new,,paid,completed
2025-12-24,12:00:00,Ana Santos,REGULAR POLISH,,LE NAILS,0,0,0,new,,paid,completed
2025-12-24,12:00:00,Ana Santos,REGULAR POLISH,,LE NAILS,0,0,0,new,,paid,completed
2025-12-25,12:00:00,Jeneva Marie Tayson,SABBATH PACKAGE 1,,SABBATH,2000,0,2000,new,,paid,completed
2025-12-25,12:00:00,Ian Edson Tayson,SABBATH PACKAGE 1 W/ ventosa,,SABBATH,3000,0,3000,new,,paid,completed
2025-12-25,12:00:00,Jonielene Mangalonzo,SWEDISH,,SABBATH,600,0,600,new,,paid,completed
2025-12-25,12:00:00,Wendel Gutierrez,SWEDISH,,SABBATH,600,0,600,new,,paid,completed
2025-12-25,12:00:00,Mary Delleah Gutierrez,"HEAD, BACK & SHOULDER",,SABBATH,0,0,0,new,,paid,completed
2025-12-25,12:00:00,Edgiel Doria,COMBINATION,,SABBATH,0,0,0,new,,paid,completed
2025-12-25,12:00:00,Jayneva Dorio,COMBINATION,,SABBATH,0,0,0,new,,paid,completed
2025-12-25,12:00:00,Jinky Manahan,SABBATH FOOT REFLEX,,SABBATH,600,0,600,new,,paid,completed
2025-12-25,12:00:00,Noel Manahan,SWEDISH,,SABBATH,600,0,600,new,,paid,completed
2025-12-25,12:00:00,Jinro Manahan,SWEDISH,,SABBATH,600,0,600,new,,paid,completed
2025-12-25,12:00:00,Guian Angelo Bernardo,SWEDISH,,SABBATH,600,0,600,new,,paid,completed
2025-12-25,12:00:00,Guian Angelo Bernardo,ADDITIONAL 30 MINS,,SABBATH,300,0,300,new,,paid,completed
2025-12-25,12:00:00,Alisson Matocinos,SWEDISH,,SABBATH,600,0,600,new,,paid,completed
2025-12-25,12:00:00,Ben Faraon,SWEDISH,,SABBATH,600,0,600,new,,paid,completed
2025-12-25,12:00:00,Rose Faraon,SWEDISH,,SABBATH,600,0,600,new,,paid,completed
2025-12-25,12:00:00,Antonette Hernandez,SHIATSU,,SABBATH,0,0,0,new,,paid,completed
2025-12-25,12:00:00,Masato Kawaro,SHIATSU,,SABBATH,0,0,0,new,,paid,completed
2025-12-25,12:00:00,Antonette Hernandez,PACKAGE A,,LE NAILS,0,0,0,new,,paid,completed
2025-12-25,12:00:00,Antonette Hernandez,FOOT SPA,,LE NAILS,0,0,0,new,,paid,completed
2025-12-25,12:00:00,Pat Sandagon,PACKAGE A,,LE NAILS,0,0,0,new,,paid,completed
2025-12-25,12:00:00,Kit Sandagon,PACKAGE A,,LE NAILS,0,0,0,new,,paid,completed
2025-12-25,12:00:00,Ena Claur,PACKAGE A,,LE NAILS,0,0,0,new,,paid,completed
2025-12-25,12:00:00,Ena Claur,REGULAR POLISH,,LE NAILS,0,0,0,new,,paid,completed
2025-12-25,12:00:00,Ena Claur,REGULAR POLISH,,LE NAILS,0,0,0,new,,paid,completed
2025-12-25,12:00:00,Ena Claur,PEDICURE,,LE NAILS,200,0,200,new,,paid,completed
2025-12-26,12:00:00,Mario Reyes,SWEDISH,,SABBATH,600,600,0,new,,paid,completed
2025-12-26,12:00:00,Mario Reyes,ADDITIONAL 30 MINS,,SABBATH,300,300,0,new,,paid,completed
2025-12-26,12:00:00,Joseline Reyes,COMBINATION,,SABBATH,0,0,0,new,,paid,completed
2025-12-26,12:00:00,Joseline Reyes,ADDITIONAL 30 MINS,,SABBATH,300,0,300,new,,paid,completed
2025-12-26,12:00:00,Kiel Delina,COMBINATION,,SABBATH,0,0,0,new,,paid,completed
2025-12-26,12:00:00,Kiel Delina,ADDITIONAL 30 MINS,,SABBATH,300,0,300,new,,paid,completed
2025-12-26,12:00:00,Laarni Delina,COMBINATION,,SABBATH,0,0,0,new,,paid,completed
2025-12-26,12:00:00,Laarni Delina,ADDITIONAL 30 MINS,,SABBATH,300,0,300,new,,paid,completed
2025-12-26,12:00:00,Elmer Audal,TRADITIONAL HILOT WITH VENTOSA,,SABBATH,1500,0,1500,new,,paid,completed
2025-12-26,12:00:00,Teresita Audal,TRADITIONAL HILOT WITH VENTOSA,,SABBATH,1500,0,1500,new,,paid,completed
2025-12-26,12:00:00,Helen Maclang,SWEDISH,,SABBATH,600,0,600,new,,paid,completed
2025-12-26,12:00:00,Helen Maclang,ADDITIONAL 30 MINS,,SABBATH,300,0,300,new,,paid,completed
2025-12-26,12:00:00,Lea Benedictos,SWEDISH,,SABBATH,600,0,600,new,,paid,completed
2025-12-26,12:00:00,Lea Benedictos,ADDITIONAL 30 MINS,,SABBATH,300,0,300,new,,paid,completed
2025-12-26,12:00:00,Dinah Jairi,SWEDISH,,SABBATH,600,0,600,new,,paid,completed
2025-12-26,12:00:00,Dinah Jairi,ADDITIONAL 30 MINS,,SABBATH,300,0,300,new,,paid,completed
2025-12-26,12:00:00,Ellen Arellano,SWEDISH,,SABBATH,600,0,600,new,,paid,completed
2025-12-26,12:00:00,Ellen Arellano,ADDITIONAL 30 MINS,,SABBATH,300,0,300,new,,paid,completed
2025-12-26,12:00:00,Sheila Maclang,SWEDISH,,SABBATH,600,0,600,new,,paid,completed
2025-12-26,12:00:00,Sheila Maclang,ADDITIONAL 30 MINS,,SABBATH,300,0,300,new,,paid,completed
2025-12-26,12:00:00,Rhianne Manzelmann,SWEDISH,,SABBATH,600,0,600,new,,paid,completed
2025-12-26,12:00:00,Stacey Douglas,SWEDISH,,SABBATH,600,0,600,new,,paid,completed
2025-12-26,12:00:00,Stacey Douglas,ADDITIONAL 30 MINS,,SABBATH,300,0,300,new,,paid,completed
2025-12-26,12:00:00,Aeryl Panganiban,SABBATH SIGNATURE,,SABBATH,1000,0,1000,new,,paid,completed
2025-12-26,12:00:00,John Emilor Panganiban,SABBATH SIGNATURE,,SABBATH,1000,0,1000,new,,paid,completed
2025-12-26,12:00:00,Michelle Collado,AROMATHERAPY OIL WITH HERBAL BALL,,SABBATH,1000,0,1000,new,,paid,completed
2025-12-26,12:00:00,Nurmaina Muallam,AROMATHERAPY OIL WITH HERBAL BALL,,SABBATH,1000,0,1000,new,,paid,completed
2025-12-26,12:00:00,Rhea Jane Baltazar,COMBINATION,,SABBATH,0,0,0,new,,paid,completed
2025-12-26,12:00:00,Emmanuel Baltazar,COMBINATION,,SABBATH,0,0,0,new,,paid,completed
2025-12-26,12:00:00,Mary Grace Gan Dacayan,"HEAD, BACK & SHOULDER",,SABBATH,0,0,0,new,,paid,completed
2025-12-26,12:00:00,Rj Aninion,TRADITIONAL HILOT WITH VENTOSA,,SABBATH,1500,0,1500,new,,paid,completed
2025-12-26,12:00:00,Casey Aninion,TRADITIONAL HILOT WITH VENTOSA,,SABBATH,1500,0,1500,new,,paid,completed
2025-12-26,12:00:00,Christian Ilno,COMBINATION,,SABBATH,0,0,0,new,,paid,completed
2025-12-26,12:00:00,April Conde,COMBINATION,,SABBATH,0,0,0,new,,paid,completed
2025-12-26,12:00:00,Roschelle De Silva,SWEDISH,,SABBATH,600,0,600,new,,paid,completed
2025-12-26,12:00:00,Roschelle De Silva,ADDITIONAL 30 MINS,,SABBATH,300,0,300,new,,paid,completed
2025-12-26,12:00:00,Reneil Joseph De Silva,COMBINATION,,SABBATH,0,0,0,new,,paid,completed
2025-12-26,12:00:00,Reneil Joseph De Silva,ADDITIONAL 30 MINS,,SABBATH,300,0,300,new,,paid,completed
2025-12-26,12:00:00,Salve Gregorio,SABBATH SIGNATURE,,SABBATH,1000,0,1000,new,,paid,completed
2025-12-26,12:00:00,Dam Gregorio,SABBATH SIGNATURE,,SABBATH,1000,0,1000,new,,paid,completed
2025-12-26,12:00:00,Grace Bernardino,COMBINATION W/ HOT STONE,,SABBATH,0,0,0,new,,paid,completed
2025-12-26,12:00:00,Mhel Bernardino,"SABBATH SIGNATURE FOOT, HEAD, NECK & SHOULDER",,SABBATH,750,0,750,new,,paid,completed
2025-12-26,12:00:00,Chantal San Diego,SWEDISH,,SABBATH,600,0,600,new,,paid,completed
2025-12-26,12:00:00,Jayvee Limpo,SWEDISH,,SABBATH,600,0,600,new,,paid,completed
2025-12-26,12:00:00,Aiza Lee Adriano,COMBINATION W/ HOT STONE,,SABBATH,0,0,0,new,,paid,completed
2025-12-26,12:00:00,Arjay Adriano,COMBINATION W/ HOT STONE,,SABBATH,0,0,0,new,,paid,completed
2025-12-26,12:00:00,Joyce Pondang,SWEDISH,,SABBATH,600,0,600,new,,paid,completed
2025-12-26,12:00:00,Red Pondang,SWEDISH,,SABBATH,600,0,600,new,,paid,completed
2025-12-26,12:00:00,Leane Del Rosario,COMBINATION,,SABBATH,0,0,0,new,,paid,completed
2025-12-26,12:00:00,Ayen Ilag,COMBINATION,,SABBATH,0,0,0,new,,paid,completed
2025-12-26,12:00:00,Shaina Garcia,TRADITIONAL HILOT WITH VENTOSA,,SABBATH,1500,0,1500,new,,paid,completed
2025-12-26,12:00:00,Sheryl Alonzo,SWEDISH,,SABBATH,600,0,600,new,,paid,completed
2025-12-26,12:00:00,Almira Santos,SWEDISH,,SABBATH,600,0,600,new,,paid,completed
2025-12-26,12:00:00,Sofia Marza,"HEAD, BACK & SHOULDER",,SABBATH,0,0,0,new,,paid,completed
2025-12-26,12:00:00,Ritchi Gallano,SWEDISH,,SABBATH,600,0,600,new,,paid,completed
2025-12-26,12:00:00,Norman Dimia,SWEDISH,,SABBATH,600,0,600,new,,paid,completed
2025-12-26,12:00:00,Joyce Pondang,PACKAGE A,,LE NAILS,0,0,0,new,,paid,completed
2025-12-26,12:00:00,Joyce Pondang,REGULAR POLISH,,LE NAILS,0,0,0,new,,paid,completed
2025-12-26,12:00:00,Joyce Pondang,PEDICURE,,LE NAILS,200,0,200,new,,paid,completed
2025-12-26,12:00:00,Joyce Pondang,GIFT CERTIFICATE CUSTOM,,SABBATH,2600,0,2600,new,,paid,completed
2025-12-26,12:00:00,Joyce Pondang,GIFT CERTIFICATE CUSTOM,,SABBATH,2600,0,2600,new,,paid,completed
2025-12-26,12:00:00,Teresita Audal,PEDICURE,,LE NAILS,200,0,200,new,,paid,completed
2025-12-26,12:00:00,Stacey Douglas,GIFT CERTIFICATE (10+1),,SABBATH,18000,0,18000,new,,paid,completed
2025-12-26,12:00:00,Mary Grace Gan Dacayan,PACKAGE A,,LE NAILS,0,0,0,new,,paid,completed
2025-12-26,12:00:00,Mary Grace Gan Dacayan,REGULAR POLISH,,LE NAILS,0,0,0,new,,paid,completed
2025-12-26,12:00:00,Mary Grace Gan Dacayan,REGULAR POLISH,,LE NAILS,0,0,0,new,,paid,completed
2025-12-26,12:00:00,Rhea Jane Baltazar,MANICURE,,LE NAILS,150,0,150,new,,paid,completed
2025-12-26,12:00:00,Rhea Jane Baltazar,PEDICURE,,LE NAILS,200,0,200,new,,paid,completed
2025-12-26,12:00:00,Rhea Jane Baltazar,REGULAR POLISH,,LE NAILS,0,0,0,new,,paid,completed
2025-12-27,12:00:00,Cristina Galindez,SWEDISH,,SABBATH,600,0,600,new,,paid,completed
2025-12-27,12:00:00,Mia Katrina Licudan,SWEDISH,,SABBATH,600,0,600,new,,paid,completed
2025-12-27,12:00:00,Jeffrey James Valerio,COMBINATION,,SABBATH,0,0,0,new,,paid,completed
2025-12-27,12:00:00,Rhealiza Valerio,SWEDISH,,SABBATH,600,0,600,new,,paid,completed
2025-12-27,12:00:00,Nigel Gio Nicolas,SABBATH SIGNATURE,,SABBATH,1000,0,1000,new,,paid,completed
2025-12-27,12:00:00,Yeye Leonin,SWEDISH,,SABBATH,0,0,0,new,,paid,completed
2025-12-27,12:00:00,Lee Ann Geronimo,SABBATH PACKAGE 1 w/ comb,,SABBATH,2150,0,2150,new,,paid,completed
2025-12-27,12:00:00,Levy Avenidp,SABBATH PACKAGE 1 w/ comb,,SABBATH,2150,0,2150,new,,paid,completed
2025-12-27,12:00:00,Leyah Ortiz,SWEDISH,,SABBATH,600,0,600,new,,paid,completed
2025-12-27,12:00:00,Heidi Ortiz,SWEDISH,,SABBATH,600,0,600,new,,paid,completed
2025-12-27,12:00:00,Aladin Ortiz,SWEDISH,,SABBATH,600,0,600,new,,paid,completed
2025-12-27,12:00:00,Giselle Ortiz,SWEDISH,,SABBATH,600,0,600,new,,paid,completed
2025-12-27,12:00:00,Angela Capule,SWEDISH,,SABBATH,600,0,600,new,,paid,completed
2025-12-27,12:00:00,Joven Capule,SWEDISH,,SABBATH,600,0,600,new,,paid,completed
2025-12-27,12:00:00,Jolo Capule,GROWTH,,SABBATH,500,0,500,new,,paid,completed
2025-12-27,12:00:00,Maureen Clavio,SWEDISH,,SABBATH,600,0,600,new,,paid,completed
2025-12-27,12:00:00,Mharianne Zacarias,SWEDISH,,SABBATH,600,0,600,new,,paid,completed
2025-12-27,12:00:00,Gale Sundiam,SWEDISH,,SABBATH,600,0,600,new,,paid,completed
2025-12-27,12:00:00,Amethis Dela Cerna,SWEDISH,,SABBATH,600,0,600,new,,paid,completed
2025-12-27,12:00:00,Carmela Franco,SWEDISH,,SABBATH,600,0,600,new,,paid,completed
2025-12-27,12:00:00,Sam Franco,SWEDISH,,SABBATH,600,0,600,new,,paid,completed
2025-12-27,12:00:00,Cindy Bocobo,SABBATH SIGNATURE,,SABBATH,1000,0,1000,new,,paid,completed
2025-12-27,12:00:00,Summer Bocobo,GROWTH,,SABBATH,500,0,500,new,,paid,completed
2025-12-27,12:00:00,Renzie Gaspar,COMBINATION W/ HOT STONE,,SABBATH,0,0,0,new,,paid,completed
2025-12-27,12:00:00,Renzie Gaspar,ADDITIONAL 30 MINS,,SABBATH,300,0,300,new,,paid,completed
2025-12-27,12:00:00,Vanessa Eugenio,COMBINATION,,SABBATH,0,0,0,new,,paid,completed
2025-12-27,12:00:00,Vanessa Eugenio,"HEAD, BACK & SHOULDER",,SABBATH,0,0,0,new,,paid,completed
2025-12-27,12:00:00,Joyce Bernardino,"SABBATH SIGNATURE FOOT, HEAD, NECK & SHOULDER",,SABBATH,750,0,750,new,,paid,completed
2025-12-27,12:00:00,Elvie Bernardino,"SABBATH SIGNATURE FOOT, HEAD, NECK & SHOULDER",,SABBATH,750,0,750,new,,paid,completed
2025-12-27,12:00:00,Ma Charry Arguellas,SWEDISH,,SABBATH,600,0,600,new,,paid,completed
2025-12-27,12:00:00,Florita Hipolito,SWEDISH,,SABBATH,600,0,600,new,,paid,completed
2025-12-27,12:00:00,Aurora Alvarado,SWEDISH,,SABBATH,600,0,600,new,,paid,completed
2025-12-27,12:00:00,Roscel Perez,COMBINATION,,SABBATH,0,0,0,new,,paid,completed
2025-12-27,12:00:00,Roscel Perez,ADDITIONAL 30 MINS,,SABBATH,300,0,300,new,,paid,completed
2025-12-27,12:00:00,Ayesha Perez,SWEDISH,,SABBATH,600,0,600,new,,paid,completed
2025-12-27,12:00:00,Ezra Joson,SWEDISH,,SABBATH,600,0,600,new,,paid,completed
2025-12-27,12:00:00,Clarence Moratal,SWEDISH,,SABBATH,600,0,600,new,,paid,completed
2025-12-27,12:00:00,Charlene Del Rosario,SWEDISH,,SABBATH,600,0,600,new,,paid,completed
2025-12-27,12:00:00,Ma. Magdalena,SWEDISH,,SABBATH,600,0,600,new,,paid,completed
2025-12-27,12:00:00,John Lloyd Aguilos,COMBINATION,,SABBATH,0,0,0,new,,paid,completed
2025-12-27,12:00:00,John Lloyd Aguilos,ADDITIONAL 30 MINS,,SABBATH,300,0,300,new,,paid,completed
2025-12-27,12:00:00,Jona Tapec,COMBINATION,,SABBATH,0,0,0,new,,paid,completed
2025-12-27,12:00:00,Jona Tapec,ADDITIONAL 30 MINS,,SABBATH,300,0,300,new,,paid,completed
2025-12-27,12:00:00,Mart Vladimir Tapec,COMBINATION,,SABBATH,0,0,0,new,,paid,completed
2025-12-27,12:00:00,Mart Vladimir Tapec,ADDITIONAL 30 MINS,,SABBATH,300,0,300,new,,paid,completed
2025-12-27,12:00:00,Jescel Galang,SWEDISH,,SABBATH,600,0,600,new,,paid,completed
2025-12-27,12:00:00,Jescel Galang,ADDITIONAL 30 MINS,,SABBATH,300,0,300,new,,paid,completed
2025-12-27,12:00:00,April Macabante,SWEDISH,,SABBATH,600,0,600,new,,paid,completed
2025-12-27,12:00:00,John Lloyd Aguilos,PEDICURE,,LE NAILS,200,0,200,new,,paid,completed
2025-12-27,12:00:00,Roscel Perez,UNDERARMS FEMALE,,LE NAILS,200,0,200,new,,paid,completed
2025-12-27,12:00:00,Melanie Canilao,PACKAGE D,,LE NAILS,0,0,0,new,,paid,completed
2025-12-27,12:00:00,Melanie Canilao,Gel Polish,,LE NAILS,100,0,100,new,,paid,completed
2025-12-27,12:00:00,Anne Bernardo,FOOT SPA,,LE NAILS,0,0,0,new,,paid,completed
2025-12-27,12:00:00,Anne Bernardo,PEDICURE,,LE NAILS,200,0,200,new,,paid,completed
2025-12-27,12:00:00,Anne Bernardo,REGULAR POLISH,,LE NAILS,0,0,0,new,,paid,completed
2025-12-27,12:00:00,Gale Sundiam,PACKAGE A,,LE NAILS,0,0,0,new,,paid,completed
2025-12-27,12:00:00,Gale Sundiam,REGULAR POLISH,,LE NAILS,0,0,0,new,,paid,completed
2025-12-27,12:00:00,Marianne Zacarias,FOOT SPA,,LE NAILS,0,0,0,new,,paid,completed
2025-12-27,12:00:00,Marianne Zacarias,PEDICURE,,LE NAILS,200,0,200,new,,paid,completed
2025-12-27,12:00:00,Marianne Zacarias,REGULAR POLISH,,LE NAILS,0,0,0,new,,paid,completed
2025-12-27,12:00:00,Doughne Hizon,PACKAGE B,,LE NAILS,950,0,950,new,,paid,completed
2025-12-27,12:00:00,Doughne Hizon,REGULAR POLISH,,LE NAILS,0,0,0,new,,paid,completed
2025-12-27,12:00:00,Engr Rhea Valerio,MANICURE,,LE NAILS,150,0,150,new,,paid,completed
2025-12-27,12:00:00,Engr Rhea Valerio,PEDICURE,,LE NAILS,200,0,200,new,,paid,completed
2025-12-27,12:00:00,Engr Rhea Valerio,REGULAR POLISH,,LE NAILS,0,0,0,new,,paid,completed
2025-12-27,12:00:00,Engr Rhea Valerio,REGULAR POLISH,,LE NAILS,0,0,0,new,,paid,completed
2025-12-27,12:00:00,Amytis Dela Cerna,PEDICURE,,LE NAILS,200,0,200,new,,paid,completed
2025-12-28,12:00:00,Leonides Bona,TRADITIONAL HILOT WITH VENTOSA,,SABBATH,1500,0,1500,new,,paid,completed
2025-12-28,12:00:00,Carrie Marcelo,TRADITIONAL HILOT WITH VENTOSA,,SABBATH,1500,0,1500,new,,paid,completed
2025-12-28,12:00:00,Joanna Mae Cruz,TRADITIONAL HILOT WITH VENTOSA,,SABBATH,1500,0,1500,new,,paid,completed
2025-12-28,12:00:00,Jeremiah Francisco,TRADITIONAL HILOT WITH VENTOSA,,SABBATH,1500,0,1500,new,,paid,completed
2025-12-28,12:00:00,Ma. Karisse Reyes,POST & PRE NATAL W/ LACTATION,,SABBATH,2000,0,2000,new,,paid,completed
2025-12-28,12:00:00,BM Reyes,TRADITIONAL HILOT WITH VENTOSA,,SABBATH,1500,0,1500,new,,paid,completed
2025-12-28,12:00:00,Elsa Reyes,TRADITIONAL HILOT WITH VENTOSA,,SABBATH,1500,0,1500,new,,paid,completed
2025-12-28,12:00:00,Denel Joi Reyes,COMBINATION W/ HOT STONE,,SABBATH,0,0,0,new,,paid,completed
2025-12-28,12:00:00,Ayesha Marielle Reyes,GROWTH,,SABBATH,500,0,500,new,,paid,completed
2025-12-28,12:00:00,Mirriam Santiago,SABBATH PACKAGE 1,,SABBATH,2000,0,2000,new,,paid,completed
2025-12-28,12:00:00,Danilo Santiago,SABBATH PACKAGE 1,,SABBATH,2000,0,2000,new,,paid,completed
2025-12-28,12:00:00,Michael Reyes,SABBATH FOOT REFLEX,,SABBATH,600,600,0,new,,paid,completed
2025-12-28,12:00:00,Manillyn Sanchez,SABBATH FOOT REFLEX,,SABBATH,600,600,0,new,,paid,completed
2025-12-28,12:00:00,Silver Sagun,"SABBATH SIGNATURE FOOT, HEAD, NECK & SHOULDER",,SABBATH,750,0,750,new,,paid,completed
2025-12-28,12:00:00,Juanito Sagun,COMBINATION W/ HOT STONE,,SABBATH,0,0,0,new,,paid,completed
2025-12-28,12:00:00,Maria Angelica Borja,SABBATH PACKAGE 1,,SABBATH,2000,0,2000,new,,paid,completed
2025-12-28,12:00:00,Keith Borja,SABBATH PACKAGE 1,,SABBATH,2000,0,2000,new,,paid,completed
2025-12-28,12:00:00,Rejielyn Maldia,COMBINATION,,SABBATH,0,0,0,new,,paid,completed
2025-12-28,12:00:00,Eunna Rubio,COMBINATION,,SABBATH,0,0,0,new,,paid,completed
2025-12-28,12:00:00,Allen Suarez,COMBINATION,,SABBATH,0,0,0,new,,paid,completed
2025-12-28,12:00:00,Sam Sulmaca,SABBATH SIGNATURE,,SABBATH,1000,0,1000,new,,paid,completed
2025-12-28,12:00:00,James Sulmaca,TRADITIONAL HILOT WITH VENTOSA,,SABBATH,1500,0,1500,new,,paid,completed
2025-12-28,12:00:00,James Sulmaca,ADDITIONAL 30 MINS,,SABBATH,300,0,300,new,,paid,completed
2025-12-28,12:00:00,Giovanni Juan,COMBINATION,,SABBATH,0,0,0,new,,paid,completed
2025-12-28,12:00:00,Giovanni Juan,ADDITIONAL 30 MINS,,SABBATH,300,0,300,new,,paid,completed
2025-12-28,12:00:00,Leigh Valerio,COMBINATION,,SABBATH,0,0,0,new,,paid,completed
2025-12-28,12:00:00,Leigh Valerio,ADDITIONAL 30 MINS,,SABBATH,300,0,300,new,,paid,completed
2025-12-28,12:00:00,Jorgee Mandap,BODY SCRUB W/ MASSAGE,,SABBATH,3000,0,3000,new,,paid,completed
2025-12-28,12:00:00,Theresa Mandap,BODY SCRUB W/ MASSAGE,,SABBATH,3000,0,3000,new,,paid,completed
2025-12-28,12:00:00,Miguela Gole,SWEDISH,,SABBATH,600,0,600,new,,paid,completed
2025-12-28,12:00:00,Nina Gole,SWEDISH,,SABBATH,600,0,600,new,,paid,completed
2025-12-28,12:00:00,Regalado Gole,SABBATH FOOT REFLEX,,SABBATH,600,0,600,new,,paid,completed
2025-12-28,12:00:00,Jermaine Rosario,COMBINATION W/ HOT STONE,,SABBATH,0,0,0,new,,paid,completed
2025-12-28,12:00:00,Angelo Santos,TRADITIONAL HILOT WITH VENTOSA,,SABBATH,1500,0,1500,new,,paid,completed
2025-12-28,12:00:00,Jon Pecson,SWEDISH,,SABBATH,600,0,600,new,,paid,completed
2025-12-28,12:00:00,Cindy Pecson,SWEDISH,,SABBATH,600,0,600,new,,paid,completed
2025-12-28,12:00:00,Josephine Pineda,MANICURE,,LE NAILS,150,0,150,new,,paid,completed
2025-12-28,12:00:00,Josephine Pineda,PEDICURE,,LE NAILS,200,0,200,new,,paid,completed
2025-12-28,12:00:00,Josephine Pineda,REGULAR POLISH,,LE NAILS,0,0,0,new,,paid,completed
2025-12-28,12:00:00,Josephine Pineda,REGULAR POLISH,,LE NAILS,0,0,0,new,,paid,completed
2025-12-28,12:00:00,Josephine Pineda,MANICURE,,LE NAILS,150,0,150,new,,paid,completed
2025-12-28,12:00:00,Josephine Pineda,PEDICURE,,LE NAILS,200,0,200,new,,paid,completed
2025-12-28,12:00:00,Ola Javier,MANIGEL CUCCIO,,LE NAILS,450,0,450,new,,paid,completed
2025-12-28,12:00:00,Mhaii,PACKAGE A,,LE NAILS,0,0,0,new,,paid,completed
2025-12-28,12:00:00,Mhaii,PACKAGE C,,LE NAILS,0,0,0,new,,paid,completed
2025-12-28,12:00:00,Mhaii,REGULAR POLISH,,LE NAILS,0,0,0,new,,paid,completed
2025-12-28,12:00:00,Michael Reyes,PACKAGE A,,LE NAILS,0,0,0,new,,paid,completed
2025-12-28,12:00:00,Michael Reyes,FOOT SPA,,LE NAILS,0,0,0,new,,paid,completed
2025-12-28,12:00:00,Carrie Marcelo,PEDICURE,,LE NAILS,200,0,200,new,,paid,completed
2025-12-28,12:00:00,Carrie Marcelo,REGULAR POLISH,,LE NAILS,0,0,0,new,,paid,completed
2025-12-29,12:00:00,Rochelle Pischel,BODY SCRUB W/ MASSAGE,,SABBATH,3000,0,3000,new,,paid,completed
2025-12-29,12:00:00,Susana Viober,BODY SCRUB W/ MASSAGE,,SABBATH,3000,0,3000,new,,paid,completed
2025-12-29,12:00:00,Charese Canete,COMBINATION,,SABBATH,0,0,0,new,,paid,completed
2025-12-29,12:00:00,Marvs Canete,COMBINATION,,SABBATH,0,0,0,new,,paid,completed
2025-12-29,12:00:00,Josie Pedroche,COMBINATION,,SABBATH,0,0,0,new,,paid,completed
2025-12-29,12:00:00,Precila Magpayo,COMBINATION,,SABBATH,0,0,0,new,,paid,completed
2025-12-29,12:00:00,Perpetua Perez,COMBINATION,,SABBATH,0,0,0,new,,paid,completed
2025-12-29,12:00:00,Dan Castro,COMBINATION,,SABBATH,0,0,0,new,,paid,completed
2025-12-29,12:00:00,Ronald Angelo,SABBATH PACKAGE 1 w/ comb,,SABBATH,2150,0,2150,new,,paid,completed
2025-12-29,12:00:00,Ruth Angelo,SABBATH PACKAGE 1 w/ comb,,SABBATH,2150,0,2150,new,,paid,completed
2025-12-29,12:00:00,Alvin Nool,COMBINATION,,SABBATH,0,0,0,new,,paid,completed
2025-12-29,12:00:00,Leigh Rones,TRADITIONAL HILOT WITH VENTOSA,,SABBATH,1500,0,1500,new,,paid,completed
2025-12-29,12:00:00,Ada Reyes,COMBINATION W/ HOT STONE,,SABBATH,0,0,0,new,,paid,completed
2025-12-29,12:00:00,Teresita Caluag,SWEDISH,,SABBATH,600,120,480,new,,paid,completed
2025-12-29,12:00:00,Vangie Villarde,SWEDISH,,SABBATH,600,0,600,new,,paid,completed
2025-12-29,12:00:00,Mika Jen,SWEDISH,,SABBATH,600,0,600,new,,paid,completed
2025-12-29,12:00:00,Karen Lim Ranola,POST & PRE NATAL W/ LACTATION,,SABBATH,2000,0,2000,new,,paid,completed
2025-12-29,12:00:00,Evan Lim Ranola,TRADITIONAL HILOT WITH VENTOSA,,SABBATH,1500,0,1500,new,,paid,completed
2025-12-29,12:00:00,Chanda Prila,COMBINATION,,SABBATH,0,0,0,new,,paid,completed
2025-12-29,12:00:00,Roselita Prila,COMBINATION,,SABBATH,0,0,0,new,,paid,completed
2025-12-29,12:00:00,Rianne Carmela Cueto,SWEDISH,,SABBATH,600,0,600,new,,paid,completed
2025-12-29,12:00:00,Jazmira Jairi,SWEDISH,,SABBATH,600,0,600,new,,paid,completed
2025-12-29,12:00:00,Jormina Jairi,SWEDISH,,SABBATH,600,0,600,new,,paid,completed
2025-12-29,12:00:00,Raine Arellano,SWEDISH,,SABBATH,600,0,600,new,,paid,completed
2025-12-29,12:00:00,Juliana Maclang,SWEDISH,,SABBATH,600,0,600,new,,paid,completed
2025-12-29,12:00:00,Jaminah Jairi,SWEDISH,,SABBATH,600,0,600,new,,paid,completed
2025-12-29,12:00:00,Mylene Aguello,COMBINATION,,SABBATH,0,0,0,new,,paid,completed
2025-12-29,12:00:00,Mylene Aguello,ADDITIONAL 30 MINS,,SABBATH,300,0,300,new,,paid,completed
2025-12-29,12:00:00,Aileen Aure,COMBINATION,,SABBATH,0,0,0,new,,paid,completed
2025-12-29,12:00:00,Jeff Genanela,COMBINATION,,SABBATH,0,0,0,new,,paid,completed
2025-12-29,12:00:00,Michael Dela Cruz,TRADITIONAL HILOT WITH VENTOSA,,SABBATH,1500,0,1500,new,,paid,completed
2025-12-29,12:00:00,Elaine Dela Cruz,TRADITIONAL HILOT WITH VENTOSA,,SABBATH,1500,0,1500,new,,paid,completed
2025-12-29,12:00:00,Kaye Cabales,COMBINATION,,SABBATH,0,0,0,new,,paid,completed
2025-12-29,12:00:00,Kaye Cabales,ADDITIONAL 30 MINS,,SABBATH,300,0,300,new,,paid,completed
2025-12-29,12:00:00,Warly Batac,COMBINATION,,SABBATH,0,0,0,new,,paid,completed
2025-12-29,12:00:00,Alvin James Rigor,COMBINATION,,SABBATH,0,0,0,new,,paid,completed
2025-12-29,12:00:00,Alvin James Rigor,FOOT SPA,,LE NAILS,0,0,0,new,,paid,completed
2025-12-29,12:00:00,Alvin James Rigor,FOOT SPA,,LE NAILS,0,0,0,new,,paid,completed
2025-12-29,12:00:00,Alvin James Rigor,FOOT SPA,,LE NAILS,0,0,0,new,,paid,completed
2025-12-29,12:00:00,Alvin James Rigor,PEDICURE,,LE NAILS,200,0,200,new,,paid,completed
2025-12-29,12:00:00,Alvin James Rigor,PEDICURE,,LE NAILS,200,0,200,new,,paid,completed
2025-12-29,12:00:00,Alvin James Rigor,PEDICURE,,LE NAILS,200,0,200,new,,paid,completed
2025-12-29,12:00:00,Alvin James Rigor,REGULAR POLISH,,LE NAILS,0,0,0,new,,paid,completed
2025-12-29,12:00:00,Noella Miranda,PACKAGE A,,LE NAILS,0,0,0,new,,paid,completed
2025-12-29,12:00:00,Noella Miranda,PEDIGEL ORLY,,LE NAILS,700,0,700,new,,paid,completed
2025-12-29,12:00:00,Noella Miranda,PACKAGE D,,LE NAILS,0,0,0,new,,paid,completed
2025-12-29,12:00:00,Leonissa Machate,SOFT GEL NAIL EXTENSION,,LE NAILS,800,0,800,new,,paid,completed
2025-12-29,12:00:00,Ada Reyes,MANICURE,,LE NAILS,150,0,150,new,,paid,completed
2025-12-29,12:00:00,Ada Reyes,MANICURE,,LE NAILS,150,0,150,new,,paid,completed
2025-12-29,12:00:00,Ada Reyes,PEDICURE,,LE NAILS,200,0,200,new,,paid,completed
2025-12-29,12:00:00,Ada Reyes,REGULAR POLISH,,LE NAILS,0,0,0,new,,paid,completed
2025-12-29,12:00:00,Ada Reyes,REGULAR POLISH,,LE NAILS,0,0,0,new,,paid,completed
2025-12-29,12:00:00,Ada Reyes,REGULAR POLISH,,LE NAILS,0,0,0,new,,paid,completed
2025-12-30,12:00:00,Arnie Ople,COMBINATION,,SABBATH,0,0,0,new,,paid,completed
2025-12-30,12:00:00,Bridgette Anne Ople,COMBINATION,,SABBATH,0,0,0,new,,paid,completed
2025-12-30,12:00:00,Nerissa Urbizondo,SWEDISH,,SABBATH,600,0,600,new,,paid,completed
2025-12-30,12:00:00,Marilou Marasigan,SWEDISH,,SABBATH,600,0,600,new,,paid,completed
2025-12-30,12:00:00,Nino Jomel De Leon,BODY SCRUB W/ MASSAGE,,SABBATH,3000,0,3000,new,,paid,completed
2025-12-30,12:00:00,Marilyn Herbolingo,COMBINATION,,SABBATH,0,0,0,new,,paid,completed
2025-12-30,12:00:00,Gilbert Javier,COMBINATION,,SABBATH,0,0,0,new,,paid,completed
2025-12-30,12:00:00,Ronald Macapagal,COMBINATION,,SABBATH,0,0,0,new,,paid,completed
2025-12-30,12:00:00,Elissa Macapagal,COMBINATION,,SABBATH,0,0,0,new,,paid,completed
2025-12-30,12:00:00,Djenny Agbuya,SWEDISH,,SABBATH,600,0,600,new,,paid,completed
2025-12-30,12:00:00,Andrea Agbuya,SWEDISH,,SABBATH,600,0,600,new,,paid,completed
2025-12-30,12:00:00,Robbie Mendoza,SHIATSU,,SABBATH,0,0,0,new,,paid,completed
2025-12-30,12:00:00,Ma Jhona Mendoza,"HEAD, BACK & SHOULDER",,SABBATH,0,0,0,new,,paid,completed
2025-12-30,12:00:00,Romen Quinones,SHIATSU,,SABBATH,0,0,0,new,,paid,completed
2025-12-30,12:00:00,Blessie Mendoza,SWEDISH,,SABBATH,600,0,600,new,,paid,completed
2025-12-30,12:00:00,Cynthia Bonafe,SWEDISH,,SABBATH,600,120,480,new,,paid,completed
2025-12-30,12:00:00,Andrew Noli Bonafe,SWEDISH,,SABBATH,600,120,480,new,,paid,completed
2025-12-30,12:00:00,Mark Ramos,SWEDISH,,SABBATH,600,0,600,new,,paid,completed
2025-12-30,12:00:00,Magdalena Ramos,SWEDISH,,SABBATH,600,0,600,new,,paid,completed
2025-12-30,12:00:00,Fam Tan Ramos,SWEDISH,,SABBATH,600,0,600,new,,paid,completed
2025-12-30,12:00:00,Josephine Oliveros,SWEDISH,,SABBATH,600,0,600,new,,paid,completed
2025-12-30,12:00:00,Annabelle Oliveros,SWEDISH,,SABBATH,600,0,600,new,,paid,completed
2025-12-30,12:00:00,Joan Oliveros,SWEDISH,,SABBATH,600,0,600,new,,paid,completed
2025-12-30,12:00:00,Ericka Oliveros,SWEDISH,,SABBATH,600,0,600,new,,paid,completed
2025-12-30,12:00:00,Noah Sandoval,GROWTH,,SABBATH,500,0,500,new,,paid,completed
2025-12-30,12:00:00,David Sandoval,SWEDISH,,SABBATH,600,0,600,new,,paid,completed
2025-12-30,12:00:00,Kechel Sandoval,SWEDISH,,SABBATH,600,0,600,new,,paid,completed
2025-12-30,12:00:00,Christel Pangan,SWEDISH,,SABBATH,600,600,0,new,,paid,completed
2025-12-30,12:00:00,Pauline Del Castillo,COMBINATION,,SABBATH,0,0,0,new,,paid,completed
2025-12-30,12:00:00,Arni Topico,COMBINATION,,SABBATH,0,0,0,new,,paid,completed
2025-12-30,12:00:00,Janette Crisostomo,COMBINATION,,SABBATH,0,0,0,new,,paid,completed
2025-12-30,12:00:00,Raf Crisostomo,COMBINATION,,SABBATH,0,0,0,new,,paid,completed
2025-12-30,12:00:00,Elaiza Angeles,PEDICURE,,LE NAILS,200,0,200,new,,paid,completed
2025-12-30,12:00:00,Elaiza Angeles,REGULAR POLISH,,LE NAILS,0,0,0,new,,paid,completed
2025-12-30,12:00:00,Cris Angeles,PACKAGE C,,LE NAILS,0,0,0,new,,paid,completed
2025-12-30,12:00:00,Cris Angeles,REGULAR POLISH,,LE NAILS,0,0,0,new,,paid,completed
2025-12-30,12:00:00,Princess Del Rosario,PEDICURE,,LE NAILS,200,0,200,new,,paid,completed
2025-12-30,12:00:00,Princess Del Rosario,PEDICURE,,LE NAILS,200,0,200,new,,paid,completed
2025-12-30,12:00:00,Sunshine almario,MANICURE,,LE NAILS,150,0,150,new,,paid,completed
2025-12-30,12:00:00,Sunshine almario,PEDICURE,,LE NAILS,200,0,200,new,,paid,completed
2025-12-30,12:00:00,Sunshine almario,PEDICURE,,LE NAILS,200,0,200,new,,paid,completed
2025-12-30,12:00:00,Sunshine almario,REGULAR POLISH,,LE NAILS,0,0,0,new,,paid,completed
2025-12-30,12:00:00,Gracelle,SOFT GEL NAIL EXTENSION,,LE NAILS,800,0,800,new,,paid,completed
2025-12-30,12:00:00,Gracelle,PEDICURE,,LE NAILS,200,0,200,new,,paid,completed
2025-12-30,12:00:00,Gracelle,REGULAR POLISH,,LE NAILS,0,0,0,new,,paid,completed
2025-12-30,12:00:00,Chester Natividad,MANICURE,,LE NAILS,150,0,150,new,,paid,completed
2025-12-30,12:00:00,Chester Natividad,PEDICURE,,LE NAILS,200,0,200,new,,paid,completed
2025-12-30,12:00:00,Jena Domingo,PACKAGE C,,LE NAILS,0,0,0,new,,paid,completed
2025-12-30,12:00:00,Jena Domingo,REGULAR POLISH,,LE NAILS,0,0,0,new,,paid,completed
2026-01-02,12:00:00,Joey Golez,COMBINATION,MARK KENNETH SANCHEZ,SABBATH,0,0,0,new,,paid,completed
2026-01-02,12:00:00,Norma Golez,SWEDISH,LEAH PEDROSA,SABBATH,600,0,600,new,,paid,completed
2026-01-02,12:00:00,Mercy Lising,SWEDISH,ASHLEY JANE GARCIA,SABBATH,600,0,600,new,,paid,completed
2026-01-02,12:00:00,Armee Lising,SWEDISH,JESTINE TANELON,SABBATH,600,0,600,new,,paid,completed
2026-01-02,12:00:00,Jeff Domingo,SWEDISH,MARK KENNETH SANCHEZ,SABBATH,600,0,600,new,,paid,completed
2026-01-02,12:00:00,Jonavie Domingo,SWEDISH,DIVINE,SABBATH,600,0,600,new,,paid,completed
2026-01-02,12:00:00,Akhiro Domingo,GROWTH,EVANGELINE CANONIGO,SABBATH,500,0,500,new,,paid,completed
2026-01-02,12:00:00,Klea Kate Colon,COMBINATION,JESTINE TANELON,SABBATH,0,0,0,new,,paid,completed
2026-01-02,12:00:00,Klea Kate Colon,ADDITIONAL 30 MINS,JESTINE TANELON,SABBATH,300,0,300,new,,paid,completed
2026-01-02,12:00:00,Harold Colon,COMBINATION,LEAH PEDROSA,SABBATH,0,0,0,new,,paid,completed
2026-01-02,12:00:00,Harold Colon,ADDITIONAL 30 MINS,LEAH PEDROSA,SABBATH,300,0,300,new,,paid,completed
2026-01-02,12:00:00,Rudy Rubio,COMBINATION,ASHLEY JANE GARCIA,SABBATH,0,0,0,new,,paid,completed
2026-01-02,12:00:00,Rudy Rubio,ADDITIONAL 30 MINS,ASHLEY JANE GARCIA,SABBATH,300,0,300,new,,paid,completed
2026-01-02,12:00:00,Christa Rubia,COMBINATION,JENIFFER ANN MANUEL,SABBATH,0,0,0,new,,paid,completed
2026-01-02,12:00:00,Christa Rubia,ADDITIONAL 30 MINS,JENIFFER ANN MANUEL,SABBATH,300,0,300,new,,paid,completed
2026-01-02,12:00:00,Rhino Lou Rivera,SABBATH PACKAGE 1,JESTINE TANELON,SABBATH,2000,0,2000,new,,paid,completed
2026-01-02,12:00:00,Aurora Grace Rivera,SABBATH PACKAGE 2,LEAH PEDROSA,SABBATH,3000,0,3000,new,,paid,completed
2026-01-02,12:00:00,Glaiza De Madrinian,COMBINATION,LEAH PEDROSA,SABBATH,0,0,0,new,,paid,completed
2026-01-02,12:00:00,Juliana Madrinian,COMBINATION,ASHLEY JANE GARCIA,SABBATH,0,0,0,new,,paid,completed
2026-01-02,12:00:00,Cecilia Madrinian,SWEDISH,JESTINE TANELON,SABBATH,600,0,600,new,,paid,completed
2026-01-02,12:00:00,Jerickson Lopez,COMBINATION,MARK KENNETH SANCHEZ,SABBATH,0,0,0,new,,paid,completed
2026-01-02,12:00:00,Angela Claur,COMBINATION,DIVINE,SABBATH,0,0,0,new,,paid,completed
2026-01-02,12:00:00,Amelia Claur,COMBINATION,JENIFFER ANN MANUEL,SABBATH,0,0,0,new,,paid,completed
2026-01-02,12:00:00,Ermelita Estuista,COMBINATION,DIVINE,SABBATH,0,0,0,new,,paid,completed
2026-01-02,12:00:00,Bienneil Cruz,TRADITIONAL HILOT WITH VENTOSA,JESTINE TANELON,SABBATH,1500,0,1500,new,,paid,completed
2026-01-02,12:00:00,Amielle Crisostomo,SWEDISH,LEAH PEDROSA,SABBATH,600,0,600,new,,paid,completed
2026-01-02,12:00:00,Monique Enriquez,COMBINATION W/ HOT STONE,ASHLEY JANE GARCIA,SABBATH,0,0,0,new,,paid,completed
2026-01-02,12:00:00,Krys Aniag,COMBINATION,JENIFFER ANN MANUEL,SABBATH,0,0,0,new,,paid,completed
2026-01-02,12:00:00,Krys Aniag,ADDITIONAL 30 MINS,JENIFFER ANN MANUEL,SABBATH,300,0,300,new,,paid,completed
2026-01-02,12:00:00,Mark Aniag,COMBINATION,DIVINE,SABBATH,0,0,0,new,,paid,completed
2026-01-02,12:00:00,Mark Aniag,ADDITIONAL 30 MINS,DIVINE,SABBATH,300,0,300,new,,paid,completed
2026-01-02,12:00:00,Keith Leigh,COMBINATION,ASHLEY JANE GARCIA,SABBATH,0,0,0,new,,paid,completed
2026-01-02,12:00:00,Melvin Chin,SABBATH SIGNATURE,MARK KENNETH SANCHEZ,SABBATH,1000,0,1000,new,,paid,completed
2026-01-02,12:00:00,Beth Reyes,SWEDISH,LEAH PEDROSA,SABBATH,600,120,480,new,,paid,completed
2026-01-02,12:00:00,John Paul Reyes,SWEDISH,JENIFFER ANN MANUEL,SABBATH,600,0,600,new,,paid,completed
2026-01-02,12:00:00,Jewel Magsakay,SWEDISH,ASHLEY JANE GARCIA,SABBATH,600,0,600,new,,paid,completed
2026-01-02,12:00:00,Chloe Magsakay,SWEDISH,DIVINE,SABBATH,600,0,600,new,,paid,completed
2026-01-02,12:00:00,Pablo Magsakay,SWEDISH,JESTINE TANELON,SABBATH,600,0,600,new,,paid,completed
2026-01-02,12:00:00,Prince John Magsakay,SWEDISH,LEAH PEDROSA,SABBATH,600,0,600,new,,paid,completed
2026-01-02,12:00:00,Jojie Chin,SABBATH FOOT REFLEX,MARK KENNETH SANCHEZ,SABBATH,600,0,600,new,,paid,completed
2026-01-02,12:00:00,Jonah Gutierrez,TRADITIONAL HILOT WITH VENTOSA,JESTINE TANELON,SABBATH,1500,0,1500,new,,paid,completed
2026-01-02,12:00:00,Maricris Gutierrez,TRADITIONAL HILOT WITH VENTOSA,DIVINE,SABBATH,1500,0,1500,new,,paid,completed
2026-01-02,12:00:00,Eufrocina Paraiso,TRADITIONAL HILOT WITH VENTOSA,LEAH PEDROSA,SABBATH,1500,300,1200,new,,paid,completed
2026-01-02,12:00:00,Kat Lising,"SABBATH SIGNATURE FOOT, HEAD, NECK & SHOULDER",MARK KENNETH SANCHEZ,SABBATH,750,0,750,new,,paid,completed
2026-01-02,12:00:00,Jenina Gonzales,"SABBATH SIGNATURE FOOT, HEAD, NECK & SHOULDER",JENIFFER ANN MANUEL,SABBATH,750,0,750,new,,paid,completed
2026-01-02,12:00:00,Carmi Bancolita,SWEDISH,DIVINE,SABBATH,600,0,600,new,,paid,completed
2026-01-02,12:00:00,Ian Villavicencio,SWEDISH,LEAH PEDROSA,SABBATH,600,0,600,new,,paid,completed
2026-01-02,12:00:00,Suzeth De Guzman,SABBATH PACKAGE 1,ASHLEY JANE GARCIA,SABBATH,2000,0,2000,new,,paid,completed
2026-01-02,12:00:00,Mika De Guzman,SABBATH PACKAGE 2,JESTINE TANELON,SABBATH,3000,0,3000,new,,paid,completed
2026-01-02,12:00:00,Jojie Chin,MANICURE,,LE NAILS,150,0,150,new,,paid,completed
2026-01-02,12:00:00,Jojie Chin,MANICURE,,LE NAILS,150,0,150,new,,paid,completed
2026-01-02,12:00:00,Jojie Chin,PEDICURE,,LE NAILS,200,0,200,new,,paid,completed
2026-01-02,12:00:00,Jojie Chin,PEDICURE,,LE NAILS,200,0,200,new,,paid,completed
2026-01-02,12:00:00,Jojie Chin,PEDICURE,,LE NAILS,200,0,200,new,,paid,completed
2026-01-02,12:00:00,Jojie Chin,MANIGEL CUCCIO,,LE NAILS,450,0,450,new,,paid,completed
2026-01-02,12:00:00,Beth Reyes,PEDICURE,,LE NAILS,200,0,200,new,,paid,completed
2026-01-02,12:00:00,Beth Reyes,REGULAR POLISH,,LE NAILS,0,0,0,new,,paid,completed
2026-01-02,12:00:00,Monique Enriquez,FOOT SPA,,LE NAILS,0,0,0,new,,paid,completed
2026-01-02,12:00:00,Monique Enriquez,PEDICURE,,LE NAILS,200,0,200,new,,paid,completed
2026-01-02,12:00:00,Monique Enriquez,REGULAR POLISH,,LE NAILS,0,0,0,new,,paid,completed
2026-01-02,12:00:00,Jeff Domingo,PACKAGE A,,LE NAILS,0,0,0,new,,paid,completed
2026-01-02,12:00:00,Jeff Domingo,PACKAGE A,,LE NAILS,0,0,0,new,,paid,completed
2026-01-03,12:00:00,Elaine Espela,SABBATH PACKAGE 1,,SABBATH,2000,0,2000,new,,paid,completed
2026-01-03,12:00:00,MIcs Flordeliz,COMBINATION W/ HOT STONE,,SABBATH,0,0,0,new,,paid,completed
2026-01-03,12:00:00,MIcs Flordeliz,COMBINATION W/ HOT STONE,,SABBATH,0,0,0,new,,paid,completed
2026-01-03,12:00:00,Mary Jane Alfonso,TRADITIONAL HILOT WITH VENTOSA,,SABBATH,1500,0,1500,new,,paid,completed
2026-01-03,12:00:00,Aileen Arellano,SABBATH PACKAGE 1,,SABBATH,2000,0,2000,new,,paid,completed
2026-01-03,12:00:00,Francis Are,SABBATH PACKAGE 1,,SABBATH,2000,0,2000,new,,paid,completed
2026-01-03,12:00:00,Mary Jane Alfonso,MANICURE,,LE NAILS,150,0,150,new,,paid,completed
2026-01-03,12:00:00,Aileen Arellano,MANICURE,,LE NAILS,150,0,150,new,,paid,completed
2026-01-03,12:00:00,Francis Are,MANICURE,,LE NAILS,150,0,150,new,,paid,completed
2026-01-03,12:00:00,Aileen Arellano,PEDICURE,,LE NAILS,200,0,200,new,,paid,completed
2026-01-03,12:00:00,Mary Jane Alfonso,PEDICURE,,LE NAILS,200,0,200,new,,paid,completed
2026-01-03,12:00:00,Francis Are,PEDICURE,,LE NAILS,200,0,200,new,,paid,completed
2026-01-03,12:00:00,Mary Jane Alfonso,REGULAR POLISH,,LE NAILS,0,0,0,new,,paid,completed
2026-01-03,12:00:00,Mary Jane Alfonso,REGULAR POLISH,,LE NAILS,0,0,0,new,,paid,completed
2026-01-03,12:00:00,Aileen Arellano,REGULAR POLISH,,LE NAILS,0,0,0,new,,paid,completed
2026-01-03,12:00:00,Aileen Arellano,REGULAR POLISH,,LE NAILS,0,0,0,new,,paid,completed
2026-01-03,12:00:00,Dhanna Soriana,COMBINATION W/ HOT STONE,,SABBATH,0,0,0,new,,paid,completed
2026-01-03,12:00:00,Tyrone Licudan,COMBINATION W/ HOT STONE,,SABBATH,0,0,0,new,,paid,completed
2026-01-03,12:00:00,Claire Bagaybayan,SLIMMING MASSAGE,,SABBATH,0,0,0,new,,paid,completed
2026-01-03,12:00:00,Clarisse Bonilla,SLIMMING MASSAGE,,SABBATH,0,0,0,new,,paid,completed
2026-01-03,12:00:00,Rey Bonilla,COMBINATION W/ HOT STONE,,SABBATH,0,0,0,new,,paid,completed
2026-01-03,12:00:00,Emilia Bonilla,COMBINATION W/ HOT STONE,,SABBATH,0,0,0,new,,paid,completed
2026-01-03,12:00:00,Maruh Ramos,SABBATH SIGNATURE,,SABBATH,1000,0,1000,new,,paid,completed
2026-01-03,12:00:00,Pauline Bondoc,COMBINATION,,SABBATH,0,0,0,new,,paid,completed
2026-01-03,12:00:00,Kyla Robles,COMBINATION,,SABBATH,0,0,0,new,,paid,completed
2026-01-03,12:00:00,Charisse Faustino,COMBINATION,,SABBATH,0,0,0,new,,paid,completed
2026-01-03,12:00:00,Sarah Santos,COMBINATION,,SABBATH,0,0,0,new,,paid,completed
2026-01-03,12:00:00,Jailah Valentin,SWEDISH,,SABBATH,600,0,600,new,,paid,completed
2026-01-03,12:00:00,Migo De Guzman,SWEDISH,,SABBATH,600,0,600,new,,paid,completed
2026-01-03,12:00:00,Carol Padua,TRADITIONAL HILOT WITH VENTOSA,,SABBATH,1500,0,1500,new,,paid,completed
2026-01-03,12:00:00,Mig Cruz,TRADITIONAL HILOT WITH VENTOSA,,SABBATH,1500,0,1500,new,,paid,completed
2026-01-03,12:00:00,Janina Ray,TRADITIONAL HILOT WITH VENTOSA,,SABBATH,1500,0,1500,new,,paid,completed
2026-01-03,12:00:00,Kat Lising,TRADITIONAL HILOT WITH VENTOSA,,SABBATH,1500,0,1500,new,,paid,completed
2026-01-03,12:00:00,Axel Rose Esquerra,COMBINATION,,SABBATH,0,0,0,new,,paid,completed
2026-01-03,12:00:00,Anne Melegrito,COMBINATION,,SABBATH,0,0,0,new,,paid,completed
2026-01-03,12:00:00,Leo Melegrito,COMBINATION,,SABBATH,0,0,0,new,,paid,completed
2026-01-03,12:00:00,Michelle Romero,COMBINATION,,SABBATH,0,0,0,new,,paid,completed
2026-01-03,12:00:00,John Wesley Sanggalang,COMBINATION,,SABBATH,0,0,0,new,,paid,completed
2026-01-03,12:00:00,Myla Lomotan,SWEDISH,,SABBATH,600,0,600,new,,paid,completed
2026-01-03,12:00:00,Rommel Lomotan,SWEDISH,,SABBATH,600,0,600,new,,paid,completed
2026-01-03,12:00:00,Julius Agco,SWEDISH,,SABBATH,600,0,600,new,,paid,completed
2026-01-03,12:00:00,Christian Agco,SWEDISH,,SABBATH,600,0,600,new,,paid,completed
2026-01-03,12:00:00,Elaine Agco,SWEDISH,,SABBATH,600,0,600,new,,paid,completed
2026-01-03,12:00:00,Julius Agco,FOOT SPA,,LE NAILS,0,0,0,new,,paid,completed
2026-01-03,12:00:00,Christian Agco,FOOT SPA,,LE NAILS,0,0,0,new,,paid,completed
2026-01-03,12:00:00,Elaine Agco,FOOT SPA,,LE NAILS,0,0,0,new,,paid,completed
2026-01-03,12:00:00,Julius Agco,PEDICURE,,LE NAILS,200,0,200,new,,paid,completed
2026-01-03,12:00:00,Elaine Agcp,PEDICURE,,LE NAILS,200,0,200,new,,paid,completed
2026-01-03,12:00:00,Elaine Agco,REGULAR POLISH,,LE NAILS,0,0,0,new,,paid,completed
2026-01-03,12:00:00,Christel Aguilar,PACKAGE B,,LE NAILS,950,0,950,new,,paid,completed
2026-01-03,12:00:00,Christel Aguilar,REGULAR POLISH,,LE NAILS,0,0,0,new,,paid,completed
2026-01-03,12:00:00,Nikko Laxa,FOOT SPA,,LE NAILS,0,0,0,new,,paid,completed
2026-01-03,12:00:00,Nikko Laxa,FOOT SPA,,LE NAILS,0,0,0,new,,paid,completed
2026-01-03,12:00:00,Mavelyn Baselides,COMBINATION,,SABBATH,0,0,0,new,,paid,completed
2026-01-03,12:00:00,Vicente Baselides,COMBINATION,,SABBATH,0,0,0,new,,paid,completed
2026-01-03,12:00:00,James Alajar,COMBINATION,,SABBATH,0,0,0,new,,paid,completed
2026-01-03,12:00:00,Rachel Alajar,COMBINATION,,SABBATH,0,0,0,new,,paid,completed
2026-01-03,12:00:00,James Alajar,ADDITIONAL 30 MINS,,SABBATH,300,0,300,new,,paid,completed
2026-01-03,12:00:00,Rachel Alajar,ADDITIONAL 30 MINS,,SABBATH,300,0,300,new,,paid,completed
2026-01-03,12:00:00,Ellen Arellano,SWEDISH,,SABBATH,600,0,600,new,,paid,completed
2026-01-03,12:00:00,Noel Arellano,SWEDISH,,SABBATH,600,0,600,new,,paid,completed
2026-01-03,12:00:00,Raine Arellano,SWEDISH,,SABBATH,600,0,600,new,,paid,completed
2026-01-03,12:00:00,Raiver Arellano,SWEDISH,,SABBATH,600,0,600,new,,paid,completed
2026-01-03,12:00:00,Rainiel Arellano,SWEDISH,,SABBATH,600,0,600,new,,paid,completed
2026-01-03,12:00:00,Hellen Macalng,SWEDISH,,SABBATH,600,0,600,new,,paid,completed
2026-01-03,12:00:00,Ellen Arellano,ADDITIONAL 30 MINS,,SABBATH,300,0,300,new,,paid,completed
2026-01-03,12:00:00,Noel Arellano,ADDITIONAL 30 MINS,,SABBATH,300,0,300,new,,paid,completed
2026-01-03,12:00:00,Raine Arellano,ADDITIONAL 30 MINS,,SABBATH,300,0,300,new,,paid,completed
2026-01-03,12:00:00,Raiver Arellano,ADDITIONAL 30 MINS,,SABBATH,300,0,300,new,,paid,completed
2026-01-03,12:00:00,Rainiel Arellano,ADDITIONAL 30 MINS,,SABBATH,300,0,300,new,,paid,completed
2026-01-03,12:00:00,Hellen Macalng,ADDITIONAL 30 MINS,,SABBATH,300,0,300,new,,paid,completed
2026-01-04,12:00:00,Abegail Laquindanum,TRADITIONAL HILOT WITH VENTOSA,,SABBATH,1500,0,1500,new,,paid,completed
2026-01-04,12:00:00,Anton Pascual,TRADITIONAL HILOT WITH VENTOSA,,SABBATH,1500,0,1500,new,,paid,completed
2026-01-04,12:00:00,Patrick Pascual,COMBINATION,,SABBATH,0,0,0,new,,paid,completed
2026-01-04,12:00:00,Patrick Pascual,ADDITIONAL 30 MINS,,SABBATH,300,0,300,new,,paid,completed
2026-01-04,12:00:00,Christel Pangan,SWEDISH,,SABBATH,600,600,0,new,,paid,completed
2026-01-04,12:00:00,Alcon Mendoza,TRADITIONAL HILOT WITH VENTOSA,,SABBATH,1500,0,1500,new,,paid,completed
2026-01-04,12:00:00,Alcon Mendoza,"HEAD, BACK & SHOULDER",,SABBATH,0,0,0,new,,paid,completed
2026-01-04,12:00:00,Gerry Anne Mendoza,COMBINATION W/ HOT STONE,,SABBATH,0,0,0,new,,paid,completed
2026-01-04,12:00:00,Gerry Anne Mendoza,"HEAD, BACK & SHOULDER",,SABBATH,0,0,0,new,,paid,completed
2026-01-04,12:00:00,Cassy Ochongco,COMBINATION W/ HOT STONE,,SABBATH,0,0,0,new,,paid,completed
2026-01-04,12:00:00,Ives Pantig,COMBINATION W/ HOT STONE,,SABBATH,0,0,0,new,,paid,completed
2026-01-04,12:00:00,Cassy Ochongco,SHOWER,,SABBATH,200,0,200,new,,paid,completed
2026-01-04,12:00:00,Ives Pantig,SHOWER,,SABBATH,200,0,200,new,,paid,completed
2026-01-04,12:00:00,Lorena Mariano,SWEDISH,,SABBATH,600,0,600,new,,paid,completed
2026-01-04,12:00:00,Louisse Bonafe,SWEDISH,,SABBATH,600,0,600,new,,paid,completed
2026-01-04,12:00:00,Renon Jay Bonafe,SWEDISH,,SABBATH,600,0,600,new,,paid,completed
2026-01-04,12:00:00,Carmi Carmi,MANICURE,,LE NAILS,150,0,150,new,,paid,completed
2026-01-04,12:00:00,Carmi Carmi,PEDICURE,,LE NAILS,200,0,200,new,,paid,completed
2026-01-04,12:00:00,Carmi Carmi,REGULAR POLISH,,LE NAILS,0,0,0,new,,paid,completed
2026-01-04,12:00:00,Carmi Carmi,REGULAR POLISH,,LE NAILS,0,0,0,new,,paid,completed
2026-01-04,12:00:00,Alex Dela Cruz,COMBINATION,,SABBATH,0,0,0,new,,paid,completed
2026-01-04,12:00:00,Malou Dela Cruz,TRADITIONAL HILOT WITH VENTOSA,,SABBATH,1500,0,1500,new,,paid,completed
2026-01-04,12:00:00,Malou Dela Cruz,SOFT GEL NAIL EXTENSION,,LE NAILS,800,0,800,new,,paid,completed
2026-01-04,12:00:00,Malou Dela Cruz,SOFT GEL REMOVER,,LE NAILS,300,0,300,new,,paid,completed
2026-01-04,12:00:00,Joey Aguello,COMBINATION,,SABBATH,0,0,0,new,,paid,completed
2026-01-04,12:00:00,Rolando Niegas,COMBINATION,,SABBATH,0,0,0,new,,paid,completed
2026-01-04,12:00:00,Jennifer Niegas,COMBINATION,,SABBATH,0,0,0,new,,paid,completed
2026-01-04,12:00:00,MArk Anthony Ybanez,COMBINATION,,SABBATH,0,0,0,new,,paid,completed
2026-01-04,12:00:00,Ferlien Ybanez,COMBINATION,,SABBATH,0,0,0,new,,paid,completed
2026-01-04,12:00:00,Cyril Maturingan,SWEDISH,,SABBATH,600,0,600,new,,paid,completed
2026-01-04,12:00:00,Reginald Maturingan,SWEDISH,,SABBATH,600,0,600,new,,paid,completed
2026-01-04,12:00:00,Pau Magno,SABBATH PACKAGE 1,,SABBATH,2000,0,2000,new,,paid,completed
2026-01-04,12:00:00,Rose Magno,SABBATH PACKAGE 1,,SABBATH,2000,0,2000,new,,paid,completed
2026-01-04,12:00:00,Lariane Magno,SABBATH PACKAGE 1,,SABBATH,2000,0,2000,new,,paid,completed
2026-01-04,12:00:00,Justin Sta Ines,COMBINATION,,SABBATH,0,0,0,new,,paid,completed
2026-01-04,12:00:00,Morena Pedrosa,SWEDISH,,SABBATH,600,0,600,new,,paid,completed
2026-01-04,12:00:00,Lloyd Del Mundo,SWEDISH,,SABBATH,600,0,600,new,,paid,completed
2026-01-04,12:00:00,Josh Nolasco,SWEDISH,,SABBATH,600,0,600,new,,paid,completed
2026-01-04,12:00:00,Jimboy Manganan,SWEDISH,,SABBATH,600,0,600,new,,paid,completed
2026-01-04,12:00:00,Marisol Aquino,SWEDISH,,SABBATH,600,0,600,new,,paid,completed
2026-01-04,12:00:00,Sally Aquino,SWEDISH,,SABBATH,600,0,600,new,,paid,completed
2026-01-04,12:00:00,Vivian Manganan,SWEDISH,,SABBATH,600,0,600,new,,paid,completed
2026-01-04,12:00:00,Salvador Mangan,SWEDISH,,SABBATH,600,0,600,new,,paid,completed
2026-01-04,12:00:00,Marisol Aquino,SOFT GEL NAIL EXTENSION,,LE NAILS,800,0,800,new,,paid,completed
2026-01-04,12:00:00,Janet Marquez,TRADITIONAL HILOT WITH VENTOSA,,SABBATH,1500,0,1500,new,,paid,completed
2026-01-04,12:00:00,Rommel Marquez,COMBINATION,,SABBATH,0,0,0,new,,paid,completed
2026-01-04,12:00:00,Claire Bonilla,BODY SCRUB,,SABBATH,0,0,0,new,,paid,completed
2026-01-04,12:00:00,Clarizze Bonilla,BODY SCRUB,,SABBATH,0,0,0,new,,paid,completed
2026-01-04,12:00:00,Claire Bonilla,PACKAGE A,,LE NAILS,0,0,0,new,,paid,completed
2026-01-04,12:00:00,Clarizze Bonilla,PACKAGE A,,LE NAILS,0,0,0,new,,paid,completed
2026-01-04,12:00:00,Claire Bonilla,REGULAR POLISH,,LE NAILS,0,0,0,new,,paid,completed
2026-01-04,12:00:00,Clarizze Bonilla,REGULAR POLISH,,LE NAILS,0,0,0,new,,paid,completed
2026-01-04,12:00:00,Neil Valentino,COMBINATION,,SABBATH,0,0,0,new,,paid,completed
2026-01-04,12:00:00,Thrizzia Mae Anio,COMBINATION,,SABBATH,0,0,0,new,,paid,completed
2026-01-04,12:00:00,Neil Valentino,ADDITIONAL 30 MINS,,SABBATH,300,0,300,new,,paid,completed
2026-01-04,12:00:00,Thrizzia Mae Anio,ADDITIONAL 30 MINS,,SABBATH,300,0,300,new,,paid,completed
2026-01-04,12:00:00,Christelle Valentino,COMBINATION,,SABBATH,0,0,0,new,,paid,completed
2026-01-04,12:00:00,Daryl Valentino,COMBINATION,,SABBATH,0,0,0,new,,paid,completed
2026-01-05,12:00:00,Shemlene Dacayan,SABBATH SIGNATURE,,SABBATH,1000,0,1000,new,,paid,completed
2026-01-05,12:00:00,Julieta Dacayan,SABBATH SIGNATURE,,SABBATH,1000,0,1000,new,,paid,completed
2026-01-05,12:00:00,Alexander Dacayan,SABBATH SIGNATURE,,SABBATH,1000,0,1000,new,,paid,completed
2026-01-05,12:00:00,Mardy Espiritu,SWEDISH,,SABBATH,600,0,600,new,,paid,completed
2026-01-05,12:00:00,Paolo Mendoza,SABBATH SIGNATURE,,SABBATH,1000,0,1000,new,,paid,completed
2026-01-05,12:00:00,Paolo Mendoza,FOOT SPA,,LE NAILS,0,0,0,new,,paid,completed
2026-01-05,12:00:00,Lyn Bernardo,COMBINATION,,SABBATH,0,0,0,new,,paid,completed
2026-01-05,12:00:00,Bhong Bernardo,COMBINATION,,SABBATH,0,0,0,new,,paid,completed
2026-01-05,12:00:00,Jessa Tiukeng,COMBINATION,,SABBATH,0,0,0,new,,paid,completed
2026-01-05,12:00:00,Princess Hazel Villagantol,SWEDISH,,SABBATH,600,0,600,new,,paid,completed
2026-01-05,12:00:00,Jeymer Villagantol,SWEDISH,,SABBATH,600,0,600,new,,paid,completed
2026-01-05,12:00:00,Joselle Reyes,SWEDISH,,SABBATH,600,0,600,new,,paid,completed
2026-01-05,12:00:00,Jescel Galang,SWEDISH,,SABBATH,600,0,600,new,,paid,completed
2026-01-05,12:00:00,Nadia Dormitorio,COMBINATION,,SABBATH,0,0,0,new,,paid,completed
2026-01-05,12:00:00,Ken Dormitorio,COMBINATION,,SABBATH,0,0,0,new,,paid,completed
2026-01-05,12:00:00,Nadia Dormitorio,ADDITIONAL 30 MINS,,SABBATH,300,0,300,new,,paid,completed
2026-01-05,12:00:00,Ken Dormitorio,ADDITIONAL 30 MINS,,SABBATH,300,0,300,new,,paid,completed
2026-01-05,12:00:00,Aileen Aure,TRADITIONAL HILOT WITH VENTOSA,,SABBATH,1500,0,1500,new,,paid,completed
2026-01-05,12:00:00,AVery Aguello,AROMATHERAPY OIL WITH HERBAL BALL,,SABBATH,1000,0,1000,new,,paid,completed
2026-01-05,12:00:00,Zaine Aure,COMBINATION,,SABBATH,0,0,0,new,,paid,completed
2026-01-05,12:00:00,Jeff Genanda,COMBINATION,,SABBATH,0,0,0,new,,paid,completed
2026-01-05,12:00:00,Charles Custodio,COMBINATION,,SABBATH,0,0,0,new,,paid,completed
2026-01-05,12:00:00,JD Gumba,PEDICURE,,LE NAILS,200,0,200,new,,paid,completed
2026-01-05,12:00:00,Vangie,MANIGEL ORLY,,LE NAILS,600,0,600,new,,paid,completed
2026-01-05,12:00:00,Vangie,PEDIGEL ORLY,,LE NAILS,700,0,700,new,,paid,completed
2026-01-05,12:00:00,Mary Grace Gan Dacayan,GIFT CERTIFICATE CUSTOM,,SABBATH,2600,0,2600,new,,paid,completed
2026-01-05,12:00:00,Mary Grace Gan Dacayan,GIFT CERTIFICATE CUSTOM,,SABBATH,2600,0,2600,new,,paid,completed
2026-01-05,12:00:00,Alona Valerio,COMBINATION,,SABBATH,0,0,0,new,,paid,completed
2026-01-05,12:00:00,Macky Jumaquio,COMBINATION,,SABBATH,0,0,0,new,,paid,completed
2026-01-05,12:00:00,Macky Jumaquio,ADDITIONAL 30 MINS,,SABBATH,300,0,300,new,,paid,completed
2026-01-05,12:00:00,Wella Jumaquio,COMBINATION,,SABBATH,0,0,0,new,,paid,completed
2026-01-05,12:00:00,Wella Jumaquio,ADDITIONAL 30 MINS,,SABBATH,300,0,300,new,,paid,completed
2026-01-05,12:00:00,Stephanie Meneses,TRADITIONAL HILOT WITH VENTOSA,,SABBATH,1500,0,1500,new,,paid,completed
2026-01-05,12:00:00,Analyn De Vera,COMBINATION W/ HOT STONE,,SABBATH,0,0,0,new,,paid,completed
2026-01-05,12:00:00,Odette Orazo,COMBINATION W/ HOT STONE,,SABBATH,0,0,0,new,,paid,completed
2026-01-05,12:00:00,Mario Reyes,SWEDISH,,SABBATH,600,600,0,new,,paid,completed
2026-01-05,12:00:00,Ma'am Vernie,SWEDISH,,SABBATH,600,600,0,new,,paid,completed
2026-01-05,12:00:00,Ma'am Vernie,ADDITIONAL 30 MINS,,SABBATH,300,300,0,new,,paid,completed
2026-01-05,12:00:00,Ma'am Vernie,MANIGEL ORLY,,LE NAILS,600,600,0,new,,paid,completed
2026-01-05,12:00:00,Ma'am Vernie,PEDIGEL ORLY,,LE NAILS,700,700,0,new,,paid,completed
2026-01-06,12:00:00,Larryca Cruz,SWEDISH,,SABBATH,600,0,600,new,,paid,completed
2026-01-06,12:00:00,Moon Hwan Seo,SHIATSU,,SABBATH,0,0,0,new,,paid,completed
2026-01-06,12:00:00,LJ Cruz,SWEDISH,,SABBATH,600,0,600,new,,paid,completed
2026-01-06,12:00:00,Shiela Reyes,SWEDISH,,SABBATH,600,0,600,new,,paid,completed
2026-01-06,12:00:00,Juliana Maclang,SWEDISH,,SABBATH,600,0,600,new,,paid,completed
2026-01-06,12:00:00,Israel Maclang,SWEDISH,,SABBATH,600,0,600,new,,paid,completed
2026-01-06,12:00:00,Shiela Reyes,ADDITIONAL 30 MINS,,SABBATH,300,0,300,new,,paid,completed
2026-01-06,12:00:00,Juliana Maclang,ADDITIONAL 30 MINS,,SABBATH,300,0,300,new,,paid,completed
2026-01-06,12:00:00,Israel Maclang,ADDITIONAL 30 MINS,,SABBATH,300,0,300,new,,paid,completed
2026-01-06,12:00:00,Tess Regalado,SWEDISH,,SABBATH,600,0,600,new,,paid,completed
2026-01-06,12:00:00,Kenshi Regalado,SWEDISH,,SABBATH,600,0,600,new,,paid,completed
2026-01-06,12:00:00,Tess Regalado,ADDITIONAL 30 MINS,,SABBATH,300,0,300,new,,paid,completed
2026-01-06,12:00:00,Kenshi Regalado,ADDITIONAL 30 MINS,,SABBATH,300,0,300,new,,paid,completed
2026-01-06,12:00:00,Ina Palisoc,SWEDISH,,SABBATH,600,0,600,new,,paid,completed
2026-01-06,12:00:00,Bong Manalad,SWEDISH,,SABBATH,600,0,600,new,,paid,completed
2026-01-06,12:00:00,Janina Ramirez,PACKAGE C,,LE NAILS,0,0,0,new,,paid,completed
2026-01-06,12:00:00,Janina Ramirez,FOOT SPA,,LE NAILS,0,0,0,new,,paid,completed
2026-01-06,12:00:00,Janina Ramirez,REGULAR POLISH,,LE NAILS,0,0,0,new,,paid,completed
2026-01-06,12:00:00,Andrea Sison,FOOT SPA,,LE NAILS,0,0,0,new,,paid,completed
2026-01-06,12:00:00,Andrea Sison,FOOT SPA,,LE NAILS,0,0,0,new,,paid,completed
2026-01-06,12:00:00,Joyce Bernardino,"SABBATH SIGNATURE FOOT, HEAD, NECK & SHOULDER",,SABBATH,750,0,750,new,,paid,completed
2026-01-06,12:00:00,Jojo Orbel,SWEDISH,,SABBATH,600,0,600,new,,paid,completed
2026-01-06,12:00:00,Maricar Orbel,SWEDISH,,SABBATH,600,0,600,new,,paid,completed
2026-01-06,12:00:00,Julie Anne Del Rosario,SWEDISH,,SABBATH,600,0,600,new,,paid,completed
2026-01-06,12:00:00,John Lester Agustin,SWEDISH,,SABBATH,600,0,600,new,,paid,completed
2026-01-06,12:00:00,Lilian De Guzman,COMBINATION,,SABBATH,0,0,0,new,,paid,completed
2026-01-06,12:00:00,Ramon De Guzman,COMBINATION,,SABBATH,0,0,0,new,,paid,completed
2026-01-06,12:00:00,Shennalyn Cruz,TRADITIONAL HILOT WITH VENTOSA,,SABBATH,1500,0,1500,new,,paid,completed
2026-01-06,12:00:00,Evelyn Dela Pena,TRADITIONAL HILOT WITH VENTOSA,,SABBATH,1500,0,1500,new,,paid,completed
2026-01-06,12:00:00,Edson Paul Caltoy,TRADITIONAL HILOT WITH VENTOSA,,SABBATH,1500,0,1500,new,,paid,completed
2026-01-06,12:00:00,Che Pellin,COMBINATION,,SABBATH,0,0,0,new,,paid,completed
2026-01-06,12:00:00,Thierry Pellin,TRADITIONAL HILOT WITH VENTOSA,,SABBATH,1500,0,1500,new,,paid,completed
2026-01-06,12:00:00,Mary Ann Ines,SABBATH PACKAGE 1,,SABBATH,2000,0,2000,new,,paid,completed
2026-01-06,12:00:00,Jay Ines,SABBATH PACKAGE 1,,SABBATH,2000,0,2000,new,,paid,completed
2026-01-06,12:00:00,Aurelia Ines,SWEDISH,,SABBATH,600,120,480,new,,paid,completed
2026-01-06,12:00:00,Jose Ines,SWEDISH,,SABBATH,600,120,480,new,,paid,completed
2026-01-06,12:00:00,Elizabeth Alfonso,SABBATH FOOT REFLEX,,SABBATH,600,120,480,new,,paid,completed
2026-01-06,12:00:00,Eduardo ALfonso,SWEDISH,,SABBATH,600,120,480,new,,paid,completed
2026-01-06,12:00:00,Aurelia Ines,PACKAGE A,,LE NAILS,0,0,0,new,,paid,completed
2026-01-06,12:00:00,Jose Ines,PACKAGE A,,LE NAILS,0,0,0,new,,paid,completed
2026-01-06,12:00:00,Elizabeth Alfonso,PACKAGE A,,LE NAILS,0,0,0,new,,paid,completed
2026-01-06,12:00:00,Eduardo ALfonso,PACKAGE A,,LE NAILS,0,0,0,new,,paid,completed
2026-01-06,12:00:00,Elizabeth Alfonso,REGULAR POLISH,,LE NAILS,0,0,0,new,,paid,completed
2026-01-06,12:00:00,Elizabeth Alfonso,REGULAR POLISH,,LE NAILS,0,0,0,new,,paid,completed
2026-01-06,12:00:00,Aurelia Ines,REGULAR POLISH,,LE NAILS,0,0,0,new,,paid,completed
2026-01-06,12:00:00,Aurelia Ines,REGULAR POLISH,,LE NAILS,0,0,0,new,,paid,completed
2026-01-06,12:00:00,Kate Tomaquin,SWEDISH,,SABBATH,600,0,600,new,,paid,completed
2026-01-06,12:00:00,Liza Tsuji,SWEDISH,,SABBATH,600,0,600,new,,paid,completed
2026-01-06,12:00:00,Felicidad Tomaquin,SWEDISH,,SABBATH,600,120,480,new,,paid,completed
2026-01-07,12:00:00,Mhik Santiago,SHIATSU,,SABBATH,0,0,0,new,,paid,completed
2026-01-07,12:00:00,Jas Santiago,SWEDISH,,SABBATH,600,0,600,new,,paid,completed
2026-01-07,12:00:00,Rica Marie RIvera,SWEDISH,,SABBATH,600,0,600,new,,paid,completed
2026-01-07,12:00:00,Jomel Dela Cruz,SWEDISH,,SABBATH,600,0,600,new,,paid,completed
2026-01-07,12:00:00,Mary Ann Serano,SWEDISH,,SABBATH,600,0,600,new,,paid,completed
2026-01-07,12:00:00,River Serrano,SWEDISH,,SABBATH,600,0,600,new,,paid,completed
2026-01-07,12:00:00,Mary Ann Serano,HALF LEGS FEMALE,,LE NAILS,350,0,350,new,,paid,completed
2026-01-07,12:00:00,Mary Ann Serano,PACKAGE A,,LE NAILS,0,0,0,new,,paid,completed
2026-01-07,12:00:00,River Serrano,PACKAGE A,,LE NAILS,0,0,0,new,,paid,completed
2026-01-07,12:00:00,Jenny Estrella,SABBATH PACKAGE 1,,SABBATH,2000,0,2000,new,,paid,completed
2026-01-07,12:00:00,Jenny Estrella,BODY SCRUB,,SABBATH,0,0,0,new,,paid,completed
2026-01-07,12:00:00,Jenny Estrella,ADDITIONAL 30 MINS,,SABBATH,300,0,300,new,,paid,completed
2026-01-07,12:00:00,Marck Estrella,SABBATH PACKAGE 1,,SABBATH,2000,0,2000,new,,paid,completed
2026-01-07,12:00:00,Marck Estrella,ADDITIONAL 30 MINS,,SABBATH,300,0,300,new,,paid,completed
2026-01-07,12:00:00,Christel Pangan,SWEDISH,,SABBATH,600,600,0,new,,paid,completed
2026-01-07,12:00:00,Monica Atienza,COMBINATION,,SABBATH,0,0,0,new,,paid,completed
2026-01-07,12:00:00,Monica Atienza,ADDITIONAL 30 MINS,,SABBATH,300,0,300,new,,paid,completed
2026-01-07,12:00:00,RUel Atienza,COMBINATION,,SABBATH,0,0,0,new,,paid,completed
2026-01-07,12:00:00,RUel Atienza,ADDITIONAL 30 MINS,,SABBATH,300,0,300,new,,paid,completed
2026-01-07,12:00:00,Jetlee Pascual,COMBINATION,,SABBATH,0,0,0,new,,paid,completed
2026-01-07,12:00:00,Connie Escuro,SWEDISH,,SABBATH,600,0,600,new,,paid,completed
2026-01-07,12:00:00,Connie Escuro,ADDITIONAL 30 MINS,,SABBATH,300,0,300,new,,paid,completed
2026-01-07,12:00:00,Greg Escuro,SWEDISH,,SABBATH,600,0,600,new,,paid,completed
2026-01-07,12:00:00,Greg Escuro,ADDITIONAL 30 MINS,,SABBATH,300,0,300,new,,paid,completed
2026-01-07,12:00:00,EJ Cruz,COMBINATION,,SABBATH,0,0,0,new,,paid,completed
2026-01-07,12:00:00,Angie Bonifacio,SWEDISH,,SABBATH,600,0,600,new,,paid,completed
2026-01-07,12:00:00,Josefina Beltran,SABBATH FOOT REFLEX,,SABBATH,600,0,600,new,,paid,completed
2026-01-07,12:00:00,Angie Bonifacio,ADDITIONAL 30 MINS,,SABBATH,300,0,300,new,,paid,completed
2026-01-07,12:00:00,Angie Bonifacio,PACKAGE A,,SABBATH,0,0,0,new,,paid,completed
2026-01-07,12:00:00,Angie Bonifacio,UNDERARMS FEMALE,,SABBATH,200,0,200,new,,paid,completed
2026-01-07,12:00:00,Migs Serrano,PACKAGE A,,LE NAILS,0,0,0,new,,paid,completed
2026-01-07,12:00:00,Laneth Garcia,PEDICURE,,LE NAILS,200,0,200,new,,paid,completed
2026-01-07,12:00:00,Laneth Garcia,PEDICURE,,LE NAILS,200,0,200,new,,paid,completed
2026-01-07,12:00:00,Laneth Garcia,REGULAR POLISH,,LE NAILS,0,0,0,new,,paid,completed
2026-01-08,12:00:00,Dan Bautista,SWEDISH,,SABBATH,600,0,600,new,,paid,completed
2026-01-08,12:00:00,Jose Bautista Jr.,SWEDISH,,SABBATH,600,0,600,new,,paid,completed
2026-01-08,12:00:00,Ella Ito,SABBATH SIGNATURE,,SABBATH,1000,0,1000,new,,paid,completed
2026-01-08,12:00:00,Ai Ito,SABBATH SIGNATURE,,SABBATH,1000,0,1000,new,,paid,completed
2026-01-08,12:00:00,Mhel Silang,SABBATH SIGNATURE,,SABBATH,1000,0,1000,new,,paid,completed
2026-01-08,12:00:00,Maica Valdeviosi,COMBINATION W/ HOT STONE,,SABBATH,0,0,0,new,,paid,completed
2026-01-08,12:00:00,Michael Gatchalian,COMBINATION W/ HOT STONE,,SABBATH,0,0,0,new,,paid,completed
2026-01-08,12:00:00,Bong Cabral,SWEDISH,,SABBATH,600,0,600,new,,paid,completed
2026-01-08,12:00:00,Wakin Fajardo,SWEDISH,,SABBATH,600,0,600,new,,paid,completed
2026-01-08,12:00:00,Marvin Guevarra,SWEDISH,,SABBATH,600,0,600,new,,paid,completed
2026-01-08,12:00:00,Dazz Pagdanganan,SWEDISH,,SABBATH,600,0,600,new,,paid,completed
2026-01-08,12:00:00,Reynan Manucob,SWEDISH,,SABBATH,600,0,600,new,,paid,completed
2026-01-08,12:00:00,Ariel Cabral,SWEDISH,,SABBATH,600,0,600,new,,paid,completed
2026-01-08,12:00:00,Jay Anne Ines,COMBINATION,,SABBATH,0,0,0,new,,paid,completed
2026-01-08,12:00:00,Shania Ines,SWEDISH,,SABBATH,600,0,600,new,,paid,completed
2026-01-08,12:00:00,Ja Ines,SWEDISH,,SABBATH,600,0,600,new,,paid,completed
2026-01-08,12:00:00,Jay Anne Ines,ADDITIONAL 30 MINS,,SABBATH,300,0,300,new,,paid,completed
2026-01-08,12:00:00,Shania Ines,ADDITIONAL 30 MINS,,SABBATH,300,0,300,new,,paid,completed
2026-01-08,12:00:00,Ja Ines,ADDITIONAL 30 MINS,,SABBATH,300,0,300,new,,paid,completed
2026-01-08,12:00:00,Shania Ines,PACKAGE A,,LE NAILS,0,0,0,new,,paid,completed
2026-01-08,12:00:00,Shania Ines,REGULAR POLISH,,LE NAILS,0,0,0,new,,paid,completed
2026-01-08,12:00:00,Shania Ines,PEDIGEL ORLY,,LE NAILS,700,0,700,new,,paid,completed
2026-01-08,12:00:00,Ja Ines,PACKAGE A,,LE NAILS,0,0,0,new,,paid,completed
2026-01-08,12:00:00,Ja Ines,REGULAR POLISH,,LE NAILS,0,0,0,new,,paid,completed
2026-01-08,12:00:00,Ja Ines,PEDIGEL ORLY,,LE NAILS,700,0,700,new,,paid,completed
2026-01-08,12:00:00,Jay Anne Ines,FOOT SPA,,LE NAILS,0,0,0,new,,paid,completed
2026-01-08,12:00:00,Jay Anne Ines,FOOT SPA,,LE NAILS,0,0,0,new,,paid,completed
2026-01-08,12:00:00,Jay Anne Ines,PEDIGEL ORLY,,LE NAILS,700,0,700,new,,paid,completed
2026-01-08,12:00:00,Jay Anne Ines,FOOT SPA,,LE NAILS,0,0,0,new,,paid,completed
2026-01-08,12:00:00,Vivian Siccuan,COMBINATION,,SABBATH,0,0,0,new,,paid,completed
2026-01-08,12:00:00,Vivian Siccuan,ADDITIONAL 30 MINS,,SABBATH,300,0,300,new,,paid,completed
2026-01-08,12:00:00,Jordan SIccuan,COMBINATION,,SABBATH,0,0,0,new,,paid,completed
2026-01-08,12:00:00,Jordan SIccuan,ADDITIONAL 30 MINS,,SABBATH,300,0,300,new,,paid,completed
2026-01-08,12:00:00,Ronald Dangue,SWEDISH,,SABBATH,600,0,600,new,,paid,completed
2026-01-08,12:00:00,Rochelle Remo,SWEDISH,,SABBATH,600,0,600,new,,paid,completed
2026-01-08,12:00:00,Ronald Dangue,ADDITIONAL 30 MINS,,SABBATH,300,0,300,new,,paid,completed
2026-01-08,12:00:00,Rochelle Remo,ADDITIONAL 30 MINS,,SABBATH,300,0,300,new,,paid,completed
2026-01-08,12:00:00,Fatima Cruz,AROMATHERAPY OIL WITH HERBAL BALL,,SABBATH,1000,0,1000,new,,paid,completed
2026-01-08,12:00:00,Fatima Cruz,ADDITIONAL 30 MINS,,SABBATH,300,0,300,new,,paid,completed
2026-01-08,12:00:00,Benedict Cru,COMBINATION,,SABBATH,0,0,0,new,,paid,completed
2026-01-08,12:00:00,Benedict Cru,ADDITIONAL 30 MINS,,SABBATH,300,0,300,new,,paid,completed
2026-01-09,12:00:00,Wendel Gutierrez,COMBINATION,,SABBATH,0,0,0,new,,paid,completed
2026-01-09,12:00:00,Denielene Javier,COMBINATION W/ HOT STONE,,SABBATH,0,0,0,new,,paid,completed
2026-01-09,12:00:00,Heidi Lubus,SWEDISH,,SABBATH,600,0,600,new,,paid,completed
2026-01-09,12:00:00,Agnes Orona,COMBINATION,,SABBATH,0,0,0,new,,paid,completed
2026-01-09,12:00:00,Rowena Valentin,COMBINATION,,SABBATH,0,0,0,new,,paid,completed
2026-01-09,12:00:00,Mary Grace Gan Dacayan,SABBATH PACKAGE 1 w/ Sabbath Massage,,SABBATH,2400,0,2400,new,,paid,completed
2026-01-09,12:00:00,Mary Grace Gan Dacayan,SABBATH PACKAGE 1 w/ Sabbath Massage,,SABBATH,2400,0,2400,new,,paid,completed
2026-01-09,12:00:00,Ariel Caceres,SWEDISH,,SABBATH,600,0,600,new,,paid,completed
2026-01-09,12:00:00,Mari Caceres,SWEDISH,,SABBATH,600,0,600,new,,paid,completed
2026-01-09,12:00:00,James Caceres,SWEDISH,,SABBATH,600,0,600,new,,paid,completed
2026-01-09,12:00:00,Cristina Mendez,COMBINATION,,SABBATH,0,0,0,new,,paid,completed
2026-01-09,12:00:00,Ricci Calzo,COMBINATION,,SABBATH,0,0,0,new,,paid,completed
2026-01-09,12:00:00,Kenneth Calzo,"SABBATH SIGNATURE FOOT, HEAD, NECK & SHOULDER",,SABBATH,750,0,750,new,,paid,completed
2026-01-09,12:00:00,Mack De Guzman,AROMATHERAPY OIL WITH HERBAL BALL,,SABBATH,1000,0,1000,new,,paid,completed
2026-01-09,12:00:00,Daniela Eunice De Guzman,AROMATHERAPY OIL WITH HERBAL BALL,,SABBATH,1000,0,1000,new,,paid,completed
2026-01-09,12:00:00,Michelle De Guzman,COMBINATION,,SABBATH,0,0,0,new,,paid,completed
2026-01-09,12:00:00,Michelle De Guzman,ADDITIONAL 30 MINS,,SABBATH,300,0,300,new,,paid,completed
2026-01-09,12:00:00,Lindon De Guzman,COMBINATION,,SABBATH,0,0,0,new,,paid,completed
2026-01-09,12:00:00,Lindon De Guzman,ADDITIONAL 30 MINS,,SABBATH,300,0,300,new,,paid,completed
2026-01-09,12:00:00,Mark Anthony Lodrigito,COMBINATION,,SABBATH,0,0,0,new,,paid,completed
2026-01-09,12:00:00,Mark Anthony Lodrigito,ADDITIONAL 30 MINS,,SABBATH,300,0,300,new,,paid,completed
2026-01-09,12:00:00,Ma. Corazon Lim,SWEDISH,,SABBATH,600,0,600,new,,paid,completed
2026-01-09,12:00:00,Neven Pagtalunan,SWEDISH,,SABBATH,600,0,600,new,,paid,completed
2026-01-09,12:00:00,Brix Pagtalunan,SWEDISH,,SABBATH,600,0,600,new,,paid,completed
2026-01-09,12:00:00,Kiandra Lim,SWEDISH,,SABBATH,600,0,600,new,,paid,completed
2026-01-10,12:00:00,Che Pellin,COMBINATION,,SABBATH,0,0,0,new,,paid,completed
2026-01-10,12:00:00,Thierry Pellin,COMBINATION,,SABBATH,0,0,0,new,,paid,completed
2026-01-10,12:00:00,GD Cruz,COMBINATION,,SABBATH,0,0,0,new,,paid,completed
2026-01-10,12:00:00,Gelaine Marquez,SLIMMING MASSAGE,,SABBATH,0,0,0,new,,paid,completed
2026-01-10,12:00:00,PV Ventic,SWEDISH,,SABBATH,600,0,600,new,,paid,completed
2026-01-10,12:00:00,Sylvia Borlongan,SWEDISH,,SABBATH,600,0,600,new,,paid,completed
2026-01-10,12:00:00,Shierly Lopez,SWEDISH,,SABBATH,600,0,600,new,,paid,completed
2026-01-10,12:00:00,Emie Molina,SWEDISH,,SABBATH,600,0,600,new,,paid,completed
2026-01-10,12:00:00,Kyri Li,COMBINATION,,SABBATH,0,0,0,new,,paid,completed
2026-01-10,12:00:00,Kyri Li,ADDITIONAL 30 MINS,,SABBATH,300,0,300,new,,paid,completed
2026-01-10,12:00:00,Dom Mendoza,COMBINATION,,SABBATH,0,0,0,new,,paid,completed
2026-01-10,12:00:00,Dom Mendoza,ADDITIONAL 30 MINS,,SABBATH,300,0,300,new,,paid,completed
2026-01-10,12:00:00,Vivian Maclang,COMBINATION W/ HOT STONE,,SABBATH,0,0,0,new,,paid,completed
2026-01-10,12:00:00,Jose Maclang,COMBINATION W/ HOT STONE,,SABBATH,0,0,0,new,,paid,completed
2026-01-10,12:00:00,April Ann Marcelo,COMBINATION W/ HOT STONE,,SABBATH,0,0,0,new,,paid,completed
2026-01-10,12:00:00,Frederick,TRADITIONAL HILOT WITH VENTOSA,,SABBATH,1500,0,1500,new,,paid,completed
2026-01-10,12:00:00,Evenita,TRADITIONAL HILOT WITH VENTOSA,,SABBATH,1500,0,1500,new,,paid,completed
2026-01-10,12:00:00,Kristian Shane Gutierrez,COMBINATION,,SABBATH,0,0,0,new,,paid,completed
2026-01-10,12:00:00,Kristian Shane Gutierrez,ADDITIONAL 30 MINS,,SABBATH,300,0,300,new,,paid,completed
2026-01-10,12:00:00,Samantha Gutierrez,COMBINATION,,SABBATH,0,0,0,new,,paid,completed
2026-01-10,12:00:00,Samantha Gutierrez,ADDITIONAL 30 MINS,,SABBATH,300,0,300,new,,paid,completed
2026-01-10,12:00:00,Russel Besas,TRADITIONAL HILOT WITH VENTOSA,,SABBATH,1500,0,1500,new,,paid,completed
2026-01-10,12:00:00,Luz Dayao,SWEDISH,,SABBATH,600,0,600,new,,paid,completed
2026-01-10,12:00:00,Norman Dayao,SWEDISH,,SABBATH,600,0,600,new,,paid,completed
2026-01-10,12:00:00,Jean Hernandez,COMBINATION,,SABBATH,0,0,0,new,,paid,completed
2026-01-10,12:00:00,Jean Hernandez,ADDITIONAL 30 MINS,,SABBATH,300,0,300,new,,paid,completed
2026-01-10,12:00:00,Elaine San Pedro,COMBINATION,,SABBATH,0,0,0,new,,paid,completed
2026-01-10,12:00:00,Nikie Nicomedes,COMBINATION,,SABBATH,0,0,0,new,,paid,completed
2026-01-10,12:00:00,John Wendrick Brofar,COMBINATION,,SABBATH,0,0,0,new,,paid,completed
2026-01-10,12:00:00,Ray Paolo San Pedro,TRADITIONAL HILOT WITH VENTOSA,,SABBATH,1500,0,1500,new,,paid,completed
2026-01-10,12:00:00,Vera Lyn Nicasio,COMBINATION,,SABBATH,0,0,0,new,,paid,completed
2026-01-10,12:00:00,Jan Francheska Brofar,COMBINATION,,SABBATH,0,0,0,new,,paid,completed
2026-01-10,12:00:00,John Paul martin,COMBINATION,,SABBATH,0,0,0,new,,paid,completed
2026-01-10,12:00:00,Charm Andrea Griengo,SABBATH SIGNATURE,,SABBATH,1000,0,1000,new,,paid,completed
2026-01-10,12:00:00,Narida Griengo,SABBATH SIGNATURE,,SABBATH,1000,0,1000,new,,paid,completed
2026-01-10,12:00:00,Rey Villameter,COMBINATION,,SABBATH,0,0,0,new,,paid,completed
2026-01-10,12:00:00,Rey Villameter,ADDITIONAL 30 MINS,,SABBATH,300,0,300,new,,paid,completed
2026-01-10,12:00:00,Noel Vardelem,SWEDISH,,SABBATH,600,0,600,new,,paid,completed
2026-01-10,12:00:00,Mae Vardelem,SWEDISH,,SABBATH,600,0,600,new,,paid,completed
2026-01-10,12:00:00,Cel Tayao,SWEDISH,,SABBATH,600,600,0,new,,paid,completed
2026-01-10,12:00:00,Patrick Tayao,SWEDISH,,SABBATH,600,0,600,new,,paid,completed
2026-01-10,12:00:00,Jenny Choi,SABBATH PACKAGE 1,,SABBATH,2000,0,2000,new,,paid,completed
2026-01-10,12:00:00,Jenny Choi,SABBATH PACKAGE 1,,SABBATH,2000,0,2000,new,,paid,completed
2026-01-10,12:00:00,Armando Sarmiento,SWEDISH,,SABBATH,600,0,600,new,,paid,completed
2026-01-10,12:00:00,Hannah Grace Sarmiento,SWEDISH,,SABBATH,600,0,600,new,,paid,completed
2026-01-10,12:00:00,Jenny Estrella,TRADITIONAL HILOT WITH VENTOSA,,SABBATH,1500,0,1500,new,,paid,completed
2026-01-10,12:00:00,Marck Estrella,TRADITIONAL HILOT WITH VENTOSA,,SABBATH,1500,0,1500,new,,paid,completed
2026-01-10,12:00:00,SJ DeGuia,COMBINATION,,SABBATH,0,0,0,new,,paid,completed
2026-01-10,12:00:00,SJ DeGuia,ADDITIONAL 30 MINS,,SABBATH,300,0,300,new,,paid,completed
2026-01-10,12:00:00,Cezz Areza,COMBINATION,,SABBATH,0,0,0,new,,paid,completed
2026-01-10,12:00:00,Cezz Areza,ADDITIONAL 30 MINS,,SABBATH,300,0,300,new,,paid,completed
2026-01-10,12:00:00,Christel Pangan,SWEDISH,,SABBATH,600,600,0,new,,paid,completed
2026-01-10,12:00:00,Christinee Oliveros,SWEDISH,,SABBATH,600,0,600,new,,paid,completed
2026-01-10,12:00:00,Dhen Dhen,COMBINATION,,SABBATH,0,0,0,new,,paid,completed
2026-01-10,12:00:00,Dhen Dhen,ADDITIONAL 30 MINS,,SABBATH,300,0,300,new,,paid,completed
2026-01-10,12:00:00,Christian Roy oliveros,SWEDISH,,SABBATH,600,0,600,new,,paid,completed
2026-01-10,12:00:00,Aiya Darcen,COMBINATION W/ HOT STONE,,SABBATH,0,0,0,new,,paid,completed
2026-01-10,12:00:00,Faye Gonzales,COMBINATION W/ HOT STONE,,SABBATH,0,0,0,new,,paid,completed
2026-01-11,12:00:00,Yumi Yamada,SHIATSU,,SABBATH,0,0,0,new,,paid,completed
2026-01-11,12:00:00,Yumi Yamada,ADDITIONAL 30 MINS,,SABBATH,300,0,300,new,,paid,completed
2026-01-11,12:00:00,Monaliza Domingo,SWEDISH,,SABBATH,600,0,600,new,,paid,completed
2026-01-11,12:00:00,Janella Domingo,SWEDISH,,SABBATH,600,0,600,new,,paid,completed
2026-01-11,12:00:00,Mayryl Dela Cruz,SWEDISH,,SABBATH,600,0,600,new,,paid,completed
2026-01-11,12:00:00,Ellaine Chancoco,SWEDISH,,SABBATH,600,0,600,new,,paid,completed
2026-01-11,12:00:00,Angelica Ganas,SABBATH FOOT REFLEX,,SABBATH,600,0,600,new,,paid,completed
2026-01-11,12:00:00,Joshua Nepomuceno,TRADITIONAL HILOT WITH VENTOSA,,SABBATH,1500,0,1500,new,,paid,completed
2026-01-11,12:00:00,Andrea Constantino,TRADITIONAL HILOT WITH VENTOSA,,SABBATH,1500,0,1500,new,,paid,completed
2026-01-11,12:00:00,Vincent Errol Santiago,TRADITIONAL HILOT WITH VENTOSA,,SABBATH,1500,0,1500,new,,paid,completed
2026-01-11,12:00:00,JC Quijano,TRADITIONAL HILOT WITH VENTOSA,,SABBATH,1500,0,1500,new,,paid,completed
2026-01-11,12:00:00,JC Quijano,ADDITIONAL 30 MINS,,SABBATH,300,0,300,new,,paid,completed
2026-01-11,12:00:00,May Twinkle Dagol,TRADITIONAL HILOT WITH VENTOSA,,SABBATH,1500,0,1500,new,,paid,completed
2026-01-11,12:00:00,Abigael Alfaro,COMBINATION,,SABBATH,0,0,0,new,,paid,completed
2026-01-11,12:00:00,Mario Reyes,SWEDISH,,SABBATH,600,600,0,new,,paid,completed
2026-01-11,12:00:00,Mario Reyes,ADDITIONAL 30 MINS,,SABBATH,300,0,300,new,,paid,completed
2026-01-11,12:00:00,Jo Reyes,SABBATH PACKAGE 1 w/ comb,,SABBATH,2150,430,1720,new,,paid,completed
2026-01-11,12:00:00,Jo Reyes,ADDITIONAL 30 MINS,,SABBATH,300,60,240,new,,paid,completed
2026-01-11,12:00:00,Rio Salvador,COMBINATION,,SABBATH,0,0,0,new,,paid,completed
2026-01-11,12:00:00,Rio Salvador,ADDITIONAL 30 MINS,,SABBATH,300,0,300,new,,paid,completed
2026-01-11,12:00:00,Roberto Salvador,COMBINATION,,SABBATH,0,0,0,new,,paid,completed
2026-01-11,12:00:00,Roberto Salvador,ADDITIONAL 30 MINS,,SABBATH,300,0,300,new,,paid,completed
2026-01-11,12:00:00,Joni Pan,SWEDISH,,SABBATH,600,0,600,new,,paid,completed
2026-01-11,12:00:00,Joni Pan,ADDITIONAL 30 MINS,,SABBATH,300,0,300,new,,paid,completed
2026-01-11,12:00:00,Ras Pan,SWEDISH,,SABBATH,600,0,600,new,,paid,completed
2026-01-11,12:00:00,Ras Pan,ADDITIONAL 30 MINS,,SABBATH,300,0,300,new,,paid,completed
2026-01-11,12:00:00,Jheng Surio,TRADITIONAL HILOT WITH VENTOSA,,SABBATH,1500,0,1500,new,,paid,completed
2026-01-11,12:00:00,Jhenn Surio,SWEDISH,,SABBATH,600,0,600,new,,paid,completed
2026-01-11,12:00:00,Jhenn Surio,ADDITIONAL 30 MINS,,SABBATH,300,0,300,new,,paid,completed
2026-01-11,12:00:00,Rey Villameter,PACKAGE A,,LE NAILS,0,0,0,new,,paid,completed
2026-01-11,12:00:00,Frederick,PACKAGE A,,LE NAILS,0,0,0,new,,paid,completed
2026-01-11,12:00:00,Frederick,PACKAGE A,,LE NAILS,0,0,0,new,,paid,completed
2026-01-11,12:00:00,Jean Hernandez,PACKAGE A,,LE NAILS,0,0,0,new,,paid,completed
2026-01-11,12:00:00,Jean Hernandez,REGULAR POLISH,,LE NAILS,0,0,0,new,,paid,completed
2026-01-11,12:00:00,Jean Hernandez,REGULAR POLISH,,LE NAILS,0,0,0,new,,paid,completed
2026-01-11,12:00:00,Von De Jesus,PACKAGE A,,LE NAILS,0,0,0,new,,paid,completed
2026-01-11,12:00:00,Daisy De Guzman,PACKAGE C,,LE NAILS,0,0,0,new,,paid,completed
2026-01-11,12:00:00,Daisy De Guzman,REGULAR POLISH,,LE NAILS,0,0,0,new,,paid,completed
2026-01-11,12:00:00,Daisy De Guzman,PACKAGE A,,LE NAILS,0,0,0,new,,paid,completed
2026-01-12,12:00:00,Karl Cacho,COMBINATION,,SABBATH,0,0,0,new,,paid,completed
2026-01-12,12:00:00,Jana Villarico,COMBINATION,,SABBATH,0,0,0,new,,paid,completed
2026-01-12,12:00:00,April Macabante,COMBINATION W/ HOT STONE,,SABBATH,0,0,0,new,,paid,completed
2026-01-12,12:00:00,Jescel Galang,COMBINATION W/ HOT STONE,,SABBATH,0,0,0,new,,paid,completed
2026-01-12,12:00:00,Jelih Tolentino,COMBINATION,,SABBATH,0,0,0,new,,paid,completed
2026-01-12,12:00:00,Ellen Grace Sulit,SABBATH SIGNATURE,,SABBATH,1000,0,1000,new,,paid,completed
2026-01-12,12:00:00,Darwin Alonzo,COMBINATION,,SABBATH,0,0,0,new,,paid,completed
2026-01-12,12:00:00,Ma'am Gia,COMBINATION,,SABBATH,0,0,0,new,,paid,completed
2026-01-12,12:00:00,Ma'am Gia,SABBATH FOOT REFLEX,,SABBATH,600,0,600,new,,paid,completed
2026-01-12,12:00:00,Sir Rudy Fernandez,SABBATH SIGNATURE,,SABBATH,1000,0,1000,new,,paid,completed
2026-01-12,12:00:00,Ma'am Hanna,SWEDISH,,SABBATH,600,0,600,new,,paid,completed
2026-01-12,12:00:00,Ma'am Hanna,ADDITIONAL 30 MINS,,SABBATH,300,0,300,new,,paid,completed
2026-01-12,12:00:00,Pastor Erick,COMBINATION,,SABBATH,0,0,0,new,,paid,completed
2026-01-12,12:00:00,Ma'am trish,COMBINATION,,SABBATH,0,0,0,new,,paid,completed
2026-01-12,12:00:00,Mara Sisperez,COMBINATION,,SABBATH,0,0,0,new,,paid,completed
2026-01-12,12:00:00,Abigael Laquindanum,BODY SCRUB,,SABBATH,0,0,0,new,,paid,completed
2026-01-12,12:00:00,Abigael Laquindanum,JACUZZI,,SABBATH,1000,0,1000,new,,paid,completed
2026-01-12,12:00:00,Anton Pascual,BODY SCRUB,,SABBATH,0,0,0,new,,paid,completed
2026-01-12,12:00:00,Anton Pascual,JACUZZI,,SABBATH,1000,0,1000,new,,paid,completed
2026-01-12,12:00:00,Mely Tengco,COMBINATION,,SABBATH,0,0,0,new,,paid,completed
2026-01-12,12:00:00,Darwin Tengco,COMBINATION,,SABBATH,0,0,0,new,,paid,completed
2026-01-12,12:00:00,Ma'am Tita Fernandez,SWEDISH,,SABBATH,600,0,600,new,,paid,completed
2026-01-12,12:00:00,Ma'am Gia,PACKAGE F,,SABBATH,1250,0,1250,new,,paid,completed
2026-01-12,12:00:00,Ma'am Gia,HALF LEGS FEMALE,,SABBATH,350,0,350,new,,paid,completed
2026-01-12,12:00:00,Ellen Grace Sulit,SOFT GEL REMOVER,,LE NAILS,300,0,300,new,,paid,completed
2026-01-12,12:00:00,Ellen Grace Sulit,MANICURE,,LE NAILS,150,0,150,new,,paid,completed
2026-01-12,12:00:00,Ellen Grace Sulit,PEDICURE,,LE NAILS,200,0,200,new,,paid,completed
2026-01-12,12:00:00,Ellen Grace Sulit,REGULAR POLISH,,LE NAILS,0,0,0,new,,paid,completed
2026-01-13,12:00:00,Librado San Gabriel Jr,COMBINATION,,SABBATH,0,0,0,new,,paid,completed
2026-01-13,12:00:00,Librado San Gabriel Jr,ADDITIONAL 30 MINS,,SABBATH,300,0,300,new,,paid,completed
2026-01-13,12:00:00,Joy San Gabriel,COMBINATION,,SABBATH,0,0,0,new,,paid,completed
2026-01-13,12:00:00,Joy San Gabriel,ADDITIONAL 30 MINS,,SABBATH,300,0,300,new,,paid,completed
2026-01-13,12:00:00,Che Pellin,COMBINATION,,SABBATH,0,0,0,new,,paid,completed
2026-01-13,12:00:00,Thierry Pellin,COMBINATION,,SABBATH,0,0,0,new,,paid,completed
2026-01-13,12:00:00,Thierry Pellin,COMBINATION,,SABBATH,0,0,0,new,,paid,completed
2026-01-13,12:00:00,Edd Cruz,COMBINATION,,SABBATH,0,0,0,new,,paid,completed
2026-01-13,12:00:00,CA Angelo,COMBINATION W/ HOT STONE,,SABBATH,0,0,0,new,,paid,completed
2026-01-13,12:00:00,Paolo Cruz,COMBINATION,,SABBATH,0,0,0,new,,paid,completed
2026-01-13,12:00:00,Paolo Cruz,ADDITIONAL 30 MINS,,SABBATH,300,0,300,new,,paid,completed
2026-01-13,12:00:00,Ma'am Gia,COMBINATION W/ HOT STONE,,SABBATH,0,0,0,new,,paid,completed
2026-01-13,12:00:00,Sel Ramos,COMBINATION,,SABBATH,0,0,0,new,,paid,completed
2026-01-13,12:00:00,Glai Ramos,COMBINATION,,SABBATH,0,0,0,new,,paid,completed
2026-01-13,12:00:00,Angge De Jesus,COMBINATION,,SABBATH,0,0,0,new,,paid,completed
2026-01-13,12:00:00,Maria Sofhia Santos,SABBATH PACKAGE 1,,SABBATH,2000,0,2000,new,,paid,completed
2026-01-13,12:00:00,Briann Santos,SABBATH PACKAGE 1,,SABBATH,2000,0,2000,new,,paid,completed
2026-01-13,12:00:00,Ezra Joson,SWEDISH,,SABBATH,600,0,600,new,,paid,completed
2026-01-13,12:00:00,Clarence Moratal,SWEDISH,,SABBATH,600,0,600,new,,paid,completed
2026-01-13,12:00:00,Maria Talavera,COMBINATION,,SABBATH,0,0,0,new,,paid,completed
2026-01-13,12:00:00,Jaime Talavera,COMBINATION,,SABBATH,0,0,0,new,,paid,completed
2026-01-13,12:00:00,Jurie Talavera,TRADITIONAL HILOT WITH VENTOSA,,SABBATH,1500,0,1500,new,,paid,completed
2026-01-13,12:00:00,Lance Talavera,COMBINATION,,SABBATH,0,0,0,new,,paid,completed
2026-01-13,12:00:00,Arlene,PACKAGE B,,LE NAILS,950,0,950,new,,paid,completed
2026-01-13,12:00:00,Priscilla Rodriguez,GIFT CERTIFICATE CUSTOM,,SABBATH,2600,0,2600,new,,paid,completed
2026-01-13,12:00:00,Priscilla Rodriguez,GIFT CERTIFICATE CUSTOM,,SABBATH,2600,0,2600,new,,paid,completed
2026-01-14,12:00:00,Sherwin Aure,COMBINATION,,SABBATH,0,0,0,new,,paid,completed
2026-01-14,12:00:00,Marjorie Nogaliza,COMBINATION,,SABBATH,0,0,0,new,,paid,completed
2026-01-14,12:00:00,Maureen Namca,COMBINATION,,SABBATH,0,0,0,new,,paid,completed
2026-01-14,12:00:00,Hendrick Sebastian,COMBINATION,,SABBATH,0,0,0,new,,paid,completed
2026-01-14,12:00:00,Diana Sampaga,SWEDISH,,SABBATH,600,0,600,new,,paid,completed
2026-01-14,12:00:00,Diana Sampaga,ADDITIONAL 30 MINS,,SABBATH,300,0,300,new,,paid,completed
2026-01-14,12:00:00,Andy Sampaga,SWEDISH,,SABBATH,600,0,600,new,,paid,completed
2026-01-14,12:00:00,Andy Sampaga,ADDITIONAL 30 MINS,,SABBATH,300,0,300,new,,paid,completed
2026-01-14,12:00:00,Lei Valerio,TRADITIONAL HILOT WITH VENTOSA,,SABBATH,1500,0,1500,new,,paid,completed
2026-01-14,12:00:00,Linda Valerio,SABBATH SIGNATURE,,SABBATH,1000,0,1000,new,,paid,completed
2026-01-14,12:00:00,Van Juan,COMBINATION,,SABBATH,0,0,0,new,,paid,completed
2026-01-14,12:00:00,Dhean Inclino,COMBINATION,,SABBATH,0,0,0,new,,paid,completed
2026-01-14,12:00:00,Jenny Del Rosario,COMBINATION,,SABBATH,0,0,0,new,,paid,completed
2026-01-14,12:00:00,Rachel Alenia,NAIL GEL REMOVER,,LE NAILS,150,0,150,new,,paid,completed
2026-01-14,12:00:00,Rachel Alenia,MANIGEL ORLY,,LE NAILS,600,0,600,new,,paid,completed
2026-01-15,12:00:00,Sir Ian,SWEDISH,,SABBATH,600,600,0,new,,paid,completed
2026-01-15,12:00:00,Janice Zaguirre,COMBINATION W/ HOT STONE,,SABBATH,0,0,0,new,,paid,completed
2026-01-15,12:00:00,Paula Cruz,COMBINATION W/ HOT STONE,,SABBATH,0,0,0,new,,paid,completed
2026-01-15,12:00:00,Elaine Calderon,SWEDISH,,SABBATH,600,0,600,new,,paid,completed
2026-01-15,12:00:00,Ryan Calderon,COMBINATION,,SABBATH,0,0,0,new,,paid,completed
2026-01-15,12:00:00,Fernando Payawan,COMBINATION,,SABBATH,0,0,0,new,,paid,completed
2026-01-15,12:00:00,Judycell Payawan,COMBINATION,,SABBATH,0,0,0,new,,paid,completed
2026-01-15,12:00:00,Elisse Soquerata,COMBINATION,,SABBATH,0,0,0,new,,paid,completed
2026-01-15,12:00:00,Jinky Dela Cruz,SWEDISH,,SABBATH,600,0,600,new,,paid,completed
2026-01-15,12:00:00,Krizzia Dela Cruz,SWEDISH,,SABBATH,600,0,600,new,,paid,completed
2026-01-15,12:00:00,Krineth Dela Cruz,SWEDISH,,SABBATH,600,0,600,new,,paid,completed
2026-01-15,12:00:00,Keithlin Dela Cruz,SWEDISH,,SABBATH,600,0,600,new,,paid,completed
2026-01-15,12:00:00,Nicolle Arellano,SWEDISH,,SABBATH,600,0,600,new,,paid,completed
2026-01-15,12:00:00,Krissy Arellano,SWEDISH,,SABBATH,600,0,600,new,,paid,completed
2026-01-15,12:00:00,Eduardo Dela Cruz,SWEDISH,,SABBATH,600,120,480,new,,paid,completed
2026-01-15,12:00:00,Almira Santos,TRADITIONAL HILOT WITH VENTOSA,,SABBATH,1500,0,1500,new,,paid,completed
2026-01-15,12:00:00,Pit Santos,TRADITIONAL HILOT WITH VENTOSA,,SABBATH,1500,0,1500,new,,paid,completed
2026-01-15,12:00:00,Scarlet Santos,TRADITIONAL HILOT WITH VENTOSA,,SABBATH,1500,0,1500,new,,paid,completed
2026-01-15,12:00:00,Em Tantay,COMBINATION,,SABBATH,0,0,0,new,,paid,completed
2026-01-15,12:00:00,Em Tantay,ADDITIONAL 30 MINS,,SABBATH,300,0,300,new,,paid,completed
2026-01-15,12:00:00,Ramil Tantay,COMBINATION,,SABBATH,0,0,0,new,,paid,completed
2026-01-15,12:00:00,Ramil Tantay,ADDITIONAL 30 MINS,,SABBATH,300,0,300,new,,paid,completed
2026-01-15,12:00:00,Dominique Bassig,COMBINATION,,SABBATH,0,0,0,new,,paid,completed
2026-01-15,12:00:00,Dominique Bassig,ADDITIONAL 30 MINS,,SABBATH,300,0,300,new,,paid,completed
2026-01-15,12:00:00,CA Icoh,SABBATH FOOT REFLEX,,SABBATH,600,0,600,new,,paid,completed
2026-01-15,12:00:00,CA Icoh,PACKAGE C,,LE NAILS,0,0,0,new,,paid,completed
2026-01-15,12:00:00,CA Icoh,REGULAR POLISH,,LE NAILS,0,0,0,new,,paid,completed
2026-01-15,12:00:00,JM Angeles,PACKAGE A,,LE NAILS,0,0,0,new,,paid,completed
2026-01-15,12:00:00,Edsel Bartolaba,PACKAGE F,,LE NAILS,1250,0,1250,new,,paid,completed
2026-01-16,12:00:00,Rein Espiritu,SWEDISH,,SABBATH,600,0,600,new,,paid,completed
2026-01-16,12:00:00,Kevin Carl Co,SWEDISH,,SABBATH,600,0,600,new,,paid,completed
2026-01-16,12:00:00,Joyce Bernardino,"SABBATH SIGNATURE FOOT, HEAD, NECK & SHOULDER",,SABBATH,750,0,750,new,,paid,completed
2026-01-16,12:00:00,Joy Costuya,COMBINATION,,SABBATH,0,0,0,new,,paid,completed
2026-01-16,12:00:00,John Ray Pineda,COMBINATION,,SABBATH,0,0,0,new,,paid,completed
2026-01-16,12:00:00,Abi Santiago,COMBINATION,,SABBATH,0,0,0,new,,paid,completed
2026-01-16,12:00:00,Maybs David,COMBINATION,,SABBATH,0,0,0,new,,paid,completed
2026-01-16,12:00:00,Ara Morito,COMBINATION,,SABBATH,0,0,0,new,,paid,completed
2026-01-16,12:00:00,Ronald Angelo,COMBINATION,,SABBATH,0,0,0,new,,paid,completed
2026-01-16,12:00:00,Ruth Angelo,COMBINATION,,SABBATH,0,0,0,new,,paid,completed
2026-01-16,12:00:00,Joseph Delos Lado,COMBINATION,,SABBATH,0,0,0,new,,paid,completed
2026-01-16,12:00:00,Joseph Delos Lado,ADDITIONAL 30 MINS,,SABBATH,300,0,300,new,,paid,completed
2026-01-16,12:00:00,Kathleen Delos Lado,COMBINATION,,SABBATH,0,0,0,new,,paid,completed
2026-01-16,12:00:00,Kathleen Delos Lado,ADDITIONAL 30 MINS,,SABBATH,300,0,300,new,,paid,completed
2026-01-16,12:00:00,Imelda Ragmac,COMBINATION,,SABBATH,0,0,0,new,,paid,completed
2026-01-16,12:00:00,Imelda Ragmac,ADDITIONAL 30 MINS,,SABBATH,300,0,300,new,,paid,completed
2026-01-16,12:00:00,Ada Angeles,COMBINATION,,SABBATH,0,0,0,new,,paid,completed
2026-01-16,12:00:00,Eric Angeles,COMBINATION,,SABBATH,0,0,0,new,,paid,completed
2026-01-16,12:00:00,Tusu Angeles,SABBATH SIGNATURE,,SABBATH,1000,0,1000,new,,paid,completed
2026-01-16,12:00:00,Ian Angeles,SABBATH SIGNATURE,,SABBATH,1000,0,1000,new,,paid,completed
2026-01-16,12:00:00,Ana Brand,SWEDISH,,SABBATH,600,0,600,new,,paid,completed
2026-01-16,12:00:00,Paulo Dela Cruz,SABBATH PACKAGE 1,,SABBATH,2000,0,2000,new,,paid,completed
2026-01-16,12:00:00,Nelson Dela Cruz,SABBATH PACKAGE 1,,SABBATH,2000,0,2000,new,,paid,completed
2026-01-16,12:00:00,Alvin Suriben,COMBINATION,,SABBATH,0,0,0,new,,paid,completed
2026-01-16,12:00:00,Alvin Suriben,ADDITIONAL 30 MINS,,SABBATH,300,0,300,new,,paid,completed
2026-01-16,12:00:00,Irene Suriben,COMBINATION,,SABBATH,0,0,0,new,,paid,completed
2026-01-16,12:00:00,Irene Suriben,ADDITIONAL 30 MINS,,SABBATH,300,0,300,new,,paid,completed
2026-01-16,12:00:00,Claire Aceberos,COMBINATION W/ HOT STONE,,SABBATH,0,0,0,new,,paid,completed
2026-01-16,12:00:00,King Borlongan,TRADITIONAL HILOT WITH VENTOSA,,SABBATH,1500,0,1500,new,,paid,completed
2026-01-16,12:00:00,Antonette Alfonso,SABBATH FOOT REFLEX,,SABBATH,600,0,600,new,,paid,completed
2026-01-16,12:00:00,April Borlongan,TRADITIONAL HILOT WITH VENTOSA,,SABBATH,1500,0,1500,new,,paid,completed
2026-01-16,12:00:00,Christel Pangan,SWEDISH,,SABBATH,600,600,0,new,,paid,completed
2026-01-16,12:00:00,Marie Molina Matillano,"SABBATH SIGNATURE FOOT, HEAD, NECK & SHOULDER",,SABBATH,750,0,750,new,,paid,completed
2026-01-16,12:00:00,Xavier Matillano,SWEDISH,,SABBATH,600,0,600,new,,paid,completed
2026-01-16,12:00:00,Joy Borlongan,PACKAGE C,,LE NAILS,0,0,0,new,,paid,completed
2026-01-16,12:00:00,Ara Grace Solana,MANIGEL ORLY,,LE NAILS,600,0,600,new,,paid,completed
2026-01-16,12:00:00,Ara Grace Solana,PEDICURE,,LE NAILS,200,0,200,new,,paid,completed
2026-01-16,12:00:00,Chi,PEDICURE,,LE NAILS,200,0,200,new,,paid,completed
2026-01-16,12:00:00,Chi,REGULAR POLISH,,LE NAILS,0,0,0,new,,paid,completed
2026-01-16,12:00:00,Mabel David,MANICURE,,LE NAILS,150,0,150,new,,paid,completed
2026-01-16,12:00:00,Mabel David,PEDIGEL CUCCIO,,LE NAILS,550,0,550,new,,paid,completed
2026-01-16,12:00:00,Mabel David,FOOT SPA,,LE NAILS,0,0,0,new,,paid,completed
2026-01-17,12:00:00,Ivan Torres,SABBATH SIGNATURE,,SABBATH,1000,0,1000,new,,paid,completed
2026-01-17,12:00:00,Ivan Torres,ADDITIONAL 30 MINS,,SABBATH,300,0,300,new,,paid,completed
2026-01-17,12:00:00,Jasfer Santiago,SWEDISH,,SABBATH,600,0,600,new,,paid,completed
2026-01-17,12:00:00,Zeadrick Torres,"HEAD, BACK & SHOULDER",,SABBATH,0,0,0,new,,paid,completed
2026-01-17,12:00:00,Mae Reyes,POST & PRE NATAL W/ LACTATION,,SABBATH,2000,0,2000,new,,paid,completed
2026-01-17,12:00:00,Arbin Reyes,COMBINATION,,SABBATH,0,0,0,new,,paid,completed
2026-01-17,12:00:00,Shirley Velasco,COMBINATION,,SABBATH,0,0,0,new,,paid,completed
2026-01-17,12:00:00,Kharizza Cyrine,COMBINATION,,SABBATH,0,0,0,new,,paid,completed
2026-01-17,12:00:00,Nazaren Menes,COMBINATION,,SABBATH,0,0,0,new,,paid,completed
2026-01-17,12:00:00,Richmond April Zoleta,SABBATH PACKAGE 1 W/ ventosa,,SABBATH,3000,0,3000,new,,paid,completed
2026-01-17,12:00:00,Cathrine Lizette Jugullion,SABBATH PACKAGE 1 W/ ventosa,,SABBATH,3000,0,3000,new,,paid,completed
2026-01-17,12:00:00,Kenny Garcia,COMBINATION,,SABBATH,0,0,0,new,,paid,completed
2026-01-17,12:00:00,Aries Lucas,COMBINATION,,SABBATH,0,0,0,new,,paid,completed
2026-01-17,12:00:00,Sergie Flores,TRADITIONAL HILOT WITH VENTOSA,,SABBATH,1500,0,1500,new,,paid,completed
2026-01-17,12:00:00,Carl Flores,COMBINATION,,SABBATH,0,0,0,new,,paid,completed
2026-01-17,12:00:00,Lalaine Juico,SWEDISH,,SABBATH,600,120,480,new,,paid,completed
2026-01-17,12:00:00,Lilibeth Diaz,SWEDISH,,SABBATH,600,0,600,new,,paid,completed
2026-01-17,12:00:00,Kyla Calayag,COMBINATION,,SABBATH,0,0,0,new,,paid,completed
2026-01-17,12:00:00,Jaminah Jairi,SWEDISH,,SABBATH,600,0,600,new,,paid,completed
2026-01-17,12:00:00,Jormina Jairi,SWEDISH,,SABBATH,600,0,600,new,,paid,completed
2026-01-17,12:00:00,Jamir Jairi,SWEDISH,,SABBATH,600,0,600,new,,paid,completed
2026-01-17,12:00:00,Jazmira Jairi,SWEDISH,,SABBATH,600,0,600,new,,paid,completed
2026-01-17,12:00:00,Dinah Jairi,SWEDISH,,SABBATH,600,0,600,new,,paid,completed
2026-01-17,12:00:00,Ronnie Jairi,SWEDISH,,SABBATH,600,0,600,new,,paid,completed
2026-01-17,12:00:00,Randy Ambito,SWEDISH,,SABBATH,600,0,600,new,,paid,completed
2026-01-17,12:00:00,Lilibeth Ambito,SWEDISH,,SABBATH,600,0,600,new,,paid,completed
2026-01-17,12:00:00,Jaminah Jairi,ADDITIONAL 30 MINS,,SABBATH,300,0,300,new,,paid,completed
2026-01-17,12:00:00,Jormina Jairi,ADDITIONAL 30 MINS,,SABBATH,300,0,300,new,,paid,completed
2026-01-17,12:00:00,Jamir Jairi,ADDITIONAL 30 MINS,,SABBATH,300,0,300,new,,paid,completed
2026-01-17,12:00:00,Jazmira Jairi,ADDITIONAL 30 MINS,,SABBATH,300,0,300,new,,paid,completed
2026-01-17,12:00:00,Dinah Jairi,ADDITIONAL 30 MINS,,SABBATH,300,0,300,new,,paid,completed
2026-01-17,12:00:00,Ronnie Jairi,ADDITIONAL 30 MINS,,SABBATH,300,0,300,new,,paid,completed
2026-01-17,12:00:00,Ryan Rafael,COMBINATION,,SABBATH,0,0,0,new,,paid,completed
2026-01-17,12:00:00,Camille Godoy,SWEDISH,,SABBATH,600,0,600,new,,paid,completed
2026-01-17,12:00:00,Argel Godoy,COMBINATION,,SABBATH,0,0,0,new,,paid,completed
2026-01-17,12:00:00,Jemar Labausa,COMBINATION W/ HOT STONE,,SABBATH,0,0,0,new,,paid,completed
2026-01-17,12:00:00,Hershey Labausa,AROMATHERAPY OIL WITH HERBAL BALL,,SABBATH,1000,0,1000,new,,paid,completed
2026-01-17,12:00:00,Alvin Ramos,COMBINATION,,SABBATH,0,0,0,new,,paid,completed
2026-01-17,12:00:00,Kristine Ramos,COMBINATION,,SABBATH,0,0,0,new,,paid,completed
2026-01-17,12:00:00,John Joson,COMBINATION,,SABBATH,0,0,0,new,,paid,completed
2026-01-17,12:00:00,Jane Joson,COMBINATION,,SABBATH,0,0,0,new,,paid,completed
2026-01-17,12:00:00,Sha Librado,COMBINATION,,SABBATH,0,0,0,new,,paid,completed
2026-01-17,12:00:00,Minerva Librado,COMBINATION,,SABBATH,0,0,0,new,,paid,completed
2026-01-17,12:00:00,Tenny Bautista,SABBATH FOOT REFLEX,,SABBATH,600,0,600,new,,paid,completed
2026-01-17,12:00:00,Tenny Bautista,SABBATH FOOT REFLEX,,SABBATH,600,0,600,new,,paid,completed
2026-01-17,12:00:00,Brylle Stephen Jose,COMBINATION,,SABBATH,0,0,0,new,,paid,completed
2026-01-17,12:00:00,Ralph De Jesus,SWEDISH,,SABBATH,600,0,600,new,,paid,completed
2026-01-17,12:00:00,Charlene De Jesus,SWEDISH,,SABBATH,600,0,600,new,,paid,completed
2026-01-18,12:00:00,Rona Atallah,COMBINATION W/ HOT STONE,,SABBATH,0,0,0,new,,paid,completed
2026-01-18,12:00:00,Glynda Bernardo,COMBINATION W/ HOT STONE,,SABBATH,0,0,0,new,,paid,completed
2026-01-18,12:00:00,Ellen Corpuz,COMBINATION W/ HOT STONE,,SABBATH,0,0,0,new,,paid,completed
2026-01-18,12:00:00,Tyrese Bernardo,COMBINATION,,SABBATH,0,0,0,new,,paid,completed
2026-01-18,12:00:00,Lucia Degala,COMBINATION,,SABBATH,0,0,0,new,,paid,completed
2026-01-18,12:00:00,Jane Domingo,COMBINATION,,SABBATH,0,0,0,new,,paid,completed
2026-01-18,12:00:00,Mark Domingo,COMBINATION,,SABBATH,0,0,0,new,,paid,completed
2026-01-18,12:00:00,James Dela Cruz,"HEAD, BACK & SHOULDER",,SABBATH,0,0,0,new,,paid,completed
2026-01-18,12:00:00,Tine Tiongson,COMBINATION,,SABBATH,0,0,0,new,,paid,completed
2026-01-18,12:00:00,Tine Tiongson,ADDITIONAL 30 MINS,,SABBATH,300,0,300,new,,paid,completed
2026-01-18,12:00:00,Psalm Pascual,COMBINATION,,SABBATH,0,0,0,new,,paid,completed
2026-01-18,12:00:00,Psalm Pascual,ADDITIONAL 30 MINS,,SABBATH,300,0,300,new,,paid,completed
2026-01-18,12:00:00,Christian Villavicencio,SWEDISH,,SABBATH,600,0,600,new,,paid,completed
2026-01-18,12:00:00,Carmi Bancolita,SWEDISH,,SABBATH,600,0,600,new,,paid,completed
2026-01-18,12:00:00,Abegail Aguilar,COMBINATION,,SABBATH,0,0,0,new,,paid,completed
2026-01-18,12:00:00,Dan Tiongson,COMBINATION,,SABBATH,0,0,0,new,,paid,completed
2026-01-18,12:00:00,Paulo Guevara,TRADITIONAL HILOT WITH VENTOSA,,SABBATH,1500,0,1500,new,,paid,completed
2026-01-18,12:00:00,Joyce Guevarra,POST & PRE NATAL W/ LACTATION,,SABBATH,2000,0,2000,new,,paid,completed
2026-01-18,12:00:00,Christel Pangan,SWEDISH,,SABBATH,600,600,0,new,,paid,completed
2026-01-18,12:00:00,John Risma,COMBINATION W/ HOT STONE,,SABBATH,0,0,0,new,,paid,completed
2026-01-18,12:00:00,Kate Yap,COMBINATION W/ HOT STONE,,SABBATH,0,0,0,new,,paid,completed
2026-01-18,12:00:00,Jane Domingo,SOFT GEL NAIL EXTENSION,,LE NAILS,800,0,800,new,,paid,completed
2026-01-18,12:00:00,Jane Domingo,3D GEL NAIL ART / EMBOSSED,,LE NAILS,600,0,600,new,,paid,completed
2026-01-18,12:00:00,Jane Domingo,MANICURE,,LE NAILS,150,0,150,new,,paid,completed
2026-01-18,12:00:00,Jane Domingo,PEDICURE,,LE NAILS,200,0,200,new,,paid,completed
2026-01-18,12:00:00,Angeli Santos,PEDICURE,,LE NAILS,200,0,200,new,,paid,completed
2026-01-18,12:00:00,Angeli Santos,PEDICURE,,LE NAILS,200,0,200,new,,paid,completed
2026-01-18,12:00:00,Angeli Santos,REGULAR POLISH,,LE NAILS,0,0,0,new,,paid,completed
2026-01-18,12:00:00,Jeanne Dela Cruz,PACKAGE B,,LE NAILS,950,0,950,new,,paid,completed
2026-01-18,12:00:00,Jeanne Dela Cruz,3D GEL NAIL ART / EMBOSSED,,LE NAILS,600,0,600,new,,paid,completed
2026-01-18,12:00:00,Jeanne Dela Cruz,PEDICURE,,LE NAILS,200,0,200,new,,paid,completed
2026-01-18,12:00:00,Jeanne Dela Cruz,REGULAR POLISH,,LE NAILS,0,0,0,new,,paid,completed
2026-01-19,12:00:00,Kimberly Milag,SABBATH PACKAGE 1 w/ comb,,SABBATH,2150,0,2150,new,,paid,completed
2026-01-19,12:00:00,Liza Siccion,AROMATHERAPY OIL WITH HERBAL BALL,,SABBATH,1000,0,1000,new,,paid,completed
2026-01-19,12:00:00,JD Gumba,"HEAD, BACK & SHOULDER",,SABBATH,0,0,0,new,,paid,completed
2026-01-19,12:00:00,Deanne Litag,COMBINATION,,SABBATH,0,0,0,new,,paid,completed
2026-01-19,12:00:00,Deanne Litag,ADDITIONAL 30 MINS,,SABBATH,300,0,300,new,,paid,completed
2026-01-19,12:00:00,Francis Litag,COMBINATION,,SABBATH,0,0,0,new,,paid,completed
2026-01-19,12:00:00,Francis Litag,ADDITIONAL 30 MINS,,SABBATH,300,0,300,new,,paid,completed
2026-01-19,12:00:00,Anthony De Leon,TRADITIONAL HILOT WITH VENTOSA,,SABBATH,1500,0,1500,new,,paid,completed
2026-01-19,12:00:00,Jape Garcia,POST & PRE NATAL W/ LACTATION,,SABBATH,2000,0,2000,new,,paid,completed
2026-01-19,12:00:00,KC Garcia,TRADITIONAL HILOT WITH VENTOSA,,SABBATH,1500,0,1500,new,,paid,completed
2026-01-19,12:00:00,Marvic Villania,SWEDISH,,SABBATH,600,0,600,new,,paid,completed
2026-01-19,12:00:00,Micaela Santos,SHIATSU,,SABBATH,0,0,0,new,,paid,completed
2026-01-19,12:00:00,Michelle Falminsical,COMBINATION,,SABBATH,0,0,0,new,,paid,completed
2026-01-19,12:00:00,Michelle Falminsical,ADDITIONAL 30 MINS,,SABBATH,300,0,300,new,,paid,completed
2026-01-19,12:00:00,Louie Yambao,COMBINATION,,SABBATH,0,0,0,new,,paid,completed
2026-01-19,12:00:00,Lyn Yambao,COMBINATION,,SABBATH,0,0,0,new,,paid,completed
2026-01-19,12:00:00,Charles Absalon,COMBINATION,,SABBATH,0,0,0,new,,paid,completed
2026-01-19,12:00:00,Charles Absalon,SABBATH FOOT REFLEX,,SABBATH,600,0,600,new,,paid,completed
2026-01-19,12:00:00,Vanessa Eugenio,COMBINATION W/ HOT STONE,,SABBATH,0,0,0,new,,paid,completed
2026-01-19,12:00:00,Zie Gaspar,COMBINATION W/ HOT STONE,,SABBATH,0,0,0,new,,paid,completed
2026-01-19,12:00:00,Nicole Del Rosario,SWEDISH,,SABBATH,600,0,600,new,,paid,completed
2026-01-19,12:00:00,Ralph Del Rosario,SWEDISH,,SABBATH,600,0,600,new,,paid,completed
2026-01-19,12:00:00,Lovely,TRADITIONAL HILOT WITH VENTOSA,,SABBATH,1500,0,1500,new,,paid,completed
2026-01-19,12:00:00,Mark Alfonso,TRADITIONAL HILOT WITH VENTOSA,,SABBATH,1500,0,1500,new,,paid,completed
2026-01-19,12:00:00,Jonland Solinao,TRADITIONAL HILOT WITH VENTOSA,,SABBATH,1500,0,1500,new,,paid,completed
2026-01-19,12:00:00,Christian Suansing,COMBINATION,,SABBATH,0,0,0,new,,paid,completed
2026-01-19,12:00:00,Christian Suansing,ADDITIONAL 30 MINS,,SABBATH,300,0,300,new,,paid,completed
2026-01-19,12:00:00,Sheena Capara,COMBINATION,,SABBATH,0,0,0,new,,paid,completed
2026-01-19,12:00:00,Sheena Capara,ADDITIONAL 30 MINS,,SABBATH,300,0,300,new,,paid,completed
2026-01-19,12:00:00,Paolo De Guzman,COMBINATION,,SABBATH,0,0,0,new,,paid,completed
2026-01-19,12:00:00,Paolo De Guzman,ADDITIONAL 30 MINS,,SABBATH,300,0,300,new,,paid,completed
2026-01-19,12:00:00,Christine De Guzman,"SABBATH SIGNATURE FOOT, HEAD, NECK & SHOULDER",,SABBATH,750,0,750,new,,paid,completed
2026-01-19,12:00:00,Pauline De Guzman,TRADITIONAL HILOT WITH VENTOSA,,SABBATH,1500,0,1500,new,,paid,completed
2026-01-19,12:00:00,Michelle Falminsical,FOOT SPA,,LE NAILS,0,0,0,new,,paid,completed
2026-01-19,12:00:00,Michelle Falminsical,PEDICURE,,LE NAILS,200,0,200,new,,paid,completed
2026-01-19,12:00:00,Anthony De Leon,PACKAGE F,,LE NAILS,1250,0,1250,new,,paid,completed
2026-01-20,12:00:00,Che Pellin,COMBINATION,,SABBATH,0,0,0,new,,paid,completed
2026-01-20,12:00:00,Che Pellin,ADDITIONAL 30 MINS,,SABBATH,300,0,300,new,,paid,completed
2026-01-20,12:00:00,Trisha De Dios,SLIMMING MASSAGE,,SABBATH,0,0,0,new,,paid,completed
2026-01-20,12:00:00,Trisha De Dios,ADDITIONAL 30 MINS,,SABBATH,300,0,300,new,,paid,completed
2026-01-20,12:00:00,Aron Joseph Santos,SWEDISH,,SABBATH,600,0,600,new,,paid,completed
2026-01-20,12:00:00,Arcy Paula Lising,COMBINATION,,SABBATH,0,0,0,new,,paid,completed
2026-01-20,12:00:00,Aimee Lising,COMBINATION,,SABBATH,0,0,0,new,,paid,completed
2026-01-20,12:00:00,Carmelita Espiritu,COMBINATION,,SABBATH,0,0,0,new,,paid,completed
2026-01-20,12:00:00,Marites Sumalbog,SHIATSU,,SABBATH,0,0,0,new,,paid,completed
2026-01-20,12:00:00,Nora Adriano,COMBINATION,,SABBATH,0,0,0,new,,paid,completed
2026-01-20,12:00:00,Angelica Guinto,SWEDISH,,SABBATH,600,0,600,new,,paid,completed
2026-01-20,12:00:00,Angelica Guinto,ADDITIONAL 30 MINS,,SABBATH,300,0,300,new,,paid,completed
2026-01-20,12:00:00,Eric Pan,SWEDISH,,SABBATH,600,0,600,new,,paid,completed
2026-01-20,12:00:00,Ella Pan,SWEDISH,,SABBATH,600,0,600,new,,paid,completed
2026-01-20,12:00:00,Danilo De Guzman,SWEDISH,,SABBATH,600,0,600,new,,paid,completed
2026-01-20,12:00:00,AImee Bautista,SWEDISH,,SABBATH,600,0,600,new,,paid,completed
2026-01-20,12:00:00,Krys Aniag,COMBINATION,,SABBATH,0,0,0,new,,paid,completed
2026-01-20,12:00:00,Mark Aniag,COMBINATION,,SABBATH,0,0,0,new,,paid,completed
2026-01-20,12:00:00,Herchelle Marcelo,TRADITIONAL HILOT WITH VENTOSA,,SABBATH,1500,0,1500,new,,paid,completed
2026-01-20,12:00:00,Herchelle Marcelo,ADDITIONAL 30 MINS,,SABBATH,300,0,300,new,,paid,completed
2026-01-20,12:00:00,Nico Layosa,TRADITIONAL HILOT WITH VENTOSA,,SABBATH,1500,0,1500,new,,paid,completed
2026-01-20,12:00:00,Nico Layosa,ADDITIONAL 30 MINS,,SABBATH,300,0,300,new,,paid,completed
2026-01-20,12:00:00,Eileen Lara Urbano,COMBINATION W/ HOT STONE,,SABBATH,0,0,0,new,,paid,completed
2026-01-20,12:00:00,Pauleen Vasalo,COMBINATION W/ HOT STONE,,SABBATH,0,0,0,new,,paid,completed
2026-01-20,12:00:00,Ruby Manaol,COMBINATION,,SABBATH,0,0,0,new,,paid,completed
2026-01-20,12:00:00,Lorie Urbano,COMBINATION,,SABBATH,0,0,0,new,,paid,completed
2026-01-20,12:00:00,Cristina Sapalo,SWEDISH,,SABBATH,600,0,600,new,,paid,completed
2026-01-20,12:00:00,April Macabante,SWEDISH,,SABBATH,600,0,600,new,,paid,completed
2026-01-20,12:00:00,Jescel Galang,SWEDISH,,SABBATH,600,0,600,new,,paid,completed
2026-01-20,12:00:00,Jocelyn Ponte,SWEDISH,,SABBATH,600,0,600,new,,paid,completed
2026-01-20,12:00:00,Gina Mae Dunca,SWEDISH,,SABBATH,600,0,600,new,,paid,completed
2026-01-20,12:00:00,Aljohn Dunca,SWEDISH,,SABBATH,600,0,600,new,,paid,completed
2026-01-20,12:00:00,Sheryl Alonzo,SWEDISH,,SABBATH,600,0,600,new,,paid,completed
2026-01-21,12:00:00,Jaysa Villanueva,COMBINATION,,SABBATH,0,0,0,new,,paid,completed
2026-01-21,12:00:00,Connie Escudo,COMBINATION,,SABBATH,0,0,0,new,,paid,completed
2026-01-21,12:00:00,Nerissa Israel,COMBINATION,,SABBATH,0,0,0,new,,paid,completed
2026-01-21,12:00:00,Nuvella Villanueva,COMBINATION,,SABBATH,0,0,0,new,,paid,completed
2026-01-21,12:00:00,Shiela Manjares Bolos,"SABBATH SIGNATURE FOOT, HEAD, NECK & SHOULDER",,SABBATH,750,0,750,new,,paid,completed
2026-01-21,12:00:00,Tita Fernandez,SWEDISH,,SABBATH,600,0,600,new,,paid,completed
2026-01-21,12:00:00,Sonia Raymundo,SWEDISH,,SABBATH,600,0,600,new,,paid,completed
2026-01-21,12:00:00,Mark Alcaraz,SWEDISH,,SABBATH,600,0,600,new,,paid,completed
2026-01-21,12:00:00,Joanne Jacinto,TRADITIONAL HILOT WITH VENTOSA,,SABBATH,1500,0,1500,new,,paid,completed
2026-01-21,12:00:00,Florencia Alcaraz,TRADITIONAL HILOT WITH VENTOSA,,SABBATH,1500,0,1500,new,,paid,completed
2026-01-21,12:00:00,Mhik Santiago,SHIATSU,,SABBATH,0,0,0,new,,paid,completed
2026-01-21,12:00:00,Marites Gone,COMBINATION,,SABBATH,0,0,0,new,,paid,completed
2026-01-21,12:00:00,Edgar Gone,COMBINATION,,SABBATH,0,0,0,new,,paid,completed
2026-01-21,12:00:00,Joni Pan,TRADITIONAL HILOT WITH VENTOSA,,SABBATH,1500,0,1500,new,,paid,completed
2026-01-21,12:00:00,Jhenyl Surio,TRADITIONAL HILOT WITH VENTOSA,,SABBATH,1500,0,1500,new,,paid,completed
2026-01-21,12:00:00,Ma'am Gia,COMBINATION,,SABBATH,0,0,0,new,,paid,completed
2026-01-21,12:00:00,Pastor Erick,COMBINATION,,SABBATH,0,0,0,new,,paid,completed
2026-01-21,12:00:00,Kath Lising,PACKAGE B,,LE NAILS,950,0,950,new,,paid,completed
2026-01-21,12:00:00,Andrea Santos,MANIGEL ORLY,,LE NAILS,600,0,600,new,,paid,completed
2026-01-21,12:00:00,Andrea Santos,PEDIGEL CUCCIO,,LE NAILS,550,0,550,new,,paid,completed
2026-01-22,12:00:00,Mavelyn Baselides,AROMATHERAPY OIL WITH HERBAL BALL,,SABBATH,1000,0,1000,new,,paid,completed
2026-01-22,12:00:00,Vicente Baselides,COMBINATION,,SABBATH,0,0,0,new,,paid,completed
2026-01-22,12:00:00,Michael Reyes,SWEDISH,,SABBATH,600,600,0,new,,paid,completed
2026-01-22,12:00:00,Manilyn Sanchez,SWEDISH,,SABBATH,600,600,0,new,,paid,completed
2026-01-22,12:00:00,Maribel De Guzman,COMBINATION,,SABBATH,0,0,0,new,,paid,completed
2026-01-22,12:00:00,Victorino De Guzman,COMBINATION,,SABBATH,0,0,0,new,,paid,completed
2026-01-22,12:00:00,Karen Pilapil,COMBINATION,,SABBATH,0,0,0,new,,paid,completed
2026-01-22,12:00:00,Ray Malicsi,COMBINATION,,SABBATH,0,0,0,new,,paid,completed
2026-01-22,12:00:00,Crystal Audencial,COMBINATION,,SABBATH,0,0,0,new,,paid,completed
2026-01-22,12:00:00,Marlon Maglalang,COMBINATION,,SABBATH,0,0,0,new,,paid,completed
2026-01-22,12:00:00,Yumi Yamada,SHIATSU,,SABBATH,0,0,0,new,,paid,completed
2026-01-22,12:00:00,Yumi Yamada,ADDITIONAL 30 MINS,,SABBATH,300,0,300,new,,paid,completed
2026-01-22,12:00:00,Edzel Lloyd Reyes,SWEDISH,,SABBATH,600,0,600,new,,paid,completed
2026-01-22,12:00:00,Eduardo Reyes,SWEDISH,,SABBATH,600,0,600,new,,paid,completed
2026-01-22,12:00:00,Marites Sacdalan,"HEAD, BACK & SHOULDER",,SABBATH,0,0,0,new,,paid,completed
2026-01-22,12:00:00,Mhay Macaliso,"HEAD, BACK & SHOULDER",,SABBATH,0,0,0,new,,paid,completed
2026-01-22,12:00:00,Lala Lopez,COMBINATION,,SABBATH,0,0,0,new,,paid,completed
2026-01-22,12:00:00,Carlo Castro,COMBINATION,,SABBATH,0,0,0,new,,paid,completed
2026-01-22,12:00:00,Lhady Ortega,TRADITIONAL HILOT WITH VENTOSA,,SABBATH,1500,0,1500,new,,paid,completed
2026-01-22,12:00:00,Katrina Sambali,TRADITIONAL HILOT WITH VENTOSA,,SABBATH,1500,0,1500,new,,paid,completed
2026-01-22,12:00:00,Dee Faustino Santiago,COMBINATION,,SABBATH,0,0,0,new,,paid,completed
2026-01-22,12:00:00,Dan Aron Santiago,COMBINATION,,SABBATH,0,0,0,new,,paid,completed
2026-01-22,12:00:00,Mhay Macaliso,PACKAGE A,,LE NAILS,0,0,0,new,,paid,completed
2026-01-22,12:00:00,Edzel Lloyd Reyes,PACKAGE B,,LE NAILS,950,0,950,new,,paid,completed
2026-01-22,12:00:00,Edzel Lloyd Reyes,REGULAR POLISH,,LE NAILS,0,0,0,new,,paid,completed
2026-01-22,12:00:00,Edzel Lloyd Reyes,MANICURE,,LE NAILS,150,0,150,new,,paid,completed
2026-01-22,12:00:00,Edzel Lloyd Reyes,PEDICURE,,LE NAILS,200,0,200,new,,paid,completed
2026-01-22,12:00:00,Marielle Valdez,PACKAGE C,,LE NAILS,0,0,0,new,,paid,completed
2026-01-22,12:00:00,Marielle Valdez,REGULAR POLISH,,LE NAILS,0,0,0,new,,paid,completed
2026-01-23,12:00:00,Thierry Pellin,COMBINATION,,SABBATH,0,0,0,new,,paid,completed
2026-01-23,12:00:00,Thierry Pellin,COMBINATION,,SABBATH,0,0,0,new,,paid,completed
2026-01-23,12:00:00,Evangeline Dela Cruz,SABBATH PACKAGE 1,,SABBATH,2000,0,2000,new,,paid,completed
2026-01-23,12:00:00,Joeme Espinosa,SABBATH SIGNATURE,,SABBATH,1000,0,1000,new,,paid,completed
2026-01-23,12:00:00,Lyn Rose Planada,SABBATH SIGNATURE,,SABBATH,1000,0,1000,new,,paid,completed
2026-01-23,12:00:00,Sarah Yadao,COMBINATION W/ HOT STONE,,SABBATH,0,0,0,new,,paid,completed
2026-01-23,12:00:00,Glynda Bernardo,COMBINATION W/ HOT STONE,,SABBATH,0,0,0,new,,paid,completed
2026-01-23,12:00:00,Mercy Yadao,TRADITIONAL HILOT WITH VENTOSA,,SABBATH,1500,0,1500,new,,paid,completed
2026-01-23,12:00:00,Aileen Yadao,TRADITIONAL HILOT WITH VENTOSA,,SABBATH,1500,0,1500,new,,paid,completed
2026-01-23,12:00:00,Rona Atallah,COMBINATION W/ HOT STONE,,SABBATH,0,0,0,new,,paid,completed
2026-01-23,12:00:00,Lota Sandoval,COMBINATION W/ HOT STONE,,SABBATH,0,0,0,new,,paid,completed
2026-01-23,12:00:00,Ellen Corpuz,COMBINATION W/ HOT STONE,,SABBATH,0,0,0,new,,paid,completed
2026-01-23,12:00:00,Camille Javier,SWEDISH,,SABBATH,600,0,600,new,,paid,completed
2026-01-23,12:00:00,Francis Javier,SWEDISH,,SABBATH,600,0,600,new,,paid,completed
2026-01-23,12:00:00,Jocelyn Floresa,COMBINATION,,SABBATH,0,0,0,new,,paid,completed
2026-01-23,12:00:00,Dennis Valenzuela,COMBINATION,,SABBATH,0,0,0,new,,paid,completed
2026-01-23,12:00:00,Evangeline Tapang,COMBINATION,,SABBATH,0,0,0,new,,paid,completed
2026-01-23,12:00:00,Patricia Azada,COMBINATION,,SABBATH,0,0,0,new,,paid,completed
2026-01-23,12:00:00,Roger Sombero,SABBATH SIGNATURE,,SABBATH,1000,200,800,new,,paid,completed
2026-01-23,12:00:00,Christian Bryan Mendoza,SABBATH SIGNATURE,,SABBATH,1000,0,1000,new,,paid,completed
2026-01-23,12:00:00,Gina Tan,SWEDISH,,SABBATH,600,0,600,new,,paid,completed
2026-01-23,12:00:00,Gina Tan,ADDITIONAL 30 MINS,,SABBATH,300,0,300,new,,paid,completed
2026-01-23,12:00:00,Vic Noriega,SWEDISH,,SABBATH,600,0,600,new,,paid,completed
2026-01-23,12:00:00,Vic Noriega,ADDITIONAL 30 MINS,,SABBATH,300,0,300,new,,paid,completed
2026-01-23,12:00:00,Peddy Perona,COMBINATION,,SABBATH,0,0,0,new,,paid,completed
2026-01-23,12:00:00,Janet Perona,COMBINATION,,SABBATH,0,0,0,new,,paid,completed
2026-01-23,12:00:00,Aira Perona,COMBINATION,,SABBATH,0,0,0,new,,paid,completed
2026-01-23,12:00:00,Paul Perona,SWEDISH,,SABBATH,600,0,600,new,,paid,completed
2026-01-23,12:00:00,Aileen Hara,TRADITIONAL HILOT WITH VENTOSA,,SABBATH,1500,0,1500,new,,paid,completed
2026-01-23,12:00:00,Rian Hara,TRADITIONAL HILOT WITH VENTOSA,,SABBATH,1500,0,1500,new,,paid,completed
2026-01-23,12:00:00,Rachelle Yabut,SWEDISH,,SABBATH,600,0,600,new,,paid,completed
2026-01-23,12:00:00,Grace Aguirre,SWEDISH,,SABBATH,600,0,600,new,,paid,completed
2026-01-23,12:00:00,Kerwin Pascual,COMBINATION,,SABBATH,0,0,0,new,,paid,completed
2026-01-23,12:00:00,Sean Bryan Dela Cruz,COMBINATION,,SABBATH,0,0,0,new,,paid,completed
2026-01-23,12:00:00,Justin Lepardo,COMBINATION,,SABBATH,0,0,0,new,,paid,completed
2026-01-23,12:00:00,Bryan Sandagon,PACKAGE A,,LE NAILS,0,0,0,new,,paid,completed
2026-01-23,12:00:00,Emerita Sombero,MANIGEL ORLY,,LE NAILS,600,120,480,new,,paid,completed
2026-01-23,12:00:00,Emerita Sombero,MANICURE,,LE NAILS,150,0,150,new,,paid,completed
2026-01-23,12:00:00,Emerita Sombero,NAIL ART,,LE NAILS,0,0,0,new,,paid,completed
2026-01-23,12:00:00,Emerita Sombero,PEDICURE,,LE NAILS,200,0,200,new,,paid,completed
2026-01-23,12:00:00,Emerita Sombero,REGULAR POLISH,,LE NAILS,0,0,0,new,,paid,completed
2026-01-24,12:00:00,Elle Reyes,TRADITIONAL HILOT WITH VENTOSA,,SABBATH,1500,0,1500,new,,paid,completed
2026-01-24,12:00:00,Carla Santos,TRADITIONAL HILOT WITH VENTOSA,,SABBATH,1500,0,1500,new,,paid,completed
2026-01-24,12:00:00,Sheryl Paratas,SWEDISH,,SABBATH,600,0,600,new,,paid,completed
2026-01-24,12:00:00,Bethany Paratas,GROWTH,,SABBATH,500,0,500,new,,paid,completed
2026-01-24,12:00:00,Carrie Ann Paratas,SWEDISH,,SABBATH,600,0,600,new,,paid,completed
2026-01-24,12:00:00,Honey Veniegas,COMBINATION,,SABBATH,0,0,0,new,,paid,completed
2026-01-24,12:00:00,Arby Gapud,COMBINATION,,SABBATH,0,0,0,new,,paid,completed
2026-01-24,12:00:00,Cecilia Dela Rosa,SWEDISH,,SABBATH,600,0,600,new,,paid,completed
2026-01-24,12:00:00,Bernard Tiongson,SWEDISH,,SABBATH,600,0,600,new,,paid,completed
2026-01-24,12:00:00,Renante Jacolba,SWEDISH,,SABBATH,600,0,600,new,,paid,completed
2026-01-24,12:00:00,Jay Razonabe,TRADITIONAL HILOT WITH VENTOSA,,SABBATH,1500,0,1500,new,,paid,completed
2026-01-24,12:00:00,Carol Razonabe,TRADITIONAL HILOT WITH VENTOSA,,SABBATH,1500,0,1500,new,,paid,completed
2026-01-24,12:00:00,Denise Alulod,SABBATH SIGNATURE,,SABBATH,1000,0,1000,new,,paid,completed
2026-01-24,12:00:00,Marc Ramos,SABBATH SIGNATURE,,SABBATH,1000,0,1000,new,,paid,completed
2026-01-24,12:00:00,Mary Elaine Espela,SABBATH PACKAGE 1,,SABBATH,2000,0,2000,new,,paid,completed
2026-01-24,12:00:00,Mary Elaine Espela,ADDITIONAL 30 MINS,,SABBATH,300,0,300,new,,paid,completed
2026-01-24,12:00:00,Candice Espela,SABBATH PACKAGE 1,,SABBATH,2000,0,2000,new,,paid,completed
2026-01-24,12:00:00,Rommel Castro,SWEDISH,,SABBATH,600,0,600,new,,paid,completed
2026-01-24,12:00:00,Jobel Mallo,COMBINATION W/ HOT STONE,,SABBATH,0,0,0,new,,paid,completed
2026-01-24,12:00:00,Marion Reyes,COMBINATION W/ HOT STONE,,SABBATH,0,0,0,new,,paid,completed
2026-01-24,12:00:00,Kim De Guzman,COMBINATION,,SABBATH,0,0,0,new,,paid,completed
2026-01-24,12:00:00,Antonette Hernandez,SHIATSU,,SABBATH,0,0,0,new,,paid,completed
2026-01-24,12:00:00,Hazel Caparas,TRADITIONAL HILOT WITH VENTOSA,,SABBATH,1500,0,1500,new,,paid,completed
2026-01-24,12:00:00,Jovy Gomez,COMBINATION,,SABBATH,0,0,0,new,,paid,completed
2026-01-24,12:00:00,Victoria Niedo,SWEDISH,,SABBATH,600,0,600,new,,paid,completed
2026-01-24,12:00:00,Jason Gomez,COMBINATION,,SABBATH,0,0,0,new,,paid,completed
2026-01-24,12:00:00,Albert James Bambao,COMBINATION,,SABBATH,0,0,0,new,,paid,completed
2026-01-24,12:00:00,Aurora Blaza,SABBATH SIGNATURE,,SABBATH,1000,0,1000,new,,paid,completed
2026-01-24,12:00:00,Zeny Cruz,COMBINATION,,SABBATH,0,0,0,new,,paid,completed
2026-01-24,12:00:00,Teddy Cruz,COMBINATION,,SABBATH,0,0,0,new,,paid,completed
2026-01-24,12:00:00,Renzo Sanchez,"SABBATH SIGNATURE FOOT, HEAD, NECK & SHOULDER",,SABBATH,750,0,750,new,,paid,completed
2026-01-24,12:00:00,Charynei carlos,"SABBATH SIGNATURE FOOT, HEAD, NECK & SHOULDER",,SABBATH,750,0,750,new,,paid,completed
2026-01-24,12:00:00,Antonette Hernandez,FOOT SPA,,LE NAILS,0,0,0,new,,paid,completed
2026-01-24,12:00:00,Antonette Hernandez,PEDICURE,,LE NAILS,200,0,200,new,,paid,completed
2026-01-24,12:00:00,Antonette Hernandez,REGULAR POLISH,,LE NAILS,0,0,0,new,,paid,completed
2026-01-25,12:00:00,Rain Joven,COMBINATION,,SABBATH,0,0,0,new,,paid,completed
2026-01-25,12:00:00,Arjay Hernandez,SWEDISH,,SABBATH,600,0,600,new,,paid,completed
2026-01-25,12:00:00,Rafael Otenaz,SWEDISH,,SABBATH,600,0,600,new,,paid,completed
2026-01-25,12:00:00,Francis Carlos,COMBINATION,,SABBATH,0,0,0,new,,paid,completed
2026-01-25,12:00:00,Amor Carlos,COMBINATION,,SABBATH,0,0,0,new,,paid,completed
2026-01-25,12:00:00,Jescel Galang,SWEDISH,,SABBATH,600,0,600,new,,paid,completed
2026-01-25,12:00:00,Cristina Sapalo,SWEDISH,,SABBATH,600,0,600,new,,paid,completed
2026-01-25,12:00:00,April Macabante,SWEDISH,,SABBATH,600,0,600,new,,paid,completed
2026-01-25,12:00:00,Jocelyn Ponce,SWEDISH,,SABBATH,600,0,600,new,,paid,completed
2026-01-25,12:00:00,Christel Pangan,SWEDISH,,SABBATH,600,0,600,new,,paid,completed
2026-01-25,12:00:00,Oliver Ivan Casing,SWEDISH,,SABBATH,600,0,600,new,,paid,completed
2026-01-25,12:00:00,Kim Casing,SWEDISH,,SABBATH,600,0,600,new,,paid,completed
2026-01-25,12:00:00,Jennifer Casing,TRADITIONAL HILOT WITH VENTOSA,,SABBATH,1500,0,1500,new,,paid,completed
2026-01-25,12:00:00,Jameer Dela Cruz,COMBINATION,,SABBATH,0,0,0,new,,paid,completed
2026-01-25,12:00:00,Paloma Bulan,COMBINATION,,SABBATH,0,0,0,new,,paid,completed
2026-01-25,12:00:00,Vash Manuel,COMBINATION,,SABBATH,0,0,0,new,,paid,completed
2026-01-25,12:00:00,Christian Koso,COMBINATION,,SABBATH,0,0,0,new,,paid,completed
2026-01-25,12:00:00,Nelson Uson,COMBINATION,,SABBATH,0,0,0,new,,paid,completed
2026-01-25,12:00:00,Jenny Choi,COMBINATION,,SABBATH,0,0,0,new,,paid,completed
2026-01-26,12:00:00,Miko Galang,COMBINATION,,SABBATH,0,0,0,new,,paid,completed
2026-01-26,12:00:00,Oscar Oliveros,COMBINATION,,SABBATH,0,0,0,new,,paid,completed
2026-01-26,12:00:00,Krys Aniag,SABBATH PACKAGE 1,,SABBATH,2000,0,2000,new,,paid,completed
2026-01-26,12:00:00,Janella Guevarra,COMBINATION,,SABBATH,0,0,0,new,,paid,completed
2026-01-26,12:00:00,Janella Guevarra,ADDITIONAL 30 MINS,,SABBATH,300,0,300,new,,paid,completed
2026-01-26,12:00:00,Jan Guevarra,COMBINATION,,SABBATH,0,0,0,new,,paid,completed
2026-01-26,12:00:00,Jan Guevarra,ADDITIONAL 30 MINS,,SABBATH,300,0,300,new,,paid,completed
2026-01-26,12:00:00,Shireen Rizi Avenir,COMBINATION,,SABBATH,0,0,0,new,,paid,completed
2026-01-26,12:00:00,Paolo Raymundo,COMBINATION,,SABBATH,0,0,0,new,,paid,completed
2026-01-26,12:00:00,Regina Alfredo,SWEDISH,,SABBATH,600,0,600,new,,paid,completed
2026-01-26,12:00:00,Louie Alfredo,SWEDISH,,SABBATH,600,0,600,new,,paid,completed
2026-01-26,12:00:00,RR Anthony Reyes,TRADITIONAL HILOT WITH VENTOSA,,SABBATH,1500,0,1500,new,,paid,completed
2026-01-26,12:00:00,Samuel Reyes,SWEDISH,,SABBATH,600,0,600,new,,paid,completed
2026-01-26,12:00:00,Edleen Shane Alanan,COMBINATION W/ HOT STONE,,SABBATH,0,0,0,new,,paid,completed
2026-01-26,12:00:00,Bobby Alanon,TRADITIONAL HILOT WITH VENTOSA,,SABBATH,1500,0,1500,new,,paid,completed
2026-01-26,12:00:00,RR Anthony Reyes,PACKAGE A,,LE NAILS,0,0,0,new,,paid,completed
2026-01-26,12:00:00,RR Anthony Reyes,FOOT MASSAGE,,LE NAILS,350,0,350,new,,paid,completed
2026-01-27,12:00:00,Jeana Venturina,TRADITIONAL HILOT WITH VENTOSA,,SABBATH,1500,0,1500,new,,paid,completed
2026-01-27,12:00:00,Rochelle Dionisio,TRADITIONAL HILOT WITH VENTOSA,,SABBATH,1500,0,1500,new,,paid,completed
2026-01-27,12:00:00,Lenard Mariano,COMBINATION,,SABBATH,0,0,0,new,,paid,completed
2026-01-27,12:00:00,Leonora Mariano,COMBINATION,,SABBATH,0,0,0,new,,paid,completed
2026-01-27,12:00:00,Enri Pangilinan,TRADITIONAL HILOT WITH VENTOSA,,SABBATH,1500,0,1500,new,,paid,completed
2026-01-27,12:00:00,Judy Ann Pangilinan,TRADITIONAL HILOT WITH VENTOSA,,SABBATH,1500,0,1500,new,,paid,completed
2026-01-27,12:00:00,Michael Reyes,SWEDISH,,SABBATH,600,600,0,new,,paid,completed
2026-01-27,12:00:00,Manilyn Sanchez,SWEDISH,,SABBATH,600,600,0,new,,paid,completed
2026-01-27,12:00:00,Franz Manco,COMBINATION W/ HOT STONE,,SABBATH,0,0,0,new,,paid,completed
2026-01-27,12:00:00,Sheila Adriano,COMBINATION W/ HOT STONE,,SABBATH,0,0,0,new,,paid,completed
2026-01-27,12:00:00,Ronalyn Daluz,SWEDISH,,SABBATH,600,0,600,new,,paid,completed
2026-01-27,12:00:00,Angelica Daluz,SWEDISH,,SABBATH,600,0,600,new,,paid,completed
2026-01-27,12:00:00,Marinela Agao,SABBATH FOOT REFLEX,,SABBATH,600,0,600,new,,paid,completed
2026-01-27,12:00:00,Camille Reyes,COMBINATION,,SABBATH,0,0,0,new,,paid,completed
2026-01-27,12:00:00,Joe Maniego,COMBINATION,,SABBATH,0,0,0,new,,paid,completed
2026-01-27,12:00:00,Noel Vardeleon,SWEDISH,,SABBATH,600,0,600,new,,paid,completed
2026-01-27,12:00:00,Mae Vardeleon,SWEDISH,,SABBATH,600,0,600,new,,paid,completed
2026-01-27,12:00:00,Bob Agot,SABBATH FOOT REFLEX,,SABBATH,600,0,600,new,,paid,completed
2026-01-27,12:00:00,JJ Hamaya,SABBATH FOOT REFLEX,,SABBATH,600,0,600,new,,paid,completed
2026-01-27,12:00:00,Michael Angelo Daluz,SABBATH FOOT REFLEX,,SABBATH,600,0,600,new,,paid,completed
2026-01-27,12:00:00,Julianne Dumale,COMBINATION,,SABBATH,0,0,0,new,,paid,completed
2026-01-27,12:00:00,Jessel Jolampong,COMBINATION,,SABBATH,0,0,0,new,,paid,completed
2026-01-27,12:00:00,Ray Allen Dumale,COMBINATION,,SABBATH,0,0,0,new,,paid,completed
2026-01-27,12:00:00,Zane Fabian,COMBINATION,,SABBATH,0,0,0,new,,paid,completed
2026-01-27,12:00:00,Rementon Tolentino,COMBINATION,,SABBATH,0,0,0,new,,paid,completed
2026-01-27,12:00:00,Marinella Agot,PACKAGE A,,LE NAILS,0,0,0,new,,paid,completed
2026-01-27,12:00:00,Marinella Agot,REGULAR POLISH,,LE NAILS,0,0,0,new,,paid,completed
2026-01-27,12:00:00,Jeana Venturina,PACKAGE A,,LE NAILS,0,0,0,new,,paid,completed
2026-01-27,12:00:00,Red,MANICURE,,LE NAILS,150,0,150,new,,paid,completed
2026-01-28,12:00:00,Che Pellin,COMBINATION,,SABBATH,0,0,0,new,,paid,completed
2026-01-28,12:00:00,Che Pellin,ADDITIONAL 30 MINS,,SABBATH,300,0,300,new,,paid,completed
2026-01-28,12:00:00,Thierry Pellin,COMBINATION,,SABBATH,0,0,0,new,,paid,completed
2026-01-28,12:00:00,Thierry Pellin,COMBINATION,,SABBATH,0,0,0,new,,paid,completed
2026-01-28,12:00:00,Larissa Canete,SWEDISH,,SABBATH,600,0,600,new,,paid,completed
2026-01-28,12:00:00,Maricar Alegria,COMBINATION,,SABBATH,0,0,0,new,,paid,completed
2026-01-28,12:00:00,JP Cristobal,SWEDISH,,SABBATH,600,0,600,new,,paid,completed
2026-01-28,12:00:00,Aurea Yanga,COMBINATION,,SABBATH,0,0,0,new,,paid,completed
2026-01-28,12:00:00,Nenita Villegas,COMBINATION,,SABBATH,0,0,0,new,,paid,completed
2026-01-28,12:00:00,Rossen Dalusong,COMBINATION,,SABBATH,0,0,0,new,,paid,completed
2026-01-28,12:00:00,Jenny Dela Cruz,COMBINATION,,SABBATH,0,0,0,new,,paid,completed
2026-01-28,12:00:00,Ronnie Dela Cruz,COMBINATION,,SABBATH,0,0,0,new,,paid,completed
2026-01-28,12:00:00,Antonia Barcuena,COMBINATION W/ HOT STONE,,SABBATH,0,0,0,new,,paid,completed
2026-01-28,12:00:00,Sarah Shing,COMBINATION W/ HOT STONE,,SABBATH,0,0,0,new,,paid,completed
2026-01-28,12:00:00,Shiela Marie Muldong,TRADITIONAL HILOT WITH VENTOSA,,SABBATH,1500,0,1500,new,,paid,completed
2026-01-28,12:00:00,Sophia Muldong,COMBINATION W/ HOT STONE,,SABBATH,0,0,0,new,,paid,completed
2026-01-28,12:00:00,Claryllen Barcuma,COMBINATION,,SABBATH,0,0,0,new,,paid,completed
2026-01-28,12:00:00,Ronah Kyle Apulin,GROWTH,,SABBATH,500,0,500,new,,paid,completed
2026-01-28,12:00:00,Jacob Muldong,SABBATH PACKAGE 1,,SABBATH,2000,0,2000,new,,paid,completed
2026-01-28,12:00:00,Bong Novera,SABBATH PACKAGE 1,,SABBATH,2000,0,2000,new,,paid,completed
2026-01-28,12:00:00,Kim Del Mundo,COMBINATION W/ HOT STONE,,SABBATH,0,0,0,new,,paid,completed
2026-01-28,12:00:00,Cate Lajara,COMBINATION W/ HOT STONE,,SABBATH,0,0,0,new,,paid,completed
2026-01-28,12:00:00,Anne King,FOOT SPA,,LE NAILS,0,0,0,new,,paid,completed
2026-01-28,12:00:00,Anne King,PEDICURE,,LE NAILS,200,0,200,new,,paid,completed
2026-01-28,12:00:00,Anne King,REGULAR POLISH,,LE NAILS,0,0,0,new,,paid,completed
2026-01-28,12:00:00,Maricel De Regla,REGULAR POLISH,,LE NAILS,0,0,0,new,,paid,completed
2026-01-28,12:00:00,Maricel De Regla,FOOT SPA,,LE NAILS,0,0,0,new,,paid,completed
2026-01-28,12:00:00,Maricel De Regla,PEDICURE,,LE NAILS,200,0,200,new,,paid,completed
2026-01-28,12:00:00,Maricel De Regla,PEDICURE,,LE NAILS,200,0,200,new,,paid,completed
2026-01-29,12:00:00,Precilla Magpayo,TRADITIONAL HILOT WITH VENTOSA,,SABBATH,1500,0,1500,new,,paid,completed
2026-01-29,12:00:00,Carol Cruz,SWEDISH,,SABBATH,600,0,600,new,,paid,completed
2026-01-29,12:00:00,Jazz Dolores,SWEDISH,,SABBATH,600,0,600,new,,paid,completed
2026-01-29,12:00:00,Craig Santos,COMBINATION,,SABBATH,0,0,0,new,,paid,completed
2026-01-29,12:00:00,Laine Santos,COMBINATION,,SABBATH,0,0,0,new,,paid,completed
2026-01-29,12:00:00,Ma.Jelyn Magsakay,COMBINATION,,SABBATH,0,0,0,new,,paid,completed
2026-01-29,12:00:00,Ma. Fatima Cruz,TRADITIONAL HILOT WITH VENTOSA,,SABBATH,1500,0,1500,new,,paid,completed
2026-01-29,12:00:00,Benedict Cruz,TRADITIONAL HILOT WITH VENTOSA,,SABBATH,1500,0,1500,new,,paid,completed
2026-01-29,12:00:00,Aneng Maligaya,AROMATHERAPY OIL WITH HERBAL BALL,,SABBATH,1000,0,1000,new,,paid,completed
2026-01-29,12:00:00,Jeff Cruz,AROMATHERAPY OIL WITH HERBAL BALL,,SABBATH,1000,0,1000,new,,paid,completed
2026-01-29,12:00:00,Christel Pangan,SWEDISH,,SABBATH,600,600,0,new,,paid,completed
2026-01-29,12:00:00,Mara Sisperez,COMBINATION,,SABBATH,0,0,0,new,,paid,completed
2026-01-29,12:00:00,Jeffrey Pactoranan,COMBINATION,,SABBATH,0,0,0,new,,paid,completed
2026-01-29,12:00:00,Ma. Jelyn Magsakay,SOFT GEL NAIL EXTENSION,,LE NAILS,800,0,800,new,,paid,completed
2026-01-29,12:00:00,Ma. Jelyn Magsakay,FOOT SPA,,LE NAILS,0,0,0,new,,paid,completed
2026-01-29,12:00:00,Ma. Jelyn Magsakay,PEDICURE,,LE NAILS,200,0,200,new,,paid,completed
2026-01-29,12:00:00,Ma. Jelyn Magsakay,REGULAR POLISH,,LE NAILS,0,0,0,new,,paid,completed
2026-01-29,12:00:00,Ma. Jelyn Magsakay,REGULAR POLISH,,LE NAILS,0,0,0,new,,paid,completed
2026-01-29,12:00:00,Ma. Jelyn Magsakay,REGULAR POLISH,,LE NAILS,0,0,0,new,,paid,completed
2026-01-29,12:00:00,Ola Javier,MANIGEL CUCCIO,,LE NAILS,450,0,450,new,,paid,completed
2026-01-29,12:00:00,Ola Javier,PEDICURE,,LE NAILS,200,0,200,new,,paid,completed
2026-01-29,12:00:00,Ola Javier,PEDICURE,,LE NAILS,200,0,200,new,,paid,completed
2026-01-29,12:00:00,Ma. Fatima Cruz,PACKAGE B,,LE NAILS,950,0,950,new,,paid,completed
2026-01-29,12:00:00,Chazey habanero,PACKAGE A,,LE NAILS,0,0,0,new,,paid,completed
2026-01-30,12:00:00,Joyce Bernardino,SWEDISH,,SABBATH,600,0,600,new,,paid,completed
2026-01-30,12:00:00,Joyce Bernardino,ADDITIONAL 30 MINS,,SABBATH,300,0,300,new,,paid,completed
2026-01-30,12:00:00,Nory Caluag,TRADITIONAL HILOT WITH VENTOSA,,SABBATH,1500,0,1500,new,,paid,completed
2026-01-30,12:00:00,Ella Pan,SWEDISH,,SABBATH,600,0,600,new,,paid,completed
2026-01-30,12:00:00,Eric Pan,SWEDISH,,SABBATH,600,0,600,new,,paid,completed
2026-01-30,12:00:00,Ezra Joson,AROMATHERAPY OIL WITH HERBAL BALL,,SABBATH,1000,0,1000,new,,paid,completed
2026-01-30,12:00:00,Clarence Moratal,AROMATHERAPY OIL WITH HERBAL BALL,,SABBATH,1000,0,1000,new,,paid,completed
2026-01-30,12:00:00,Mario Reyes,SWEDISH,,SABBATH,600,600,0,new,,paid,completed
2026-01-30,12:00:00,Jo Reyes,COMBINATION,,SABBATH,0,0,0,new,,paid,completed
2026-01-30,12:00:00,Jo Reyes,ADDITIONAL 30 MINS,,SABBATH,300,0,300,new,,paid,completed
2026-01-30,12:00:00,Johnny Marcos,SABBATH SIGNATURE,,SABBATH,1000,0,1000,new,,paid,completed
2026-01-30,12:00:00,Rose Marcos,SABBATH SIGNATURE,,SABBATH,1000,0,1000,new,,paid,completed
2026-01-30,12:00:00,Kit Bryan Sandagon,COMBINATION,,SABBATH,0,0,0,new,,paid,completed
2026-01-30,12:00:00,Kit Bryan Sandagon,ADDITIONAL 30 MINS,,SABBATH,300,0,300,new,,paid,completed
2026-01-30,12:00:00,Gerald Dela Cruz,COMBINATION,,SABBATH,0,0,0,new,,paid,completed
2026-01-30,12:00:00,Gerald Dela Cruz,ADDITIONAL 30 MINS,,SABBATH,300,0,300,new,,paid,completed
2026-01-31,12:00:00,Ann Sabanal,SABBATH SIGNATURE,,SABBATH,1000,0,1000,new,,paid,completed
2026-01-31,12:00:00,Francis Sabanal,SABBATH SIGNATURE,,SABBATH,1000,0,1000,new,,paid,completed
2026-01-31,12:00:00,Michael Reyes,SABBATH FOOT REFLEX,,SABBATH,600,600,0,new,,paid,completed
2026-01-31,12:00:00,Manilyn Sanchez,SABBATH FOOT REFLEX,,SABBATH,600,600,0,new,,paid,completed
2026-01-31,12:00:00,Emman Belaro,AROMATHERAPY OIL WITH HERBAL BALL,,SABBATH,1000,0,1000,new,,paid,completed
2026-01-31,12:00:00,Rose Ann Espino,TRADITIONAL HILOT WITH VENTOSA,,SABBATH,1500,0,1500,new,,paid,completed
2026-01-31,12:00:00,Alaine De Jesus,SWEDISH,,SABBATH,600,0,600,new,,paid,completed
2026-01-31,12:00:00,Mato Mendoza,SWEDISH,,SABBATH,600,0,600,new,,paid,completed
2026-01-31,12:00:00,JP Ramos,COMBINATION,,SABBATH,0,0,0,new,,paid,completed
2026-01-31,12:00:00,Andrea Ramos,SWEDISH,,SABBATH,600,0,600,new,,paid,completed
2026-01-31,12:00:00,Rj Trinidad,COMBINATION,,SABBATH,0,0,0,new,,paid,completed
2026-01-31,12:00:00,James Alcoriza,COMBINATION,,SABBATH,0,0,0,new,,paid,completed
2026-01-31,12:00:00,April Macabante,SWEDISH,,SABBATH,600,0,600,new,,paid,completed
2026-01-31,12:00:00,Shirley Caninta,SWEDISH,,SABBATH,600,0,600,new,,paid,completed
2026-01-31,12:00:00,Cristina Sapaplo,SWEDISH,,SABBATH,600,0,600,new,,paid,completed
2026-01-31,12:00:00,Jescel Galang,COMBINATION,,SABBATH,0,0,0,new,,paid,completed
2026-01-31,12:00:00,Justin Carpio,COMBINATION,,SABBATH,0,0,0,new,,paid,completed
2026-01-31,12:00:00,Justin Carpio,ADDITIONAL 30 MINS,,SABBATH,300,0,300,new,,paid,completed
2026-01-31,12:00:00,Nick Penaflor,COMBINATION W/ HOT STONE,,SABBATH,0,0,0,new,,paid,completed
2026-01-31,12:00:00,Lyn Borlongan,COMBINATION W/ HOT STONE,,SABBATH,0,0,0,new,,paid,completed
2026-01-31,12:00:00,Charles Absalon,COMBINATION,,SABBATH,0,0,0,new,,paid,completed
2026-01-31,12:00:00,Charles Absalon,SABBATH FOOT REFLEX,,SABBATH,600,0,600,new,,paid,completed
2026-01-31,12:00:00,Ricielito Castillo,COMBINATION,,SABBATH,0,0,0,new,,paid,completed
2026-01-31,12:00:00,Louise Tizon,COMBINATION,,SABBATH,0,0,0,new,,paid,completed
2026-01-31,12:00:00,Eugene Tizon,COMBINATION,,SABBATH,0,0,0,new,,paid,completed
2026-01-31,12:00:00,Rose Ann Espino,PACKAGE C,,LE NAILS,0,0,0,new,,paid,completed
2026-01-31,12:00:00,Leonissa Machate,MANICURE,,LE NAILS,150,0,150,new,,paid,completed
2026-01-31,12:00:00,Leonissa Machate,FOOT SPA,,LE NAILS,0,0,0,new,,paid,completed
2026-01-31,12:00:00,Leonissa Machate,PEDICURE,,LE NAILS,200,0,200,new,,paid,completed
2026-01-31,12:00:00,Leonissa Machate,PEDICURE,,LE NAILS,200,0,200,new,,paid,completed
2026-01-31,12:00:00,Leonissa Machate,REGULAR POLISH,,LE NAILS,0,0,0,new,,paid,completed
2026-02-01,12:00:00,Lilia Valenzuela,SWEDISH,,SABBATH,0,0,0,new,,paid,completed
2026-02-01,12:00:00,Roi Valenzuela,SWEDISH,,SABBATH,600,0,600,new,,paid,completed
2026-02-01,12:00:00,Michelle Santos,COMBINATION,,SABBATH,0,0,0,new,,paid,completed
2026-02-01,12:00:00,Tita Fernandez,SWEDISH,,SABBATH,600,0,600,new,,paid,completed
2026-02-01,12:00:00,Ma'am Gia,COMBINATION,,SABBATH,0,0,0,new,,paid,completed
2026-02-01,12:00:00,Ma'am Trish,SABBATH FOOT REFLEX,,SABBATH,600,600,0,new,,paid,completed
2026-02-01,12:00:00,Eva De Honor,SWEDISH,,SABBATH,600,0,600,new,,paid,completed
2026-02-01,12:00:00,Lymwel Tan,SWEDISH,,SABBATH,600,0,600,new,,paid,completed
2026-02-01,12:00:00,Rie Maiko,TRADITIONAL HILOT WITH VENTOSA,,SABBATH,1500,0,1500,new,,paid,completed
2026-02-01,12:00:00,Mark Joshua Maclang,SLIMMING MASSAGE,,SABBATH,0,0,0,new,,paid,completed
2026-02-01,12:00:00,Kathlyn Tolentino,COMBINATION W/ HOT STONE,,SABBATH,0,0,0,new,,paid,completed
2026-02-01,12:00:00,Mark Juliano,COMBINATION,,SABBATH,0,0,0,new,,paid,completed
2026-02-01,12:00:00,Daniel Angeles,SHIATSU,,SABBATH,0,0,0,new,,paid,completed
2026-02-01,12:00:00,Joana Francisco,TRADITIONAL HILOT WITH VENTOSA,,SABBATH,1500,0,1500,new,,paid,completed
2026-02-01,12:00:00,Shaina Del Rosario,COMBINATION W/ HOT STONE,,SABBATH,0,0,0,new,,paid,completed
2026-02-01,12:00:00,Cynthia Bonafe,SWEDISH,,SABBATH,600,0,600,new,,paid,completed
2026-02-01,12:00:00,Diane Bonafe,SWEDISH,,SABBATH,600,120,480,new,,paid,completed
2026-02-01,12:00:00,Joanne Reyes,COMBINATION,,SABBATH,0,0,0,new,,paid,completed
2026-02-01,12:00:00,Amie Calalang,COMBINATION,,SABBATH,0,0,0,new,,paid,completed
2026-02-01,12:00:00,Enrique Calalang,COMBINATION,,SABBATH,0,0,0,new,,paid,completed
2026-02-01,12:00:00,John Yumul,COMBINATION W/ HOT STONE,,SABBATH,0,0,0,new,,paid,completed
2026-02-01,12:00:00,Lorie Yumul,COMBINATION W/ HOT STONE,,SABBATH,0,0,0,new,,paid,completed
2026-02-01,12:00:00,RJ Armoca,COMBINATION W/ HOT STONE,,SABBATH,0,0,0,new,,paid,completed
2026-02-01,12:00:00,Elaine Armoca,COMBINATION W/ HOT STONE,,SABBATH,0,0,0,new,,paid,completed
2026-02-01,12:00:00,Lindon De Guzman,TRADITIONAL HILOT WITH VENTOSA,,SABBATH,1500,0,1500,new,,paid,completed
2026-02-01,12:00:00,Michelle Pablo,TRADITIONAL HILOT WITH VENTOSA,,SABBATH,1500,0,1500,new,,paid,completed
2026-02-01,12:00:00,Sherly,PEDIGEL ORLY,,LE NAILS,700,0,700,new,,paid,completed
2026-02-01,12:00:00,Sherly,MANIGEL ORLY,,LE NAILS,600,0,600,new,,paid,completed
2026-02-01,12:00:00,Sherly,MANICURE,,LE NAILS,150,0,150,new,,paid,completed
2026-02-01,12:00:00,Sherly,PEDICURE,,LE NAILS,200,0,200,new,,paid,completed
2026-02-01,12:00:00,Bonifie Buenaventura,PACKAGE B,,LE NAILS,950,0,950,new,,paid,completed
2026-02-01,12:00:00,Bonifie Buenaventura,PACKAGE B,,LE NAILS,950,0,950,new,,paid,completed
2026-02-01,12:00:00,Bonifie Buenaventura,NAIL GEL REMOVAL,,LE NAILS,150,0,150,new,,paid,completed
2026-02-01,12:00:00,Tita Fernandez,PACKAGE F,,LE NAILS,1250,0,1250,new,,paid,completed
2026-02-01,12:00:00,Tita Fernandez,PACKAGE A,,LE NAILS,0,0,0,new,,paid,completed
2026-02-01,12:00:00,Tita Fernandez,UPPER LIP FEMALE,,LE NAILS,100,0,100,new,,paid,completed
2026-02-01,12:00:00,Eva De Honor,PACKAGE A,,LE NAILS,0,0,0,new,,paid,completed
2026-02-01,12:00:00,Eva De Honor,PEDICURE,,LE NAILS,200,0,200,new,,paid,completed
2026-02-01,12:00:00,Eva De Honor,FOOT SPA,,LE NAILS,0,0,0,new,,paid,completed
2026-02-01,12:00:00,Eva De Honor,REGULAR POLISH,,LE NAILS,0,0,0,new,,paid,completed
2026-02-01,12:00:00,Eva De Honor,REGULAR POLISH,,LE NAILS,0,0,0,new,,paid,completed
2026-02-01,12:00:00,Eva De Honor,REGULAR POLISH,,LE NAILS,0,0,0,new,,paid,completed
2026-02-01,12:00:00,Leonissa Machate,SOFT GEL NAIL EXTENSION,,LE NAILS,800,0,800,new,,paid,completed
2026-02-01,12:00:00,Joana Francisco,SOFT GEL REMOVER,,LE NAILS,300,0,300,new,,paid,completed
2026-02-01,12:00:00,Joana Francisco,MANIGEL ORLY,,LE NAILS,600,0,600,new,,paid,completed
2026-02-02,12:00:00,Kristine Ramos,COMBINATION,,SABBATH,0,0,0,new,,paid,completed
2026-02-02,12:00:00,Patricia Francisco,COMBINATION,,SABBATH,0,0,0,new,,paid,completed
2026-02-02,12:00:00,David Perez,COMBINATION,,SABBATH,0,0,0,new,,paid,completed
2026-02-02,12:00:00,Marianne Francisco,COMBINATION,,SABBATH,0,0,0,new,,paid,completed
2026-02-02,12:00:00,Ceren Francisco,COMBINATION,,SABBATH,0,0,0,new,,paid,completed
2026-02-02,12:00:00,Jay Rodriguez,SABBATH PACKAGE 1,,SABBATH,2000,0,2000,new,,paid,completed
2026-02-02,12:00:00,Precy Rodriguez,SABBATH PACKAGE 1,,SABBATH,2000,0,2000,new,,paid,completed
2026-02-02,12:00:00,Joyce Roxas,TRADITIONAL HILOT WITH VENTOSA,,SABBATH,1500,0,1500,new,,paid,completed
2026-02-02,12:00:00,Beth Reyes,SWEDISH,,SABBATH,600,120,480,new,,paid,completed
2026-02-02,12:00:00,Bryan Reyes,"SABBATH SIGNATURE FOOT, HEAD, NECK & SHOULDER",,SABBATH,750,0,750,new,,paid,completed
2026-02-02,12:00:00,Anna Cabrera,COMBINATION,,SABBATH,0,0,0,new,,paid,completed
2026-02-02,12:00:00,Anna Cabrera,ADDITIONAL 30 MINS,,SABBATH,300,0,300,new,,paid,completed
2026-02-02,12:00:00,Awoo Cabrera,ADDITIONAL 30 MINS,,SABBATH,300,0,300,new,,paid,completed
2026-02-02,12:00:00,Awoo Cabrera,COMBINATION,,SABBATH,0,0,0,new,,paid,completed
2026-02-02,12:00:00,Cherry ANn Zablan,COMBINATION,,SABBATH,0,0,0,new,,paid,completed
2026-02-02,12:00:00,Amelito Zablan,COMBINATION,,SABBATH,0,0,0,new,,paid,completed
2026-02-02,12:00:00,Marites Gine,SWEDISH,,SABBATH,600,0,600,new,,paid,completed
2026-02-02,12:00:00,Renz Gone,SWEDISH,,SABBATH,600,0,600,new,,paid,completed
2026-02-02,12:00:00,Aldrich Salanova,COMBINATION,,SABBATH,0,0,0,new,,paid,completed
2026-02-02,12:00:00,Ayen Salanova,SWEDISH,,SABBATH,600,0,600,new,,paid,completed
2026-02-02,12:00:00,Christel Pangan,SWEDISH,,SABBATH,600,600,0,new,,paid,completed
2026-02-02,12:00:00,Rey Villameter,PACKAGE A,,LE NAILS,0,0,0,new,,paid,completed
2026-02-03,12:00:00,Gina Tan,SWEDISH,,SABBATH,600,120,480,new,,paid,completed
2026-02-03,12:00:00,Gina Tan,ADDITIONAL 30 MINS,,SABBATH,300,0,300,new,,paid,completed
2026-02-03,12:00:00,Vic Tan,SWEDISH,,SABBATH,600,120,480,new,,paid,completed
2026-02-03,12:00:00,Vic Tan,ADDITIONAL 30 MINS,,SABBATH,300,0,300,new,,paid,completed
2026-02-03,12:00:00,Rhea Vicente,SWEDISH,,SABBATH,600,0,600,new,,paid,completed
2026-02-03,12:00:00,Redel Vicente,SWEDISH,,SABBATH,600,0,600,new,,paid,completed
2026-02-03,12:00:00,Aldwin Angelo,TRADITIONAL HILOT WITH VENTOSA,,SABBATH,1500,0,1500,new,,paid,completed
2026-02-03,12:00:00,Francis Mann,SWEDISH,,SABBATH,600,0,600,new,,paid,completed
2026-02-03,12:00:00,Yene Yorel Balaguas,SABBATH PACKAGE 1,,SABBATH,2000,0,2000,new,,paid,completed
2026-02-03,12:00:00,Aubrey Badaguas,SABBATH PACKAGE 1,,SABBATH,2000,0,2000,new,,paid,completed
2026-02-03,12:00:00,Shiela Marjares,"HEAD, BACK & SHOULDER",,SABBATH,0,0,0,new,,paid,completed
2026-02-03,12:00:00,Che Pellin,COMBINATION,,SABBATH,0,0,0,new,,paid,completed
2026-02-03,12:00:00,Che Pellin,ADDITIONAL 30 MINS,,SABBATH,300,0,300,new,,paid,completed
2026-02-03,12:00:00,Thierry Pellin,COMBINATION,,SABBATH,0,0,0,new,,paid,completed
2026-02-03,12:00:00,Thierry Pellin,TRADITIONAL HILOT WITH VENTOSA,,SABBATH,1500,0,1500,new,,paid,completed
2026-02-03,12:00:00,Farrah Mines,COMBINATION,,SABBATH,0,0,0,new,,paid,completed
2026-02-03,12:00:00,Gordon Mines,COMBINATION,,SABBATH,0,0,0,new,,paid,completed
2026-02-03,12:00:00,Maria Hartley,COMBINATION W/ HOT STONE,,SABBATH,0,0,0,new,,paid,completed
2026-02-03,12:00:00,Lenina Danganan,TRADITIONAL HILOT WITH VENTOSA,,SABBATH,1500,0,1500,new,,paid,completed
2026-02-03,12:00:00,Maria Cho,COMBINATION,,SABBATH,0,0,0,new,,paid,completed
2026-02-03,12:00:00,Wilfred Cho,COMBINATION,,SABBATH,0,0,0,new,,paid,completed
2026-02-03,12:00:00,Wilfred Cho,ADDITIONAL 30 MINS,,SABBATH,300,0,300,new,,paid,completed
2026-02-03,12:00:00,Micha Hernandez,COMBINATION,,SABBATH,0,0,0,new,,paid,completed
2026-02-03,12:00:00,Micha Hernandez,ADDITIONAL 30 MINS,,SABBATH,300,0,300,new,,paid,completed
2026-02-03,12:00:00,Mitchelle Hartley,SWEDISH,,SABBATH,600,0,600,new,,paid,completed
2026-02-03,12:00:00,Mitchelle Hartley,COMBINATION W/ HOT STONE,,SABBATH,0,0,0,new,,paid,completed
2026-02-03,12:00:00,Mitchelle Hartley,COMBINATION W/ HOT STONE,,SABBATH,0,0,0,new,,paid,completed
2026-02-03,12:00:00,Mitchelle Hartley,SABBATH SIGNATURE,,SABBATH,1000,0,1000,new,,paid,completed
2026-02-03,12:00:00,Mia Pangilinan,TRADITIONAL HILOT WITH VENTOSA,,SABBATH,1500,0,1500,new,,paid,completed
2026-02-03,12:00:00,Coreen Guevarra,TRADITIONAL HILOT WITH VENTOSA,,SABBATH,1500,0,1500,new,,paid,completed
2026-02-03,12:00:00,Chona Kuma,TRADITIONAL HILOT WITH VENTOSA,,SABBATH,1500,0,1500,new,,paid,completed
2026-02-03,12:00:00,Ma'am Vernie,MANICURE,,LE NAILS,150,150,0,new,,paid,completed
2026-02-03,12:00:00,Ma'am Vernie,REGULAR POLISH,,LE NAILS,0,0,0,new,,paid,completed
2026-02-04,12:00:00,Jennifer Okuma,COMBINATION,,SABBATH,0,0,0,new,,paid,completed
2026-02-04,12:00:00,Iva John Barandino,COMBINATION,,SABBATH,0,0,0,new,,paid,completed
2026-02-04,12:00:00,Johanna Valerio,COMBINATION W/ HOT STONE,,SABBATH,0,0,0,new,,paid,completed
2026-02-04,12:00:00,Peter,PEDICURE,,LE NAILS,200,0,200,new,,paid,completed
2026-02-04,12:00:00,Peter,REGULAR POLISH,,LE NAILS,0,0,0,new,,paid,completed
2026-02-04,12:00:00,Jester Pingol,TRADITIONAL HILOT WITH VENTOSA,,SABBATH,1500,0,1500,new,,paid,completed
2026-02-04,12:00:00,Christel Pingol,TRADITIONAL HILOT WITH VENTOSA,,SABBATH,1500,0,1500,new,,paid,completed
2026-02-04,12:00:00,Jonalyn Santos,SABBATH PACKAGE 1,,SABBATH,2000,0,2000,new,,paid,completed
2026-02-04,12:00:00,Mayeth Santos,SABBATH PACKAGE 1,,SABBATH,2000,0,2000,new,,paid,completed
2026-02-04,12:00:00,Patrick Ching,SABBATH FOOT REFLEX,,SABBATH,600,0,600,new,,paid,completed
2026-02-04,12:00:00,Lei Valerio,COMBINATION,,SABBATH,0,0,0,new,,paid,completed
2026-02-04,12:00:00,Linda Valerio,TRADITIONAL HILOT WITH VENTOSA,,SABBATH,1500,0,1500,new,,paid,completed
2026-02-04,12:00:00,Van Juan,COMBINATION,,SABBATH,0,0,0,new,,paid,completed
2026-02-04,12:00:00,Larryca Cruz,SAUNA,,SABBATH,1000,0,1000,new,,paid,completed
2026-02-04,12:00:00,Larryca Cruz,SWEDISH,,SABBATH,600,0,600,new,,paid,completed
2026-02-04,12:00:00,Larryca Cruz,ADDITIONAL 30 MINS,,SABBATH,300,0,300,new,,paid,completed
2026-02-05,12:00:00,Aldwin Dimalig,SWEDISH,,SABBATH,600,0,600,new,,paid,completed
2026-02-05,12:00:00,Aldwin Dimalig,ADDITIONAL 30 MINS,,SABBATH,300,0,300,new,,paid,completed
2026-02-05,12:00:00,Querro Ramientos,SWEDISH,,SABBATH,600,0,600,new,,paid,completed
2026-02-05,12:00:00,Querro Ramientos,ADDITIONAL 30 MINS,,SABBATH,300,0,300,new,,paid,completed
2026-02-05,12:00:00,Edwin Estrella,COMBINATION,,SABBATH,0,0,0,new,,paid,completed
2026-02-05,12:00:00,Rhea Estrella,COMBINATION,,SABBATH,0,0,0,new,,paid,completed
2026-02-05,12:00:00,Carmela Rivera,COMBINATION,,SABBATH,0,0,0,new,,paid,completed
2026-02-05,12:00:00,Ashima Rumba,SLIMMING MASSAGE,,SABBATH,0,0,0,new,,paid,completed
2026-02-05,12:00:00,Ashima Rumba,COMBINATION W/ HOT STONE,,SABBATH,0,0,0,new,,paid,completed
2026-02-05,12:00:00,Karsel Villena,COMBINATION W/ HOT STONE,,SABBATH,0,0,0,new,,paid,completed
2026-02-05,12:00:00,Joyce Bernardino,"SABBATH SIGNATURE FOOT, HEAD, NECK & SHOULDER",,SABBATH,750,0,750,new,,paid,completed
2026-02-05,12:00:00,Maria Hartley,COMBINATION,,SABBATH,0,0,0,new,,paid,completed
2026-02-05,12:00:00,Maria Hartley,ADDITIONAL 30 MINS,,SABBATH,300,0,300,new,,paid,completed
2026-02-05,12:00:00,Joseph Culianan,SABBATH SIGNATURE,,SABBATH,1000,0,1000,new,,paid,completed
2026-02-05,12:00:00,Joana Valdez,TRADITIONAL HILOT WITH VENTOSA,,SABBATH,1500,0,1500,new,,paid,completed
2026-02-05,12:00:00,Maria Hartley,PEDICURE,,LE NAILS,200,0,200,new,,paid,completed
2026-02-05,12:00:00,Maria Hartley,REGULAR POLISH,,LE NAILS,0,0,0,new,,paid,completed
2026-02-06,12:00:00,Dimple Alayon,COMBINATION,,SABBATH,0,0,0,new,,paid,completed
2026-02-06,12:00:00,Dimple Alayon,ADDITIONAL 30 MINS,,SABBATH,300,0,300,new,,paid,completed
2026-02-06,12:00:00,Curtney Diamse,TRADITIONAL HILOT WITH VENTOSA,,SABBATH,1500,0,1500,new,,paid,completed
2026-02-06,12:00:00,Charlene Bernal,TRADITIONAL HILOT WITH VENTOSA,,SABBATH,1500,0,1500,new,,paid,completed
2026-02-06,12:00:00,Jayvee bernal,COMBINATION W/ HOT STONE,,SABBATH,0,0,0,new,,paid,completed
2026-02-06,12:00:00,Carlo Hernandez,SABBATH FOOT REFLEX,,SABBATH,600,0,600,new,,paid,completed
2026-02-06,12:00:00,Sofia Regio,SABBATH FOOT REFLEX,,SABBATH,600,0,600,new,,paid,completed
2026-02-06,12:00:00,Sheanne Galang,COMBINATION,,SABBATH,0,0,0,new,,paid,completed
2026-02-06,12:00:00,Sheanne Galang,ADDITIONAL 30 MINS,,SABBATH,300,0,300,new,,paid,completed
2026-02-06,12:00:00,Roi Galang,TRADITIONAL HILOT WITH VENTOSA,,SABBATH,1500,0,1500,new,,paid,completed
2026-02-06,12:00:00,Danielle Estrella,COMBINATION,,SABBATH,0,0,0,new,,paid,completed
2026-02-06,12:00:00,Danielle Estrella,ADDITIONAL 30 MINS,,SABBATH,300,0,300,new,,paid,completed
2026-02-06,12:00:00,Karen Balmaceda,TRADITIONAL HILOT WITH VENTOSA,,SABBATH,1500,0,1500,new,,paid,completed
2026-02-06,12:00:00,Marie Lures,COMBINATION,,SABBATH,0,0,0,new,,paid,completed
2026-02-06,12:00:00,Marie Lures,ADDITIONAL 30 MINS,,SABBATH,300,0,300,new,,paid,completed
2026-02-06,12:00:00,Darcy Pill,COMBINATION,,SABBATH,0,0,0,new,,paid,completed
2026-02-06,12:00:00,Darcy Pill,ADDITIONAL 30 MINS,,SABBATH,300,0,300,new,,paid,completed
2026-02-06,12:00:00,Rona Daluz,SABBATH FOOT REFLEX,,SABBATH,600,0,600,new,,paid,completed
2026-02-06,12:00:00,Jonel Escartin,SWEDISH,,SABBATH,600,0,600,new,,paid,completed
2026-02-06,12:00:00,Rolly Alfaro,SABBATH FOOT REFLEX,,SABBATH,600,0,600,new,,paid,completed
2026-02-06,12:00:00,Nor Alfaro,SWEDISH,,SABBATH,600,0,600,new,,paid,completed
2026-02-06,12:00:00,Joy Faith Trejano,COMBINATION,,SABBATH,0,0,0,new,,paid,completed
2026-02-06,12:00:00,Joy Faith Trejano,ADDITIONAL 30 MINS,,SABBATH,300,0,300,new,,paid,completed
2026-02-06,12:00:00,Sung Hyun Jang,SABBATH SIGNATURE,,SABBATH,1000,0,1000,new,,paid,completed
2026-02-06,12:00:00,Marita Perez,SWEDISH,,SABBATH,600,0,600,new,,paid,completed
2026-02-06,12:00:00,Paul Perea,SWEDISH,,SABBATH,600,0,600,new,,paid,completed
2026-02-06,12:00:00,Jocelyn Del Rosario,COMBINATION,,SABBATH,0,0,0,new,,paid,completed
2026-02-06,12:00:00,Dennis Valenzuela,COMBINATION,,SABBATH,0,0,0,new,,paid,completed
2026-02-06,12:00:00,Michelle Pabustan,COMBINATION,,SABBATH,0,0,0,new,,paid,completed
2026-02-06,12:00:00,Glenda Garing,SABBATH PACKAGE 1,,SABBATH,2000,0,2000,new,,paid,completed
2026-02-06,12:00:00,Benjamin Garing,SABBATH PACKAGE 1,,SABBATH,2000,0,2000,new,,paid,completed
2026-02-06,12:00:00,Rona Daluz,MANICURE,,LE NAILS,150,0,150,new,,paid,completed
2026-02-06,12:00:00,Rona Daluz,MANICURE,,LE NAILS,150,0,150,new,,paid,completed
2026-02-06,12:00:00,Rona Daluz,PEDICURE,,LE NAILS,200,0,200,new,,paid,completed
2026-02-06,12:00:00,Rona Daluz,PEDICURE,,LE NAILS,200,0,200,new,,paid,completed
2026-02-06,12:00:00,Rona Daluz,PEDICURE,,LE NAILS,200,0,200,new,,paid,completed
2026-02-06,12:00:00,Rona Daluz,REGULAR POLISH,,LE NAILS,0,0,0,new,,paid,completed
2026-02-06,12:00:00,Rona Daluz,REGULAR POLISH,,LE NAILS,0,0,0,new,,paid,completed
2026-02-06,12:00:00,Rona Daluz,REGULAR POLISH,,LE NAILS,0,0,0,new,,paid,completed
2026-02-06,12:00:00,Kimmy Domz,PACKAGE A,,LE NAILS,0,0,0,new,,paid,completed
2026-02-06,12:00:00,Kimmy Domz,REGULAR POLISH,,LE NAILS,0,0,0,new,,paid,completed
2026-02-06,12:00:00,Kimmy Domz,REGULAR POLISH,,LE NAILS,0,0,0,new,,paid,completed
2026-02-06,12:00:00,Kimmy Domz,FOOT SPA,,LE NAILS,0,0,0,new,,paid,completed
2026-02-06,12:00:00,Kimmy Domz,PEDICURE,,LE NAILS,200,0,200,new,,paid,completed
2026-02-07,12:00:00,Kenneth Fabros,TRADITIONAL HILOT WITH VENTOSA,,SABBATH,1500,0,1500,new,,paid,completed
2026-02-07,12:00:00,Fayelyn Fabros,TRADITIONAL HILOT WITH VENTOSA,,SABBATH,1500,0,1500,new,,paid,completed
2026-02-07,12:00:00,Zette Fabros,TRADITIONAL HILOT WITH VENTOSA,,SABBATH,1500,0,1500,new,,paid,completed
2026-02-07,12:00:00,Michelle Mahinay,TRADITIONAL HILOT WITH VENTOSA,,SABBATH,1500,0,1500,new,,paid,completed
2026-02-07,12:00:00,Alcon mendoza,COMBINATION W/ HOT STONE,,SABBATH,0,0,0,new,,paid,completed
2026-02-07,12:00:00,Alcon mendoza,ADDITIONAL 30 MINS,,SABBATH,300,0,300,new,,paid,completed
2026-02-07,12:00:00,Gerry Ann mendo,TRADITIONAL HILOT WITH VENTOSA,,SABBATH,1500,0,1500,new,,paid,completed
2026-02-07,12:00:00,Gerry Ann mendo,ADDITIONAL 30 MINS,,SABBATH,300,0,300,new,,paid,completed
2026-02-07,12:00:00,Paula Cruz,SABBATH PACKAGE 1,,SABBATH,2000,0,2000,new,,paid,completed
2026-02-07,12:00:00,Janice Zaguirre,SABBATH PACKAGE 1,,SABBATH,2000,0,2000,new,,paid,completed
2026-02-07,12:00:00,Hazel Caparas,SABBATH FOOT REFLEX,,SABBATH,600,600,0,new,,paid,completed
2026-02-07,12:00:00,Gracelle Madrinian,"HEAD, BACK & SHOULDER",,SABBATH,0,0,0,new,,paid,completed
2026-02-07,12:00:00,Aurelio Madrinian,COMBINATION,,SABBATH,0,0,0,new,,paid,completed
2026-02-07,12:00:00,Lou Tadeo,COMBINATION W/ HOT STONE,,SABBATH,0,0,0,new,,paid,completed
2026-02-07,12:00:00,Lou Tadeo,ADDITIONAL 30 MINS,,SABBATH,300,0,300,new,,paid,completed
2026-02-07,12:00:00,Ronjae Leoncio,SWEDISH,,SABBATH,600,0,600,new,,paid,completed
2026-02-07,12:00:00,Jo Reyes,COMBINATION,,SABBATH,0,0,0,new,,paid,completed
2026-02-07,12:00:00,Jo Reyes,ADDITIONAL 30 MINS,,SABBATH,300,0,300,new,,paid,completed
2026-02-07,12:00:00,Mario Reyes,SWEDISH,,SABBATH,600,600,0,new,,paid,completed
2026-02-07,12:00:00,Leo Enriquez,COMBINATION,,SABBATH,0,0,0,new,,paid,completed
2026-02-07,12:00:00,Treb Paule,COMBINATION,,SABBATH,0,0,0,new,,paid,completed
2026-02-07,12:00:00,Treb Paule,ADDITIONAL 30 MINS,,SABBATH,300,0,300,new,,paid,completed
2026-02-07,12:00:00,Abby Boyles,COMBINATION,,SABBATH,0,0,0,new,,paid,completed
2026-02-07,12:00:00,Abby Boyles,ADDITIONAL 30 MINS,,SABBATH,300,0,300,new,,paid,completed
2026-02-07,12:00:00,Agnes Moldez,SABBATH PACKAGE 1,,SABBATH,2000,0,2000,new,,paid,completed
2026-02-07,12:00:00,Jojo Lucero,SABBATH PACKAGE 1,,SABBATH,2000,0,2000,new,,paid,completed
2026-02-07,12:00:00,Jonnel Sampaga,COMBINATION,,SABBATH,0,0,0,new,,paid,completed
2026-02-07,12:00:00,Kimberly Milag,COMBINATION,,SABBATH,0,0,0,new,,paid,completed
2026-02-07,12:00:00,Christy Rubio,COMBINATION,,SABBATH,0,0,0,new,,paid,completed
2026-02-07,12:00:00,Rudy Rubio,COMBINATION,,SABBATH,0,0,0,new,,paid,completed
2026-02-07,12:00:00,Aira Cruz,SWEDISH,,SABBATH,600,0,600,new,,paid,completed
2026-02-07,12:00:00,Jovel Cruz,SWEDISH,,SABBATH,600,0,600,new,,paid,completed
2026-02-07,12:00:00,Gigi Tamayo,COMBINATION,,SABBATH,0,0,0,new,,paid,completed
2026-02-07,12:00:00,Red Tamayo,COMBINATION,,SABBATH,0,0,0,new,,paid,completed
2026-02-07,12:00:00,Franz Tamayo,COMBINATION,,SABBATH,0,0,0,new,,paid,completed
2026-02-07,12:00:00,Boyet Tamayo,COMBINATION,,SABBATH,0,0,0,new,,paid,completed
2026-02-07,12:00:00,Mark Dalisay,COMBINATION,,SABBATH,0,0,0,new,,paid,completed
2026-02-07,12:00:00,Mark Dalisay,ADDITIONAL 30 MINS,,SABBATH,300,0,300,new,,paid,completed
2026-02-07,12:00:00,Faustine Tamayo,"SABBATH SIGNATURE FOOT, HEAD, NECK & SHOULDER",,SABBATH,750,150,600,new,,paid,completed
2026-02-07,12:00:00,Jescel Galang,COMBINATION W/ HOT STONE,,SABBATH,0,0,0,new,,paid,completed
2026-02-07,12:00:00,Precious Cristobal,COMBINATION,,SABBATH,0,0,0,new,,paid,completed
2026-02-07,12:00:00,Precious Cristobal,ADDITIONAL 30 MINS,,SABBATH,300,0,300,new,,paid,completed
2026-02-07,12:00:00,Jose Cristobal,COMBINATION,,SABBATH,0,0,0,new,,paid,completed
2026-02-07,12:00:00,Jose Cristobal,ADDITIONAL 30 MINS,,SABBATH,300,0,300,new,,paid,completed
2026-02-07,12:00:00,Hazel Caparas,PLATINUM MEMBERSHIP,,SABBATH,18000,0,18000,new,,paid,completed
2026-02-07,12:00:00,Gracelle Madrinian,SOFT GEL NAIL EXTENSION,,LE NAILS,800,0,800,new,,paid,completed
2026-02-07,12:00:00,Gracelle Madrinian,REGULAR POLISH,,LE NAILS,0,0,0,new,,paid,completed
2026-02-07,12:00:00,Gracelle Madrinian,MANICURE,,LE NAILS,150,0,150,new,,paid,completed
2026-02-07,12:00:00,Gracelle Madrinian,PEDICURE,,LE NAILS,200,0,200,new,,paid,completed
2026-02-07,12:00:00,Gracelle Madrinian,PEDICURE,,LE NAILS,200,0,200,new,,paid,completed
2026-02-07,12:00:00,Ronjae Leoncio,MANICURE,,LE NAILS,150,0,150,new,,paid,completed
2026-02-07,12:00:00,Ronjae Leoncio,SOFT GEL REMOVER,,LE NAILS,300,0,300,new,,paid,completed
2026-02-07,12:00:00,Judy Grace,FOOT SPA,,LE NAILS,0,0,0,new,,paid,completed
2026-02-07,12:00:00,Judy Grace,PEDICURE,,LE NAILS,200,0,200,new,,paid,completed
2026-02-07,12:00:00,Judy Grace,MANIGEL CUCCIO,,LE NAILS,450,0,450,new,,paid,completed
2026-02-07,12:00:00,Judy Grace,UNDERARMS FEMALE,,LE NAILS,200,0,200,new,,paid,completed
2026-02-07,12:00:00,Susan,SOFT GEL REMOVER,,LE NAILS,300,0,300,new,,paid,completed
2026-02-07,12:00:00,Susan,MANICURE,,LE NAILS,150,0,150,new,,paid,completed
2026-02-07,12:00:00,Susan,PEDICURE,,LE NAILS,200,0,200,new,,paid,completed
2026-02-07,12:00:00,Susan,REGULAR POLISH,,LE NAILS,0,0,0,new,,paid,completed
2026-02-07,12:00:00,Susan,REGULAR POLISH,,LE NAILS,0,0,0,new,,paid,completed
2026-02-07,12:00:00,Rona,MANICURE,,LE NAILS,150,0,150,new,,paid,completed
2026-02-07,12:00:00,Rona,PEDICURE,,LE NAILS,200,0,200,new,,paid,completed
2026-02-07,12:00:00,Rona,REGULAR POLISH,,LE NAILS,0,0,0,new,,paid,completed
2026-02-07,12:00:00,Rona,REGULAR POLISH,,LE NAILS,0,0,0,new,,paid,completed
2026-02-08,12:00:00,Ellen Peralta,SWEDISH,,SABBATH,600,0,600,new,,paid,completed
2026-02-08,12:00:00,Dranoel Peralta,SWEDISH,,SABBATH,600,0,600,new,,paid,completed
2026-02-08,12:00:00,Dj Pi,SWEDISH,,SABBATH,600,0,600,new,,paid,completed
2026-02-08,12:00:00,Princess Claire Nicodemus,SWEDISH,,SABBATH,600,0,600,new,,paid,completed
2026-02-08,12:00:00,Princess Claire Nicodemus,ADDITIONAL 30 MINS,,SABBATH,300,0,300,new,,paid,completed
2026-02-08,12:00:00,Ramon Sarte,COMBINATION,,SABBATH,0,0,0,new,,paid,completed
2026-02-08,12:00:00,Krizelle Sarte,COMBINATION,,SABBATH,0,0,0,new,,paid,completed
2026-02-08,12:00:00,Lala Lopez,COMBINATION,,SABBATH,0,0,0,new,,paid,completed
2026-02-08,12:00:00,Carlo Cudia,COMBINATION,,SABBATH,0,0,0,new,,paid,completed
2026-02-08,12:00:00,Peter Ramos,SABBATH SIGNATURE,,SABBATH,1000,0,1000,new,,paid,completed
2026-02-08,12:00:00,Margie Magtalas,COMBINATION,,SABBATH,0,0,0,new,,paid,completed
2026-02-08,12:00:00,Alberto Magtalas,COMBINATION,,SABBATH,0,0,0,new,,paid,completed
2026-02-08,12:00:00,Andrew Bulacan,SWEDISH,,SABBATH,600,0,600,new,,paid,completed
2026-02-08,12:00:00,Mary Jane Bulacan,SWEDISH,,SABBATH,600,0,600,new,,paid,completed
2026-02-08,12:00:00,Ren Loyola,SWEDISH,,SABBATH,600,0,600,new,,paid,completed
2026-02-08,12:00:00,Ren Loyola,ADDITIONAL 30 MINS,,SABBATH,300,0,300,new,,paid,completed
2026-02-08,12:00:00,Aaron Loyola,SWEDISH,,SABBATH,600,0,600,new,,paid,completed
2026-02-08,12:00:00,Aaron Loyola,ADDITIONAL 30 MINS,,SABBATH,300,0,300,new,,paid,completed
2026-02-08,12:00:00,Maricris Gutierrez,TRADITIONAL HILOT WITH VENTOSA,,SABBATH,1500,0,1500,new,,paid,completed
2026-02-08,12:00:00,Jillian Marie Gutierrez,AROMATHERAPY OIL WITH HERBAL BALL,,SABBATH,1000,0,1000,new,,paid,completed
2026-02-08,12:00:00,Jasmine Gutierrez,GROWTH,,SABBATH,500,0,500,new,,paid,completed
2026-02-08,12:00:00,Jonah Gutierrez,TRADITIONAL HILOT WITH VENTOSA,,SABBATH,1500,0,1500,new,,paid,completed
2026-02-08,12:00:00,Jienel Fatima,SABBATH FOOT REFLEX,,SABBATH,600,0,600,new,,paid,completed
2026-02-08,12:00:00,Chenee Rodriguez,COMBINATION W/ HOT STONE,,SABBATH,0,0,0,new,,paid,completed
2026-02-08,12:00:00,Grace Rodriguez,COMBINATION W/ HOT STONE,,SABBATH,0,0,0,new,,paid,completed
2026-02-08,12:00:00,Omar Acob,TRADITIONAL HILOT WITH VENTOSA,,SABBATH,1500,0,1500,new,,paid,completed
2026-02-08,12:00:00,Demi Cerapion,COMBINATION W/ HOT STONE,,SABBATH,0,0,0,new,,paid,completed
2026-02-08,12:00:00,Andrew Bulacan,PACKAGE A,,SABBATH,0,0,0,new,,paid,completed
2026-02-08,12:00:00,Andrew Bulacan,REGULAR POLISH,,SABBATH,0,0,0,new,,paid,completed
2026-02-08,12:00:00,Andrew Bulacan,PEDICURE,,SABBATH,200,0,200,new,,paid,completed
2026-02-08,12:00:00,Andrew Bulacan,FOOT SPA,,SABBATH,0,0,0,new,,paid,completed
2026-02-08,12:00:00,Maricris Gutierrez,BRAZILLIAN WAX,,LE NAILS,1000,0,1000,new,,paid,completed
2026-02-08,12:00:00,Maricris Gutierrez,UNDERARMS FEMALE,,LE NAILS,200,0,200,new,,paid,completed
2026-02-08,12:00:00,Maricris Gutierrez,UNDERARMS FEMALE,,LE NAILS,200,0,200,new,,paid,completed
2026-02-08,12:00:00,Maricris Gutierrez,UNDERARMS FEMALE,,LE NAILS,200,0,200,new,,paid,completed
2026-02-08,12:00:00,Maricris Gutierrez,HALF LEGS FEMALE,,LE NAILS,350,0,350,new,,paid,completed
2026-02-09,12:00:00,Mhai Cervantes,SABBATH SIGNATURE,,SABBATH,1000,0,1000,new,,paid,completed
2026-02-09,12:00:00,Mhai Cervantes,GROWTH,,SABBATH,500,0,500,new,,paid,completed
2026-02-09,12:00:00,Charles Absalon,COMBINATION,,SABBATH,0,0,0,new,,paid,completed
2026-02-09,12:00:00,Charles Absalon,SABBATH FOOT REFLEX,,SABBATH,600,0,600,new,,paid,completed
2026-02-09,12:00:00,Arman Raya,COMBINATION W/ HOT STONE,,SABBATH,0,0,0,new,,paid,completed
2026-02-09,12:00:00,Fatima Resuelyo,COMBINATION W/ HOT STONE,,SABBATH,0,0,0,new,,paid,completed
2026-02-09,12:00:00,Arman Raya,GIFT CERTIFICATE CUSTOM,,SABBATH,2600,0,2600,new,,paid,completed
2026-02-09,12:00:00,Arman Raya,GIFT CERTIFICATE CUSTOM,,SABBATH,2600,0,2600,new,,paid,completed
2026-02-09,12:00:00,Guio Valerio,SHIATSU,,SABBATH,0,0,0,new,,paid,completed
2026-02-09,12:00:00,Kathlyn Tan,TRADITIONAL HILOT WITH VENTOSA,,SABBATH,1500,0,1500,new,,paid,completed
2026-02-09,12:00:00,Nancy Dela Cruz,COMBINATION W/ HOT STONE,,SABBATH,0,0,0,new,,paid,completed
2026-02-09,12:00:00,Jennyfer Ferrer,COMBINATION W/ HOT STONE,,SABBATH,0,0,0,new,,paid,completed
2026-02-09,12:00:00,Helen Tan,COMBINATION W/ HOT STONE,,SABBATH,0,0,0,new,,paid,completed
2026-02-09,12:00:00,Ma'am Gia,"HEAD, BACK & SHOULDER",,SABBATH,0,0,0,new,,paid,completed
2026-02-09,12:00:00,Pastor Erick,"HEAD, BACK & SHOULDER",,SABBATH,0,0,0,new,,paid,completed
2026-02-09,12:00:00,Ma'am Trish,"SABBATH SIGNATURE FOOT, HEAD, NECK & SHOULDER",,SABBATH,750,750,0,new,,paid,completed
2026-02-09,12:00:00,Princess Del Rosario,PEDICURE,,LE NAILS,200,0,200,new,,paid,completed
2026-02-09,12:00:00,Princess Del Rosario,PEDICURE,,LE NAILS,200,0,200,new,,paid,completed
2026-02-09,12:00:00,Ana Grace Solana,MANICURE,,LE NAILS,150,0,150,new,,paid,completed
2026-02-09,12:00:00,Ana Grace Solana,PEDICURE,,LE NAILS,200,0,200,new,,paid,completed
2026-02-10,12:00:00,Aimee Bautista,SWEDISH,,SABBATH,600,0,600,new,,paid,completed
2026-02-10,12:00:00,Danny De Guzman,SWEDISH,,SABBATH,600,0,600,new,,paid,completed
2026-02-10,12:00:00,Alex Milan,COMBINATION,,SABBATH,0,0,0,new,,paid,completed
2026-02-10,12:00:00,Alex Milan,ADDITIONAL 30 MINS,,SABBATH,300,0,300,new,,paid,completed
2026-02-10,12:00:00,Elisha Mendoza,FOOT SPA,,LE NAILS,0,0,0,new,,paid,completed
2026-02-10,12:00:00,Elisha Mendoza,PEDICURE,,LE NAILS,200,0,200,new,,paid,completed
2026-02-10,12:00:00,Elisha Mendoza,REGULAR POLISH,,LE NAILS,0,0,0,new,,paid,completed
2026-02-10,12:00:00,Joy Manaysay,COMBINATION,,SABBATH,0,0,0,new,,paid,completed
2026-02-10,12:00:00,Karlo verin,COMBINATION,,SABBATH,0,0,0,new,,paid,completed
2026-02-10,12:00:00,Karlo verin,ADDITIONAL 30 MINS,,SABBATH,300,0,300,new,,paid,completed
2026-02-10,12:00:00,Marvin Gonzales,COMBINATION,,SABBATH,0,0,0,new,,paid,completed
2026-02-10,12:00:00,Marvin Gonzales,ADDITIONAL 30 MINS,,SABBATH,300,0,300,new,,paid,completed
2026-02-10,12:00:00,Rojon Bargoca,SABBATH PACKAGE 1,,SABBATH,2000,0,2000,new,,paid,completed
2026-02-10,12:00:00,Clarissa Torio,SABBATH PACKAGE 1,,SABBATH,2000,0,2000,new,,paid,completed
2026-02-11,12:00:00,Hazel Bectic,COMBINATION,,SABBATH,0,0,0,new,,paid,completed
2026-02-11,12:00:00,Kciah Immangdul,COMBINATION,,SABBATH,0,0,0,new,,paid,completed
2026-02-11,12:00:00,Cherlene Caluag,COMBINATION,,SABBATH,0,0,0,new,,paid,completed
2026-02-11,12:00:00,Verna Santos,TRADITIONAL HILOT WITH VENTOSA,,SABBATH,1500,0,1500,new,,paid,completed
2026-02-11,12:00:00,Kimberly Contreras,COMBINATION,,SABBATH,0,0,0,new,,paid,completed
2026-02-11,12:00:00,Kimberly Contreras,PACKAGE F,,LE NAILS,1250,0,1250,new,,paid,completed
2026-02-11,12:00:00,Krys Aniag,COMBINATION,,SABBATH,0,0,0,new,,paid,completed
2026-02-11,12:00:00,Krys Aniag,ADDITIONAL 30 MINS,,SABBATH,300,0,300,new,,paid,completed
2026-02-11,12:00:00,Mark Aniag,COMBINATION,,SABBATH,0,0,0,new,,paid,completed
2026-02-11,12:00:00,Mark Aniag,ADDITIONAL 30 MINS,,SABBATH,300,0,300,new,,paid,completed
2026-02-11,12:00:00,Ella Pan,SWEDISH,,SABBATH,600,0,600,new,,paid,completed
2026-02-11,12:00:00,Eric Pan,SWEDISH,,SABBATH,600,0,600,new,,paid,completed
2026-02-11,12:00:00,Ma'am Tennie,MANICURE,,LE NAILS,150,0,150,new,,paid,completed
2026-02-11,12:00:00,Ma'am Tennie,PACKAGE A,,LE NAILS,0,0,0,new,,paid,completed
2026-02-11,12:00:00,Ma'am Tennie,REGULAR POLISH,,LE NAILS,0,0,0,new,,paid,completed
2026-02-11,12:00:00,Ma'am Tennie,REGULAR POLISH,,LE NAILS,0,0,0,new,,paid,completed
2026-02-11,12:00:00,Ma'am Tennie,REGULAR POLISH,,LE NAILS,0,0,0,new,,paid,completed
2026-02-11,12:00:00,Tin Lopez,POST & PRE NATAL W/ LACTATION,,SABBATH,2000,0,2000,new,,paid,completed
2026-02-11,12:00:00,Rico Lopez,SAUNA,,SABBATH,1000,0,1000,new,,paid,completed
2026-02-11,12:00:00,Rico Lopez,COMBINATION,,SABBATH,0,0,0,new,,paid,completed
2026-02-11,12:00:00,Jm Almacel,TRADITIONAL HILOT WITH VENTOSA,,SABBATH,1500,0,1500,new,,paid,completed
2026-02-11,12:00:00,John Almacel,COMBINATION,,SABBATH,0,0,0,new,,paid,completed
2026-02-11,12:00:00,Christel Pangan,SWEDISH,,SABBATH,600,600,0,new,,paid,completed
2026-02-11,12:00:00,Gina Carasig,COMBINATION W/ HOT STONE,,SABBATH,0,0,0,new,,paid,completed
2026-02-11,12:00:00,Gina Carasig,ADDITIONAL 30 MINS,,SABBATH,300,0,300,new,,paid,completed
2026-02-11,12:00:00,Joseph Walker,BODY SCRUB,,SABBATH,0,0,0,new,,paid,completed
2026-02-11,12:00:00,Joseph Walker,COMBINATION W/ HOT STONE,,SABBATH,0,0,0,new,,paid,completed
2026-02-11,12:00:00,Joseph Walker,ADDITIONAL 30 MINS,,SABBATH,300,0,300,new,,paid,completed
2026-02-11,12:00:00,Wendy Taylor,BODY SCRUB,,SABBATH,0,0,0,new,,paid,completed
2026-02-11,12:00:00,Wendy Taylor,COMBINATION W/ HOT STONE,,SABBATH,0,0,0,new,,paid,completed
2026-02-11,12:00:00,Wendy Taylor,ADDITIONAL 30 MINS,,SABBATH,300,0,300,new,,paid,completed
2026-02-11,12:00:00,Kristine Carasig,BODY SCRUB W/ MASSAGE,,SABBATH,3000,0,3000,new,,paid,completed
2026-02-11,12:00:00,Kristine Carasig,TRADITIONAL HILOT WITH VENTOSA,,SABBATH,1500,0,1500,new,,paid,completed
2026-02-11,12:00:00,Kristine Carasig,ADDITIONAL 30 MINS,,SABBATH,300,0,300,new,,paid,completed
2026-02-11,12:00:00,Verna Santos,FOOT SPA,,LE NAILS,0,0,0,new,,paid,completed
2026-02-11,12:00:00,Verna Santos,PEDICURE,,LE NAILS,200,0,200,new,,paid,completed
2026-02-12,12:00:00,Ma'am Gia,SABBATH SIGNATURE,,SABBATH,1000,1000,0,new,,paid,completed
2026-02-12,12:00:00,Ma'am Gia,PACKAGE A,,LE NAILS,0,0,0,new,,paid,completed
2026-02-12,12:00:00,Alma Lucas,SABBATH SIGNATURE,,SABBATH,1000,0,1000,new,,paid,completed
2026-02-12,12:00:00,Vicente Cruz,SABBATH SIGNATURE,,SABBATH,1000,0,1000,new,,paid,completed
2026-02-12,12:00:00,Robi Tanyag,COMBINATION,,SABBATH,0,0,0,new,,paid,completed
2026-02-12,12:00:00,Carla Galvez,AROMATHERAPY OIL WITH HERBAL BALL,,SABBATH,1000,0,1000,new,,paid,completed
2026-02-12,12:00:00,Wilfred Cho,COMBINATION,,SABBATH,0,0,0,new,,paid,completed
2026-02-12,12:00:00,Wilfred Cho,ADDITIONAL 30 MINS,,SABBATH,300,0,300,new,,paid,completed
2026-02-12,12:00:00,Micah Hernandez,COMBINATION,,SABBATH,0,0,0,new,,paid,completed
2026-02-12,12:00:00,Micah Hernandez,ADDITIONAL 30 MINS,,SABBATH,300,0,300,new,,paid,completed
2026-02-12,12:00:00,Maria Cho,COMBINATION W/ HOT STONE,,SABBATH,0,0,0,new,,paid,completed
2026-02-12,12:00:00,Wilfred Cho,PEDICURE,,LE NAILS,200,0,200,new,,paid,completed
2026-02-12,12:00:00,Maria Hartley,COMBINATION W/ HOT STONE,,SABBATH,0,0,0,new,,paid,completed
2026-02-12,12:00:00,Joe Culianin,COMBINATION,,SABBATH,0,0,0,new,,paid,completed
2026-02-12,12:00:00,Dhang Regalado,SWEDISH,,SABBATH,600,0,600,new,,paid,completed
2026-02-12,12:00:00,Vhan Regalado,SWEDISH,,SABBATH,600,0,600,new,,paid,completed
2026-02-12,12:00:00,Mary Beverly Alfonso,SABBATH PACKAGE 1 w/ comb,,SABBATH,2150,0,2150,new,,paid,completed
2026-02-12,12:00:00,Mary Beverly Alfonso,ADDITIONAL 30 MINS,,SABBATH,300,0,300,new,,paid,completed
2026-02-12,12:00:00,Jereland Salinas,SABBATH PACKAGE 1 w/ comb,,SABBATH,2150,0,2150,new,,paid,completed
2026-02-12,12:00:00,Jereland Salinas,ADDITIONAL 30 MINS,,SABBATH,300,0,300,new,,paid,completed
2026-02-12,12:00:00,Lorie Vinta,TRADITIONAL HILOT WITH VENTOSA,,SABBATH,1500,0,1500,new,,paid,completed
2026-02-13,12:00:00,Lilia Payongayong,SWEDISH,,SABBATH,600,0,600,new,,paid,completed
2026-02-13,12:00:00,Ezra Joson,SWEDISH,,SABBATH,600,0,600,new,,paid,completed
2026-02-13,12:00:00,Clarence Moratal,SWEDISH,,SABBATH,600,0,600,new,,paid,completed
2026-02-13,12:00:00,Ma. Michaela,COMBINATION,,SABBATH,0,0,0,new,,paid,completed
2026-02-13,12:00:00,Mario Reyes,SWEDISH,,SABBATH,600,600,0,new,,paid,completed
2026-02-13,12:00:00,Jo Reyes,COMBINATION,,SABBATH,0,0,0,new,,paid,completed
2026-02-13,12:00:00,Jo Reyes,ADDITIONAL 30 MINS,,SABBATH,300,0,300,new,,paid,completed
2026-02-13,12:00:00,Rona Bernardo,COMBINATION W/ HOT STONE,,SABBATH,0,0,0,new,,paid,completed
2026-02-13,12:00:00,Elenita Corpuz,COMBINATION W/ HOT STONE,,SABBATH,0,0,0,new,,paid,completed
2026-02-13,12:00:00,Lota Sandoval,COMBINATION W/ HOT STONE,,SABBATH,0,0,0,new,,paid,completed
2026-02-13,12:00:00,Tin Catan,COMBINATION,,SABBATH,0,0,0,new,,paid,completed
2026-02-13,12:00:00,Ma. Michaela,MANIGEL ORLY,,LE NAILS,600,0,600,new,,paid,completed
2026-02-13,12:00:00,Ma. Michaela,PEDIGEL ORLY,,LE NAILS,700,0,700,new,,paid,completed
2026-02-13,12:00:00,Tin Catan,PACKAGE B,,LE NAILS,950,0,950,new,,paid,completed
2026-02-13,12:00:00,Tin Catan,REGULAR POLISH,,LE NAILS,0,0,0,new,,paid,completed
2026-02-13,12:00:00,Rosemarie Balatbat,SWEDISH,,SABBATH,600,0,600,new,,paid,completed
2026-02-13,12:00:00,Juliet Salamat,COMBINATION,,SABBATH,0,0,0,new,,paid,completed
2026-02-13,12:00:00,Jervie Claudio,SWEDISH,,SABBATH,600,0,600,new,,paid,completed
2026-02-13,12:00:00,Catherine Claudio,SWEDISH,,SABBATH,600,0,600,new,,paid,completed
2026-02-13,12:00:00,Jhoanna Fuster,SABBATH FOOT REFLEX,,SABBATH,600,600,0,new,,paid,completed
2026-02-13,12:00:00,Jhoanna Fuster,TRADITIONAL HILOT WITH VENTOSA,,SABBATH,1500,0,1500,new,,paid,completed
2026-02-13,12:00:00,Johana Valerio,TRADITIONAL HILOT WITH VENTOSA,,SABBATH,1500,0,1500,new,,paid,completed
2026-02-13,12:00:00,Marie Agot,PACKAGE D,,LE NAILS,0,0,0,new,,paid,completed
2026-02-13,12:00:00,Ina,MANIGEL ORLY,,LE NAILS,600,0,600,new,,paid,completed
2026-02-13,12:00:00,Ina,UPPER LIP FEMALE,,LE NAILS,100,0,100,new,,paid,completed
2026-02-14,12:00:00,EJ Geronimo,COMBINATION,,SABBATH,0,0,0,new,,paid,completed
2026-02-14,12:00:00,EJ Geronimo,ADDITIONAL 30 MINS,,SABBATH,300,0,300,new,,paid,completed
2026-02-14,12:00:00,Jenner Calayag,COMBINATION,,SABBATH,0,0,0,new,,paid,completed
2026-02-14,12:00:00,Jenner Calayag,ADDITIONAL 30 MINS,,SABBATH,300,0,300,new,,paid,completed
2026-02-14,12:00:00,Chelsea Santos,SABBATH PACKAGE 1,,SABBATH,2000,0,2000,new,,paid,completed
2026-02-14,12:00:00,Eric San Juan,SABBATH PACKAGE 1,,SABBATH,2000,0,2000,new,,paid,completed
2026-02-14,12:00:00,Roderick Lasalila,SWEDISH,,SABBATH,600,0,600,new,,paid,completed
2026-02-14,12:00:00,Sofia San Pablo,SWEDISH,,SABBATH,600,0,600,new,,paid,completed
2026-02-14,12:00:00,Charm Hernandez,COMBINATION W/ HOT STONE,,SABBATH,0,0,0,new,,paid,completed
2026-02-14,12:00:00,Drey Velasco,COMBINATION W/ HOT STONE,,SABBATH,0,0,0,new,,paid,completed
2026-02-14,12:00:00,Ruth Samson,SWEDISH,,SABBATH,600,0,600,new,,paid,completed
2026-02-14,12:00:00,Duke Samson,SWEDISH,,SABBATH,600,0,600,new,,paid,completed
2026-02-14,12:00:00,Amy Santos,PACKAGE A,,LE NAILS,0,0,0,new,,paid,completed
2026-02-14,12:00:00,Amy Santos,PACKAGE C,,LE NAILS,0,0,0,new,,paid,completed
2026-02-14,12:00:00,Amy Santos,REGULAR POLISH,,LE NAILS,0,0,0,new,,paid,completed
2026-02-14,12:00:00,Valerie Pamplona,SABBATH SIGNATURE,,SABBATH,1000,0,1000,new,,paid,completed
2026-02-14,12:00:00,Ed Carlo Pamplona,COMBINATION,,SABBATH,0,0,0,new,,paid,completed
2026-02-14,12:00:00,Ed Carlo Pamplona,ADDITIONAL 30 MINS,,SABBATH,300,0,300,new,,paid,completed
2026-02-14,12:00:00,Lloyd Ryan Del Mundo,SABBATH PACKAGE 1,,SABBATH,2000,0,2000,new,,paid,completed
2026-02-14,12:00:00,Juvy Anne Manganan,SABBATH PACKAGE 1,,SABBATH,2000,0,2000,new,,paid,completed
2026-02-14,12:00:00,Donabelle Arce,SABBATH PACKAGE 1,,SABBATH,2000,0,2000,new,,paid,completed
2026-02-14,12:00:00,Ralen Arce,SABBATH PACKAGE 1,,SABBATH,2000,0,2000,new,,paid,completed
2026-02-14,12:00:00,Mikee Garcia,SOFT GEL NAIL EXTENSION,,LE NAILS,800,0,800,new,,paid,completed
2026-02-14,12:00:00,Mikee Garcia,FOOT SPA,,LE NAILS,0,0,0,new,,paid,completed
2026-02-14,12:00:00,Mikee Garcia,REGULAR POLISH,,LE NAILS,0,0,0,new,,paid,completed
2026-02-14,12:00:00,Mikee Garcia,REGULAR POLISH,,LE NAILS,0,0,0,new,,paid,completed
2026-02-14,12:00:00,Mikee Garcia,SWEDISH,,SABBATH,600,0,600,new,,paid,completed
2026-02-14,12:00:00,Joan Arellano,SWEDISH,,SABBATH,600,0,600,new,,paid,completed
2026-02-14,12:00:00,Gary Arellano,SWEDISH,,SABBATH,600,0,600,new,,paid,completed
2026-02-14,12:00:00,Doms Guison,AROMATHERAPY OIL WITH HERBAL BALL,,SABBATH,1000,0,1000,new,,paid,completed
2026-02-14,12:00:00,Angelica Mae Acosta,AROMATHERAPY OIL WITH HERBAL BALL,,SABBATH,1000,0,1000,new,,paid,completed
2026-02-14,12:00:00,Angelica Mae Acosta,SWEDISH,,SABBATH,600,0,600,new,,paid,completed
2026-02-14,12:00:00,Marilou Cerania,COMBINATION,,SABBATH,0,0,0,new,,paid,completed
2026-02-14,12:00:00,Arnold Cerania,COMBINATION,,SABBATH,0,0,0,new,,paid,completed
2026-02-14,12:00:00,Justine Burayag,SWEDISH,,SABBATH,600,0,600,new,,paid,completed
2026-02-14,12:00:00,Tim Banares,SWEDISH,,SABBATH,600,0,600,new,,paid,completed
2026-02-14,12:00:00,Lenie Mendoza,SWEDISH,,SABBATH,600,0,600,new,,paid,completed
2026-02-14,12:00:00,Harlo Mendoza,GROWTH,,SABBATH,500,0,500,new,,paid,completed
2026-02-14,12:00:00,Daisy De Guzman,SABBATH FOOT REFLEX,,SABBATH,600,600,0,new,,paid,completed
2026-02-14,12:00:00,Daisy De Guzman,MANICURE,,LE NAILS,150,0,150,new,,paid,completed
2026-02-14,12:00:00,Daisy De Guzman,PEDICURE,,LE NAILS,200,0,200,new,,paid,completed
2026-02-14,12:00:00,Daisy De Guzman,REGULAR POLISH,,LE NAILS,0,0,0,new,,paid,completed
2026-02-14,12:00:00,Daisy De Guzman,REGULAR POLISH,,LE NAILS,0,0,0,new,,paid,completed
2026-02-14,12:00:00,Daisy De Guzman,PACKAGE A,,LE NAILS,0,0,0,new,,paid,completed
2026-02-14,12:00:00,Daisy De Guzman,PACKAGE A,,LE NAILS,0,0,0,new,,paid,completed
2026-02-14,12:00:00,Lanie Nunez,SWEDISH,,SABBATH,600,0,600,new,,paid,completed
2026-02-14,12:00:00,Carlyn Nunez,SWEDISH,,SABBATH,600,0,600,new,,paid,completed
2026-02-15,12:00:00,Ahmie Manaol,COMBINATION,,SABBATH,0,0,0,new,,paid,completed
2026-02-15,12:00:00,Enrique Calalang,COMBINATION,,SABBATH,0,0,0,new,,paid,completed
2026-02-15,12:00:00,Enrique Calalang,ADDITIONAL 30 MINS,,SABBATH,300,0,300,new,,paid,completed
2026-02-15,12:00:00,Jescel Galang,COMBINATION,,SABBATH,0,0,0,new,,paid,completed
2026-02-15,12:00:00,April Macabante,SWEDISH,,SABBATH,600,0,600,new,,paid,completed
2026-02-15,12:00:00,Aiya Darcen,SABBATH PACKAGE 1 w/ comb,,SABBATH,2150,0,2150,new,,paid,completed
2026-02-15,12:00:00,Faye Gonzales,SABBATH PACKAGE 1 w/ comb,,SABBATH,2150,0,2150,new,,paid,completed
2026-02-15,12:00:00,Gina Mae Dunca,SWEDISH,,SABBATH,600,0,600,new,,paid,completed
2026-02-15,12:00:00,Aljon Dunca,SWEDISH,,SABBATH,600,0,600,new,,paid,completed
2026-02-15,12:00:00,Jenina Rae,SABBATH FOOT REFLEX,,SABBATH,600,0,600,new,,paid,completed
2026-02-15,12:00:00,Kat Lising,SABBATH FOOT REFLEX,,SABBATH,600,0,600,new,,paid,completed
2026-02-15,12:00:00,Sheryl Alonzo,SWEDISH,,SABBATH,600,0,600,new,,paid,completed
2026-02-15,12:00:00,Imee Alonzo,SWEDISH,,SABBATH,600,0,600,new,,paid,completed
2026-02-15,12:00:00,Mau Alonzo,SWEDISH,,SABBATH,600,0,600,new,,paid,completed
2026-02-15,12:00:00,Rachelle Alonzo,SWEDISH,,SABBATH,600,0,600,new,,paid,completed
2026-02-15,12:00:00,Venus Fatima,SWEDISH,,SABBATH,600,0,600,new,,paid,completed
2026-02-15,12:00:00,Hazel Caparas,SHIATSU,,SABBATH,0,0,0,new,,paid,completed
2026-02-15,12:00:00,Hazel Caparas,SABBATH FOOT REFLEX,,SABBATH,600,600,0,new,,paid,completed
2026-02-15,12:00:00,Hazel Caparas,MANICURE,,LE NAILS,150,15,135,new,,paid,completed
2026-02-15,12:00:00,Hazel Caparas,PEDICURE,,LE NAILS,200,20,180,new,,paid,completed
2026-02-15,12:00:00,Shiela Bulus,COMBINATION,,SABBATH,0,0,0,new,,paid,completed
2026-02-15,12:00:00,Ralph Bulus,"SABBATH SIGNATURE FOOT, HEAD, NECK & SHOULDER",,SABBATH,750,0,750,new,,paid,completed
2026-02-15,12:00:00,Shiela Mae Cepe,SABBATH PACKAGE 1,,SABBATH,2000,0,2000,new,,paid,completed
2026-02-15,12:00:00,Megumi Cepe,SABBATH PACKAGE 1,,SABBATH,2000,0,2000,new,,paid,completed
2026-02-15,12:00:00,Stephen Cepe,GROWTH,,SABBATH,500,0,500,new,,paid,completed
2026-02-15,12:00:00,Marilou Marasigan,SWEDISH,,SABBATH,600,0,600,new,,paid,completed
2026-02-15,12:00:00,Nerissa Urbistompo,SWEDISH,,SABBATH,600,0,600,new,,paid,completed
2026-02-15,12:00:00,Irene Bautista,TRADITIONAL HILOT WITH VENTOSA,,SABBATH,1500,0,1500,new,,paid,completed
2026-02-15,12:00:00,Arjay Bautista,TRADITIONAL HILOT WITH VENTOSA,,SABBATH,1500,0,1500,new,,paid,completed
2026-02-15,12:00:00,Rolando Pulumbarit,AROMATHERAPY OIL WITH HERBAL BALL,,SABBATH,1000,200,800,new,,paid,completed
2026-02-15,12:00:00,Tess Pulumbarit,AROMATHERAPY OIL WITH HERBAL BALL,,SABBATH,1000,200,800,new,,paid,completed
2026-02-15,12:00:00,Paulo Pagtalunan,TRADITIONAL HILOT WITH VENTOSA,,SABBATH,1500,0,1500,new,,paid,completed
2026-02-15,12:00:00,Rizza Joy Pagtalunan,COMBINATION W/ HOT STONE,,SABBATH,0,0,0,new,,paid,completed
2026-02-15,12:00:00,Maria Iris Ramos,COMBINATION W/ HOT STONE,,SABBATH,0,0,0,new,,paid,completed
2026-02-15,12:00:00,Maria Iris Ramos,ADDITIONAL 30 MINS,,SABBATH,300,0,300,new,,paid,completed
2026-02-15,12:00:00,Asher Louise Ramos,TRADITIONAL HILOT WITH VENTOSA,,SABBATH,1500,0,1500,new,,paid,completed
2026-02-15,12:00:00,Ashriel Ramos,TRADITIONAL HILOT WITH VENTOSA,,SABBATH,1500,0,1500,new,,paid,completed
2026-02-15,12:00:00,Noel Ramos,TRADITIONAL HILOT WITH VENTOSA,,SABBATH,1500,0,1500,new,,paid,completed
2026-02-15,12:00:00,Jain Benliro,TRADITIONAL HILOT WITH VENTOSA,,SABBATH,1500,0,1500,new,,paid,completed
2026-02-15,12:00:00,Dominic Guison,PACKAGE C,,LE NAILS,0,0,0,new,,paid,completed
2026-02-15,12:00:00,Derek Guzman,COMBINATION,,SABBATH,0,0,0,new,,paid,completed
2026-02-15,12:00:00,Tel Chavez,"SABBATH SIGNATURE FOOT, HEAD, NECK & SHOULDER",,SABBATH,750,0,750,new,,paid,completed
2026-02-15,12:00:00,Tel Chavez,FOOT SPA,,LE NAILS,0,0,0,new,,paid,completed
2026-02-15,12:00:00,Tel Chavez,PEDICURE,,LE NAILS,200,0,200,new,,paid,completed
2026-02-15,12:00:00,Kim Del Mundo,COMBINATION W/ HOT STONE,,SABBATH,0,0,0,new,,paid,completed
2026-02-15,12:00:00,Cate Lajara,COMBINATION W/ HOT STONE,,SABBATH,0,0,0,new,,paid,completed
2026-02-15,12:00:00,Chanella Lajara,TRADITIONAL HILOT WITH VENTOSA,,SABBATH,1500,0,1500,new,,paid,completed
2026-02-15,12:00:00,Roan Domingo,COMBINATION W/ HOT STONE,,SABBATH,0,0,0,new,,paid,completed
2026-02-15,12:00:00,Menard Del Muno,TRADITIONAL HILOT WITH VENTOSA,,SABBATH,1500,0,1500,new,,paid,completed
2026-02-15,12:00:00,Sharmaine Garcia,COMBINATION,,SABBATH,0,0,0,new,,paid,completed
2026-02-15,12:00:00,Gharen Garcia,COMBINATION,,SABBATH,0,0,0,new,,paid,completed
2026-02-15,12:00:00,Gabrielle Benedictos,SWEDISH,,SABBATH,600,0,600,new,,paid,completed
2026-02-15,12:00:00,Gabrielle Benedictos,ADDITIONAL 30 MINS,,SABBATH,300,0,300,new,,paid,completed
2026-02-15,12:00:00,Georgina Benedictos,SWEDISH,,SABBATH,600,0,600,new,,paid,completed
2026-02-15,12:00:00,Georgina Benedictos,ADDITIONAL 30 MINS,,SABBATH,300,0,300,new,,paid,completed
2026-02-16,12:00:00,Jan Gabrielle Guevarra,COMBINATION,,SABBATH,0,0,0,new,,paid,completed
2026-02-16,12:00:00,Jan Gabrielle Guevarra,ADDITIONAL 30 MINS,,SABBATH,300,0,300,new,,paid,completed
2026-02-16,12:00:00,Janella Guevarra,COMBINATION,,SABBATH,0,0,0,new,,paid,completed
2026-02-16,12:00:00,Janella Guevarra,ADDITIONAL 30 MINS,,SABBATH,300,0,300,new,,paid,completed
2026-02-16,12:00:00,Jerome Nikki Reyes,"SABBATH SIGNATURE FOOT, HEAD, NECK & SHOULDER",,SABBATH,750,0,750,new,,paid,completed
2026-02-16,12:00:00,Jerome Nikki Reyes,ADDITIONAL 30 MINS,,SABBATH,300,0,300,new,,paid,completed
2026-02-16,12:00:00,Pia Pahati,"SABBATH SIGNATURE FOOT, HEAD, NECK & SHOULDER",,SABBATH,750,0,750,new,,paid,completed
2026-02-16,12:00:00,Pia Pahati,ADDITIONAL 30 MINS,,SABBATH,300,0,300,new,,paid,completed
2026-02-16,12:00:00,Cy Austria,TRADITIONAL HILOT WITH VENTOSA,,SABBATH,1500,0,1500,new,,paid,completed
2026-02-16,12:00:00,Cy Austria,ADDITIONAL 30 MINS,,SABBATH,300,0,300,new,,paid,completed
2026-02-16,12:00:00,Michelle Faminial,COMBINATION W/ HOT STONE,,SABBATH,0,0,0,new,,paid,completed
2026-02-16,12:00:00,Nobi Faminial,COMBINATION W/ HOT STONE,,SABBATH,0,0,0,new,,paid,completed
2026-02-16,12:00:00,Roel Elazegui,COMBINATION,,SABBATH,0,0,0,new,,paid,completed
2026-02-16,12:00:00,Roel Elazegui,ADDITIONAL 30 MINS,,SABBATH,300,0,300,new,,paid,completed
2026-02-16,12:00:00,Joanna Elazegui,COMBINATION,,SABBATH,0,0,0,new,,paid,completed
2026-02-16,12:00:00,Joanna Elazegui,ADDITIONAL 30 MINS,,SABBATH,300,0,300,new,,paid,completed
2026-02-16,12:00:00,Paula Jean Reloj,COMBINATION,,SABBATH,0,0,0,new,,paid,completed
2026-02-16,12:00:00,Alicia Reloj,SWEDISH,,SABBATH,600,0,600,new,,paid,completed
2026-02-16,12:00:00,Ma'am Trish,COMBINATION W/ HOT STONE,,SABBATH,0,0,0,new,,paid,completed
2026-02-16,12:00:00,Pastor Erick,SABBATH FOOT REFLEX,,SABBATH,600,600,0,new,,paid,completed
2026-02-16,12:00:00,Ma'am Gia,SABBATH FOOT REFLEX,,SABBATH,600,600,0,new,,paid,completed
2026-02-16,12:00:00,Anthony Santos,SWEDISH,,SABBATH,600,0,600,new,,paid,completed
2026-02-16,12:00:00,Farrah Mae Santo,SWEDISH,,SABBATH,600,0,600,new,,paid,completed
2026-02-16,12:00:00,Francis Benedictos,COMBINATION W/ HOT STONE,,SABBATH,0,0,0,new,,paid,completed
2026-02-16,12:00:00,Elie Marita,COMBINATION,,SABBATH,0,0,0,new,,paid,completed
2026-02-16,12:00:00,Henry Macapagal Jr,SABBATH PACKAGE 1,,SABBATH,2000,0,2000,new,,paid,completed
2026-02-16,12:00:00,Leslie Macapagal,SABBATH PACKAGE 1,,SABBATH,2000,0,2000,new,,paid,completed
2026-02-16,12:00:00,Joe Culianan,COMBINATION,,SABBATH,0,0,0,new,,paid,completed
2026-02-16,12:00:00,Joe Culianan,ADDITIONAL 30 MINS,,SABBATH,300,0,300,new,,paid,completed
2026-02-16,12:00:00,Maria Hartley,COMBINATION,,SABBATH,0,0,0,new,,paid,completed
2026-02-16,12:00:00,Maria Hartley,ADDITIONAL 30 MINS,,SABBATH,300,0,300,new,,paid,completed
2026-02-16,12:00:00,Louise Culianan,SABBATH SIGNATURE,,SABBATH,1000,0,1000,new,,paid,completed
2026-02-16,12:00:00,Jasmin Culianan,COMBINATION W/ HOT STONE,,SABBATH,0,0,0,new,,paid,completed
2026-02-16,12:00:00,Wilfred Cho,COMBINATION,,SABBATH,0,0,0,new,,paid,completed
2026-02-16,12:00:00,Wilfred Cho,ADDITIONAL 30 MINS,,SABBATH,300,0,300,new,,paid,completed
2026-02-16,12:00:00,Mcah Hernandez,COMBINATION,,SABBATH,0,0,0,new,,paid,completed
2026-02-16,12:00:00,Mcah Hernandez,ADDITIONAL 30 MINS,,SABBATH,300,0,300,new,,paid,completed
2026-02-16,12:00:00,Maria Cho,COMBINATION,,SABBATH,0,0,0,new,,paid,completed
2026-02-16,12:00:00,Ian Santiago,SWEDISH,,SABBATH,600,0,600,new,,paid,completed
2026-02-16,12:00:00,Chayzee Andrade,SWEDISH,,SABBATH,600,0,600,new,,paid,completed
2026-02-16,12:00:00,Margarita De Jesus,AROMATHERAPY OIL WITH HERBAL BALL,,SABBATH,1000,0,1000,new,,paid,completed
2026-02-16,12:00:00,Sammy De Jesus,AROMATHERAPY OIL WITH HERBAL BALL,,SABBATH,1000,0,1000,new,,paid,completed
2026-02-16,12:00:00,Carlos Balelos,SABBATH FOOT REFLEX,,SABBATH,600,120,480,new,,paid,completed
2026-02-16,12:00:00,Carlos Balelos,PEDICURE,,LE NAILS,200,0,200,new,,paid,completed
2026-02-16,12:00:00,Carlos Balelos,PACKAGE C,,LE NAILS,0,0,0,new,,paid,completed
2026-02-16,12:00:00,Sammy Carlos,PEDICURE,,LE NAILS,200,0,200,new,,paid,completed
2026-02-16,12:00:00,Sammy Carlos,UNDERARMS FEMALE,,LE NAILS,200,0,200,new,,paid,completed
2026-02-16,12:00:00,Sammy Carlos,FULL LEGS FEMALE,,LE NAILS,450,0,450,new,,paid,completed
2026-02-16,12:00:00,Carolyn Sabanal,COMBINATION W/ HOT STONE,,SABBATH,0,0,0,new,,paid,completed
2026-02-16,12:00:00,Carolyn Sabanal,COMBINATION W/ HOT STONE,,SABBATH,0,0,0,new,,paid,completed
2026-02-16,12:00:00,Carolyn Sabanal,SABBATH SIGNATURE,,SABBATH,1000,0,1000,new,,paid,completed
2026-02-16,12:00:00,Carolyn Sabanal,SABBATH SIGNATURE,,SABBATH,1000,0,1000,new,,paid,completed
2026-02-17,12:00:00,Jerome Flores,COMBINATION,,SABBATH,0,0,0,new,,paid,completed
2026-02-17,12:00:00,Jerome Flores,COMBINATION,,SABBATH,0,0,0,new,,paid,completed
2026-02-17,12:00:00,Dannah Flores,SWEDISH,,SABBATH,600,0,600,new,,paid,completed
2026-02-17,12:00:00,Dannah Flores,SWEDISH,,SABBATH,600,0,600,new,,paid,completed
2026-02-17,12:00:00,Heidilyn Cardenas,TRADITIONAL HILOT WITH VENTOSA,,SABBATH,1500,0,1500,new,,paid,completed
2026-02-17,12:00:00,John Patrick Cardenas,TRADITIONAL HILOT WITH VENTOSA,,SABBATH,1500,0,1500,new,,paid,completed
2026-02-17,12:00:00,Bianca Lao,SWEDISH,,SABBATH,600,0,600,new,,paid,completed
2026-02-17,12:00:00,Joanna Amoyo,COMBINATION,,SABBATH,0,0,0,new,,paid,completed
2026-02-17,12:00:00,Cassie Amoyo,COMBINATION,,SABBATH,0,0,0,new,,paid,completed
2026-02-17,12:00:00,Emen Santos,COMBINATION,,SABBATH,0,0,0,new,,paid,completed
2026-02-17,12:00:00,Emen Santos,ADDITIONAL 30 MINS,,SABBATH,300,0,300,new,,paid,completed
2026-02-17,12:00:00,John Rodriguez,PACKAGE A,,LE NAILS,0,0,0,new,,paid,completed
2026-02-17,12:00:00,Carolyn Lopez,COMBINATION,,SABBATH,0,0,0,new,,paid,completed
2026-02-17,12:00:00,Gielenn Villameter,SABBATH SIGNATURE,,SABBATH,1000,0,1000,new,,paid,completed
2026-02-17,12:00:00,Victoria Tirol,SABBATH SIGNATURE,,SABBATH,1000,0,1000,new,,paid,completed
2026-02-17,12:00:00,Lolet Tirol,SABBATH SIGNATURE,,SABBATH,1000,0,1000,new,,paid,completed
2026-02-17,12:00:00,Gielenn Villameter,PACKAGE A,,LE NAILS,0,0,0,new,,paid,completed
2026-02-17,12:00:00,Victoria Tirol,PACKAGE A,,LE NAILS,0,0,0,new,,paid,completed
2026-02-17,12:00:00,Lolet Tirol,PACKAGE A,,LE NAILS,0,0,0,new,,paid,completed
2026-02-17,12:00:00,Mark Domingo,COMBINATION,,SABBATH,0,0,0,new,,paid,completed
2026-02-17,12:00:00,Mark Domingo,ADDITIONAL 30 MINS,,SABBATH,300,0,300,new,,paid,completed
2026-02-17,12:00:00,Jane Domingo,COMBINATION,,SABBATH,0,0,0,new,,paid,completed
2026-02-17,12:00:00,Anthony De Leon,COMBINATION,,SABBATH,0,0,0,new,,paid,completed
2026-02-17,12:00:00,Anthony De Leon,PACKAGE D,,LE NAILS,0,0,0,new,,paid,completed
2026-02-17,12:00:00,Anthony De Leon,REGULAR POLISH,,LE NAILS,0,0,0,new,,paid,completed
2026-02-17,12:00:00,Paul Bautista,TRADITIONAL HILOT WITH VENTOSA,,SABBATH,1500,0,1500,new,,paid,completed
2026-02-17,12:00:00,Jennifer Bautista,SWEDISH,,SABBATH,600,0,600,new,,paid,completed
2026-02-17,12:00:00,Felicia Bautista,SWEDISH,,SABBATH,600,0,600,new,,paid,completed
2026-02-17,12:00:00,Phoebe Bautista,SWEDISH,,SABBATH,600,0,600,new,,paid,completed
2026-02-18,12:00:00,Christel Pangan,SWEDISH,,SABBATH,600,600,0,new,,paid,completed
2026-02-18,12:00:00,Hazel Caparas,SWEDISH,,SABBATH,600,600,0,new,,paid,completed
2026-02-18,12:00:00,Hazel Caparas,SHIATSU,,SABBATH,0,0,0,new,,paid,completed
2026-02-18,12:00:00,Shinshai Alejo,COMBINATION,,SABBATH,0,0,0,new,,paid,completed
2026-02-18,12:00:00,Joy manaysay,COMBINATION,,SABBATH,0,0,0,new,,paid,completed
2026-02-18,12:00:00,Jas Santiago,SWEDISH,,SABBATH,600,0,600,new,,paid,completed
2026-02-18,12:00:00,Janis Lumagui,SWEDISH,,SABBATH,600,600,0,new,,paid,completed
2026-02-18,12:00:00,Jaspher Santiago,SWEDISH,,SABBATH,600,0,600,new,,paid,completed
2026-02-18,12:00:00,Janis Lumagui,PEDICURE,,SABBATH,200,20,180,new,,paid,completed
2026-02-18,12:00:00,Janis Lumagui,REGULAR POLISH,,SABBATH,0,0,0,new,,paid,completed
2026-02-18,12:00:00,Janette Gregorio,SWEDISH,,SABBATH,600,0,600,new,,paid,completed
2026-02-18,12:00:00,Fatima Cruz,PACKAGE B,,LE NAILS,950,0,950,new,,paid,completed
2026-02-18,12:00:00,Razel ventura,SABBATH SIGNATURE,,SABBATH,1000,0,1000,new,,paid,completed
2026-02-18,12:00:00,Janis Lumagui,SWEDISH,,SABBATH,600,600,0,new,,paid,completed
2026-02-19,12:00:00,Wendy Abarca,SABBATH SIGNATURE,,SABBATH,1000,0,1000,new,,paid,completed
2026-02-19,12:00:00,Wendy Abarca,PACKAGE F,,LE NAILS,1250,1250,0,new,,paid,completed
2026-02-19,12:00:00,Colline Garcia,SWEDISH,,SABBATH,600,0,600,new,,paid,completed
2026-02-19,12:00:00,Ley Lopez,SWEDISH,,SABBATH,600,0,600,new,,paid,completed
2026-02-19,12:00:00,Mhaze Gone,SWEDISH,,SABBATH,600,0,600,new,,paid,completed
2026-02-19,12:00:00,Kim Reyes,SWEDISH,,SABBATH,600,0,600,new,,paid,completed
2026-02-19,12:00:00,Bryan Reyes,SWEDISH,,SABBATH,600,0,600,new,,paid,completed
2026-02-19,12:00:00,Kim Reyes,MANICURE,,LE NAILS,150,0,150,new,,paid,completed
2026-02-19,12:00:00,Kim Reyes,MANICURE,,LE NAILS,150,0,150,new,,paid,completed
2026-02-19,12:00:00,Kim Reyes,MANICURE,,LE NAILS,150,0,150,new,,paid,completed
2026-02-19,12:00:00,Kim Reyes,PEDICURE,,LE NAILS,200,0,200,new,,paid,completed
2026-02-19,12:00:00,Kim Reyes,PEDICURE,,LE NAILS,200,0,200,new,,paid,completed
2026-02-19,12:00:00,Kim Reyes,REGULAR POLISH,,LE NAILS,0,0,0,new,,paid,completed
2026-02-19,12:00:00,Kim Reyes,REGULAR POLISH,,LE NAILS,0,0,0,new,,paid,completed
2026-02-19,12:00:00,Pastor Sam,SABBATH SIGNATURE,,SABBATH,1000,0,1000,new,,paid,completed
2026-02-19,12:00:00,Guy Tenorio,SABBATH FOOT REFLEX,,SABBATH,600,0,600,new,,paid,completed
2026-02-19,12:00:00,Guy Tenorio,MANICURE,,LE NAILS,150,0,150,new,,paid,completed
2026-02-19,12:00:00,Guy Tenorio,PEDICURE,,LE NAILS,200,0,200,new,,paid,completed
2026-02-19,12:00:00,Guy Tenorio,REGULAR POLISH,,LE NAILS,0,0,0,new,,paid,completed
2026-02-19,12:00:00,Guy Tenorio,REGULAR POLISH,,LE NAILS,0,0,0,new,,paid,completed
2026-02-19,12:00:00,Gab De Guzman,SABBATH SIGNATURE,,SABBATH,1000,0,1000,new,,paid,completed
2026-02-19,12:00:00,Margarita Gatchalian,SABBATH SIGNATURE,,SABBATH,1000,0,1000,new,,paid,completed
2026-02-19,12:00:00,Zyril Chila,COMBINATION,,SABBATH,0,0,0,new,,paid,completed
2026-02-19,12:00:00,Zyril Chila,ADDITIONAL 30 MINS,,SABBATH,300,0,300,new,,paid,completed
2026-02-19,12:00:00,Joyce Mendoza,PACKAGE F,,LE NAILS,1250,0,1250,new,,paid,completed
2026-02-19,12:00:00,Joyce Mendoza,FULL SET BASIC NAIL ART,,LE NAILS,400,0,400,new,,paid,completed
2026-02-19,12:00:00,Joyce Mendoza,PEDICURE,,LE NAILS,200,0,200,new,,paid,completed
2026-02-19,12:00:00,Joyce Mendoza,FOOT SPA,,LE NAILS,0,0,0,new,,paid,completed
2026-02-19,12:00:00,Katherine Jane,COMBINATION,,SABBATH,0,0,0,new,,paid,completed
2026-02-19,12:00:00,Miguel Jr,COMBINATION,,SABBATH,0,0,0,new,,paid,completed
2026-02-20,12:00:00,Sofia Marzan,"HEAD, BACK & SHOULDER",,SABBATH,0,0,0,new,,paid,completed
2026-02-20,12:00:00,Aj,"SABBATH SIGNATURE FOOT, HEAD, NECK & SHOULDER",,SABBATH,750,0,750,new,,paid,completed
2026-02-20,12:00:00,Jd Gumba,"HEAD, BACK & SHOULDER",,SABBATH,0,0,0,new,,paid,completed
2026-02-20,12:00:00,Macky Gerona,SABBATH FOOT REFLEX,,SABBATH,600,0,600,new,,paid,completed
2026-02-20,12:00:00,Macky Gerona,SABBATH FOOT REFLEX,,SABBATH,600,0,600,new,,paid,completed
2026-02-20,12:00:00,Pastor Abet,SABBATH FOOT REFLEX,,SABBATH,600,0,600,new,,paid,completed
2026-02-20,12:00:00,Jerei Rivera,SABBATH FOOT REFLEX,,SABBATH,600,0,600,new,,paid,completed
2026-02-20,12:00:00,Jerei Rivera,MANICURE,,LE NAILS,150,0,150,new,,paid,completed
2026-02-20,12:00:00,Jerei Rivera,MANICURE,,LE NAILS,150,0,150,new,,paid,completed
2026-02-20,12:00:00,Jerei Rivera,PEDICURE,,LE NAILS,200,0,200,new,,paid,completed
2026-02-20,12:00:00,Jerei Rivera,PEDICURE,,LE NAILS,200,0,200,new,,paid,completed
2026-02-20,12:00:00,Chesca Panganiban,COMBINATION,,SABBATH,0,0,0,new,,paid,completed
2026-02-20,12:00:00,Chesca Panganiban,ADDITIONAL 30 MINS,,SABBATH,300,0,300,new,,paid,completed
2026-02-20,12:00:00,Troy Tamayo,COMBINATION,,SABBATH,0,0,0,new,,paid,completed
2026-02-20,12:00:00,Troy Tamayo,ADDITIONAL 30 MINS,,SABBATH,300,0,300,new,,paid,completed
2026-02-20,12:00:00,Sharon Pascual,SABBATH SIGNATURE,,SABBATH,1000,0,1000,new,,paid,completed
2026-02-20,12:00:00,Bot Pascual,SABBATH SIGNATURE,,SABBATH,1000,0,1000,new,,paid,completed
2026-02-20,12:00:00,Elijah Pascual,SABBATH SIGNATURE,,SABBATH,1000,0,1000,new,,paid,completed
2026-02-20,12:00:00,Jared Pascual,SABBATH SIGNATURE,,SABBATH,1000,0,1000,new,,paid,completed
2026-02-20,12:00:00,Paolo Alcoriza,SABBATH SIGNATURE,,SABBATH,1000,0,1000,new,,paid,completed
2026-02-20,12:00:00,Adam Alcoriza,SABBATH SIGNATURE,,SABBATH,1000,0,1000,new,,paid,completed
2026-02-20,12:00:00,Julius Victor Degala,COMBINATION,,SABBATH,0,0,0,new,,paid,completed
2026-02-20,12:00:00,Sheryl Degala,COMBINATION,,SABBATH,0,0,0,new,,paid,completed
2026-02-20,12:00:00,Dennis Degala,COMBINATION,,SABBATH,0,0,0,new,,paid,completed
2026-02-20,12:00:00,Gordon Mines,TRADITIONAL HILOT WITH VENTOSA,,SABBATH,1500,0,1500,new,,paid,completed
2026-02-20,12:00:00,Gordon Mines,PACKAGE C,,LE NAILS,0,0,0,new,,paid,completed
2026-02-20,12:00:00,Gordon Mines,REGULAR POLISH,,LE NAILS,0,0,0,new,,paid,completed
2026-02-20,12:00:00,Gordon Mines,MANICURE,,LE NAILS,150,0,150,new,,paid,completed
2026-02-20,12:00:00,Gordon Mines,PEDICURE,,LE NAILS,200,0,200,new,,paid,completed
2026-02-20,12:00:00,Catherine Percibal,PACKAGE A,,LE NAILS,0,0,0,new,,paid,completed
2026-02-20,12:00:00,Cynthia Briones,SWEDISH,,SABBATH,600,0,600,new,,paid,completed
2026-02-20,12:00:00,Cynthia Briones,ADDITIONAL 30 MINS,,SABBATH,300,60,240,new,,paid,completed
2026-02-20,12:00:00,John Oliver Garcia,SABBATH PACKAGE 1,,SABBATH,2000,0,2000,new,,paid,completed
2026-02-20,12:00:00,Maria Javier,SABBATH PACKAGE 1,,SABBATH,2000,0,2000,new,,paid,completed
2026-02-20,12:00:00,Sarah,SWEDISH,,SABBATH,600,0,600,new,,paid,completed
2026-02-20,12:00:00,Maria Teresa Barredo,MANICURE,,LE NAILS,150,30,120,new,,paid,completed
2026-02-20,12:00:00,Maria Teresa Barredo,PEDICURE,,LE NAILS,200,40,160,new,,paid,completed
2026-02-20,12:00:00,Maria Teresa Barredo,REGULAR POLISH,,LE NAILS,0,0,0,new,,paid,completed
2026-02-20,12:00:00,Maria Teresa Barredo,REGULAR POLISH,,LE NAILS,0,0,0,new,,paid,completed
2026-02-20,12:00:00,Maria Teresa Barredo,PACKAGE A,,LE NAILS,0,0,0,new,,paid,completed
2026-02-21,12:00:00,Reynaldo Fansean,SWEDISH,,SABBATH,600,0,600,new,,paid,completed
2026-02-21,12:00:00,Leo Lapitan,COMBINATION,,SABBATH,0,0,0,new,,paid,completed
2026-02-21,12:00:00,Jose Mari masagca,SWEDISH,,SABBATH,600,0,600,new,,paid,completed
2026-02-21,12:00:00,Krizza De Guzman,SWEDISH,,SABBATH,600,0,600,new,,paid,completed
2026-02-21,12:00:00,Jestoni Menting,SWEDISH,,SABBATH,600,0,600,new,,paid,completed
2026-02-21,12:00:00,Cassy Ochangco,COMBINATION W/ HOT STONE,,SABBATH,0,0,0,new,,paid,completed
2026-02-21,12:00:00,Ives Rae Pantig,COMBINATION W/ HOT STONE,,SABBATH,0,0,0,new,,paid,completed
2026-02-21,12:00:00,Cassy Ochangco,SHOWER,,SABBATH,200,0,200,new,,paid,completed
2026-02-21,12:00:00,Nuki Tanghal,COMBINATION W/ HOT STONE,,SABBATH,0,0,0,new,,paid,completed
2026-02-21,12:00:00,Dexie Gnardo,COMBINATION W/ HOT STONE,,SABBATH,0,0,0,new,,paid,completed
2026-02-21,12:00:00,Carla Galvez,SABBATH SIGNATURE,,SABBATH,1000,0,1000,new,,paid,completed
2026-02-21,12:00:00,Dondon Catindig,SABBATH PACKAGE 1,,SABBATH,2000,0,2000,new,,paid,completed
2026-02-21,12:00:00,Elsa Dalion,SABBATH PACKAGE 1,,SABBATH,2000,0,2000,new,,paid,completed
2026-02-21,12:00:00,Alaine De Jesus,SWEDISH,,SABBATH,600,0,600,new,,paid,completed
2026-02-21,12:00:00,Riva Acain,SWEDISH,,SABBATH,600,0,600,new,,paid,completed
2026-02-21,12:00:00,Riva Acain,UNDERARMS FEMALE,,LE NAILS,200,0,200,new,,paid,completed
2026-02-21,12:00:00,Hosanna Dela Cruz,SWEDISH,,SABBATH,600,0,600,new,,paid,completed
2026-02-21,12:00:00,Diana Baylon,SWEDISH,,SABBATH,600,0,600,new,,paid,completed
2026-02-21,12:00:00,Dee Faustino,TRADITIONAL HILOT WITH VENTOSA,,SABBATH,1500,0,1500,new,,paid,completed
2026-02-21,12:00:00,Dan Aaron Santiago,TRADITIONAL HILOT WITH VENTOSA,,SABBATH,1500,0,1500,new,,paid,completed
2026-02-21,12:00:00,Joan Dela Cruz,COMBINATION W/ HOT STONE,,SABBATH,0,0,0,new,,paid,completed
2026-02-21,12:00:00,Bill Dela Cruz,COMBINATION W/ HOT STONE,,SABBATH,0,0,0,new,,paid,completed
2026-02-21,12:00:00,JC Cuartero,SWEDISH,,SABBATH,600,0,600,new,,paid,completed
2026-02-21,12:00:00,Rommel Castro,SABBATH SIGNATURE,,SABBATH,1000,0,1000,new,,paid,completed
2026-02-21,12:00:00,Melanie Ligutan,SWEDISH,,SABBATH,600,0,600,new,,paid,completed
2026-02-21,12:00:00,Janrey Ligutan,SWEDISH,,SABBATH,600,0,600,new,,paid,completed
2026-02-21,12:00:00,Melanie Ligutan,PEDICURE,,LE NAILS,200,0,200,new,,paid,completed
2026-02-21,12:00:00,Janrey Ligutan,PEDICURE,,LE NAILS,200,0,200,new,,paid,completed
2026-02-21,12:00:00,Melanie Ligutan,REGULAR POLISH,,LE NAILS,0,0,0,new,,paid,completed
2026-02-21,12:00:00,Doms Guison,"SABBATH SIGNATURE FOOT, HEAD, NECK & SHOULDER",,SABBATH,750,0,750,new,,paid,completed
2026-02-21,12:00:00,Nicole Guison,SWEDISH,,SABBATH,600,0,600,new,,paid,completed
2026-02-21,12:00:00,Margie Guison,SABBATH FOOT REFLEX,,SABBATH,600,0,600,new,,paid,completed
2026-02-21,12:00:00,Fiona,MANICURE,,LE NAILS,150,0,150,new,,paid,completed
2026-02-21,12:00:00,Fiona,PEDICURE,,LE NAILS,200,0,200,new,,paid,completed
2026-02-21,12:00:00,Janine Bautista,TRADITIONAL HILOT WITH VENTOSA,,SABBATH,1500,0,1500,new,,paid,completed
2026-02-21,12:00:00,Jessica Bautista,TRADITIONAL HILOT WITH VENTOSA,,SABBATH,1500,0,1500,new,,paid,completed
2026-02-21,12:00:00,Emiliana Bautista,TRADITIONAL HILOT WITH VENTOSA,,SABBATH,1500,0,1500,new,,paid,completed
2026-02-21,12:00:00,Felix Bautista,COMBINATION,,SABBATH,0,0,0,new,,paid,completed
2026-02-21,12:00:00,Chanice Morgan,SLIPPERS,,LE NAILS,210,0,210,new,,paid,completed
2026-02-21,12:00:00,Chanice Morgan,SOFT GEL NAIL EXTENSION,,LE NAILS,800,0,800,new,,paid,completed
2026-02-21,12:00:00,Chanice Morgan,PEDICURE,,LE NAILS,200,0,200,new,,paid,completed
2026-02-21,12:00:00,Chanice Morgan,SABBATH FOOT REFLEX,,SABBATH,600,0,600,new,,paid,completed
2026-02-21,12:00:00,Chanice Morgan,SWEDISH,,SABBATH,600,0,600,new,,paid,completed
2026-02-21,12:00:00,Chanice Morgan,SWEDISH,,SABBATH,600,0,600,new,,paid,completed
2026-02-21,12:00:00,Michael Kalaw,TRADITIONAL HILOT WITH VENTOSA,,SABBATH,1500,0,1500,new,,paid,completed
2026-02-21,12:00:00,Michael Kalaw,SOFT GEL NAIL EXTENSION,,LE NAILS,800,0,800,new,,paid,completed
2026-02-21,12:00:00,Laarni Villanueva,COMBINATION W/ HOT STONE,,SABBATH,0,0,0,new,,paid,completed
2026-02-21,12:00:00,Mark De Jesus,COMBINATION W/ HOT STONE,,SABBATH,0,0,0,new,,paid,completed
2026-02-21,12:00:00,Mark De Jesus,PEDICURE,,LE NAILS,200,0,200,new,,paid,completed
2026-02-21,12:00:00,Laarni Villanueva,PACKAGE A,,LE NAILS,0,0,0,new,,paid,completed
2026-02-21,12:00:00,Elaine Espela,BODY SCRUB,,SABBATH,0,0,0,new,,paid,completed
2026-02-21,12:00:00,Pierre Espela,SABBATH SIGNATURE,,SABBATH,1000,0,1000,new,,paid,completed
2026-02-21,12:00:00,Aisa Marquez,COMBINATION,,SABBATH,0,0,0,new,,paid,completed
2026-02-21,12:00:00,Candice Espela,SABBATH SIGNATURE,,SABBATH,1000,0,1000,new,,paid,completed
2026-02-22,12:00:00,Eduardo Cruz,COMBINATION,,SABBATH,0,0,0,new,,paid,completed
2026-02-22,12:00:00,Shaina Del Rosario,SWEDISH,,SABBATH,600,0,600,new,,paid,completed
2026-02-22,12:00:00,Imelda Dela Cruz,SWEDISH,,SABBATH,600,0,600,new,,paid,completed
2026-02-22,12:00:00,Josephine Alegano,SWEDISH,,SABBATH,600,0,600,new,,paid,completed
2026-02-22,12:00:00,Micaella Manahan,COMBINATION W/ HOT STONE,,SABBATH,0,0,0,new,,paid,completed
2026-02-22,12:00:00,Frank Ivan marasigan,COMBINATION W/ HOT STONE,,SABBATH,0,0,0,new,,paid,completed
2026-02-22,12:00:00,Kristine Gayle Destreza,COMBINATION W/ HOT STONE,,SABBATH,0,0,0,new,,paid,completed
2026-02-22,12:00:00,Margie Miranda,COMBINATION W/ HOT STONE,,SABBATH,0,0,0,new,,paid,completed
2026-02-22,12:00:00,Kristine Ramos,COMBINATION,,SABBATH,0,0,0,new,,paid,completed
2026-02-22,12:00:00,Alvin Ramos,COMBINATION,,SABBATH,0,0,0,new,,paid,completed
2026-02-22,12:00:00,Christel Pangan,SWEDISH,,SABBATH,600,600,0,new,,paid,completed
2026-02-22,12:00:00,Alfred Reyes,COMBINATION,,SABBATH,0,0,0,new,,paid,completed
2026-02-22,12:00:00,Alfred Reyes,ADDITIONAL 30 MINS,,SABBATH,300,0,300,new,,paid,completed
2026-02-22,12:00:00,Lady ortega,COMBINATION,,SABBATH,0,0,0,new,,paid,completed
2026-02-22,12:00:00,Lady ortega,ADDITIONAL 30 MINS,,SABBATH,300,0,300,new,,paid,completed
2026-02-22,12:00:00,Jerome Dela Cruz,COMBINATION,,SABBATH,0,0,0,new,,paid,completed
2026-02-22,12:00:00,Jerome Dela Cruz,ADDITIONAL 30 MINS,,SABBATH,300,0,300,new,,paid,completed
2026-02-22,12:00:00,Raph Adique,SWEDISH,,SABBATH,600,0,600,new,,paid,completed
2026-02-22,12:00:00,Raph Adique,ADDITIONAL 30 MINS,,SABBATH,300,0,300,new,,paid,completed
2026-02-22,12:00:00,Eric Medina,COMBINATION,,SABBATH,0,0,0,new,,paid,completed
2026-02-22,12:00:00,Eric Medina,ADDITIONAL 30 MINS,,SABBATH,300,0,300,new,,paid,completed
2026-02-22,12:00:00,Christian Oafericua,SWEDISH,,SABBATH,600,0,600,new,,paid,completed
2026-02-22,12:00:00,Christian Oafericua,ADDITIONAL 30 MINS,,SABBATH,300,0,300,new,,paid,completed
2026-02-22,12:00:00,Sarah Andres,COMBINATION,,SABBATH,0,0,0,new,,paid,completed
2026-02-22,12:00:00,Kaycee Andres,COMBINATION,,SABBATH,0,0,0,new,,paid,completed
2026-02-22,12:00:00,Alena Delposo,COMBINATION,,SABBATH,0,0,0,new,,paid,completed
2026-02-22,12:00:00,Kian Andres,TRADITIONAL HILOT WITH VENTOSA,,SABBATH,1500,0,1500,new,,paid,completed
2026-02-22,12:00:00,Rhianne Delposo,COMBINATION,,SABBATH,0,0,0,new,,paid,completed
2026-02-22,12:00:00,Fredie Andres,COMBINATION,,SABBATH,0,0,0,new,,paid,completed
2026-02-22,12:00:00,Mirriam Dimagiba,AROMATHERAPY OIL WITH HERBAL BALL,,SABBATH,1000,0,1000,new,,paid,completed
2026-02-22,12:00:00,Nadine Cruz,AROMATHERAPY OIL WITH HERBAL BALL,,SABBATH,1000,0,1000,new,,paid,completed
2026-02-22,12:00:00,Nadine Cruz,PEDICURE,,LE NAILS,200,0,200,new,,paid,completed
2026-02-22,12:00:00,Nadine Cruz,PEDICURE,,LE NAILS,200,0,200,new,,paid,completed
2026-02-22,12:00:00,Nadine Cruz,REGULAR POLISH,,LE NAILS,0,0,0,new,,paid,completed
2026-02-22,12:00:00,Nadine Cruz,REGULAR POLISH,,LE NAILS,0,0,0,new,,paid,completed
2026-02-22,12:00:00,Nadine Cruz,MANICURE,,LE NAILS,150,0,150,new,,paid,completed
2026-02-22,12:00:00,Shira Lulu,COMBINATION,,SABBATH,0,0,0,new,,paid,completed
2026-02-22,12:00:00,Adora Lulu,COMBINATION,,SABBATH,0,0,0,new,,paid,completed
2026-02-23,12:00:00,Allen Santiago,SWEDISH,,SABBATH,600,0,600,new,,paid,completed
2026-02-23,12:00:00,Louisse Magadia,SWEDISH,,SABBATH,600,0,600,new,,paid,completed
2026-02-23,12:00:00,Nerissa Solocasa,SABBATH PACKAGE 1,,SABBATH,2000,0,2000,new,,paid,completed
2026-02-23,12:00:00,Edwin Solocasa,SABBATH PACKAGE 1,,SABBATH,2000,0,2000,new,,paid,completed
2026-02-23,12:00:00,Louie Angelo Del Rosario,COMBINATION,,SABBATH,0,0,0,new,,paid,completed
2026-02-23,12:00:00,Louie Angelo Del Rosario,ADDITIONAL 30 MINS,,SABBATH,300,0,300,new,,paid,completed
2026-02-23,12:00:00,Luijane Punongbayan,COMBINATION W/ HOT STONE,,SABBATH,0,0,0,new,,paid,completed
2026-02-23,12:00:00,Mark Punongbayan,COMBINATION W/ HOT STONE,,SABBATH,0,0,0,new,,paid,completed
2026-02-23,12:00:00,PR Reyes,SWEDISH,,SABBATH,600,0,600,new,,paid,completed
2026-02-23,12:00:00,Samuel Reyes,SWEDISH,,SABBATH,600,0,600,new,,paid,completed
2026-02-23,12:00:00,Krys Aniag,COMBINATION,,SABBATH,0,0,0,new,,paid,completed
2026-02-23,12:00:00,Krys Aniag,ADDITIONAL 30 MINS,,SABBATH,300,0,300,new,,paid,completed
2026-02-23,12:00:00,Leo Enriquez,COMBINATION,,SABBATH,0,0,0,new,,paid,completed
2026-02-23,12:00:00,Ana Brand,SWEDISH,,SABBATH,600,0,600,new,,paid,completed
2026-02-23,12:00:00,Marco Brand,SWEDISH,,SABBATH,600,0,600,new,,paid,completed
2026-02-23,12:00:00,Roscel Perez,SOFT GEL NAIL EXTENSION,,LE NAILS,800,0,800,new,,paid,completed
2026-02-23,12:00:00,Roscel Perez,PACKAGE A,,LE NAILS,0,0,0,new,,paid,completed
2026-02-23,12:00:00,Roscel Perez,REGULAR POLISH,,LE NAILS,0,0,0,new,,paid,completed
2026-02-23,12:00:00,Roscel Perez,REGULAR POLISH,,LE NAILS,0,0,0,new,,paid,completed
2026-02-23,12:00:00,Stephen Chung,SHIATSU,,SABBATH,0,0,0,new,,paid,completed
2026-02-24,12:00:00,Geraldine Clemente,COMBINATION W/ HOT STONE,,SABBATH,0,0,0,new,,paid,completed
2026-02-24,12:00:00,Ruth Angelo,COMBINATION,,SABBATH,0,0,0,new,,paid,completed
2026-02-24,12:00:00,Ronald Angelo,COMBINATION,,SABBATH,0,0,0,new,,paid,completed
2026-02-24,12:00:00,Rojon Bargcoca,SABBATH PACKAGE 1,,SABBATH,2000,0,2000,new,,paid,completed
2026-02-24,12:00:00,Russel Bargoca,SABBATH PACKAGE 1,,SABBATH,2000,0,2000,new,,paid,completed
2026-02-24,12:00:00,Gerimhae Palad,COMBINATION,,SABBATH,0,0,0,new,,paid,completed
2026-02-24,12:00:00,Gabriel De Leon,TRADITIONAL HILOT WITH VENTOSA,,SABBATH,1500,0,1500,new,,paid,completed
2026-02-24,12:00:00,John Villanueva,SWEDISH,,SABBATH,600,0,600,new,,paid,completed
2026-02-24,12:00:00,John Villanueva,ADDITIONAL 30 MINS,,SABBATH,300,0,300,new,,paid,completed
2026-02-24,12:00:00,Sir Ian,SWEDISH,,SABBATH,600,600,0,new,,paid,completed
2026-02-24,12:00:00,Sir Ian,SWEDISH,,SABBATH,600,0,600,new,,paid,completed
2026-02-24,12:00:00,Sir Ian,SWEDISH,,SABBATH,600,0,600,new,,paid,completed
2026-02-24,12:00:00,Geraldine Clemente,PACKAGE A,,LE NAILS,0,0,0,new,,paid,completed
2026-02-24,12:00:00,Geraldine Clemente,REGULAR POLISH,,LE NAILS,0,0,0,new,,paid,completed
2026-02-25,12:00:00,Prince Aves,SWEDISH,,SABBATH,600,0,600,new,,paid,completed
2026-02-25,12:00:00,Pearl Aves,SWEDISH,,SABBATH,600,0,600,new,,paid,completed
2026-02-25,12:00:00,Eva Aves,BODY SCRUB W/ MASSAGE,,SABBATH,3000,0,3000,new,,paid,completed
2026-02-25,12:00:00,Janis Lumagui,SABBATH PACKAGE 1,,SABBATH,2000,2000,0,new,,paid,completed
2026-02-25,12:00:00,Janis Lumagui,ADDITIONAL 30 MINS,,SABBATH,300,300,0,new,,paid,completed
2026-02-25,12:00:00,Roselyn Inocencio,TRADITIONAL HILOT WITH VENTOSA,,SABBATH,1500,0,1500,new,,paid,completed
2026-02-25,12:00:00,John Arlos,TRADITIONAL HILOT WITH VENTOSA,,SABBATH,1500,0,1500,new,,paid,completed
2026-02-25,12:00:00,Tita Fernandez,SWEDISH,,SABBATH,600,0,600,new,,paid,completed
2026-02-25,12:00:00,Ericka Tolentino,SWEDISH,,SABBATH,600,0,600,new,,paid,completed
2026-02-25,12:00:00,Ericka Tolentino,SABBATH FOOT REFLEX,,SABBATH,600,0,600,new,,paid,completed
2026-02-25,12:00:00,Ferdinan Tolentino,SWEDISH,,SABBATH,600,0,600,new,,paid,completed
2026-02-25,12:00:00,Ferdinan Tolentino,SABBATH FOOT REFLEX,,SABBATH,600,0,600,new,,paid,completed
2026-02-25,12:00:00,Martin Valerio,SWEDISH,,SABBATH,600,0,600,new,,paid,completed
2026-02-25,12:00:00,Ma'am Gia,SABBATH FOOT REFLEX,,SABBATH,600,600,0,new,,paid,completed
2026-02-25,12:00:00,Ma'am Gia,SHIATSU,,SABBATH,0,0,0,new,,paid,completed
2026-02-25,12:00:00,Pastor Erick,COMBINATION,,SABBATH,0,0,0,new,,paid,completed
2026-02-25,12:00:00,Cj Medina,SWEDISH,,SABBATH,600,0,600,new,,paid,completed
2026-02-25,12:00:00,Jayson Medina,SWEDISH,,SABBATH,600,0,600,new,,paid,completed
2026-02-25,12:00:00,Alyssa Medina,SWEDISH,,SABBATH,600,0,600,new,,paid,completed
2026-02-25,12:00:00,Jerome Flores,COMBINATION,,SABBATH,0,0,0,new,,paid,completed
2026-02-25,12:00:00,Jerome Flores,ADDITIONAL 30 MINS,,SABBATH,300,0,300,new,,paid,completed
2026-02-25,12:00:00,Dannah Flores,COMBINATION,,SABBATH,0,0,0,new,,paid,completed
2026-02-25,12:00:00,Dannah Flores,ADDITIONAL 30 MINS,,SABBATH,300,0,300,new,,paid,completed
2026-02-25,12:00:00,Micah Mamucod,COMBINATION,,SABBATH,0,0,0,new,,paid,completed
2026-02-25,12:00:00,Mickey Reyes,TRADITIONAL HILOT WITH VENTOSA,,SABBATH,1500,0,1500,new,,paid,completed
2026-02-25,12:00:00,Alvin Rigor,COMBINATION,,SABBATH,0,0,0,new,,paid,completed
2026-02-25,12:00:00,Patrisha Mia,SWEDISH,,SABBATH,600,0,600,new,,paid,completed
2026-02-25,12:00:00,Roselyn Inocencio,PACKAGE A,,LE NAILS,0,0,0,new,,paid,completed
2026-02-25,12:00:00,Roselyn Inocencio,PACKAGE A,,LE NAILS,0,0,0,new,,paid,completed
2026-02-25,12:00:00,Roselyn Inocencio,REGULAR POLISH,,LE NAILS,0,0,0,new,,paid,completed
2026-02-25,12:00:00,Roselyn Inocencio,REGULAR POLISH,,LE NAILS,0,0,0,new,,paid,completed
2026-02-25,12:00:00,Chester,PACKAGE A,,LE NAILS,0,0,0,new,,paid,completed
2026-02-26,12:00:00,Jomar Magisa,SABBATH PACKAGE 1,,SABBATH,2000,0,2000,new,,paid,completed
2026-02-26,12:00:00,Jomar Magisa,COMBINATION,,SABBATH,0,0,0,new,,paid,completed
2026-02-26,12:00:00,Melissa Magisa,SABBATH PACKAGE 1,,SABBATH,2000,0,2000,new,,paid,completed
2026-02-26,12:00:00,Melissa Magisa,COMBINATION,,SABBATH,0,0,0,new,,paid,completed
2026-02-26,12:00:00,Amy Tantoco,SWEDISH,,SABBATH,600,0,600,new,,paid,completed
2026-02-26,12:00:00,Jeffrey Hipolito,SWEDISH,,SABBATH,600,0,600,new,,paid,completed
2026-02-26,12:00:00,Mariel Chua,SWEDISH,,SABBATH,600,0,600,new,,paid,completed
2026-02-26,12:00:00,Sky Mendoza,GROWTH,,SABBATH,500,0,500,new,,paid,completed
2026-02-26,12:00:00,Lester Mendoza,TRADITIONAL HILOT WITH VENTOSA,,SABBATH,1500,0,1500,new,,paid,completed
2026-02-26,12:00:00,Vivian Siccuan,COMBINATION,,SABBATH,0,0,0,new,,paid,completed
2026-02-26,12:00:00,Vivian Siccuan,ADDITIONAL 30 MINS,,SABBATH,300,0,300,new,,paid,completed
2026-02-26,12:00:00,Tin Jacinto,SWEDISH,,SABBATH,600,0,600,new,,paid,completed
2026-02-26,12:00:00,Arjay Tagalog,SHIATSU,,SABBATH,0,0,0,new,,paid,completed
2026-02-26,12:00:00,Maria Teresa Barredo,AROMATHERAPY OIL WITH HERBAL BALL,,SABBATH,1000,200,800,new,,paid,completed
2026-02-26,12:00:00,Mhik Santiago,SHIATSU,,SABBATH,0,0,0,new,,paid,completed
2026-02-26,12:00:00,Christian Pangan,SWEDISH,,SABBATH,600,0,600,new,,paid,completed
2026-02-26,12:00:00,Christel Pangan,SWEDISH,,SABBATH,600,600,0,new,,paid,completed
2026-02-26,12:00:00,Rawan Burgos,SWEDISH,,SABBATH,600,0,600,new,,paid,completed
2026-02-26,12:00:00,Macky Gerona,SWEDISH,,SABBATH,600,0,600,new,,paid,completed
2026-02-26,12:00:00,Joyce Pondang,PACKAGE A,,LE NAILS,0,0,0,new,,paid,completed
2026-02-26,12:00:00,Joyce Pondang,REGULAR POLISH,,LE NAILS,0,0,0,new,,paid,completed
2026-02-26,12:00:00,Sheryl,FOOT SPA,,LE NAILS,0,0,0,new,,paid,completed
2026-02-26,12:00:00,Sheryl,FOOT SPA,,LE NAILS,0,0,0,new,,paid,completed
2026-02-26,12:00:00,Sheryl,FOOT SPA,,LE NAILS,0,0,0,new,,paid,completed
2026-02-26,12:00:00,Sheryl,PEDICURE,,LE NAILS,200,0,200,new,,paid,completed
2026-02-26,12:00:00,Amy Tantico,MANIGEL ORLY,,LE NAILS,600,0,600,new,,paid,completed
2026-02-26,12:00:00,Amy Tantico,PEDICURE,,LE NAILS,200,0,200,new,,paid,completed
2026-02-26,12:00:00,Amy Tantico,REGULAR POLISH,,LE NAILS,0,0,0,new,,paid,completed
2026-02-27,12:00:00,Joseph Sumala,COMBINATION,,SABBATH,0,0,0,new,,paid,completed
2026-02-27,12:00:00,Peter De Jesus,SWEDISH,,SABBATH,600,0,600,new,,paid,completed
2026-02-27,12:00:00,Lesley Pujante,COMBINATION W/ HOT STONE,,SABBATH,0,0,0,new,,paid,completed
2026-02-27,12:00:00,Hazel Caparas,SLIMMING MASSAGE,,SABBATH,0,0,0,new,,paid,completed
2026-02-27,12:00:00,Robbi Rey Mendoza,COMBINATION,,SABBATH,0,0,0,new,,paid,completed
2026-02-27,12:00:00,Ronelle Angeles,COMBINATION,,SABBATH,0,0,0,new,,paid,completed
2026-02-27,12:00:00,Kris Angeles,COMBINATION,,SABBATH,0,0,0,new,,paid,completed
2026-02-27,12:00:00,Rose San Pedro,COMBINATION,,SABBATH,0,0,0,new,,paid,completed
2026-02-27,12:00:00,Jhona Mendoza,COMBINATION,,SABBATH,0,0,0,new,,paid,completed
2026-02-27,12:00:00,Marian Nagayo,COMBINATION,,SABBATH,0,0,0,new,,paid,completed
2026-02-27,12:00:00,Ram Nagayo,COMBINATION,,SABBATH,0,0,0,new,,paid,completed
2026-02-27,12:00:00,Rogie Tolentino,COMBINATION,,SABBATH,0,0,0,new,,paid,completed
2026-02-27,12:00:00,Chie Robete,COMBINATION,,SABBATH,0,0,0,new,,paid,completed
2026-02-27,12:00:00,David Robete,COMBINATION,,SABBATH,0,0,0,new,,paid,completed
2026-02-27,12:00:00,Riza,PEDIGEL ORLY,,LE NAILS,700,0,700,new,,paid,completed
2026-02-27,12:00:00,Riza,MANIGEL ORLY,,LE NAILS,600,0,600,new,,paid,completed
2026-02-28,12:00:00,Teo Cacharo,COMBINATION,,SABBATH,0,0,0,new,,paid,completed
2026-02-28,12:00:00,Arralei Tan,COMBINATION,,SABBATH,0,0,0,new,,paid,completed
2026-02-28,12:00:00,Patrick Santos,SWEDISH,,SABBATH,600,0,600,new,,paid,completed
2026-02-28,12:00:00,Franka Santos,SWEDISH,,SABBATH,600,0,600,new,,paid,completed
2026-02-28,12:00:00,Liezel Tagulabao,COMBINATION,,SABBATH,0,0,0,new,,paid,completed
2026-02-28,12:00:00,Ferdinand Tagulabao,COMBINATION,,SABBATH,0,0,0,new,,paid,completed
2026-02-28,12:00:00,Matthew Tagulabao,COMBINATION,,SABBATH,0,0,0,new,,paid,completed
2026-02-28,12:00:00,Ken Tagulabao,COMBINATION,,SABBATH,0,0,0,new,,paid,completed
2026-02-28,12:00:00,Eionise Roxas,COMBINATION W/ HOT STONE,,SABBATH,0,0,0,new,,paid,completed
2026-02-28,12:00:00,Jeffrey Bendillo,COMBINATION,,SABBATH,0,0,0,new,,paid,completed
2026-02-28,12:00:00,Crissane Reyes,COMBINATION,,SABBATH,0,0,0,new,,paid,completed
2026-02-28,12:00:00,Benedict Santiago,SABBATH PACKAGE 1 W/ ventosa,,SABBATH,3000,0,3000,new,,paid,completed
2026-02-28,12:00:00,Rina Santiago,SABBATH PACKAGE 1 W/ ventosa,,SABBATH,3000,0,3000,new,,paid,completed
2026-02-28,12:00:00,Leticia Sacopla,COMBINATION W/ HOT STONE,,SABBATH,0,0,0,new,,paid,completed
2026-02-28,12:00:00,Sid Fernandez,COMBINATION W/ HOT STONE,,SABBATH,0,0,0,new,,paid,completed
2026-02-28,12:00:00,Rowena Sacopla,COMBINATION W/ HOT STONE,,SABBATH,0,0,0,new,,paid,completed
2026-02-28,12:00:00,Rialyn Cabantog,COMBINATION W/ HOT STONE,,SABBATH,0,0,0,new,,paid,completed
2026-02-28,12:00:00,Chona Galiaa,AROMATHERAPY OIL WITH HERBAL BALL,,SABBATH,1000,0,1000,new,,paid,completed
2026-02-28,12:00:00,Simon Tan,COMBINATION,,SABBATH,0,0,0,new,,paid,completed
2026-02-28,12:00:00,Michelle Francisco,SWEDISH,,SABBATH,600,0,600,new,,paid,completed
2026-02-28,12:00:00,John Paul Francisco,SWEDISH,,SABBATH,600,0,600,new,,paid,completed
2026-02-28,12:00:00,Eionise Roxas,MANIGEL ORLY,,LE NAILS,600,0,600,new,,paid,completed
2026-02-28,12:00:00,Crisanne Reyes,UNDERARMS FEMALE,,LE NAILS,200,0,200,new,,paid,completed
2026-02-28,12:00:00,Crisanne Reyes,FOOT SPA,,LE NAILS,0,0,0,new,,paid,completed
2026-02-28,12:00:00,Crisanne Reyes,PEDICURE,,LE NAILS,200,0,200,new,,paid,completed
2026-02-28,12:00:00,Crisanne Reyes,PACKAGE B,,LE NAILS,950,0,950,new,,paid,completed
2026-02-28,12:00:00,Crisanne Reyes,SOFT GEL REMOVER,,LE NAILS,300,0,300,new,,paid,completed
2026-02-28,12:00:00,Crisanne Reyes,REGULAR POLISH,,LE NAILS,0,0,0,new,,paid,completed
2026-02-28,12:00:00,Anne Charisse King,PEDICURE,,LE NAILS,200,0,200,new,,paid,completed
2026-02-28,12:00:00,Anne Charisse King,REGULAR POLISH,,LE NAILS,0,0,0,new,,paid,completed
2026-03-01,12:00:00,Maricel Carao,COMBINATION,,SABBATH,750,0,750,new,,paid,completed
2026-03-01,12:00:00,Rhian Sacopla,GROWTH,,SABBATH,500,0,500,new,,paid,completed
2026-03-01,12:00:00,Cian Carpio,GROWTH,,SABBATH,500,0,500,new,,paid,completed
2026-03-01,12:00:00,Marielle Magtoto,COMBINATION,,SABBATH,750,0,750,new,,paid,completed
2026-03-01,12:00:00,Harry Magtoto,COMBINATION,,SABBATH,750,0,750,new,,paid,completed
2026-03-01,12:00:00,Eugene Donsol,COMBINATION,,SABBATH,750,0,750,new,,paid,completed
2026-03-01,12:00:00,Rosalinda Donsol,COMBINATION,,SABBATH,750,0,750,new,,paid,completed
2026-03-01,12:00:00,Marlou Donsol,COMBINATION,,SABBATH,750,0,750,new,,paid,completed
2026-03-01,12:00:00,Moraine Donsol,SWEDISH,,SABBATH,600,0,600,new,,paid,completed
2026-03-01,12:00:00,Sahvia Camua,GROWTH,,SABBATH,500,0,500,new,,paid,completed
2026-03-01,12:00:00,Zalley Camua,GROWTH,,SABBATH,500,0,500,new,,paid,completed
2026-03-01,12:00:00,Gil Catan,COMBINATION,,SABBATH,750,0,750,new,,paid,completed
2026-03-01,12:00:00,Mhai Cervantes,COMBINATION,,SABBATH,750,0,750,new,,paid,completed
2026-03-01,12:00:00,Mhai Cervantes,ADDITIONAL 30 MINS,,SABBATH,300,0,300,new,,paid,completed
2026-03-01,12:00:00,Bart Cervantes,COMBINATION,,SABBATH,750,0,750,new,,paid,completed
2026-03-01,12:00:00,Bart Cervantes,ADDITIONAL 30 MINS,,SABBATH,300,0,300,new,,paid,completed
2026-03-01,12:00:00,Hermil Millar,TRADITIONAL HILOT WITH VENTOSA,,SABBATH,1500,0,1500,new,,paid,completed
2026-03-01,12:00:00,Cheska Aguilar,TRADITIONAL HILOT WITH VENTOSA,,SABBATH,1500,0,1500,new,,paid,completed
2026-03-01,12:00:00,Franz Alipio,SWEDISH,,SABBATH,600,0,600,new,,paid,completed
2026-03-01,12:00:00,Ayin Alipio,SWEDISH,,SABBATH,600,0,600,new,,paid,completed
2026-03-01,12:00:00,John Luis Venturina,SABBATH PACKAGE 1,,SABBATH,2000,0,2000,new,,paid,completed
2026-03-01,12:00:00,Nigel Robles,SABBATH PACKAGE 1,,SABBATH,2000,0,2000,new,,paid,completed
2026-03-01,12:00:00,Paula Cruz,COMBINATION,,SABBATH,750,0,750,new,,paid,completed
2026-03-01,12:00:00,Janice Zaguirre,COMBINATION,,SABBATH,750,0,750,new,,paid,completed
2026-03-01,12:00:00,May Anne Zaguirre,COMBINATION,,SABBATH,750,0,750,new,,paid,completed
2026-03-01,12:00:00,Marvin Gonzales,COMBINATION,,SABBATH,750,0,750,new,,paid,completed
2026-03-01,12:00:00,Marvin Gonzales,ADDITIONAL 30 MINS,,SABBATH,300,0,300,new,,paid,completed
2026-03-01,12:00:00,Madison Alijah Gonzales,SWEDISH,,SABBATH,600,0,600,new,,paid,completed
2026-03-01,12:00:00,Maica Barlon,SABBATH SIGNATURE,,SABBATH,1000,0,1000,new,,paid,completed
2026-03-01,12:00:00,Michael Gatchalian,SABBATH SIGNATURE,,SABBATH,1000,0,1000,new,,paid,completed
2026-03-01,12:00:00,Paul De Ramos,AROMATHERAPY OIL WITH HERBAL BALL,,SABBATH,1000,0,1000,new,,paid,completed
2026-03-01,12:00:00,Gerlie De Ramos,AROMATHERAPY OIL WITH HERBAL BALL,,SABBATH,1000,0,1000,new,,paid,completed
2026-03-01,12:00:00,Roland Castillo,SABBATH SIGNATURE,,SABBATH,1000,0,1000,new,,paid,completed
2026-03-01,12:00:00,ANgel Castillo,SABBATH SIGNATURE,,SABBATH,1000,0,1000,new,,paid,completed
2026-03-01,12:00:00,Emma Flores,SWEDISH,,SABBATH,600,0,600,new,,paid,completed
2026-03-01,12:00:00,Austin Flores,SWEDISH,,SABBATH,600,0,600,new,,paid,completed
2026-03-01,12:00:00,Joyce Guballa,SWEDISH,,SABBATH,600,0,600,new,,paid,completed
2026-03-01,12:00:00,Lanalyn Carpio,SWEDISH,,SABBATH,600,0,600,new,,paid,completed
2026-03-01,12:00:00,Arnold Sta Cruz,SWEDISH,,SABBATH,600,0,600,new,,paid,completed
2026-03-01,12:00:00,Aubrhie Cindyrelle,SWEDISH,,SABBATH,600,0,600,new,,paid,completed
2026-03-01,12:00:00,Jeremy Vicente,COMBINATION,,SABBATH,750,0,750,new,,paid,completed
2026-03-01,12:00:00,Arlene Gonzales,COMBINATION,,SABBATH,750,0,750,new,,paid,completed
2026-03-01,12:00:00,Gracelle,MANIGEL CUCCIO,,LE NAILS,450,0,450,new,,paid,completed
2026-03-01,12:00:00,Leonissa Machate,PACKAGE A,,LE NAILS,600,0,600,new,,paid,completed
2026-03-01,12:00:00,Leonissa Machate,SOFT GEL REMOVER,,LE NAILS,300,0,300,new,,paid,completed
2026-03-01,12:00:00,Leonissa Machate,REGULAR POLISH,,LE NAILS,50,0,50,new,,paid,completed
2026-03-01,12:00:00,Leonissa Machate,MANICURE,,LE NAILS,150,0,150,new,,paid,completed
2026-03-01,12:00:00,Leonissa Machate,PEDICURE,,LE NAILS,200,0,200,new,,paid,completed
2026-03-02,12:00:00,Amor Mangao,COMBINATION,,SABBATH,750,150,600,new,,paid,completed
2026-03-02,12:00:00,Marilou Mangao,COMBINATION,,SABBATH,750,0,750,new,,paid,completed
2026-03-02,12:00:00,Prince Rico,COMBINATION,,SABBATH,750,0,750,new,,paid,completed
2026-03-02,12:00:00,Prince Rico,ADDITIONAL 30 MINS,,SABBATH,300,0,300,new,,paid,completed
2026-03-02,12:00:00,Jen Galvez,COMBINATION,,SABBATH,750,0,750,new,,paid,completed
2026-03-02,12:00:00,Jen Galvez,ADDITIONAL 30 MINS,,SABBATH,300,0,300,new,,paid,completed
2026-03-02,12:00:00,Ivan Angelo,COMBINATION W/ HOT STONE,,SABBATH,1250,0,1250,new,,paid,completed
2026-03-02,12:00:00,Mary May Angelo,AROMATHERAPY OIL WITH HERBAL BALL,,SABBATH,1000,0,1000,new,,paid,completed
2026-03-02,12:00:00,Kris Mendoza,POST & PRE NATAL W/ LACTATION,,SABBATH,2000,0,2000,new,,paid,completed
2026-03-02,12:00:00,Juanito Mendoza,COMBINATION,,SABBATH,750,0,750,new,,paid,completed
2026-03-02,12:00:00,Hans Roxas,COMBINATION,,SABBATH,750,0,750,new,,paid,completed
2026-03-02,12:00:00,Clarissa Mendoza,COMBINATION,,SABBATH,750,0,750,new,,paid,completed
2026-03-02,12:00:00,Richard Valenzuela,COMBINATION,,SABBATH,750,0,750,new,,paid,completed
2026-03-02,12:00:00,Agnes Valenzuela,COMBINATION,,SABBATH,750,0,750,new,,paid,completed
2026-03-02,12:00:00,Ann Eugenio,PREMIUM PRIVATE ROOM,,SABBATH,1500,0,1500,new,,paid,completed
2026-03-02,12:00:00,Ann Eugenio,COMBINATION W/ HOT STONE,,SABBATH,1250,0,1250,new,,paid,completed
2026-03-02,12:00:00,Ann Eugenio,ADDITIONAL 30 MINS,,SABBATH,300,0,300,new,,paid,completed
2026-03-02,12:00:00,Joseph Eugenio,PREMIUM PRIVATE ROOM,,SABBATH,1500,0,1500,new,,paid,completed
2026-03-02,12:00:00,Joseph Eugenio,COMBINATION W/ HOT STONE,,SABBATH,1250,0,1250,new,,paid,completed
2026-03-02,12:00:00,Joseph Eugenio,ADDITIONAL 30 MINS,,SABBATH,300,0,300,new,,paid,completed
2026-03-02,12:00:00,Justin Flaviano,COMBINATION,,SABBATH,750,0,750,new,,paid,completed
2026-03-02,12:00:00,Jun Romero,COMBINATION W/ HOT STONE,,SABBATH,1250,0,1250,new,,paid,completed
2026-03-02,12:00:00,John Ravelo,COMBINATION W/ HOT STONE,,SABBATH,1250,0,1250,new,,paid,completed
2026-03-02,12:00:00,Jhoanna Fuster,COMBINATION,,SABBATH,750,0,750,new,,paid,completed
2026-03-02,12:00:00,Jhoanna Fuster,ADDITIONAL 30 MINS,,SABBATH,300,0,300,new,,paid,completed
2026-03-02,12:00:00,Johanna Valerio,COMBINATION,,SABBATH,750,0,750,new,,paid,completed
2026-03-03,12:00:00,Yumi Yamada,SHIATSU,,SABBATH,600,0,600,new,,paid,completed
2026-03-03,12:00:00,Yumi Yamada,ADDITIONAL 30 MINS,,SABBATH,300,0,300,new,,paid,completed
2026-03-03,12:00:00,Hazel Caparas,TRADITIONAL HILOT WITH VENTOSA,,SABBATH,1500,600,900,new,Platinum,paid,completed
2026-03-03,12:00:00,John Villanueva,SWEDISH,,SABBATH,600,0,600,new,,paid,completed
2026-03-03,12:00:00,John Villanueva,ADDITIONAL 30 MINS,,SABBATH,300,0,300,new,,paid,completed
2026-03-03,12:00:00,Rosa Catalina Villanueva,SABBATH SIGNATURE,,SABBATH,1000,0,1000,new,,paid,completed
2026-03-03,12:00:00,Esther Santos,SWEDISH,,SABBATH,600,0,600,new,,paid,completed
2026-03-03,12:00:00,Jay Mark Santos,SWEDISH,,SABBATH,600,0,600,new,,paid,completed
2026-03-03,12:00:00,Vic Noriega,SWEDISH,,SABBATH,600,120,480,new,,paid,completed
2026-03-03,12:00:00,Vic Noriega,ADDITIONAL 30 MINS,,SABBATH,300,0,300,new,,paid,completed
2026-03-03,12:00:00,Gina Tan,SWEDISH,,SABBATH,600,0,600,new,,paid,completed
2026-03-03,12:00:00,Sheryl Alonzo,SWEDISH,,SABBATH,600,0,600,new,,paid,completed
2026-03-03,12:00:00,Kate Valencia,SWEDISH,,SABBATH,600,0,600,new,,paid,completed
2026-03-03,12:00:00,Kim Oliver Valencia,SWEDISH,,SABBATH,600,0,600,new,,paid,completed
2026-03-03,12:00:00,Joleen Angela Illeto,"HEAD, BACK & SHOULDER",,SABBATH,400,0,400,new,,paid,completed
2026-03-03,12:00:00,Kevin Garcia,"SABBATH SIGNATURE FOOT, HEAD, NECK & SHOULDER",,SABBATH,750,0,750,new,,paid,completed
2026-03-03,12:00:00,Hazel Caparas,PACKAGE A,,LE NAILS,600,60,540,new,,paid,completed
2026-03-03,12:00:00,Tom,PEDICURE,,LE NAILS,200,0,200,new,,paid,completed
2026-03-03,12:00:00,Rey Villameter,PACKAGE A,,LE NAILS,600,0,600,new,,paid,completed
2026-03-04,12:00:00,Ma. Theresa Estrella,COMBINATION,,SABBATH,750,0,750,new,,paid,completed
2026-03-04,12:00:00,Robert Dela Cruz,TRADITIONAL HILOT WITH VENTOSA,,SABBATH,1500,0,1500,new,,paid,completed
2026-03-04,12:00:00,Karen Balmaceda,COMBINATION,,SABBATH,750,0,750,new,,paid,completed
2026-03-04,12:00:00,Reyn Rustia,SWEDISH,,SABBATH,600,0,600,new,,paid,completed
2026-03-04,12:00:00,Nathan Rustia,SWEDISH,,SABBATH,600,0,600,new,,paid,completed
2026-03-04,12:00:00,Liandra Tapang,SABBATH PACKAGE 1 W/ ventosa,,SABBATH,3000,0,3000,new,,paid,completed
2026-03-04,12:00:00,Kim Lei Dela Cruz,SABBATH PACKAGE 1 w/ Sabbath Massage,,SABBATH,2400,0,2400,new,,paid,completed
2026-03-04,12:00:00,Enrique Calalang,COMBINATION,,SABBATH,750,0,750,new,,paid,completed
2026-03-04,12:00:00,Dennis Adriano,COMBINATION,,SABBATH,750,0,750,new,,paid,completed
2026-03-04,12:00:00,Rogelio Barrantos,COMBINATION,,SABBATH,750,0,750,new,,paid,completed
2026-03-04,12:00:00,Mara Sisperez,COMBINATION,,SABBATH,750,0,750,new,,paid,completed
2026-03-04,12:00:00,Jeffrey Pactoranan,COMBINATION,,SABBATH,750,0,750,new,,paid,completed
2026-03-04,12:00:00,Ace Castro,SABBATH SIGNATURE,,SABBATH,1000,0,1000,new,,paid,completed
2026-03-04,12:00:00,Reziel Castro,SABBATH SIGNATURE,,SABBATH,1000,0,1000,new,,paid,completed
2026-03-04,12:00:00,Sam Signacion,TRADITIONAL HILOT WITH VENTOSA,,SABBATH,1500,0,1500,new,,paid,completed
2026-03-04,12:00:00,Robert Dela Cruz,PACKAGE A,,LE NAILS,600,0,600,new,,paid,completed
2026-03-04,12:00:00,Enrique Calalang,REGULAR POLISH,,LE NAILS,50,0,50,new,,paid,completed
2026-03-04,12:00:00,Enrique Calalang,PEDICURE,,LE NAILS,200,0,200,new,,paid,completed
2026-03-04,12:00:00,Enrique Calalang,FOOT SPA,,LE NAILS,350,0,350,new,,paid,completed
2026-03-05,12:00:00,Karlo Verin,COMBINATION,,SABBATH,750,0,750,new,,paid,completed
2026-03-05,12:00:00,Karlo Verin,ADDITIONAL 30 MINS,,SABBATH,300,0,300,new,,paid,completed
2026-03-05,12:00:00,Arvin Magpayo,COMBINATION,,SABBATH,750,0,750,new,,paid,completed
2026-03-05,12:00:00,Ashley Magpayo,COMBINATION,,SABBATH,750,0,750,new,,paid,completed
2026-03-05,12:00:00,Faye Gonzales,AROMATHERAPY OIL WITH HERBAL BALL,,SABBATH,1000,0,1000,new,,paid,completed
2026-03-05,12:00:00,Aiya Darcen,AROMATHERAPY OIL WITH HERBAL BALL,,SABBATH,1000,0,1000,new,,paid,completed
2026-03-05,12:00:00,Cel Tayao,SWEDISH,,SABBATH,600,600,0,new,,paid,completed
2026-03-05,12:00:00,Curtney Diamse,TRADITIONAL HILOT WITH VENTOSA,,SABBATH,1500,0,1500,new,,paid,completed
2026-03-05,12:00:00,Zette Fabs,SWEDISH,,SABBATH,600,0,600,new,,paid,completed
2026-03-05,12:00:00,Leah Fabs,SWEDISH,,SABBATH,600,0,600,new,,paid,completed
2026-03-05,12:00:00,Lara De leon,COMBINATION W/ HOT STONE,,SABBATH,1250,0,1250,new,,paid,completed
2026-03-05,12:00:00,Sherwin Bordado,COMBINATION,,SABBATH,750,0,750,new,,paid,completed
2026-03-05,12:00:00,Elyu Pamatian,COMBINATION,,SABBATH,750,0,750,new,,paid,completed
2026-03-05,12:00:00,Elaina Castillo,UNDERARMS FEMALE,,LE NAILS,200,0,200,new,,paid,completed
2026-03-06,12:00:00,Crisanette Valencia,COMBINATION,,SABBATH,750,0,750,new,,paid,completed
2026-03-06,12:00:00,Francis Valencia,COMBINATION,,SABBATH,750,0,750,new,,paid,completed
2026-03-06,12:00:00,Joy Manasaysay,COMBINATION,,SABBATH,750,0,750,new,,paid,completed
2026-03-06,12:00:00,Joy Manasaysay,ADDITIONAL 30 MINS,,SABBATH,300,0,300,new,,paid,completed
2026-03-06,12:00:00,Ezra Joson,SWEDISH,,SABBATH,600,0,600,new,,paid,completed
2026-03-06,12:00:00,Clarence Moratal,SWEDISH,,SABBATH,600,0,600,new,,paid,completed
2026-03-06,12:00:00,Ronalyn Daluz,SABBATH FOOT REFLEX,,SABBATH,600,0,600,new,,paid,completed
2026-03-06,12:00:00,Michael Daluz,SABBATH FOOT REFLEX,,SABBATH,600,0,600,new,,paid,completed
2026-03-06,12:00:00,Reggie Fernandez,TRADITIONAL HILOT WITH VENTOSA,,SABBATH,1500,900,600,new,,paid,completed
2026-03-06,12:00:00,Reggie Fernandez,ADDITIONAL 30 MINS,,SABBATH,300,180,120,new,,paid,completed
2026-03-06,12:00:00,Harlan Ragay,TRADITIONAL HILOT WITH VENTOSA,,SABBATH,1500,900,600,new,,paid,completed
2026-03-06,12:00:00,Harlan Ragay,ADDITIONAL 30 MINS,,SABBATH,300,180,120,new,,paid,completed
2026-03-06,12:00:00,Carmela Carangan,COMBINATION,,SABBATH,750,0,750,new,,paid,completed
2026-03-06,12:00:00,Jhon Carangan,COMBINATION,,SABBATH,750,0,750,new,,paid,completed
2026-03-06,12:00:00,Sofia Marzan,SHIATSU,,SABBATH,600,600,0,new,,paid,completed
2026-03-06,12:00:00,Harlan Ragay,PACKAGE A,,LE NAILS,600,360,240,new,,paid,completed
2026-03-06,12:00:00,Harlan Ragay,PACKAGE A,,LE NAILS,600,360,240,new,,paid,completed
2026-03-06,12:00:00,Raymond Castro,PACKAGE D,,LE NAILS,1050,0,1050,new,,paid,completed
2026-03-06,12:00:00,Raymond Castro,FOOT SPA,,LE NAILS,350,0,350,new,,paid,completed
2026-03-06,12:00:00,Raymond Castro,PEDICURE,,LE NAILS,200,0,200,new,,paid,completed
2026-03-06,12:00:00,Fatima Cruz,PACKAGE B,,LE NAILS,950,0,950,new,,paid,completed
2026-03-06,12:00:00,Fatima Cruz,REGULAR POLISH,,LE NAILS,50,0,50,new,,paid,completed
2026-03-07,12:00:00,Wilfred Bautista,SABBATH PACKAGE 1,,SABBATH,2000,0,2000,new,,paid,completed
2026-03-07,12:00:00,Rosalie Bautista,SABBATH PACKAGE 1,,SABBATH,2000,0,2000,new,,paid,completed
2026-03-07,12:00:00,Kristina Gregorio,"SABBATH SIGNATURE FOOT, HEAD, NECK & SHOULDER",,SABBATH,750,0,750,new,,paid,completed
2026-03-07,12:00:00,EJ Monteroso,SABBATH FOOT REFLEX,,SABBATH,600,0,600,new,,paid,completed
2026-03-07,12:00:00,Leslie Galang,TRADITIONAL HILOT WITH VENTOSA,,SABBATH,1500,300,1200,new,,paid,completed
2026-03-07,12:00:00,Agnes Angelo,COMBINATION,,SABBATH,750,0,750,new,,paid,completed
2026-03-07,12:00:00,Marcelo Angelo,COMBINATION,,SABBATH,750,0,750,new,,paid,completed
2026-03-07,12:00:00,April Macabante,SWEDISH,,SABBATH,600,0,600,new,,paid,completed
2026-03-07,12:00:00,Cristina Sapalo,SWEDISH,,SABBATH,600,0,600,new,,paid,completed
2026-03-07,12:00:00,Jescel Galang,COMBINATION,,SABBATH,750,0,750,new,,paid,completed
2026-03-07,12:00:00,Irish Atienza,SWEDISH,,SABBATH,600,0,600,new,,paid,completed
2026-03-07,12:00:00,Monica Atienza,SWEDISH,,SABBATH,600,0,600,new,,paid,completed
2026-03-07,12:00:00,Ruel Atienza,SWEDISH,,SABBATH,600,0,600,new,,paid,completed
2026-03-07,12:00:00,Mark Atienza,SWEDISH,,SABBATH,600,0,600,new,,paid,completed
2026-03-07,12:00:00,Alvin Suriben,COMBINATION,,SABBATH,750,0,750,new,,paid,completed
2026-03-07,12:00:00,Irene Suriben,COMBINATION,,SABBATH,750,0,750,new,,paid,completed
2026-03-07,12:00:00,Vernan Aldaba,COMBINATION,,SABBATH,750,0,750,new,,paid,completed
2026-03-07,12:00:00,Rusela Aldaba,COMBINATION,,SABBATH,750,0,750,new,,paid,completed
2026-03-07,12:00:00,Jailah Valentin,COMBINATION,,SABBATH,750,0,750,new,,paid,completed
2026-03-07,12:00:00,Jailah Valentin,ADDITIONAL 30 MINS,,SABBATH,300,0,300,new,,paid,completed
2026-03-07,12:00:00,Jaime Valentin,SWEDISH,,SABBATH,600,0,600,new,,paid,completed
2026-03-07,12:00:00,Jojo Magdaraog,COMBINATION,,SABBATH,750,0,750,new,,paid,completed
2026-03-07,12:00:00,Love Magdaraog,COMBINATION,,SABBATH,750,0,750,new,,paid,completed
2026-03-07,12:00:00,Jai De Guzman,SWEDISH,,SABBATH,600,0,600,new,,paid,completed
2026-03-07,12:00:00,Micah Mabanta,"SABBATH SIGNATURE FOOT, HEAD, NECK & SHOULDER",,SABBATH,750,0,750,new,,paid,completed
2026-03-07,12:00:00,Jaime De Guzman,SABBATH FOOT REFLEX,,SABBATH,600,0,600,new,,paid,completed
2026-03-07,12:00:00,Shein,PEDICURE,,LE NAILS,200,0,200,new,,paid,completed
2026-03-07,12:00:00,Shein,REGULAR POLISH,,LE NAILS,50,0,50,new,,paid,completed
2026-03-08,12:00:00,Francine Sy,SWEDISH,,SABBATH,600,0,600,new,,paid,completed
2026-03-08,12:00:00,Emily SY,SWEDISH,,SABBATH,600,0,600,new,,paid,completed
2026-03-08,12:00:00,Emily SY,SAUNA,,SABBATH,1000,0,1000,new,,paid,completed
2026-03-08,12:00:00,Loy Claudio,SWEDISH,,SABBATH,600,0,600,new,,paid,completed
2026-03-08,12:00:00,Alaine De Jesus,SWEDISH,,SABBATH,600,0,600,new,,paid,completed
2026-03-08,12:00:00,Mato Mendoza,SWEDISH,,SABBATH,600,0,600,new,,paid,completed
2026-03-08,12:00:00,Maxine Mendoza,GROWTH,,SABBATH,500,0,500,new,,paid,completed
2026-03-08,12:00:00,Micah Santos,SWEDISH,,SABBATH,600,0,600,new,,paid,completed
2026-03-08,12:00:00,Marvil Villanueva,SWEDISH,,SABBATH,600,0,600,new,,paid,completed
2026-03-08,12:00:00,Debbie Samson,COMBINATION,,SABBATH,750,0,750,new,,paid,completed
2026-03-08,12:00:00,Dinno Samson,COMBINATION,,SABBATH,750,0,750,new,,paid,completed
2026-03-08,12:00:00,Cynthia Bonafe,SWEDISH,,SABBATH,600,0,600,new,,paid,completed
2026-03-08,12:00:00,Dianne Bonafe,SWEDISH,,SABBATH,600,120,480,new,,paid,completed
2026-03-08,12:00:00,Emmanuel Baltazar,COMBINATION,,SABBATH,750,0,750,new,,paid,completed
2026-03-08,12:00:00,Rhea Jane Baltazar,COMBINATION,,SABBATH,750,0,750,new,,paid,completed
2026-03-08,12:00:00,Manylyn Valmadrid,SWEDISH,,SABBATH,600,0,600,new,,paid,completed
2026-03-08,12:00:00,Bobet Valmadrid,SWEDISH,,SABBATH,600,0,600,new,,paid,completed
2026-03-08,12:00:00,John Carlo Baylosis,COMBINATION,,SABBATH,750,0,750,new,,paid,completed
2026-03-08,12:00:00,Patricia Catama,COMBINATION,,SABBATH,750,0,750,new,,paid,completed
2026-03-08,12:00:00,Jhomar Salazar,COMBINATION,,SABBATH,750,0,750,new,,paid,completed
2026-03-08,12:00:00,Love Adriano,COMBINATION,,SABBATH,750,0,750,new,,paid,completed
2026-03-08,12:00:00,Giselle Dela Cruz,COMBINATION,,SABBATH,750,0,750,new,,paid,completed
2026-03-08,12:00:00,Gerald Dela Cruz,COMBINATION,,SABBATH,750,0,750,new,,paid,completed
2026-03-08,12:00:00,Doris Fuster,TRADITIONAL HILOT WITH VENTOSA,,SABBATH,1500,0,1500,new,,paid,completed
2026-03-08,12:00:00,Axel Jane Caguiat,TRADITIONAL HILOT WITH VENTOSA,,SABBATH,1500,0,1500,new,,paid,completed
2026-03-08,12:00:00,Dannah Mamucod,COMBINATION W/ HOT STONE,,SABBATH,1250,0,1250,new,,paid,completed
2026-03-08,12:00:00,Dannah Mamucod,ADDITIONAL 30 MINS,,SABBATH,300,0,300,new,,paid,completed
2026-03-08,12:00:00,Jerome Flores,TRADITIONAL HILOT WITH VENTOSA,,SABBATH,1500,0,1500,new,,paid,completed
2026-03-08,12:00:00,Jerome Flores,ADDITIONAL 30 MINS,,SABBATH,300,0,300,new,,paid,completed
2026-03-08,12:00:00,Kim Jericho De Guzman,COMBINATION,,SABBATH,750,0,750,new,,paid,completed
2026-03-08,12:00:00,Giselle Dela Cruz,MANICURE,,LE NAILS,150,0,150,new,,paid,completed
2026-03-08,12:00:00,Giselle Dela Cruz,PEDICURE,,LE NAILS,200,0,200,new,,paid,completed
2026-03-08,12:00:00,Francine Sy,PEDICURE,,LE NAILS,200,0,200,new,,paid,completed
2026-03-08,12:00:00,Francine Sy,PEDICURE,,LE NAILS,200,0,200,new,,paid,completed
2026-03-08,12:00:00,Francine Sy,MANICURE,,LE NAILS,150,0,150,new,,paid,completed
2026-03-08,12:00:00,Francine Sy,REGULAR POLISH,,LE NAILS,50,0,50,new,,paid,completed
2026-03-08,12:00:00,Francine Sy,REGULAR POLISH,,LE NAILS,50,0,50,new,,paid,completed
2026-03-08,12:00:00,Loy Claudio,PACKAGE A,,LE NAILS,600,0,600,new,,paid,completed
2026-03-08,12:00:00,Loy Claudio,REGULAR POLISH,,LE NAILS,50,0,50,new,,paid,completed
2026-03-08,12:00:00,Loy Claudio,REGULAR POLISH,,LE NAILS,50,0,50,new,,paid,completed
2026-03-09,12:00:00,Vanessa Diano,COMBINATION,,SABBATH,750,0,750,new,,paid,completed
2026-03-09,12:00:00,Vanessa Diano,ADDITIONAL 30 MINS,,SABBATH,300,0,300,new,,paid,completed
2026-03-09,12:00:00,Olga Magpantay,COMBINATION,,SABBATH,750,0,750,new,,paid,completed
2026-03-09,12:00:00,Olga Magpantay,ADDITIONAL 30 MINS,,SABBATH,300,0,300,new,,paid,completed
2026-03-09,12:00:00,Maricel De Regla,"SABBATH SIGNATURE FOOT, HEAD, NECK & SHOULDER",,SABBATH,750,0,750,new,,paid,completed
2026-03-09,12:00:00,Cherrie Natividad,COMBINATION,,SABBATH,750,0,750,new,,paid,completed
2026-03-09,12:00:00,Sid Nathan Fernandez,COMBINATION W/ HOT STONE,,SABBATH,1250,0,1250,new,,paid,completed
2026-03-09,12:00:00,Shirley Taja,TRADITIONAL HILOT WITH VENTOSA,,SABBATH,1500,0,1500,new,,paid,completed
2026-03-09,12:00:00,Jhun Taja,TRADITIONAL HILOT WITH VENTOSA,,SABBATH,1500,0,1500,new,,paid,completed
2026-03-09,12:00:00,Arnold Reyes,"SABBATH SIGNATURE FOOT, HEAD, NECK & SHOULDER",,SABBATH,750,0,750,new,,paid,completed
2026-03-09,12:00:00,Stella Eusebio,"SABBATH SIGNATURE FOOT, HEAD, NECK & SHOULDER",,SABBATH,750,0,750,new,,paid,completed
2026-03-09,12:00:00,Vangie Oro,SWEDISH,,SABBATH,600,0,600,new,,paid,completed
2026-03-09,12:00:00,Orly Oro,SWEDISH,,SABBATH,600,0,600,new,,paid,completed
2026-03-09,12:00:00,Kushy Millares,"SABBATH SIGNATURE FOOT, HEAD, NECK & SHOULDER",,SABBATH,750,0,750,new,,paid,completed
2026-03-09,12:00:00,Aljohn Gamboa,SWEDISH,,SABBATH,600,0,600,new,,paid,completed
2026-03-09,12:00:00,Cherrie Natividad,PEDICURE,,LE NAILS,200,0,200,new,,paid,completed
2026-03-09,12:00:00,Cherrie Natividad,REGULAR POLISH,,LE NAILS,50,0,50,new,,paid,completed
2026-03-09,12:00:00,Lyneth,PEDICURE,,LE NAILS,200,0,200,new,,paid,completed
2026-03-09,12:00:00,Lyneth,REGULAR POLISH,,LE NAILS,50,0,50,new,,paid,completed
2026-03-10,12:00:00,Vanessa Diano,COMBINATION W/ HOT STONE,,SABBATH,1250,0,1250,new,,paid,completed
2026-03-10,12:00:00,Vanessa Diano,ADDITIONAL 30 MINS,,SABBATH,300,0,300,new,,paid,completed
2026-03-10,12:00:00,Olga Magpantay,COMBINATION W/ HOT STONE,,SABBATH,1250,0,1250,new,,paid,completed
2026-03-10,12:00:00,Olga Magpantay,ADDITIONAL 30 MINS,,SABBATH,300,0,300,new,,paid,completed
2026-03-10,12:00:00,Maricel De Regla,COMBINATION,,SABBATH,750,0,750,new,,paid,completed
2026-03-10,12:00:00,Cherrie Natividad,"SABBATH SIGNATURE FOOT, HEAD, NECK & SHOULDER",,SABBATH,750,0,750,new,,paid,completed
2026-03-10,12:00:00,Sid Nathan Fernandez,COMBINATION W/ HOT STONE,,SABBATH,1250,0,1250,new,,paid,completed
2026-03-10,12:00:00,Shirley Taja,TRADITIONAL HILOT WITH VENTOSA,,SABBATH,1500,0,1500,new,,paid,completed
2026-03-10,12:00:00,Jhun Taja,TRADITIONAL HILOT WITH VENTOSA,,SABBATH,1500,0,1500,new,,paid,completed
2026-03-10,12:00:00,Arnold Reyes,"SABBATH SIGNATURE FOOT, HEAD, NECK & SHOULDER",,SABBATH,750,0,750,new,,paid,completed
2026-03-10,12:00:00,Stella Eusebio,"SABBATH SIGNATURE FOOT, HEAD, NECK & SHOULDER",,SABBATH,750,0,750,new,,paid,completed
2026-03-10,12:00:00,Vangie Oro,SWEDISH,,SABBATH,600,0,600,new,,paid,completed
2026-03-10,12:00:00,Orly Oro,SWEDISH,,SABBATH,600,0,600,new,,paid,completed
2026-03-10,12:00:00,Kushy Millares,"SABBATH SIGNATURE FOOT, HEAD, NECK & SHOULDER",,SABBATH,750,0,750,new,,paid,completed
2026-03-10,12:00:00,Aljohn Gamboa,SWEDISH,,SABBATH,600,0,600,new,,paid,completed
2026-03-10,12:00:00,Lyneth,PEDICURE,,LE NAILS,200,0,200,new,,paid,completed
2026-03-10,12:00:00,Lyneth,REGULAR POLISH,,LE NAILS,50,0,50,new,,paid,completed
2026-03-10,12:00:00,Cherrie Natividad,PEDICURE,,LE NAILS,200,0,200,new,,paid,completed
2026-03-10,12:00:00,Cherrie Natividad,REGULAR POLISH,,LE NAILS,50,0,50,new,,paid,completed
2026-03-11,12:00:00,Ghiesher Santos,SABBATH PACKAGE 1,,SABBATH,2000,0,2000,new,,paid,completed
2026-03-11,12:00:00,Anthony Rivera,SABBATH SIGNATURE,,SABBATH,1000,0,1000,new,,paid,completed
2026-03-11,12:00:00,Len Basco,SABBATH SIGNATURE,,SABBATH,1000,0,1000,new,,paid,completed
2026-03-11,12:00:00,Ronelon Santiago,"SABBATH SIGNATURE FOOT, HEAD, NECK & SHOULDER",,SABBATH,750,0,750,new,,paid,completed
2026-03-11,12:00:00,Cris Petesa,COMBINATION,,SABBATH,750,0,750,new,,paid,completed
2026-03-11,12:00:00,Arlene Morales,COMBINATION W/ HOT STONE,,SABBATH,1250,0,1250,new,,paid,completed
2026-03-11,12:00:00,Gemello Morales,TRADITIONAL HILOT WITH VENTOSA,,SABBATH,1500,300,1200,new,,paid,completed
2026-03-11,12:00:00,Rosanito Villanueva,SWEDISH,,SABBATH,600,0,600,new,,paid,completed
2026-03-11,12:00:00,Rosanito Villanueva,ADDITIONAL 30 MINS,,SABBATH,300,0,300,new,,paid,completed
2026-03-11,12:00:00,John Villanueva,SWEDISH,,SABBATH,600,0,600,new,,paid,completed
2026-03-11,12:00:00,John Villanueva,ADDITIONAL 30 MINS,,SABBATH,300,0,300,new,,paid,completed
2026-03-11,12:00:00,Ellen Roman,COMBINATION W/ HOT STONE,,SABBATH,1250,0,1250,new,,paid,completed
2026-03-11,12:00:00,Ramon Roman,COMBINATION W/ HOT STONE,,SABBATH,1250,0,1250,new,,paid,completed
2026-03-11,12:00:00,Eva Bartley,TRADITIONAL HILOT WITH VENTOSA,,SABBATH,1500,0,1500,new,,paid,completed
2026-03-11,12:00:00,Mario Reyes,SWEDISH,,SABBATH,600,600,0,new,,paid,completed
2026-03-11,12:00:00,Josephine Reyes,COMBINATION,,SABBATH,750,150,600,new,,paid,completed
2026-03-11,12:00:00,Josephine Reyes,ADDITIONAL 30 MINS,,SABBATH,300,0,300,new,,paid,completed
2026-03-11,12:00:00,Rose Tabuchi,COMBINATION,,SABBATH,750,0,750,new,,paid,completed
2026-03-11,12:00:00,Yuriu Tabuchi,SWEDISH,,SABBATH,600,0,600,new,,paid,completed
2026-03-11,12:00:00,Nina Gonzales,COMBINATION W/ HOT STONE,,SABBATH,1250,0,1250,new,,paid,completed
2026-03-11,12:00:00,Kat Lising,COMBINATION W/ HOT STONE,,SABBATH,1250,0,1250,new,,paid,completed
2026-03-11,12:00:00,Jd Guimba,PEDICURE,,LE NAILS,200,0,200,new,,paid,completed
2026-03-11,12:00:00,Grace,MANICURE,,LE NAILS,150,0,150,new,,paid,completed
2026-03-11,12:00:00,Grace,MANICURE,,LE NAILS,150,0,150,new,,paid,completed
2026-03-11,12:00:00,Grace,FOOT SPA,,LE NAILS,350,0,350,new,,paid,completed
2026-03-11,12:00:00,Grace,REGULAR POLISH,,LE NAILS,50,0,50,new,,paid,completed
2026-03-11,12:00:00,Grace,REGULAR POLISH,,LE NAILS,50,0,50,new,,paid,completed
2026-03-11,12:00:00,Roscel Perez,SOFT GEL NAIL EXTENSION,,LE NAILS,800,0,800,new,,paid,completed
2026-03-11,12:00:00,Roscel Perez,FOOT SPA,,LE NAILS,350,0,350,new,,paid,completed
2026-03-11,12:00:00,Roscel Perez,PEDICURE,,LE NAILS,200,0,200,new,,paid,completed
2026-03-11,12:00:00,Roscel Perez,REGULAR POLISH,,LE NAILS,50,0,50,new,,paid,completed
2026-03-12,12:00:00,Kaorie Almatel,GROWTH,,SABBATH,500,0,500,new,,paid,completed
2026-03-12,12:00:00,Rea Fabian,TRADITIONAL HILOT WITH VENTOSA,,SABBATH,1500,0,1500,new,,paid,completed
2026-03-12,12:00:00,Rea Fabian,ADDITIONAL 30 MINS,,SABBATH,300,0,300,new,,paid,completed
2026-03-12,12:00:00,Rey Fabian,TRADITIONAL HILOT WITH VENTOSA,,SABBATH,1500,0,1500,new,,paid,completed
2026-03-12,12:00:00,Rey Fabian,ADDITIONAL 30 MINS,,SABBATH,300,0,300,new,,paid,completed
2026-03-12,12:00:00,Shane Carangan,SABBATH PACKAGE 1,,SABBATH,2000,0,2000,new,,paid,completed
2026-03-12,12:00:00,Lara De Leon,COMBINATION,,SABBATH,750,0,750,new,,paid,completed
2026-03-12,12:00:00,Lara De Leon,ADDITIONAL 30 MINS,,SABBATH,300,0,300,new,,paid,completed
2026-03-12,12:00:00,Anjo De Leon,COMBINATION,,SABBATH,750,0,750,new,,paid,completed
2026-03-12,12:00:00,Anjo De Leon,ADDITIONAL 30 MINS,,SABBATH,300,0,300,new,,paid,completed
2026-03-12,12:00:00,Ma. Fatima Cruz,AROMATHERAPY OIL WITH HERBAL BALL,,SABBATH,1000,0,1000,new,,paid,completed
2026-03-12,12:00:00,Ma. Fatima Cruz,ADDITIONAL 30 MINS,,SABBATH,300,0,300,new,,paid,completed
2026-03-12,12:00:00,Christel Pangan,SABBATH FOOT REFLEX,,SABBATH,600,600,0,new,,paid,completed
2026-03-12,12:00:00,Jhoben Gonzales,SWEDISH,,SABBATH,600,0,600,new,,paid,completed
2026-03-12,12:00:00,Jhoben Gonzales,ADDITIONAL 30 MINS,,SABBATH,300,0,300,new,,paid,completed
2026-03-12,12:00:00,Eya Talampas,"SABBATH SIGNATURE FOOT, HEAD, NECK & SHOULDER",,SABBATH,750,0,750,new,,paid,completed
2026-03-12,12:00:00,Angelica Ramos,COMBINATION,,SABBATH,750,0,750,new,,paid,completed
2026-03-12,12:00:00,Carl Sam,COMBINATION,,SABBATH,750,0,750,new,,paid,completed
2026-03-12,12:00:00,Ma'am Gia,SABBATH FOOT REFLEX,,SABBATH,600,600,0,new,,paid,completed
2026-03-12,12:00:00,Atty Trish,SABBATH SIGNATURE,,SABBATH,1000,1000,0,new,,paid,completed
2026-03-12,12:00:00,Gracelle,FOOT SPA,,LE NAILS,350,0,350,new,,paid,completed
2026-03-12,12:00:00,Gracelle,REGULAR POLISH,,LE NAILS,50,0,50,new,,paid,completed
2026-03-12,12:00:00,Gracelle,PEDICURE,,LE NAILS,200,0,200,new,,paid,completed
2026-03-12,12:00:00,Gracelle,PEDICURE,,LE NAILS,200,0,200,new,,paid,completed
2026-03-12,12:00:00,Gracelle,MANICURE,,LE NAILS,150,0,150,new,,paid,completed
2026-03-13,12:00:00,Nico Salaysay,COMBINATION,,SABBATH,750,0,750,new,,paid,completed
2026-03-13,12:00:00,Nina Tolentino,SWEDISH,,SABBATH,600,0,600,new,,paid,completed
2026-03-13,12:00:00,Nina Tolentino,ADDITIONAL 30 MINS,,SABBATH,300,0,300,new,,paid,completed
2026-03-13,12:00:00,Lilian De Guzman,SWEDISH,,SABBATH,600,0,600,new,,paid,completed
2026-03-13,12:00:00,Jaynie David,COMBINATION W/ HOT STONE,,SABBATH,1250,0,1250,new,,paid,completed
2026-03-13,12:00:00,John Altheo Sarmiento,"SABBATH SIGNATURE FOOT, HEAD, NECK & SHOULDER",,SABBATH,750,0,750,new,,paid,completed
2026-03-13,12:00:00,Nikki Gatchalian,AROMATHERAPY OIL WITH HERBAL BALL,,SABBATH,1000,0,1000,new,,paid,completed
2026-03-13,12:00:00,Wilfredo Gatchalian,AROMATHERAPY OIL WITH HERBAL BALL,,SABBATH,1000,0,1000,new,,paid,completed
2026-03-13,12:00:00,Tricia Ricio,SWEDISH,,SABBATH,600,0,600,new,,paid,completed
2026-03-13,12:00:00,Luis Ricio,SWEDISH,,SABBATH,600,0,600,new,,paid,completed
2026-03-13,12:00:00,Lei De Jesus,SWEDISH,,SABBATH,600,0,600,new,,paid,completed
2026-03-13,12:00:00,Patrick De Jesus,SWEDISH,,SABBATH,600,0,600,new,,paid,completed
2026-03-13,12:00:00,Paulo Pagtalunan,COMBINATION W/ HOT STONE,,SABBATH,1250,0,1250,new,,paid,completed
2026-03-13,12:00:00,Rizza Pagtalunan,COMBINATION W/ HOT STONE,,SABBATH,1250,0,1250,new,,paid,completed
2026-03-13,12:00:00,Johanna Valerio,COMBINATION,,SABBATH,750,0,750,new,,paid,completed
2026-03-13,12:00:00,Jhoana Fuster,COMBINATION,,SABBATH,750,0,750,new,,paid,completed
2026-03-13,12:00:00,Jhoana Fuster,ADDITIONAL 30 MINS,,SABBATH,300,0,300,new,,paid,completed
2026-03-14,12:00:00,Patrick jayson Santiago,SWEDISH,,SABBATH,600,0,600,new,,paid,completed
2026-03-14,12:00:00,Jessica Bondoc,SWEDISH,,SABBATH,600,0,600,new,,paid,completed
2026-03-14,12:00:00,Emily Jardin,SWEDISH,,SABBATH,600,0,600,new,,paid,completed
2026-03-14,12:00:00,Jay Santiago,COMBINATION,,SABBATH,750,0,750,new,,paid,completed
2026-03-14,12:00:00,Jason Mauricio,COMBINATION,,SABBATH,750,0,750,new,,paid,completed
2026-03-14,12:00:00,Jerald De Chavez,COMBINATION,,SABBATH,750,0,750,new,,paid,completed
2026-03-14,12:00:00,Reggie Fernandez,TRADITIONAL HILOT WITH VENTOSA,,SABBATH,1500,600,900,new,,paid,completed
2026-03-14,12:00:00,Reggie Fernandez,ADDITIONAL 30 MINS,,SABBATH,300,120,180,new,,paid,completed
2026-03-14,12:00:00,Harlan Ragay,TRADITIONAL HILOT WITH VENTOSA,,SABBATH,1500,600,900,new,,paid,completed
2026-03-14,12:00:00,Harlan Ragay,ADDITIONAL 30 MINS,,SABBATH,300,120,180,new,,paid,completed
2026-03-14,12:00:00,Ayin Alipio,SWEDISH,,SABBATH,600,0,600,new,,paid,completed
2026-03-14,12:00:00,John Gabriel Pahati,COMBINATION,,SABBATH,750,0,750,new,,paid,completed
2026-03-14,12:00:00,King Borlongan,COMBINATION,,SABBATH,750,0,750,new,,paid,completed
2026-03-14,12:00:00,Anthony,COMBINATION,,SABBATH,750,0,750,new,,paid,completed
2026-03-14,12:00:00,Rodnel Gascon,COMBINATION,,SABBATH,750,0,750,new,,paid,completed
2026-03-14,12:00:00,Enrique Calalang,COMBINATION,,SABBATH,750,0,750,new,,paid,completed
2026-03-14,12:00:00,Enrique Calalang,ADDITIONAL 30 MINS,,SABBATH,300,0,300,new,,paid,completed
2026-03-14,12:00:00,Joy Manaysay,COMBINATION,,SABBATH,750,0,750,new,,paid,completed
2026-03-14,12:00:00,Let Manaysay,SWEDISH,,SABBATH,600,0,600,new,,paid,completed
2026-03-14,12:00:00,Michelle Trajano,SWEDISH,,SABBATH,600,0,600,new,,paid,completed
2026-03-14,12:00:00,MC Trajano,SWEDISH,,SABBATH,600,0,600,new,,paid,completed
2026-03-14,12:00:00,Joseph Eligio,COMBINATION,,SABBATH,750,0,750,new,,paid,completed
2026-03-14,12:00:00,Arjay Tolentino,COMBINATION,,SABBATH,750,0,750,new,,paid,completed
2026-03-14,12:00:00,Julian Marie Gutierrez,AROMATHERAPY OIL WITH HERBAL BALL,,SABBATH,1000,0,1000,new,,paid,completed
2026-03-14,12:00:00,Maricris Gutierrez,TRADITIONAL HILOT WITH VENTOSA,,SABBATH,1500,0,1500,new,,paid,completed
2026-03-14,12:00:00,Jonah Gutierrez,TRADITIONAL HILOT WITH VENTOSA,,SABBATH,1500,0,1500,new,,paid,completed
2026-03-14,12:00:00,Louisa Ponio,SWEDISH,,SABBATH,600,0,600,new,,paid,completed
2026-03-14,12:00:00,Kyla Tan,SWEDISH,,SABBATH,600,0,600,new,,paid,completed
2026-03-14,12:00:00,Danica Buenaventura,SWEDISH,,SABBATH,600,0,600,new,,paid,completed
2026-03-14,12:00:00,Christine Valdez,SWEDISH,,SABBATH,600,0,600,new,,paid,completed
2026-03-14,12:00:00,Christine Valdez,ADDITIONAL 30 MINS,,SABBATH,300,0,300,new,,paid,completed
2026-03-14,12:00:00,Alfonso Joson,SWEDISH,,SABBATH,600,0,600,new,,paid,completed
2026-03-14,12:00:00,Alfonso Joson,ADDITIONAL 30 MINS,,SABBATH,300,0,300,new,,paid,completed
2026-03-14,12:00:00,Lyka Ramos,SLIMMING MASSAGE,,SABBATH,2000,0,2000,new,,paid,completed
2026-03-14,12:00:00,Jerome Buenavemtura,SWEDISH,,SABBATH,600,0,600,new,,paid,completed
2026-03-14,12:00:00,Darwin Ponio,SABBATH FOOT REFLEX,,SABBATH,600,0,600,new,,paid,completed
2026-03-14,12:00:00,Ruth Guntan,COMBINATION W/ HOT STONE,,SABBATH,1250,0,1250,new,,paid,completed
2026-03-14,12:00:00,Ruth Guntan,ADDITIONAL 30 MINS,,SABBATH,300,0,300,new,,paid,completed
2026-03-14,12:00:00,Michelle Priz,AROMATHERAPY OIL WITH HERBAL BALL,,SABBATH,1000,0,1000,new,,paid,completed
2026-03-14,12:00:00,Michelle Priz,ADDITIONAL 30 MINS,,SABBATH,300,0,300,new,,paid,completed
2026-03-14,12:00:00,Eugene,COMBINATION,,SABBATH,750,0,750,new,,paid,completed
2026-03-14,12:00:00,Reggie Fernandez,PACKAGE A,,LE NAILS,600,0,600,new,,paid,completed
2026-03-14,12:00:00,Reggie Fernandez,REGULAR POLISH,,LE NAILS,50,0,50,new,,paid,completed
2026-03-14,12:00:00,Reggie Fernandez,REGULAR POLISH,,LE NAILS,50,0,50,new,,paid,completed
2026-03-15,12:00:00,Ferdie Balaga,COMBINATION,,SABBATH,750,0,750,new,,paid,completed
2026-03-15,12:00:00,Herminia Balaga,COMBINATION,,SABBATH,750,0,750,new,,paid,completed
2026-03-15,12:00:00,Ma'am Gia,"SABBATH SIGNATURE FOOT, HEAD, NECK & SHOULDER",,SABBATH,750,750,0,new,,paid,completed
2026-03-15,12:00:00,Alaine De Jesus,SWEDISH,,SABBATH,600,0,600,new,,paid,completed
2026-03-15,12:00:00,Vivian Siccuan,COMBINATION W/ HOT STONE,,SABBATH,1250,0,1250,new,,paid,completed
2026-03-15,12:00:00,Vivian Siccuan,ADDITIONAL 30 MINS,,SABBATH,300,0,300,new,,paid,completed
2026-03-15,12:00:00,Cha Carlos,COMBINATION,,SABBATH,750,0,750,new,,paid,completed
2026-03-15,12:00:00,Cha Carlos,COMBINATION,,SABBATH,750,0,750,new,,paid,completed
2026-03-15,12:00:00,Renzo Sanchez,COMBINATION,,SABBATH,750,0,750,new,,paid,completed
2026-03-15,12:00:00,Renzo Sanchez,COMBINATION,,SABBATH,750,0,750,new,,paid,completed
2026-03-15,12:00:00,Jerome Dela Cruz,COMBINATION,,SABBATH,750,0,750,new,,paid,completed
2026-03-15,12:00:00,Eric Medina,COMBINATION,,SABBATH,750,0,750,new,,paid,completed
2026-03-15,12:00:00,Candy Mundo,COMBINATION,,SABBATH,750,0,750,new,,paid,completed
2026-03-15,12:00:00,Candy Mundo,ADDITIONAL 30 MINS,,SABBATH,300,0,300,new,,paid,completed
2026-03-15,12:00:00,Ryan Lagman,SWEDISH,,SABBATH,600,0,600,new,,paid,completed
2026-03-15,12:00:00,Maricel Lagman,SWEDISH,,SABBATH,600,0,600,new,,paid,completed
2026-03-15,12:00:00,Sam Sumalca,COMBINATION,,SABBATH,750,0,750,new,,paid,completed
2026-03-15,12:00:00,Sam SUmalca,ADDITIONAL 30 MINS,,SABBATH,300,0,300,new,,paid,completed
2026-03-15,12:00:00,James Sumalca,COMBINATION,,SABBATH,750,0,750,new,,paid,completed
2026-03-15,12:00:00,James Sumalca,ADDITIONAL 30 MINS,,SABBATH,300,0,300,new,,paid,completed
2026-03-15,12:00:00,Bianca Yap,TRADITIONAL HILOT WITH VENTOSA,,SABBATH,1500,0,1500,new,,paid,completed
2026-03-15,12:00:00,Jelo Valenciano,TRADITIONAL HILOT WITH VENTOSA,,SABBATH,1500,0,1500,new,,paid,completed
2026-03-15,12:00:00,Venus Miranda,SWEDISH,,SABBATH,600,0,600,new,,paid,completed
2026-03-15,12:00:00,Nicole Miranda,SWEDISH,,SABBATH,600,0,600,new,,paid,completed
2026-03-15,12:00:00,Herminia Balaga,PACKAGE A,,LE NAILS,600,0,600,new,,paid,completed
2026-03-15,12:00:00,Herminia Balaga,PACKAGE A,,LE NAILS,600,0,600,new,,paid,completed
2026-03-15,12:00:00,Herminia Balaga,REGULAR POLISH,,LE NAILS,50,0,50,new,,paid,completed
2026-03-15,12:00:00,Hannah Tejolan,PACKAGE C,,LE NAILS,700,0,700,new,,paid,completed
2026-03-15,12:00:00,Hannah Tejolan,FOOT SPA,,LE NAILS,350,0,350,new,,paid,completed
2026-03-16,12:00:00,Marycris Pangilinan,COMBINATION,,SABBATH,750,0,750,new,,paid,completed
2026-03-16,12:00:00,Marycris Pangilinan,ADDITIONAL 30 MINS,,SABBATH,300,0,300,new,,paid,completed
2026-03-16,12:00:00,Lyn Santos,SABBATH SIGNATURE,,SABBATH,1000,0,1000,new,,paid,completed
2026-03-16,12:00:00,Virginia Dayao,SABBATH SIGNATURE,,SABBATH,1000,0,1000,new,,paid,completed
2026-03-16,12:00:00,Sarah Blas,TRADITIONAL HILOT WITH VENTOSA,,SABBATH,1500,0,1500,new,,paid,completed
2026-03-16,12:00:00,Michelle Romero,COMBINATION,,SABBATH,750,0,750,new,,paid,completed
2026-03-16,12:00:00,John Wesley Sanggalang,COMBINATION,,SABBATH,750,0,750,new,,paid,completed
2026-03-16,12:00:00,Virginia Dayao,PACKAGE A,,LE NAILS,600,0,600,new,,paid,completed
2026-03-16,12:00:00,Virginia Dayao,PACKAGE C,,LE NAILS,700,0,700,new,,paid,completed
2026-03-16,12:00:00,Virginia Dayao,REGULAR POLISH,,LE NAILS,50,0,50,new,,paid,completed
2026-03-16,12:00:00,Virginia Dayao,REGULAR POLISH,,LE NAILS,50,0,50,new,,paid,completed
2026-03-16,12:00:00,Virginia Dayao,REGULAR POLISH,,LE NAILS,50,0,50,new,,paid,completed
2026-03-16,12:00:00,Em Gonzales,SOFT GEL NAIL EXTENSION,,LE NAILS,800,0,800,new,,paid,completed
2026-03-16,12:00:00,Em Gonzales,SOFT GEL REMOVER,,LE NAILS,300,0,300,new,,paid,completed
2026-03-16,12:00:00,Em Gonzales,REGULAR POLISH,,LE NAILS,50,0,50,new,,paid,completed
2026-03-16,12:00:00,Em Gonzales,REGULAR POLISH,,LE NAILS,50,0,50,new,,paid,completed
2026-03-17,12:00:00,Jette Pascual,COMBINATION,,SABBATH,750,0,750,new,,paid,completed
2026-03-17,12:00:00,Jette Pascual,ADDITIONAL 30 MINS,,SABBATH,300,0,300,new,,paid,completed
2026-03-17,12:00:00,Faye Gonzales,SHIATSU,,SABBATH,600,0,600,new,,paid,completed
2026-03-17,12:00:00,Aiya Darcen,SHIATSU,,SABBATH,600,0,600,new,,paid,completed
2026-03-17,12:00:00,Ma'am Trish,TRADITIONAL HILOT WITH VENTOSA,,SABBATH,1500,1500,0,new,,paid,completed
2026-03-17,12:00:00,Alvin Perez,AROMATHERAPY OIL WITH HERBAL BALL,,SABBATH,1000,0,1000,new,,paid,completed
2026-03-17,12:00:00,Florence Perez,AROMATHERAPY OIL WITH HERBAL BALL,,SABBATH,1000,0,1000,new,,paid,completed
2026-03-17,12:00:00,Macky Gerona,SWEDISH,,SABBATH,600,0,600,new,,paid,completed
2026-03-17,12:00:00,Rawan Biugos,SWEDISH,,SABBATH,600,0,600,new,,paid,completed
2026-03-17,12:00:00,Rose Santiago,SOFT GEL NAIL EXTENSION,,LE NAILS,800,0,800,new,,paid,completed
2026-03-17,12:00:00,Rose Santiago,REGULAR POLISH,,LE NAILS,50,0,50,new,,paid,completed
2026-03-17,12:00:00,Rose Santiago,REGULAR POLISH,,LE NAILS,50,0,50,new,,paid,completed
2026-03-17,12:00:00,Rose Santiago,PEDICURE,,LE NAILS,200,0,200,new,,paid,completed
2026-03-18,12:00:00,Psalm Garcia,POST & PRE NATAL W/ LACTATION,,SABBATH,2000,0,2000,new,,paid,completed
2026-03-18,12:00:00,Piolo Garcia,COMBINATION,,SABBATH,750,0,750,new,,paid,completed
2026-03-18,12:00:00,Michelle Chua,SWEDISH,,SABBATH,600,0,600,new,,paid,completed
2026-03-18,12:00:00,Princess Onoya,TRADITIONAL HILOT WITH VENTOSA,,SABBATH,1500,0,1500,new,,paid,completed
2026-03-18,12:00:00,Bryan Onoya,TRADITIONAL HILOT WITH VENTOSA,,SABBATH,1500,0,1500,new,,paid,completed
2026-03-18,12:00:00,Dea Cruz,COMBINATION W/ HOT STONE,,SABBATH,1250,0,1250,new,,paid,completed
2026-03-18,12:00:00,Dea Cruz,ADDITIONAL 30 MINS,,SABBATH,300,0,300,new,,paid,completed
2026-03-18,12:00:00,Zane Tamayo,COMBINATION,,SABBATH,750,0,750,new,,paid,completed
2026-03-18,12:00:00,Estueto Somera,COMBINATION,,SABBATH,750,0,750,new,,paid,completed
2026-03-18,12:00:00,Lala Lopez,COMBINATION,,SABBATH,750,0,750,new,,paid,completed
2026-03-18,12:00:00,Carlo Cudia,COMBINATION,,SABBATH,750,0,750,new,,paid,completed
2026-03-18,12:00:00,Jas Santiago,SWEDISH,,SABBATH,600,0,600,new,,paid,completed
2026-03-18,12:00:00,Rose Santiago,MANICURE,,LE NAILS,150,0,150,new,,paid,completed
2026-03-18,12:00:00,Rose Santiago,PEDICURE,,LE NAILS,200,0,200,new,,paid,completed
2026-03-18,12:00:00,Rose Santiago,REGULAR POLISH,,LE NAILS,50,0,50,new,,paid,completed
2026-03-18,12:00:00,Rose Santiago,REGULAR POLISH,,LE NAILS,50,0,50,new,,paid,completed
2026-03-18,12:00:00,Anne Verdon,PACKAGE C,,LE NAILS,700,0,700,new,,paid,completed
2026-03-18,12:00:00,Anne Verdon,REGULAR POLISH,,LE NAILS,50,0,50,new,,paid,completed
2026-03-19,12:00:00,Hannah Cruz,SWEDISH,,SABBATH,600,0,600,new,,paid,completed
2026-03-19,12:00:00,Hannah Cruz,ADDITIONAL 30 MINS,,SABBATH,300,0,300,new,,paid,completed
2026-03-19,12:00:00,Dianne Dayao,SWEDISH,,SABBATH,600,0,600,new,,paid,completed
2026-03-19,12:00:00,Dianne Dayao,ADDITIONAL 30 MINS,,SABBATH,300,0,300,new,,paid,completed
2026-03-19,12:00:00,Leo Caberto,COMBINATION,,SABBATH,750,0,750,new,,paid,completed
2026-03-19,12:00:00,Leo Caberto,ADDITIONAL 30 MINS,,SABBATH,300,0,300,new,,paid,completed
2026-03-19,12:00:00,Precious Grace Escuero,SWEDISH,,SABBATH,600,0,600,new,,paid,completed
2026-03-19,12:00:00,Princess Escuero,SWEDISH,,SABBATH,600,0,600,new,,paid,completed
2026-03-19,12:00:00,Connie Escuero,SWEDISH,,SABBATH,600,0,600,new,,paid,completed
2026-03-19,12:00:00,Greg Escuero,SWEDISH,,SABBATH,600,0,600,new,,paid,completed
2026-03-19,12:00:00,Tita Fernandez,SWEDISH,,SABBATH,600,240,360,new,,paid,completed
2026-03-19,12:00:00,Shiela Marie Bulus,"SABBATH SIGNATURE FOOT, HEAD, NECK & SHOULDER",,SABBATH,750,0,750,new,,paid,completed
2026-03-19,12:00:00,Rodel De Leon,COMBINATION,,SABBATH,750,0,750,new,,paid,completed
2026-03-19,12:00:00,Margarette Reyes,SWEDISH,,SABBATH,600,0,600,new,,paid,completed
2026-03-19,12:00:00,Kathreen Jumarang,COMBINATION,,SABBATH,750,0,750,new,,paid,completed
2026-03-19,12:00:00,Kathreen Jumarang,ADDITIONAL 30 MINS,,SABBATH,300,0,300,new,,paid,completed
2026-03-19,12:00:00,Annaliza Serrano,SWEDISH,,SABBATH,600,0,600,new,,paid,completed
2026-03-19,12:00:00,Bong Jumarang,COMBINATION,,SABBATH,750,0,750,new,,paid,completed
2026-03-19,12:00:00,Bong Jumarang,ADDITIONAL 30 MINS,,SABBATH,300,0,300,new,,paid,completed
2026-03-19,12:00:00,Elizabeth Reyes,SWEDISH,,SABBATH,600,120,480,new,,paid,completed
2026-03-19,12:00:00,Ralph David,COMBINATION,,SABBATH,750,0,750,new,,paid,completed
2026-03-19,12:00:00,Felimon Tamayo,SWEDISH,,SABBATH,600,0,600,new,,paid,completed
2026-03-19,12:00:00,Franz Tamayo,SWEDISH,,SABBATH,600,0,600,new,,paid,completed
2026-03-19,12:00:00,Princess Del Rosario,SABBATH SIGNATURE,,SABBATH,1000,0,1000,new,,paid,completed
2026-03-19,12:00:00,Adrian Diaz,TRADITIONAL HILOT WITH VENTOSA,,SABBATH,1500,0,1500,new,,paid,completed
2026-03-19,12:00:00,Mario Reyes,SWEDISH,,SABBATH,600,600,0,new,,paid,completed
2026-03-19,12:00:00,Jo Reyes,COMBINATION,,SABBATH,750,150,600,new,,paid,completed
2026-03-19,12:00:00,Jo Reyes,ADDITIONAL 30 MINS,,SABBATH,300,0,300,new,,paid,completed
2026-03-19,12:00:00,Jayniel Meneses,SWEDISH,,SABBATH,600,0,600,new,,paid,completed
2026-03-19,12:00:00,Cristina,SWEDISH,,SABBATH,600,0,600,new,,paid,completed
2026-03-19,12:00:00,Mary Grace,SWEDISH,,SABBATH,600,0,600,new,,paid,completed
2026-03-19,12:00:00,Elexander Santos,SWEDISH,,SABBATH,600,0,600,new,,paid,completed
2026-03-19,12:00:00,Marvie Cunanan,COMBINATION,,SABBATH,750,0,750,new,,paid,completed
2026-03-19,12:00:00,Joanna Elazegui,"SABBATH SIGNATURE FOOT, HEAD, NECK & SHOULDER",,SABBATH,750,0,750,new,,paid,completed
2026-03-19,12:00:00,Roel Elazegui,"SABBATH SIGNATURE FOOT, HEAD, NECK & SHOULDER",,SABBATH,750,0,750,new,,paid,completed
2026-03-19,12:00:00,Eugene Princena,COMBINATION W/ HOT STONE,,SABBATH,1250,0,1250,new,,paid,completed
2026-03-19,12:00:00,Princess Del Rosario,PEDICURE,,LE NAILS,200,0,200,new,,paid,completed
2026-03-19,12:00:00,Princess Del Rosario,PEDICURE,,LE NAILS,200,0,200,new,,paid,completed
2026-03-19,12:00:00,Jelyn Magsakay,SOFT GEL NAIL EXTENSION,,LE NAILS,800,0,800,new,,paid,completed
2026-03-19,12:00:00,Jelyn Magsakay,SOFT GEL REMOVER,,LE NAILS,300,0,300,new,,paid,completed
2026-03-19,12:00:00,Elizabeth Reyes,MANICURE,,LE NAILS,150,0,150,new,,paid,completed
2026-03-19,12:00:00,Elizabeth Reyes,MANICURE,,LE NAILS,150,0,150,new,,paid,completed
2026-03-19,12:00:00,Elizabeth Reyes,PEDICURE,,LE NAILS,200,0,200,new,,paid,completed
2026-03-19,12:00:00,Elizabeth Reyes,PEDICURE,,LE NAILS,200,0,200,new,,paid,completed
2026-03-19,12:00:00,Elizabeth Reyes,REGULAR POLISH,,LE NAILS,50,0,50,new,,paid,completed
2026-03-19,12:00:00,Legend Pharma,PACKAGE A,,LE NAILS,600,0,600,new,,paid,completed
2026-03-19,12:00:00,Legend Pharma,PACKAGE A,,LE NAILS,600,0,600,new,,paid,completed
2026-03-19,12:00:00,Legend Pharma,PACKAGE C,,LE NAILS,700,0,700,new,,paid,completed
2026-03-19,12:00:00,Tita Fernandez,MANICURE,,LE NAILS,150,0,150,new,,paid,completed
2026-03-19,12:00:00,Tita Fernandez,PEDICURE,,LE NAILS,200,0,200,new,,paid,completed
2026-03-20,12:00:00,Jane Domingo,TRADITIONAL HILOT WITH VENTOSA,,SABBATH,1500,0,1500,new,,paid,completed
2026-03-20,12:00:00,Mark Domingo,TRADITIONAL HILOT WITH VENTOSA,,SABBATH,1500,0,1500,new,,paid,completed
2026-03-20,12:00:00,Kim Reyes,"HEAD, BACK & SHOULDER",,SABBATH,400,80,320,new,,paid,completed
2026-03-20,12:00:00,Bryan Reyes,"HEAD, BACK & SHOULDER",,SABBATH,400,80,320,new,,paid,completed
2026-03-20,12:00:00,Japong Ramos,COMBINATION,,SABBATH,750,0,750,new,,paid,completed
2026-03-20,12:00:00,Andrea Santos,SWEDISH,,SABBATH,600,0,600,new,,paid,completed
2026-03-20,12:00:00,Maria Sofhia Santos,SABBATH PACKAGE 1,,SABBATH,2000,0,2000,new,,paid,completed
2026-03-20,12:00:00,Brianne Santos,SABBATH PACKAGE 1,,SABBATH,2000,0,2000,new,,paid,completed
2026-03-20,12:00:00,Gordon Mines,COMBINATION,,SABBATH,750,0,750,new,,paid,completed
2026-03-20,12:00:00,Farrah Mines,COMBINATION,,SABBATH,750,0,750,new,,paid,completed
2026-03-20,12:00:00,Edward Angeles,COMBINATION,,SABBATH,750,0,750,new,,paid,completed
2026-03-20,12:00:00,Edward Angeles,COMBINATION,,SABBATH,750,0,750,new,,paid,completed
2026-03-20,12:00:00,Angie Dimaguiba,SWEDISH,,SABBATH,600,0,600,new,,paid,completed
2026-03-20,12:00:00,Willie Dimaguiba,SWEDISH,,SABBATH,600,120,480,new,,paid,completed
2026-03-20,12:00:00,Mimi Mamerca,PREMIUM PRIVATE ROOM,,SABBATH,1500,0,1500,new,,paid,completed
2026-03-20,12:00:00,Kimmy Doms,MANICURE,,LE NAILS,150,0,150,new,,paid,completed
2026-03-20,12:00:00,Kimmy Doms,MANICURE,,LE NAILS,150,0,150,new,,paid,completed
2026-03-20,12:00:00,Kimmy Doms,PEDICURE,,LE NAILS,200,0,200,new,,paid,completed
2026-03-20,12:00:00,Kimmy Doms,REGULAR POLISH,,LE NAILS,50,0,50,new,,paid,completed
2026-03-20,12:00:00,Kimmy Doms,REGULAR POLISH,,LE NAILS,50,0,50,new,,paid,completed
2026-03-20,12:00:00,Evangeline Cinco,FOOT SPA,,LE NAILS,350,0,350,new,,paid,completed
2026-03-20,12:00:00,Evangeline Cinco,NAIL GEL REMOVAL,,LE NAILS,150,0,150,new,,paid,completed
2026-03-20,12:00:00,Evangeline Cinco,PEDIGEL CUCCIO,,LE NAILS,550,0,550,new,,paid,completed
2026-03-20,12:00:00,Daisy Deguzman,PACKAGE A,,LE NAILS,600,120,480,new,,paid,completed
2026-03-20,12:00:00,Daisy Deguzman,PACKAGE A,,LE NAILS,600,120,480,new,,paid,completed
2026-03-20,12:00:00,Daisy Deguzman,REGULAR POLISH,,LE NAILS,50,0,50,new,,paid,completed
2026-03-21,12:00:00,Rey Del Mundo,SABBATH PACKAGE 1,,SABBATH,2000,0,2000,new,,paid,completed
2026-03-21,12:00:00,Letty Del Mundo,SABBATH PACKAGE 1,,SABBATH,2000,0,2000,new,,paid,completed
2026-03-21,12:00:00,Joy Manalaysay,COMBINATION,,SABBATH,750,0,750,new,,paid,completed
2026-03-21,12:00:00,John Romero,SWEDISH,,SABBATH,600,0,600,new,,paid,completed
2026-03-21,12:00:00,John Romero,ADDITIONAL 30 MINS,,SABBATH,300,0,300,new,,paid,completed
2026-03-21,12:00:00,Joyce Bernardino,"SABBATH SIGNATURE FOOT, HEAD, NECK & SHOULDER",,SABBATH,750,0,750,new,,paid,completed
2026-03-21,12:00:00,Aries Lucas,COMBINATION,,SABBATH,750,0,750,new,,paid,completed
2026-03-21,12:00:00,Kienly Garcia,COMBINATION,,SABBATH,750,0,750,new,,paid,completed
2026-03-21,12:00:00,Rommel Castro,SWEDISH,,SABBATH,600,0,600,new,,paid,completed
2026-03-21,12:00:00,Winona Arcega,SWEDISH,,SABBATH,600,0,600,new,,paid,completed
2026-03-21,12:00:00,Ged Ople,SWEDISH,,SABBATH,600,0,600,new,,paid,completed
2026-03-21,12:00:00,Aubrey Sabino,SWEDISH,,SABBATH,600,0,600,new,,paid,completed
2026-03-21,12:00:00,Gem Dela Cruz,COMBINATION,,SABBATH,750,0,750,new,,paid,completed
2026-03-21,12:00:00,Myra Ignacio,SABBATH SIGNATURE,,SABBATH,1000,0,1000,new,,paid,completed
2026-03-21,12:00:00,Ek Gabriel,COMBINATION W/ HOT STONE,,SABBATH,1250,0,1250,new,,paid,completed
2026-03-21,12:00:00,Ek Gabriel,ADDITIONAL 30 MINS,,SABBATH,300,0,300,new,,paid,completed
2026-03-21,12:00:00,JM Gabriel,COMBINATION W/ HOT STONE,,SABBATH,1250,0,1250,new,,paid,completed
2026-03-21,12:00:00,JM Gabriel,ADDITIONAL 30 MINS,,SABBATH,300,0,300,new,,paid,completed
2026-03-21,12:00:00,Shaira Gole,SWEDISH,,SABBATH,600,0,600,new,,paid,completed
2026-03-21,12:00:00,Reggie Gole,SWEDISH,,SABBATH,600,0,600,new,,paid,completed
2026-03-21,12:00:00,Mhaze Gone,SWEDISH,,SABBATH,600,0,600,new,,paid,completed
2026-03-21,12:00:00,Myka Mauricio,SWEDISH,,SABBATH,600,0,600,new,,paid,completed
2026-03-21,12:00:00,MIkko Soco,COMBINATION,,SABBATH,750,0,750,new,,paid,completed
2026-03-21,12:00:00,Chini Soriano,COMBINATION,,SABBATH,750,0,750,new,,paid,completed
2026-03-21,12:00:00,Loren Valderama,SABBATH SIGNATURE,,SABBATH,1000,0,1000,new,,paid,completed
2026-03-21,12:00:00,Jenny Valderama,SABBATH SIGNATURE,,SABBATH,1000,0,1000,new,,paid,completed
2026-03-21,12:00:00,Regie Sanchez,"HEAD, BACK & SHOULDER",,SABBATH,400,0,400,new,,paid,completed
2026-03-21,12:00:00,Patricia Vitug,COMBINATION,,SABBATH,750,0,750,new,,paid,completed
2026-03-21,12:00:00,Patricia Vitug,ADDITIONAL 30 MINS,,SABBATH,300,0,300,new,,paid,completed
2026-03-21,12:00:00,Grizelle Millar,COMBINATION,,SABBATH,750,0,750,new,,paid,completed
2026-03-21,12:00:00,Grizelle Millar,ADDITIONAL 30 MINS,,SABBATH,300,0,300,new,,paid,completed
2026-03-21,12:00:00,Alberto Georgina,COMBINATION,,SABBATH,750,0,750,new,,paid,completed
2026-03-21,12:00:00,Alberto Georgina,ADDITIONAL 30 MINS,,SABBATH,300,0,300,new,,paid,completed
2026-03-21,12:00:00,Margie Magtalas,COMBINATION,,SABBATH,750,0,750,new,,paid,completed
2026-03-21,12:00:00,Margie Magtalas,ADDITIONAL 30 MINS,,SABBATH,300,0,300,new,,paid,completed
2026-03-21,12:00:00,Ada,PACKAGE F,,LE NAILS,1250,0,1250,new,,paid,completed
2026-03-21,12:00:00,Ada,PEDICURE,,LE NAILS,200,0,200,new,,paid,completed
2026-03-21,12:00:00,Ada,PEDICURE,,LE NAILS,200,0,200,new,,paid,completed
2026-03-21,12:00:00,Ada,PEDICURE,,LE NAILS,200,0,200,new,,paid,completed
2026-03-21,12:00:00,Ada,MANICURE,,LE NAILS,150,0,150,new,,paid,completed
2026-03-21,12:00:00,Ada,MANICURE,,LE NAILS,150,0,150,new,,paid,completed
2026-03-21,12:00:00,Ada,NAIL ART,,LE NAILS,300,0,300,new,,paid,completed
2026-03-21,12:00:00,Margie Magtalas,MANICURE,,LE NAILS,150,0,150,new,,paid,completed
2026-03-21,12:00:00,Margie Magtalas,PEDICURE,,LE NAILS,200,0,200,new,,paid,completed
2026-03-21,12:00:00,Margie Magtalas,REGULAR POLISH,,LE NAILS,50,0,50,new,,paid,completed
2026-03-22,12:00:00,Heidee Ortiz,SWEDISH,,SABBATH,600,0,600,new,,paid,completed
2026-03-22,12:00:00,Jin Pengson,SWEDISH,,SABBATH,600,0,600,new,,paid,completed
2026-03-22,12:00:00,Micah Hernandez,COMBINATION W/ HOT STONE,,SABBATH,1250,0,1250,new,,paid,completed
2026-03-22,12:00:00,Chemy Hernandez,COMBINATION W/ HOT STONE,,SABBATH,1250,0,1250,new,,paid,completed
2026-03-22,12:00:00,Johnsen Dela Cruz,SABBATH SIGNATURE,,SABBATH,1000,0,1000,new,,paid,completed
2026-03-22,12:00:00,Justine Dela Cruz,COMBINATION W/ HOT STONE,,SABBATH,1250,0,1250,new,,paid,completed
2026-03-22,12:00:00,Charo Dela Cruz,COMBINATION,,SABBATH,750,0,750,new,,paid,completed
2026-03-22,12:00:00,Gilbert Flores,TRADITIONAL HILOT WITH VENTOSA,,SABBATH,1500,0,1500,new,,paid,completed
2026-03-22,12:00:00,Sheryl Lagman,TRADITIONAL HILOT WITH VENTOSA,,SABBATH,1500,0,1500,new,,paid,completed
2026-03-22,12:00:00,Rhea Antonio,SABBATH SIGNATURE,,SABBATH,1000,0,1000,new,,paid,completed
2026-03-22,12:00:00,Arnold Antonio,SABBATH SIGNATURE,,SABBATH,1000,0,1000,new,,paid,completed
2026-03-22,12:00:00,Lisa Ilano,SWEDISH,,SABBATH,600,0,600,new,,paid,completed
2026-03-22,12:00:00,Lisa Ilano,ADDITIONAL 30 MINS,,SABBATH,300,0,300,new,,paid,completed
2026-03-22,12:00:00,Reggie Ilano,SWEDISH,,SABBATH,600,0,600,new,,paid,completed
2026-03-22,12:00:00,Reggie Ilano,ADDITIONAL 30 MINS,,SABBATH,300,0,300,new,,paid,completed
2026-03-22,12:00:00,Clarissa Mendoza,TRADITIONAL HILOT WITH VENTOSA,,SABBATH,1500,0,1500,new,,paid,completed
2026-03-22,12:00:00,Hans Roxas,TRADITIONAL HILOT WITH VENTOSA,,SABBATH,1500,0,1500,new,,paid,completed
2026-03-22,12:00:00,Camille Ventura,TRADITIONAL HILOT WITH VENTOSA,,SABBATH,1500,0,1500,new,,paid,completed
2026-03-22,12:00:00,Cristina Ventura,TRADITIONAL HILOT WITH VENTOSA,,SABBATH,1500,0,1500,new,,paid,completed
2026-03-22,12:00:00,Ian Balongay,TRADITIONAL HILOT WITH VENTOSA,,SABBATH,1500,0,1500,new,,paid,completed
2026-03-22,12:00:00,Cristel Pingol,COMBINATION,,SABBATH,750,0,750,new,,paid,completed
2026-03-22,12:00:00,Cristel Pingol,ADDITIONAL 30 MINS,,SABBATH,300,0,300,new,,paid,completed
2026-03-22,12:00:00,Jester Pingol,COMBINATION,,SABBATH,750,0,750,new,,paid,completed
2026-03-22,12:00:00,Jester Pingol,ADDITIONAL 30 MINS,,SABBATH,300,0,300,new,,paid,completed
2026-03-22,12:00:00,Ken Leobert Sebastian,SWEDISH,,SABBATH,600,0,600,new,,paid,completed
2026-03-22,12:00:00,Kimberly Carlos,COMBINATION,,SABBATH,750,0,750,new,,paid,completed
2026-03-22,12:00:00,Marlon Daez,COMBINATION,,SABBATH,750,0,750,new,,paid,completed
2026-03-22,12:00:00,Marlon Daez,COMBINATION,,SABBATH,750,0,750,new,,paid,completed
2026-03-23,12:00:00,Jerome Caparas,SABBATH SIGNATURE,,SABBATH,1000,0,1000,new,,paid,completed
2026-03-23,12:00:00,Grace Caparas,SABBATH SIGNATURE,,SABBATH,1000,0,1000,new,,paid,completed
2026-03-23,12:00:00,Jan Fitzgerald,SABBATH SIGNATURE,,SABBATH,1000,0,1000,new,,paid,completed
2026-03-23,12:00:00,Agatha Aguldo,SABBATH SIGNATURE,,SABBATH,1000,0,1000,new,,paid,completed
2026-03-23,12:00:00,Doms Guison,COMBINATION,,SABBATH,750,0,750,new,,paid,completed
2026-03-23,12:00:00,Marie Mendoza,SABBATH SIGNATURE,,SABBATH,1000,0,1000,new,,paid,completed
2026-03-23,12:00:00,Ed Mendoza,COMBINATION,,SABBATH,750,0,750,new,,paid,completed
2026-03-23,12:00:00,Christian Bagay,SABBATH PACKAGE 1,,SABBATH,2000,0,2000,new,,paid,completed
2026-03-23,12:00:00,Christian Lawrence Bagay,SWEDISH,,SABBATH,600,0,600,new,,paid,completed
2026-03-23,12:00:00,Rusela Aldaba,COMBINATION,,SABBATH,750,0,750,new,,paid,completed
2026-03-23,12:00:00,Rusela Aldaba,ADDITIONAL 30 MINS,,SABBATH,300,0,300,new,,paid,completed
2026-03-23,12:00:00,Vernon Aldaba,COMBINATION,,SABBATH,750,0,750,new,,paid,completed
2026-03-23,12:00:00,Vernon Aldaba,ADDITIONAL 30 MINS,,SABBATH,300,0,300,new,,paid,completed
2026-03-23,12:00:00,Khariza Jose,SWEDISH,,SABBATH,600,0,600,new,,paid,completed
2026-03-23,12:00:00,Jennie Lao,SWEDISH,,SABBATH,600,0,600,new,,paid,completed
2026-03-23,12:00:00,Ed Mendoza,PACKAGE A,,LE NAILS,600,0,600,new,,paid,completed
2026-03-23,12:00:00,Marie Mendoza,PACKAGE A,,LE NAILS,600,0,600,new,,paid,completed
2026-03-24,12:00:00,Kweenie Gale Galvan,POST & PRE NATAL W/ LACTATION,,SABBATH,2000,0,2000,new,,paid,completed
2026-03-24,12:00:00,Glaiza Sanchez,SWEDISH,,SABBATH,600,0,600,new,,paid,completed
2026-03-24,12:00:00,Gerramae Buan,SWEDISH,,SABBATH,600,0,600,new,,paid,completed
2026-03-24,12:00:00,Shahani Nisnisan,SWEDISH,,SABBATH,600,0,600,new,,paid,completed
2026-03-24,12:00:00,Justine Carpio,COMBINATION,,SABBATH,750,0,750,new,,paid,completed
2026-03-24,12:00:00,Reymart Ignacio,COMBINATION,,SABBATH,750,0,750,new,,paid,completed
2026-03-24,12:00:00,Marilyn Maclang,COMBINATION,,SABBATH,750,0,750,new,,paid,completed
2026-03-24,12:00:00,Jerry Maclang,COMBINATION,,SABBATH,750,0,750,new,,paid,completed
2026-03-24,12:00:00,Warren Batac,SABBATH SIGNATURE,,SABBATH,1000,0,1000,new,,paid,completed
2026-03-24,12:00:00,Evelyn Batac,SABBATH SIGNATURE,,SABBATH,1000,0,1000,new,,paid,completed
2026-03-24,12:00:00,Ana Brand,COMBINATION,,SABBATH,750,0,750,new,,paid,completed
2026-03-24,12:00:00,Vanessa Dianco,COMBINATION,,SABBATH,750,0,750,new,,paid,completed
2026-03-24,12:00:00,Olga Magpantay,COMBINATION,,SABBATH,750,0,750,new,,paid,completed
2026-03-24,12:00:00,Hannah Garcia,COMBINATION,,SABBATH,750,0,750,new,,paid,completed
2026-03-24,12:00:00,Emmanuel Garcia,COMBINATION,,SABBATH,750,0,750,new,,paid,completed
2026-03-25,12:00:00,Teresita Chua,SWEDISH,,SABBATH,600,0,600,new,,paid,completed
2026-03-25,12:00:00,Princess Chua,SWEDISH,,SABBATH,600,0,600,new,,paid,completed
2026-03-25,12:00:00,Ma'am Gia,TRADITIONAL HILOT WITH VENTOSA,,SABBATH,1500,1500,0,new,,paid,completed
2026-03-25,12:00:00,Ma'am Gia,ADDITIONAL 30 MINS,,SABBATH,300,300,0,new,,paid,completed
2026-03-25,12:00:00,Ed Pascual,SHIATSU,,SABBATH,600,0,600,new,,paid,completed
2026-03-25,12:00:00,Maricar Alegria,COMBINATION,,SABBATH,750,0,750,new,,paid,completed
2026-03-25,12:00:00,Laresa Canete,SWEDISH,,SABBATH,600,0,600,new,,paid,completed
2026-03-25,12:00:00,Patrick Potenciano,TRADITIONAL HILOT WITH VENTOSA,,SABBATH,1500,0,1500,new,,paid,completed
2026-03-25,12:00:00,Omar Acob,TRADITIONAL HILOT WITH VENTOSA,,SABBATH,1500,0,1500,new,,paid,completed
2026-03-25,12:00:00,Denni Cerapion,COMBINATION W/ HOT STONE,,SABBATH,1250,0,1250,new,,paid,completed
2026-03-25,12:00:00,Lara De Leon,COMBINATION W/ HOT STONE,,SABBATH,1250,0,1250,new,,paid,completed
2026-03-25,12:00:00,Noms Santos,PACKAGE D,,LE NAILS,1050,0,1050,new,,paid,completed
2026-03-25,12:00:00,Mitzi Valerio,PEDICURE,,LE NAILS,200,0,200,new,,paid,completed
2026-03-25,12:00:00,Mitzi Valerio,FOOT SPA,,LE NAILS,350,0,350,new,,paid,completed
2026-03-25,12:00:00,Mitzi Valerio,REGULAR POLISH,,LE NAILS,50,0,50,new,,paid,completed
2026-03-26,12:00:00,Crishelle Javier,SWEDISH,,SABBATH,600,0,600,new,,paid,completed
2026-03-26,12:00:00,Raphael Adique,SWEDISH,,SABBATH,600,120,480,new,,paid,completed
2026-03-26,12:00:00,Joanne Marie Jumaquio,"HEAD, BACK & SHOULDER",,SABBATH,400,0,400,new,,paid,completed
2026-03-26,12:00:00,Elisha Dee,POST & PRE NATAL W/ LACTATION,,SABBATH,2000,0,2000,new,,paid,completed
2026-03-26,12:00:00,Janis Lumagui,SABBATH PACKAGE 1,,SABBATH,2000,2000,0,new,,paid,completed
2026-03-26,12:00:00,Ella Pan,SWEDISH,,SABBATH,600,0,600,new,,paid,completed
2026-03-26,12:00:00,Erick Pan,SWEDISH,,SABBATH,600,0,600,new,,paid,completed
2026-03-26,12:00:00,Josephine Reyes,COMBINATION,,SABBATH,750,150,600,new,,paid,completed
2026-03-26,12:00:00,Josephine Reyes,ADDITIONAL 30 MINS,,SABBATH,300,0,300,new,,paid,completed
2026-03-26,12:00:00,Mario Reyes,SWEDISH,,SABBATH,600,600,0,new,,paid,completed
2026-03-26,12:00:00,Magnus Reyes,GROWTH,,SABBATH,500,0,500,new,,paid,completed
2026-03-26,12:00:00,Rani Esguerra,COMBINATION,,SABBATH,750,0,750,new,,paid,completed
2026-03-26,12:00:00,Francis Quilao,COMBINATION,,SABBATH,750,0,750,new,,paid,completed
2026-03-26,12:00:00,Melissa Gulla,SWEDISH,,SABBATH,600,0,600,new,,paid,completed
2026-03-26,12:00:00,Jas Santiago,SWEDISH,,SABBATH,600,0,600,new,,paid,completed
2026-03-26,12:00:00,Mhik Santiago,SHIATSU,,SABBATH,600,0,600,new,,paid,completed
2026-03-26,12:00:00,D.A Bautista,SWEDISH,,SABBATH,600,0,600,new,,paid,completed
2026-03-26,12:00:00,Kristine Latoza,SWEDISH,,SABBATH,600,0,600,new,,paid,completed
2026-03-26,12:00:00,Albert Contaoe,SWEDISH,,SABBATH,600,0,600,new,,paid,completed
2026-03-26,12:00:00,Albert Contaoe,ADDITIONAL 30 MINS,,SABBATH,300,0,300,new,,paid,completed
2026-03-26,12:00:00,Alvin Contaoe,SWEDISH,,SABBATH,600,0,600,new,,paid,completed
2026-03-26,12:00:00,Alvin Contaoe,ADDITIONAL 30 MINS,,SABBATH,300,0,300,new,,paid,completed
2026-03-26,12:00:00,Kristel Aves,TRADITIONAL HILOT WITH VENTOSA,,SABBATH,1500,0,1500,new,,paid,completed
2026-03-26,12:00:00,Janis Lumagui,PEDIGEL CUCCIO,,LE NAILS,550,55,495,new,,paid,completed
2026-03-26,12:00:00,Janis Lumagui,REGULAR POLISH,,LE NAILS,50,5,45,new,,paid,completed
2026-03-26,12:00:00,Janis Lumagui,REGULAR POLISH,,LE NAILS,50,5,45,new,,paid,completed
2026-03-26,12:00:00,Janis Lumagui,REGULAR POLISH,,LE NAILS,50,5,45,new,,paid,completed
2026-03-26,12:00:00,Janis Lumagui,REGULAR POLISH,,LE NAILS,50,5,45,new,,paid,completed
2026-03-26,12:00:00,Joyce Pondang,PACKAGE A,,LE NAILS,600,0,600,new,,paid,completed
2026-03-26,12:00:00,Joyce Pondang,NAIL GEL REMOVER,,LE NAILS,150,0,150,new,,paid,completed
2026-03-27,12:00:00,Nathaly Velasquez,SWEDISH,,SABBATH,600,0,600,new,,paid,completed
2026-03-27,12:00:00,Josephine Padilla,SWEDISH,,SABBATH,600,0,600,new,,paid,completed
2026-03-27,12:00:00,Kat Tanyecoz,SWEDISH,,SABBATH,600,0,600,new,,paid,completed
2026-03-27,12:00:00,Madel Pascual,COMBINATION,,SABBATH,750,0,750,new,,paid,completed
2026-03-27,12:00:00,Luigi Macario,COMBINATION,,SABBATH,750,0,750,new,,paid,completed
2026-03-27,12:00:00,Aika Macatantan,SWEDISH,,SABBATH,600,0,600,new,,paid,completed
2026-03-27,12:00:00,Jay Manalili,SWEDISH,,SABBATH,600,0,600,new,,paid,completed
2026-03-27,12:00:00,Jay Manalili,SWEDISH,,SABBATH,600,0,600,new,,paid,completed
2026-03-27,12:00:00,Ivy Cruz,COMBINATION,,SABBATH,750,0,750,new,,paid,completed
2026-03-27,12:00:00,James Cruz,SWEDISH,,SABBATH,600,0,600,new,,paid,completed
2026-03-27,12:00:00,Ronalyn Daluz,SWEDISH,,SABBATH,600,0,600,new,,paid,completed
2026-03-27,12:00:00,Ronalyn Daluz,ADDITIONAL 30 MINS,,SABBATH,300,0,300,new,,paid,completed
2026-03-27,12:00:00,Michael Daluz,SWEDISH,,SABBATH,600,0,600,new,,paid,completed
2026-03-27,12:00:00,Michael Daluz,ADDITIONAL 30 MINS,,SABBATH,300,0,300,new,,paid,completed
2026-03-27,12:00:00,Reyn Rejaso,COMBINATION,,SABBATH,750,0,750,new,,paid,completed
2026-03-27,12:00:00,Reyn Rejaso,ADDITIONAL 30 MINS,,SABBATH,300,0,300,new,,paid,completed
2026-03-27,12:00:00,Mary Grace SY,COMBINATION,,SABBATH,750,0,750,new,,paid,completed
2026-03-27,12:00:00,Mary Grace SY,ADDITIONAL 30 MINS,,SABBATH,300,0,300,new,,paid,completed
2026-03-27,12:00:00,Jaime De Guzman,SWEDISH,,SABBATH,600,0,600,new,,paid,completed
2026-03-27,12:00:00,Micah Mabanta,SWEDISH,,SABBATH,600,0,600,new,,paid,completed
2026-03-27,12:00:00,Jairah De Guzman,SWEDISH,,SABBATH,600,0,600,new,,paid,completed
2026-03-27,12:00:00,Jescel Galang,COMBINATION,,SABBATH,750,0,750,new,,paid,completed
2026-03-27,12:00:00,April Macabante,COMBINATION,,SABBATH,750,0,750,new,,paid,completed
2026-03-27,12:00:00,Michelle De Guzman,COMBINATION,,SABBATH,750,0,750,new,,paid,completed
2026-03-27,12:00:00,Michelle De Guzman,ADDITIONAL 30 MINS,,SABBATH,300,0,300,new,,paid,completed
2026-03-27,12:00:00,Lindon De Guzman,COMBINATION,,SABBATH,750,0,750,new,,paid,completed
2026-03-27,12:00:00,Lindon De Guzman,ADDITIONAL 30 MINS,,SABBATH,300,0,300,new,,paid,completed
2026-03-28,12:00:00,Weng Magpayo,COMBINATION,,SABBATH,750,0,750,new,,paid,completed
2026-03-28,12:00:00,Bong Magpayo,COMBINATION,,SABBATH,750,0,750,new,,paid,completed
2026-03-28,12:00:00,Kat Lising,COMBINATION W/ HOT STONE,,SABBATH,1250,0,1250,new,,paid,completed
2026-03-28,12:00:00,Nina Gonzales,COMBINATION W/ HOT STONE,,SABBATH,1250,0,1250,new,,paid,completed
2026-03-28,12:00:00,Awoo Cabrera,SABBATH FOOT REFLEX,,SABBATH,600,0,600,new,,paid,completed
2026-03-28,12:00:00,Anna Marquez,SABBATH FOOT REFLEX,,SABBATH,600,0,600,new,,paid,completed
2026-03-28,12:00:00,Camille Marquez,COMBINATION,,SABBATH,750,0,750,new,,paid,completed
2026-03-28,12:00:00,Karla Marie Pagsanjan,COMBINATION,,SABBATH,750,0,750,new,,paid,completed
2026-03-28,12:00:00,Angelica Palacios,COMBINATION,,SABBATH,750,0,750,new,,paid,completed
2026-03-28,12:00:00,Tristan Jes Palacios,COMBINATION,,SABBATH,750,0,750,new,,paid,completed
2026-03-28,12:00:00,Tristan Jes Palacios,ADDITIONAL 30 MINS,,SABBATH,0,0,0,new,,paid,completed
2026-03-28,12:00:00,Erielle,SWEDISH,,SABBATH,600,0,600,new,,paid,completed
2026-03-28,12:00:00,Gami Benedictos,SWEDISH,,SABBATH,600,0,600,new,,paid,completed
2026-03-28,12:00:00,Gami Benedictos,ADDITIONAL 30 MINS,,SABBATH,300,0,300,new,,paid,completed
2026-03-28,12:00:00,Georgia Benedictos,SWEDISH,,SABBATH,600,0,600,new,,paid,completed
2026-03-28,12:00:00,Georgia Benedictos,ADDITIONAL 30 MINS,,SABBATH,300,0,300,new,,paid,completed
2026-03-28,12:00:00,Lea Benedictos,SWEDISH,,SABBATH,600,0,600,new,,paid,completed
2026-03-28,12:00:00,Lea Benedictos,ADDITIONAL 30 MINS,,SABBATH,300,0,300,new,,paid,completed
2026-03-28,12:00:00,Roel Arellano,COMBINATION,,SABBATH,750,750,0,new,,paid,completed
2026-03-28,12:00:00,Rainiel Ervin Arellano,COMBINATION,,SABBATH,750,0,750,new,,paid,completed
2026-03-28,12:00:00,Ellen Arellano,SWEDISH,,SABBATH,600,0,600,new,,paid,completed
2026-03-28,12:00:00,Raine Erice Arellano,SWEDISH,,SABBATH,600,0,600,new,,paid,completed
2026-03-28,12:00:00,Maria Torres,COMBINATION,,SABBATH,750,0,750,new,,paid,completed
2026-03-28,12:00:00,Jojo Torres,COMBINATION,,SABBATH,750,0,750,new,,paid,completed
2026-03-28,12:00:00,Mark Anthony Bondoc,SABBATH PACKAGE 1 w/ comb,,SABBATH,2150,0,2150,new,,paid,completed
2026-03-28,12:00:00,Mark Anthony Bondoc,ADDITIONAL 30 MINS,,SABBATH,0,0,0,new,,paid,completed
2026-03-28,12:00:00,Krystel Bondoc,SABBATH PACKAGE 1 w/ comb,,SABBATH,2150,0,2150,new,,paid,completed
2026-03-28,12:00:00,Krystel Bondoc,ADDITIONAL 30 MINS,,SABBATH,0,0,0,new,,paid,completed
2026-03-28,12:00:00,Joy Manaysay,COMBINATION,,SABBATH,750,0,750,new,,paid,completed
2026-03-28,12:00:00,Clarence Moratal,SWEDISH,,SABBATH,600,0,600,new,,paid,completed
2026-03-28,12:00:00,Ezra Joson,SWEDISH,,SABBATH,600,0,600,new,,paid,completed
2026-03-28,12:00:00,Ericka Sionson,SWEDISH,,SABBATH,600,0,600,new,,paid,completed
2026-03-28,12:00:00,Reymar Domingo,SWEDISH,,SABBATH,600,0,600,new,,paid,completed
2026-03-28,12:00:00,Chloe Devera,COMBINATION,,SABBATH,750,0,750,new,,paid,completed
2026-03-28,12:00:00,Christian Castro,COMBINATION,,SABBATH,750,0,750,new,,paid,completed
2026-03-28,12:00:00,Michelle Santiago,COMBINATION,,SABBATH,750,0,750,new,,paid,completed
2026-03-28,12:00:00,Eleanor Guese,COMBINATION,,SABBATH,750,0,750,new,,paid,completed
2026-03-28,12:00:00,Grace Aldaba,COMBINATION,,SABBATH,750,0,750,new,,paid,completed
2026-03-28,12:00:00,Rhea Torres,SWEDISH,,SABBATH,600,0,600,new,,paid,completed
2026-03-28,12:00:00,Cathy Solano,SWEDISH,,SABBATH,600,0,600,new,,paid,completed
2026-03-28,12:00:00,Jean Espiritu,SWEDISH,,SABBATH,600,0,600,new,,paid,completed
2026-03-28,12:00:00,Danilo Espiritu,SWEDISH,,SABBATH,600,0,600,new,,paid,completed
2026-03-28,12:00:00,Don Mendoza,COMBINATION,,SABBATH,750,0,750,new,,paid,completed
2026-03-28,12:00:00,Candy Mundo,COMBINATION,,SABBATH,750,0,750,new,,paid,completed
2026-03-28,12:00:00,Anne Melegrito,COMBINATION,,SABBATH,750,0,750,new,,paid,completed
2026-03-28,12:00:00,Axel Rose Esguerra,COMBINATION,,SABBATH,750,0,750,new,,paid,completed
2026-03-28,12:00:00,Warly Batac,COMBINATION,,SABBATH,750,0,750,new,,paid,completed
2026-03-28,12:00:00,Joy Manaysay,PACKAGE A,,LE NAILS,600,0,600,new,,paid,completed
2026-03-28,12:00:00,Ellen Arellano,FOOT SPA,,LE NAILS,350,0,350,new,,paid,completed
2026-03-28,12:00:00,Ellen Arellano,FOOT SPA,,LE NAILS,350,0,350,new,,paid,completed
2026-03-28,12:00:00,Ola Javier,MANIGEL CUCCIO,,LE NAILS,450,0,450,new,,paid,completed
2026-03-28,12:00:00,Erieele,FOOT SPA,,LE NAILS,350,0,350,new,,paid,completed
2026-03-28,12:00:00,Anna Marquez,FOOT SPA,,LE NAILS,350,0,350,new,,paid,completed
2026-03-28,12:00:00,Anna Marquez,FOOT SPA,,LE NAILS,350,0,350,new,,paid,completed
2026-03-28,12:00:00,Anna Marquez,PEDICURE,,LE NAILS,200,0,200,new,,paid,completed
2026-03-28,12:00:00,Carlo,FOOT SPA,,LE NAILS,350,0,350,new,,paid,completed
2026-03-28,12:00:00,Carlo,FOOT MASSAGE,,LE NAILS,350,0,350,new,,paid,completed
2026-03-28,12:00:00,Carlo,PEDICURE,,LE NAILS,200,0,200,new,,paid,completed
2026-03-28,12:00:00,Weng Magpayo,MANIGEL CUCCIO,,LE NAILS,450,0,450,new,,paid,completed
2026-03-28,12:00:00,Weng Magpayo,PEDICURE,,LE NAILS,200,0,200,new,,paid,completed
2026-03-29,12:00:00,Karla Gutierrez,SWEDISH,,SABBATH,600,0,600,new,,paid,completed
2026-03-29,12:00:00,Jacky Gutierrez,SWEDISH,,SABBATH,600,0,600,new,,paid,completed
2026-03-29,12:00:00,Leika Garcia,SWEDISH,,SABBATH,600,0,600,new,,paid,completed
2026-03-29,12:00:00,Juvy Recto,SWEDISH,,SABBATH,600,0,600,new,,paid,completed
2026-03-29,12:00:00,Laurice Garcia,GROWTH,,SABBATH,500,0,500,new,,paid,completed
2026-03-29,12:00:00,Ivy Bautista,COMBINATION,,SABBATH,750,0,750,new,,paid,completed
2026-03-29,12:00:00,Adrian Bernardo,COMBINATION,,SABBATH,750,0,750,new,,paid,completed
2026-03-29,12:00:00,Editha Burgos,SABBATH FOOT REFLEX,,SABBATH,600,120,480,new,,paid,completed
2026-03-29,12:00:00,Editha Burgos,ADDITIONAL 30 MINS,,SABBATH,300,60,240,new,,paid,completed
2026-03-29,12:00:00,Nena Marcelino,SABBATH SIGNATURE,,SABBATH,1000,200,800,new,,paid,completed
2026-03-29,12:00:00,Arlyn Mendoza,SABBATH SIGNATURE,,SABBATH,1000,200,800,new,,paid,completed
2026-03-29,12:00:00,Ashley Tolentino,SWEDISH,,SABBATH,600,0,600,new,,paid,completed
2026-03-29,12:00:00,Ashley Tolentino,ADDITIONAL 30 MINS,,SABBATH,300,0,300,new,,paid,completed
2026-03-29,12:00:00,Lara De Leon,SWEDISH,,SABBATH,600,0,600,new,,paid,completed
2026-03-29,12:00:00,Lara De Leon,ADDITIONAL 30 MINS,,SABBATH,300,0,300,new,,paid,completed
2026-03-29,12:00:00,Angelo De Leon,SWEDISH,,SABBATH,600,0,600,new,,paid,completed
2026-03-29,12:00:00,Angelo De Leon,ADDITIONAL 30 MINS,,SABBATH,300,0,300,new,,paid,completed
2026-03-29,12:00:00,Nicole Miranda,SHIATSU,,SABBATH,600,0,600,new,,paid,completed
2026-03-29,12:00:00,Shira Lulu,COMBINATION,,SABBATH,750,750,0,new,,paid,completed
2026-03-29,12:00:00,Adora Yamarawa,COMBINATION,,SABBATH,750,0,750,new,,paid,completed
2026-03-29,12:00:00,Paula Cruz,COMBINATION,,SABBATH,750,0,750,new,,paid,completed
2026-03-29,12:00:00,Janice Zaguirre,COMBINATION,,SABBATH,750,0,750,new,,paid,completed
2026-03-29,12:00:00,Malou Bagay,COMBINATION,,SABBATH,750,0,750,new,,paid,completed
2026-03-29,12:00:00,Abet Bagay,COMBINATION,,SABBATH,750,0,750,new,,paid,completed
2026-03-29,12:00:00,Mavic Ganelo,COMBINATION,,SABBATH,750,0,750,new,,paid,completed
2026-03-29,12:00:00,Maria Coratero,COMBINATION,,SABBATH,750,0,750,new,,paid,completed
2026-03-29,12:00:00,Estrelita De Jesus,COMBINATION,,SABBATH,750,0,750,new,,paid,completed
2026-03-29,12:00:00,Joy PO,COMBINATION,,SABBATH,750,750,0,new,,paid,completed
2026-03-29,12:00:00,Christian Bryan Mendoza,COMBINATION,,SABBATH,750,750,0,new,,paid,completed
2026-03-29,12:00:00,Joanne Reyes,SWEDISH,,SABBATH,600,0,600,new,,paid,completed
2026-03-29,12:00:00,Pia Reyes,"HEAD, BACK & SHOULDER",,SABBATH,400,0,400,new,,paid,completed
2026-03-29,12:00:00,Tricia Penaflor,"HEAD, BACK & SHOULDER",,SABBATH,400,0,400,new,,paid,completed
2026-03-29,12:00:00,Carina Enriquez,TRADITIONAL HILOT WITH VENTOSA,,SABBATH,1500,0,1500,new,,paid,completed
2026-03-29,12:00:00,Bianca Puenas,SWEDISH,,SABBATH,600,0,600,new,,paid,completed
2026-03-29,12:00:00,Tamiah Hernandez,SWEDISH,,SABBATH,600,0,600,new,,paid,completed
2026-03-29,12:00:00,Rose Cruz,SWEDISH,,SABBATH,600,0,600,new,,paid,completed
2026-03-29,12:00:00,Angela Baldonado,SWEDISH,,SABBATH,600,0,600,new,,paid,completed
2026-03-29,12:00:00,Sam Signacion,AROMATHERAPY OIL WITH HERBAL BALL,,SABBATH,1000,1000,0,new,,paid,completed
2026-03-29,12:00:00,Leah,PACKAGE A,,LE NAILS,600,600,0,new,,paid,completed
2026-03-29,12:00:00,Leah,PACKAGE C,,LE NAILS,700,700,0,new,,paid,completed
2026-03-29,12:00:00,Leah,REGULAR POLISH,,LE NAILS,50,0,50,new,,paid,completed
2026-03-29,12:00:00,Cj Victoria,PACKAGE A,,LE NAILS,600,0,600,new,,paid,completed
2026-03-30,12:00:00,Ana Marie Umali,BODY SCRUB W/ MASSAGE,,SABBATH,3000,0,3000,new,,paid,completed
2026-03-30,12:00:00,Jemima Teodoro,AROMATHERAPY OIL WITH HERBAL BALL,,SABBATH,1000,0,1000,new,,paid,completed
2026-03-30,12:00:00,Joemer Galman,SABBATH SIGNATURE,,SABBATH,1000,0,1000,new,,paid,completed
2026-03-30,12:00:00,Donnabel Almodiel,SABBATH SIGNATURE,,SABBATH,1000,0,1000,new,,paid,completed
2026-03-30,12:00:00,Christine Escobilla,SABBATH SIGNATURE,,SABBATH,1000,1000,0,new,,paid,completed
2026-03-30,12:00:00,Rowell Escobilla,SABBATH SIGNATURE,,SABBATH,1000,1000,0,new,,paid,completed
2026-03-30,12:00:00,Lydia Decastro,AROMATHERAPY OIL WITH HERBAL BALL,,SABBATH,1000,0,1000,new,,paid,completed
2026-03-30,12:00:00,Rosalia Jumaquio,AROMATHERAPY OIL WITH HERBAL BALL,,SABBATH,1000,0,1000,new,,paid,completed
2026-03-30,12:00:00,Doris Fuster,COMBINATION,,SABBATH,750,0,750,new,,paid,completed
2026-03-30,12:00:00,Doris Fuster,SABBATH FOOT REFLEX,,SABBATH,600,0,600,new,,paid,completed
2026-03-30,12:00:00,Lydia Valerio,COMBINATION,,SABBATH,750,150,600,new,,paid,completed
2026-03-30,12:00:00,Lydia Valerio,ADDITIONAL 30 MINS,,SABBATH,300,0,300,new,,paid,completed
2026-03-30,12:00:00,Antonio Valerio,COMBINATION,,SABBATH,750,150,600,new,,paid,completed
2026-03-30,12:00:00,Antonio Valerio,ADDITIONAL 30 MINS,,SABBATH,300,0,300,new,,paid,completed
2026-03-30,12:00:00,Nicole Cristobal,COMBINATION,,SABBATH,750,0,750,new,,paid,completed
2026-03-30,12:00:00,Sheryl Alonzo,SWEDISH,,SABBATH,600,0,600,new,,paid,completed
2026-03-30,12:00:00,Aj Bernardo,SWEDISH,,SABBATH,600,0,600,new,,paid,completed
2026-03-30,12:00:00,Trixie Guiano,SABBATH SIGNATURE,,SABBATH,1000,0,1000,new,,paid,completed
2026-03-30,12:00:00,Ellen Guiano,SABBATH SIGNATURE,,SABBATH,1000,0,1000,new,,paid,completed
2026-03-30,12:00:00,Jojo Guiano,SABBATH SIGNATURE,,SABBATH,1000,200,800,new,,paid,completed
2026-03-30,12:00:00,Ma'am Hanna,SWEDISH,,SABBATH,600,600,0,new,,paid,completed
2026-03-30,12:00:00,Ma'am Gia,"SABBATH SIGNATURE FOOT, HEAD, NECK & SHOULDER",,SABBATH,750,750,0,new,,paid,completed
2026-03-30,12:00:00,Marinela Agot,PEDIGEL CUCCIO,,LE NAILS,550,0,550,new,,paid,completed
2026-03-30,12:00:00,Donnabel Almodiel,PACKAGE A,,LE NAILS,600,0,600,new,,paid,completed
2026-03-30,12:00:00,Donnabel Almodiel,REGULAR POLISH,,LE NAILS,50,0,50,new,,paid,completed
2026-03-30,12:00:00,Ellen Sulit,MANICURE,,LE NAILS,150,0,150,new,,paid,completed
2026-03-30,12:00:00,Ellen Sulit,PEDICURE,,LE NAILS,200,0,200,new,,paid,completed
2026-03-30,12:00:00,Ellen Sulit,REGULAR POLISH,,LE NAILS,50,10,40,new,,paid,completed
2026-03-30,12:00:00,Ellen SUlit,REGULAR POLISH,,LE NAILS,50,0,50,new,,paid,completed
2026-03-31,12:00:00,Sid Nathan Fernandez,COMBINATION W/ HOT STONE,,SABBATH,1250,1250,0,new,,paid,completed
2026-03-31,12:00:00,Sid Nathan Fernandez,ADDITIONAL 30 MINS,,SABBATH,0,0,0,new,,paid,completed
2026-03-31,12:00:00,Rowena Ferneandez,POST & PRE NATAL W/ LACTATION,,SABBATH,2000,0,2000,new,,paid,completed
2026-03-31,12:00:00,Leticia Fernandez,COMBINATION W/ HOT STONE,,SABBATH,1250,0,1250,new,,paid,completed
2026-03-31,12:00:00,Aya Francisco,COMBINATION,,SABBATH,750,0,750,new,,paid,completed
2026-03-31,12:00:00,Dino Reyes,COMBINATION,,SABBATH,750,0,750,new,,paid,completed
2026-03-31,12:00:00,Twinkle,COMBINATION,,SABBATH,750,0,750,new,,paid,completed
2026-03-31,12:00:00,Abigail Alfaro,COMBINATION,,SABBATH,750,0,750,new,,paid,completed
2026-03-31,12:00:00,Ronilo Castro,SABBATH SIGNATURE,,SABBATH,1000,0,1000,new,,paid,completed
2026-03-31,12:00:00,Charisse Castro,SABBATH SIGNATURE,,SABBATH,1000,0,1000,new,,paid,completed
2026-03-31,12:00:00,Alliah Censon,SWEDISH,,SABBATH,600,0,600,new,,paid,completed
2026-03-31,12:00:00,Maria Christine Joy Lacar,SABBATH SIGNATURE,,SABBATH,1000,0,1000,new,,paid,completed
2026-03-31,12:00:00,Alaine De Jesus,SWEDISH,,SABBATH,600,0,600,new,,paid,completed
2026-03-31,12:00:00,Warlyn Guerrero,COMBINATION,,SABBATH,750,0,750,new,,paid,completed
2026-03-31,12:00:00,Laurence Guerrero,COMBINATION,,SABBATH,750,0,750,new,,paid,completed
2026-03-31,12:00:00,Jhoana Fuster,COMBINATION,,SABBATH,750,0,750,new,,paid,completed
2026-03-31,12:00:00,Jhoana Fuster,SABBATH FOOT REFLEX,,SABBATH,600,0,600,new,,paid,completed
2026-03-31,12:00:00,Johanna Valerio,COMBINATION,,SABBATH,750,450,300,new,,paid,completed
2026-03-31,12:00:00,Johanna Valerio,ADDITIONAL 30 MINS,,SABBATH,300,0,300,new,,paid,completed
2026-03-31,12:00:00,Ma'am Gia,SWEDISH,,SABBATH,600,600,0,new,,paid,completed
2026-03-31,12:00:00,Ma'am Trish,SWEDISH,,SABBATH,600,600,0,new,,paid,completed
2026-03-31,12:00:00,Ma'am Trish,ADDITIONAL 30 MINS,,SABBATH,300,300,0,new,,paid,completed
2026-03-31,12:00:00,Pastor Erick,SWEDISH,,SABBATH,600,600,0,new,,paid,completed
2026-03-31,12:00:00,Pastor Erick,ADDITIONAL 30 MINS,,SABBATH,300,300,0,new,,paid,completed
2026-03-31,12:00:00,Alliah Censon,MANIGEL ORLY,,LE NAILS,600,0,600,new,,paid,completed
2026-03-31,12:00:00,Alliah Censon,PEDICURE,,LE NAILS,200,0,200,new,,paid,completed
2026-03-31,12:00:00,Alliah Censon,REGULAR POLISH,,LE NAILS,50,0,50,new,,paid,completed
2026-03-31,12:00:00,Alliah Censon,NAIL GEL REMOVER,,LE NAILS,150,0,150,new,,paid,completed
2026-03-31,12:00:00,Sheryl,PEDICURE,,LE NAILS,200,0,200,new,,paid,completed
2026-03-31,12:00:00,Sheryl,PEDICURE,,LE NAILS,200,0,200,new,,paid,completed
2026-03-31,12:00:00,Sheryl,REGULAR POLISH,,LE NAILS,50,0,50,new,,paid,completed
2026-03-31,12:00:00,Art,PACKAGE A,,LE NAILS,600,0,600,new,,paid,completed
2026-03-31,12:00:00,Dino Reyes,PEDICURE,,LE NAILS,200,0,200,new,,paid,completed
2026-04-01,12:00:00,Jay Russel Marcos,"SABBATH SIGNATURE FOOT, HEAD, NECK & SHOULDER",MARK KENNETH SANCHEZ,SABBATH,750,0,750,new,,paid,completed
2026-04-01,12:00:00,Susan Molina,AROMATHERAPY OIL WITH HERBAL BALL,VIA JOY SANCHEZ,SABBATH,1000,0,1000,new,,paid,completed
2026-04-01,12:00:00,Consesa Marcos,SWEDISH,ASHLEY JANE GARCIA,SABBATH,600,0,600,new,,paid,completed
2026-04-01,12:00:00,Elaisa Molina,SWEDISH,LEAH PEDROSA,SABBATH,600,0,600,new,,paid,completed
2026-04-01,12:00:00,Maureen Molina,SABBATH SIGNATURE,JANINE KIMBERLY GARCIA,SABBATH,1000,0,1000,new,,paid,completed
2026-04-01,12:00:00,Andrew Scott Cruz,"HEAD, BACK & SHOULDER",JENIFFER ANN MANUEL,SABBATH,400,0,400,new,,paid,completed
2026-04-01,12:00:00,Claude Mendiola,COMBINATION,JENIFFER ANN MANUEL,SABBATH,750,750,0,new,,paid,completed
2026-04-01,12:00:00,Claude Mendiola,ADDITIONAL 30 MINS,JENIFFER ANN MANUEL,SABBATH,300,0,300,new,,paid,completed
2026-04-01,12:00:00,Ericka Mendoza,"SABBATH SIGNATURE FOOT, HEAD, NECK & SHOULDER",ASHLEY JANE GARCIA,SABBATH,750,0,750,new,,paid,completed
2026-04-01,12:00:00,Bambi Santos,"SABBATH SIGNATURE FOOT, HEAD, NECK & SHOULDER",VIA JOY SANCHEZ,SABBATH,750,0,750,new,,paid,completed
2026-04-01,12:00:00,Nelson Gonzales,COMBINATION,MARK KENNETH SANCHEZ,SABBATH,750,0,750,new,,paid,completed
2026-04-01,12:00:00,Nelson Gonzales,ADDITIONAL 30 MINS,MARK KENNETH SANCHEZ,SABBATH,300,0,300,new,,paid,completed
2026-04-01,12:00:00,Angelica Claire Gonzales,COMBINATION,JANINE KIMBERLY GARCIA,SABBATH,750,0,750,new,,paid,completed
2026-04-01,12:00:00,Angelica Claire Gonzales,ADDITIONAL 30 MINS,JANINE KIMBERLY GARCIA,SABBATH,300,0,300,new,,paid,completed
2026-04-01,12:00:00,Ed Francis Sanchez,COMBINATION,LEAH PEDROSA,SABBATH,750,0,750,new,,paid,completed
2026-04-01,12:00:00,Ed Francis Sanchez,ADDITIONAL 30 MINS,LEAH PEDROSA,SABBATH,300,0,300,new,,paid,completed
2026-04-01,12:00:00,Cherry Rose Gonzales,COMBINATION,VIA JOY SANCHEZ,SABBATH,750,0,750,new,,paid,completed
2026-04-01,12:00:00,Cherry Rose Gonzales,ADDITIONAL 30 MINS,VIA JOY SANCHEZ,SABBATH,300,0,300,new,,paid,completed
2026-04-01,12:00:00,Flora,MANIGEL CUCCIO,,LE NAILS,450,0,450,new,,paid,completed
2026-04-01,12:00:00,Flora,MANIGEL CUCCIO,,LE NAILS,450,0,450,new,,paid,completed
2026-04-01,12:00:00,Flora,PEDIGEL CUCCIO,,LE NAILS,550,0,550,new,,paid,completed
2026-04-01,12:00:00,Naomi Hipolito,SOFT GEL NAIL EXTENSION,,LE NAILS,800,0,800,new,,paid,completed
2026-04-01,12:00:00,Naomi Hipolito,REGULAR POLISH,,LE NAILS,50,0,50,new,,paid,completed
2026-04-01,12:00:00,Naomi Hipolito,REGULAR POLISH,,LE NAILS,50,0,50,new,,paid,completed
2026-04-02,12:00:00,Paula Cruz,COMBINATION,LAARNI CAPARAS,SABBATH,750,0,750,new,,paid,completed
2026-04-02,12:00:00,Janice Zaguirre,COMBINATION,LEAH PEDROSA,SABBATH,750,0,750,new,,paid,completed
2026-04-02,12:00:00,Trixie Guinto,"SABBATH SIGNATURE FOOT, HEAD, NECK & SHOULDER",DIVINE,SABBATH,750,150,600,new,,paid,completed
2026-04-02,12:00:00,Jojo Guinto,"SABBATH SIGNATURE FOOT, HEAD, NECK & SHOULDER",LEAH PEDROSA,SABBATH,750,0,750,new,,paid,completed
2026-04-02,12:00:00,Arvin Parungao,COMBINATION,JANINE KIMBERLY GARCIA,SABBATH,750,0,750,new,,paid,completed
2026-04-02,12:00:00,Justin Venturina,COMBINATION,JANINE KIMBERLY GARCIA,SABBATH,750,0,750,new,,paid,completed
2026-04-02,12:00:00,Aira Giron,COMBINATION,LAARNI CAPARAS,SABBATH,750,0,750,new,,paid,completed
2026-04-02,12:00:00,Caleb Herrera,GROWTH,JESTINE TANELON,SABBATH,500,0,500,new,,paid,completed
2026-04-02,12:00:00,Charlie Herrera,COMBINATION,LAARNI CAPARAS,SABBATH,750,0,750,new,,paid,completed
2026-04-02,12:00:00,Joedilyn Herrera,COMBINATION,DIVINE,SABBATH,750,0,750,new,,paid,completed
2026-04-02,12:00:00,Julius Manalo,COMBINATION,JANINE KIMBERLY GARCIA,SABBATH,750,0,750,new,,paid,completed
2026-04-02,12:00:00,Leonila De Jesus,COMBINATION,LEAH PEDROSA,SABBATH,750,0,750,new,,paid,completed
2026-04-02,12:00:00,Jillian Gutierrez,AROMATHERAPY OIL WITH HERBAL BALL,JESTINE TANELON,SABBATH,1000,0,1000,new,,paid,completed
2026-04-02,12:00:00,MC Gutierrez,TRADITIONAL HILOT WITH VENTOSA,JANINE KIMBERLY GARCIA,SABBATH,1500,0,1500,new,,paid,completed
2026-04-02,12:00:00,Jasmin Gutierrez,GROWTH,LAARNI CAPARAS,SABBATH,500,0,500,new,,paid,completed
2026-04-02,12:00:00,Jonah Gutierrez,TRADITIONAL HILOT WITH VENTOSA,DIVINE,SABBATH,1500,0,1500,new,,paid,completed
2026-04-02,12:00:00,Klein Oguendo,TRADITIONAL HILOT WITH VENTOSA,LEAH PEDROSA,SABBATH,1500,0,1500,new,,paid,completed
2026-04-02,12:00:00,Lester Pineda,COMBINATION W/ HOT STONE,JESTINE TANELON,SABBATH,1250,0,1250,new,,paid,completed
2026-04-02,12:00:00,Ana De Guzman,COMBINATION W/ HOT STONE,DIVINE,SABBATH,1250,0,1250,new,,paid,completed
2026-04-02,12:00:00,Gina Mae Dunca,SWEDISH,LAARNI CAPARAS,SABBATH,600,0,600,new,,paid,completed
2026-04-02,12:00:00,Aljohn Dunca,SWEDISH,JANINE KIMBERLY GARCIA,SABBATH,600,0,600,new,,paid,completed
2026-04-02,12:00:00,Michelle Priz,"SABBATH SIGNATURE FOOT, HEAD, NECK & SHOULDER",JESTINE TANELON,SABBATH,750,0,750,new,,paid,completed
2026-04-02,12:00:00,Ruth Priz,COMBINATION,DIVINE,SABBATH,750,0,750,new,,paid,completed
2026-04-02,12:00:00,Jamsy Rose Pingol,COMBINATION,LEAH PEDROSA,SABBATH,750,0,750,new,,paid,completed
2026-04-02,12:00:00,Anne Denola,SWEDISH,LAARNI CAPARAS,SABBATH,600,0,600,new,,paid,completed
2026-04-02,12:00:00,Ian Lindayag,SHIATSU,JANINE KIMBERLY GARCIA,SABBATH,600,0,600,new,,paid,completed
2026-04-02,12:00:00,Klein Oguendo,PEDICURE,,LE NAILS,200,0,200,new,,paid,completed
2026-04-02,12:00:00,Bianca,PACKAGE A,,LE NAILS,600,0,600,new,,paid,completed
2026-04-02,12:00:00,Bianca,MANICURE,,LE NAILS,150,0,150,new,,paid,completed
2026-04-02,12:00:00,Bianca,PEDICURE,,LE NAILS,200,0,200,new,,paid,completed
2026-04-02,12:00:00,Bianca,REGULAR POLISH,,LE NAILS,50,0,50,new,,paid,completed
2026-04-02,12:00:00,Bianca,REGULAR POLISH,,LE NAILS,50,0,50,new,,paid,completed
2026-04-02,12:00:00,Ellen Sulit,PEDICURE,,LE NAILS,200,0,200,new,,paid,completed
2026-04-02,12:00:00,Ellen Sulit,REGULAR POLISH,,LE NAILS,50,0,50,new,,paid,completed
2026-04-02,12:00:00,Thess Estrella,PACKAGE A,,LE NAILS,600,0,600,new,,paid,completed
2026-04-02,12:00:00,Thess Estrella,FOOT SPA,,LE NAILS,350,0,350,new,,paid,completed
2026-04-02,12:00:00,Trixie Guinto,PACKAGE A,,LE NAILS,600,0,600,new,,paid,completed
2026-04-02,12:00:00,Trixie Guinto,NAIL GEL REMOVAL,,LE NAILS,150,0,150,new,,paid,completed
2026-04-02,12:00:00,Trixie Guinto,PEDICURE,,LE NAILS,200,0,200,new,,paid,completed
2026-04-02,12:00:00,Trixie Guinto,REGULAR POLISH,,LE NAILS,50,0,50,new,,paid,completed
2026-04-02,12:00:00,Paula Cruz,PEDICURE,,LE NAILS,200,0,200,new,,paid,completed
2026-04-03,12:00:00,Dennis Estanislao,"SABBATH SIGNATURE FOOT, HEAD, NECK & SHOULDER",LEAH PEDROSA,SABBATH,750,0,750,new,,paid,completed
2026-04-03,12:00:00,Lanz Delos Reyes,"SABBATH SIGNATURE FOOT, HEAD, NECK & SHOULDER",JESTINE TANELON,SABBATH,750,0,750,new,,paid,completed
2026-04-03,12:00:00,Michelle Santos,SWEDISH,LAARNI CAPARAS,SABBATH,600,0,600,new,,paid,completed
2026-04-03,12:00:00,Ritchie Santos,SABBATH FOOT REFLEX,JANINE KIMBERLY GARCIA,SABBATH,600,0,600,new,,paid,completed
2026-04-03,12:00:00,Almar Dela Cerna,COMBINATION,JESTINE TANELON,SABBATH,750,0,750,new,,paid,completed
2026-04-03,12:00:00,JM Teodorico,COMBINATION,DIVINE,SABBATH,750,0,750,new,,paid,completed
2026-04-03,12:00:00,Manilyn Sanchez,SWEDISH,LEAH PEDROSA,SABBATH,600,0,600,new,,paid,completed
2026-04-03,12:00:00,Michael Reyes,SWEDISH,JANINE KIMBERLY GARCIA,SABBATH,600,0,600,new,,paid,completed
2026-04-03,12:00:00,Sir Ian,SABBATH SIGNATURE,DIVINE,SABBATH,1000,1000,0,new,,paid,completed
2026-04-04,12:00:00,Vanessa Igsoc,SABBATH PACKAGE 1,JANINE KIMBERLY GARCIA,SABBATH,2000,0,2000,new,,paid,completed
2026-04-04,12:00:00,Alvin Igsoc,SABBATH PACKAGE 1,LEAH PEDROSA,SABBATH,2000,0,2000,new,,paid,completed
2026-04-04,12:00:00,Cline Santos,COMBINATION,LAARNI CAPARAS,SABBATH,750,0,750,new,,paid,completed
2026-04-04,12:00:00,Craig Santos,COMBINATION,MARK KENNETH SANCHEZ,SABBATH,750,0,750,new,,paid,completed
2026-04-04,12:00:00,Michaella Hernandez,COMBINATION,JESTINE TANELON,SABBATH,750,0,750,new,,paid,completed
2026-04-04,12:00:00,Wilfred Cho,COMBINATION,ASHLEY JANE GARCIA,SABBATH,750,0,750,new,,paid,completed
2026-04-04,12:00:00,Joyce Bernardino,"SABBATH SIGNATURE FOOT, HEAD, NECK & SHOULDER",LEAH PEDROSA,SABBATH,750,0,750,new,,paid,completed
2026-04-04,12:00:00,Joyce Bernardino,ADDITIONAL 30 MINS,LEAH PEDROSA,SABBATH,300,0,300,new,,paid,completed
2026-04-04,12:00:00,Remy Banigued,COMBINATION,DIVINE,SABBATH,750,300,450,new,,paid,completed
2026-04-04,12:00:00,Patricia Banigued,COMBINATION,LAARNI CAPARAS,SABBATH,750,300,450,new,,paid,completed
2026-04-04,12:00:00,Ma'am Hanna,COMBINATION,JANINE KIMBERLY GARCIA,SABBATH,750,750,0,new,,paid,completed
2026-04-04,12:00:00,Althea Delos Santos,SWEDISH,DIVINE,SABBATH,600,0,600,new,,paid,completed
2026-04-04,12:00:00,Andrea Delos Santos,COMBINATION,JESTINE TANELON,SABBATH,750,0,750,new,,paid,completed
2026-04-04,12:00:00,Eisen Carpio,SABBATH SIGNATURE,MARK KENNETH SANCHEZ,SABBATH,1000,0,1000,new,,paid,completed
2026-04-04,12:00:00,Sab Carpio,SABBATH SIGNATURE,ASHLEY JANE GARCIA,SABBATH,1000,0,1000,new,,paid,completed
2026-04-04,12:00:00,Estee Carpio,SABBATH SIGNATURE,LAARNI CAPARAS,SABBATH,1000,0,1000,new,,paid,completed
2026-04-04,12:00:00,Michael Brees,COMBINATION W/ HOT STONE,JANINE KIMBERLY GARCIA,SABBATH,1250,0,1250,new,,paid,completed
2026-04-04,12:00:00,Marilyn Cabantog,SABBATH SIGNATURE,LEAH PEDROSA,SABBATH,1000,0,1000,new,,paid,completed
2026-04-04,12:00:00,Ver Francis Cernal,COMBINATION W/ HOT STONE,JESTINE TANELON,SABBATH,1250,0,1250,new,,paid,completed
2026-04-04,12:00:00,Jam Joven,SWEDISH,DIVINE,SABBATH,600,0,600,new,,paid,completed
2026-04-04,12:00:00,Jam Joven,SABBATH FOOT REFLEX,DIVINE,SABBATH,600,0,600,new,,paid,completed
2026-04-04,12:00:00,Diane Pahati,COMBINATION W/ HOT STONE,ASHLEY JANE GARCIA,SABBATH,1250,0,1250,new,,paid,completed
2026-04-04,12:00:00,Diane Pahati,ADDITIONAL 30 MINS,ASHLEY JANE GARCIA,SABBATH,300,0,300,new,,paid,completed
2026-04-04,12:00:00,Jaypee Pahati,COMBINATION,MARK KENNETH SANCHEZ,SABBATH,750,0,750,new,,paid,completed
2026-04-04,12:00:00,Prince Tobias,COMBINATION,JANINE KIMBERLY GARCIA,SABBATH,750,0,750,new,,paid,completed
2026-04-04,12:00:00,Prince Tobias,ADDITIONAL 30 MINS,JANINE KIMBERLY GARCIA,SABBATH,300,0,300,new,,paid,completed
2026-04-04,12:00:00,Jerika Tobias,COMBINATION,LAARNI CAPARAS,SABBATH,750,0,750,new,,paid,completed
2026-04-04,12:00:00,Jerika Tobias,ADDITIONAL 30 MINS,LAARNI CAPARAS,SABBATH,300,0,300,new,,paid,completed
2026-04-04,12:00:00,Xavier Matillano,SWEDISH,LEAH PEDROSA,SABBATH,600,0,600,new,,paid,completed
2026-04-04,12:00:00,Shara Padilla,SWEDISH,JESTINE TANELON,SABBATH,600,0,600,new,,paid,completed
2026-04-04,12:00:00,Reham Biugos,SWEDISH,DIVINE,SABBATH,600,0,600,new,,paid,completed
2026-04-04,12:00:00,Rawan Biugos,SWEDISH,LEAH PEDROSA,SABBATH,600,0,600,new,,paid,completed
2026-04-04,12:00:00,Gabo Gutierrez,COMBINATION,LAARNI CAPARAS,SABBATH,750,0,750,new,,paid,completed
2026-04-04,12:00:00,Gabo Gutierrez,ADDITIONAL 30 MINS,LAARNI CAPARAS,SABBATH,300,0,300,new,,paid,completed
2026-04-04,12:00:00,Ericka Cabantog,FOOT SPA,,LE NAILS,350,0,350,new,,paid,completed
2026-04-04,12:00:00,Ericka Cabantog,PEDICURE,,LE NAILS,200,0,200,new,,paid,completed
2026-04-04,12:00:00,Ericka Cabantog,REGULAR POLISH,,LE NAILS,50,0,50,new,,paid,completed
2026-04-04,12:00:00,Leonissa Machate,PACKAGE A,,LE NAILS,600,0,600,new,,paid,completed
2026-04-04,12:00:00,Leonissa Machate,REGULAR POLISH,,LE NAILS,50,0,50,new,,paid,completed
2026-04-04,12:00:00,Leonissa Machate,REGULAR POLISH,,LE NAILS,50,0,50,new,,paid,completed
2026-04-04,12:00:00,Leonissa Machate,MANICURE,,LE NAILS,150,0,150,new,,paid,completed
2026-04-04,12:00:00,Leonissa Machate,PEDICURE,,LE NAILS,200,0,200,new,,paid,completed
2026-04-04,12:00:00,Wendy,PACKAGE C,,LE NAILS,700,0,700,new,,paid,completed
2026-04-04,12:00:00,Wendy,REGULAR POLISH,,LE NAILS,50,0,50,new,,paid,completed
2026-04-04,12:00:00,Tita Fernandez,MANIGEL ORLY,,LE NAILS,600,600,0,new,,paid,completed
2026-04-04,12:00:00,Tita Fernandez,PEDICURE,,LE NAILS,200,200,0,new,,paid,completed
2026-04-04,12:00:00,Tita Fernandez,REGULAR POLISH,,LE NAILS,50,50,0,new,,paid,completed
2026-04-04,12:00:00,Rudy Fernandez,PACKAGE A,,LE NAILS,600,600,0,new,,paid,completed
2026-04-04,12:00:00,Ma'am Hanna,PACKAGE A,,LE NAILS,600,600,0,new,,paid,completed
2026-04-04,12:00:00,Ma'am Hanna,REGULAR POLISH,,LE NAILS,50,50,0,new,,paid,completed
2026-04-04,12:00:00,Gero,PEDICURE,,LE NAILS,200,0,200,new,,paid,completed
2026-04-05,12:00:00,Christina Rubio,SABBATH SIGNATURE,ASHLEY JANE GARCIA,SABBATH,1000,0,1000,new,,paid,completed
2026-04-05,12:00:00,Rudy Rubio,COMBINATION,DIVINE,SABBATH,750,0,750,new,,paid,completed
2026-04-05,12:00:00,Rudy Rubio,ADDITIONAL 30 MINS,DIVINE,SABBATH,300,0,300,new,,paid,completed
2026-04-05,12:00:00,Mark Abilong,SWEDISH,MARK KENNETH SANCHEZ,SABBATH,600,0,600,new,,paid,completed
2026-04-05,12:00:00,Faith Lozano,SWEDISH,JESTINE TANELON,SABBATH,600,0,600,new,,paid,completed
2026-04-05,12:00:00,Francis Serrano,COMBINATION,LAARNI CAPARAS,SABBATH,750,0,750,new,,paid,completed
2026-04-05,12:00:00,Catherine De Jesus,COMBINATION,JANINE KIMBERLY GARCIA,SABBATH,750,0,750,new,,paid,completed
2026-04-05,12:00:00,Dominique Guison,SABBATH SIGNATURE,LEAH PEDROSA,SABBATH,1000,0,1000,new,,paid,completed
2026-04-05,12:00:00,Paul Mendoza,SWEDISH,MARK KENNETH SANCHEZ,SABBATH,600,0,600,new,,paid,completed
2026-04-05,12:00:00,Kristel Mendoza,SWEDISH,DIVINE,SABBATH,600,0,600,new,,paid,completed
2026-04-05,12:00:00,Jane Domingo,TRADITIONAL HILOT WITH VENTOSA,JANINE KIMBERLY GARCIA,SABBATH,1500,0,1500,new,,paid,completed
2026-04-05,12:00:00,Myrna Valerio,TRADITIONAL HILOT WITH VENTOSA,ASHLEY JANE GARCIA,SABBATH,1500,300,1200,new,,paid,completed
2026-04-05,12:00:00,Joan Valerio,TRADITIONAL HILOT WITH VENTOSA,JESTINE TANELON,SABBATH,1500,300,1200,new,,paid,completed
2026-04-05,12:00:00,Antonio Valerio,TRADITIONAL HILOT WITH VENTOSA,MARK KENNETH SANCHEZ,SABBATH,1500,300,1200,new,,paid,completed
2026-04-05,12:00:00,Rhodora Fuster,COMBINATION W/ HOT STONE,JANINE KIMBERLY GARCIA,SABBATH,1250,0,1250,new,,paid,completed
2026-04-05,12:00:00,Lydia Valerio,ADDITIONAL 30 MINS,JANINE KIMBERLY GARCIA,SABBATH,300,0,300,new,,paid,completed
2026-04-05,12:00:00,Anjely Valerio,TRADITIONAL HILOT WITH VENTOSA,DIVINE,SABBATH,1500,0,1500,new,,paid,completed
2026-04-05,12:00:00,Per Adriano,SWEDISH,LEAH PEDROSA,SABBATH,600,0,600,new,,paid,completed
2026-04-05,12:00:00,Nora Adriano,SWEDISH,JENIFFER ANN MANUEL,SABBATH,600,0,600,new,,paid,completed
2026-04-05,12:00:00,Jayson Delos Santos,COMBINATION,MARK KENNETH SANCHEZ,SABBATH,750,0,750,new,,paid,completed
2026-04-05,12:00:00,Cristina Estallo,COMBINATION,ASHLEY JANE GARCIA,SABBATH,750,0,750,new,,paid,completed
2026-04-05,12:00:00,Cristina Estallo,ADDITIONAL 30 MINS,ASHLEY JANE GARCIA,SABBATH,300,0,300,new,,paid,completed
2026-04-05,12:00:00,Pat Sandagon,COMBINATION,JESTINE TANELON,SABBATH,750,0,750,new,,paid,completed
2026-04-05,12:00:00,Pat Sandagon,ADDITIONAL 30 MINS,JESTINE TANELON,SABBATH,300,0,300,new,,paid,completed
2026-04-05,12:00:00,Al Mendoza,COMBINATION W/ HOT STONE,LEAH PEDROSA,SABBATH,1250,0,1250,new,,paid,completed
2026-04-05,12:00:00,Al Mendoza,ADDITIONAL 30 MINS,LEAH PEDROSA,SABBATH,300,0,300,new,,paid,completed
2026-04-05,12:00:00,Connie Mendoza,COMBINATION W/ HOT STONE,DIVINE,SABBATH,1250,0,1250,new,,paid,completed
2026-04-05,12:00:00,Connie Mendoza,ADDITIONAL 30 MINS,DIVINE,SABBATH,300,0,300,new,,paid,completed
2026-04-05,12:00:00,Rosan Martha Dela Cruz,COMBINATION,LAARNI CAPARAS,SABBATH,750,0,750,new,,paid,completed
2026-04-05,12:00:00,Rosan Martha Dela Cruz,ADDITIONAL 30 MINS,LAARNI CAPARAS,SABBATH,300,0,300,new,,paid,completed
2026-04-05,12:00:00,Leslie Delos Santos,POST & PRE NATAL W/ LACTATION,JANINE KIMBERLY GARCIA,SABBATH,2000,0,2000,new,,paid,completed
2026-04-05,12:00:00,Mary Beverly Alfonso,COMBINATION,JESTINE TANELON,SABBATH,750,0,750,new,,paid,completed
2026-04-05,12:00:00,Cassandra Ochangco,COMBINATION W/ HOT STONE,LEAH PEDROSA,SABBATH,1250,0,1250,new,,paid,completed
2026-04-05,12:00:00,Ives Roi Pantig,COMBINATION W/ HOT STONE,DIVINE,SABBATH,1250,0,1250,new,,paid,completed
2026-04-05,12:00:00,Marlene Ochangco,COMBINATION,LAARNI CAPARAS,SABBATH,750,0,750,new,,paid,completed
2026-04-05,12:00:00,Kate Ramada,COMBINATION,JESTINE TANELON,SABBATH,750,0,750,new,,paid,completed
2026-04-05,12:00:00,Kate Ramada,ADDITIONAL 30 MINS,JESTINE TANELON,SABBATH,300,0,300,new,,paid,completed
2026-04-05,12:00:00,JP Baluyot,COMBINATION W/ HOT STONE,MARK KENNETH SANCHEZ,SABBATH,1250,0,1250,new,,paid,completed
2026-04-05,12:00:00,Lea,GIFT CERTIFICATE CUSTOM,,SABBATH,2600,0,2600,new,,paid,completed
2026-04-05,12:00:00,Leslie Delos Santos,FOOT SPA,,LE NAILS,350,0,350,new,,paid,completed
2026-04-05,12:00:00,Leslie Delos Santos,PACKAGE A,,LE NAILS,600,0,600,new,,paid,completed
2026-04-05,12:00:00,Shane Sandiego,MANIGEL CUCCIO,,LE NAILS,450,0,450,new,,paid,completed
2026-04-05,12:00:00,Shane Sandiego,REGULAR POLISH,,LE NAILS,50,0,50,new,,paid,completed
2026-04-05,12:00:00,Shane Sandiego,REGULAR POLISH,,LE NAILS,50,0,50,new,,paid,completed
2026-04-05,12:00:00,Rey Villameter,PACKAGE A,,LE NAILS,600,0,600,new,,paid,completed
2026-04-05,12:00:00,Dominique Guison,PACKAGE A,,LE NAILS,600,0,600,new,,paid,completed
2026-04-05,12:00:00,Dominique Guison,REGULAR POLISH,,LE NAILS,50,0,50,new,,paid,completed
2026-04-05,12:00:00,Dominique Guison,REGULAR POLISH,,LE NAILS,50,0,50,new,,paid,completed
2026-04-05,12:00:00,Mark Abilong,PACKAGE A,,LE NAILS,600,0,600,new,,paid,completed
2026-04-05,12:00:00,Mark Abilong,REGULAR POLISH,,LE NAILS,50,0,50,new,,paid,completed
2026-04-05,12:00:00,Mark Abilong,REGULAR POLISH,,LE NAILS,50,0,50,new,,paid,completed
2026-04-05,12:00:00,Nora Adriano,PACKAGE A,,LE NAILS,600,0,600,new,,paid,completed
2026-04-05,12:00:00,Catherine Mallari,SOFT GEL REMOVER,,LE NAILS,300,0,300,new,,paid,completed
2026-04-05,12:00:00,Catherine Mallari,MANICURE,,LE NAILS,150,0,150,new,,paid,completed
2026-04-06,12:00:00,Nelson Villanueva,SWEDISH,LAARNI CAPARAS,SABBATH,600,120,480,new,,paid,completed
2026-04-06,12:00:00,Kyle Javier,BODY SCRUB,MARK KENNETH SANCHEZ,SABBATH,2500,0,2500,new,,paid,completed
2026-04-06,12:00:00,Myra Ignacio,AROMATHERAPY OIL WITH HERBAL BALL,ASHLEY JANE GARCIA,SABBATH,1000,0,1000,new,,paid,completed
2026-04-06,12:00:00,Mark Nual,SWEDISH,JENIFFER ANN MANUEL,SABBATH,600,0,600,new,,paid,completed
2026-04-06,12:00:00,Mark Nual,SABBATH FOOT REFLEX,JENIFFER ANN MANUEL,SABBATH,600,0,600,new,,paid,completed
2026-04-06,12:00:00,Crown Nual,SWEDISH,LAARNI CAPARAS,SABBATH,600,0,600,new,,paid,completed
2026-04-06,12:00:00,Crown Nual,SABBATH FOOT REFLEX,LAARNI CAPARAS,SABBATH,600,0,600,new,,paid,completed
2026-04-06,12:00:00,Alcon Mendoza,COMBINATION W/ HOT STONE,LEAH PEDROSA,SABBATH,1250,0,1250,new,,paid,completed
2026-04-06,12:00:00,Alcon Mendoza,ADDITIONAL 30 MINS,LEAH PEDROSA,SABBATH,300,0,300,new,,paid,completed
2026-04-06,12:00:00,Gerry Anne Mendoza,COMBINATION W/ HOT STONE,JESTINE TANELON,SABBATH,1250,0,1250,new,,paid,completed
2026-04-06,12:00:00,Gerry Anne Mendoza,ADDITIONAL 30 MINS,JESTINE TANELON,SABBATH,300,0,300,new,,paid,completed
2026-04-06,12:00:00,Mikee Santos,COMBINATION,ASHLEY JANE GARCIA,SABBATH,750,0,750,new,,paid,completed
2026-04-06,12:00:00,Franc Galvez,COMBINATION,MARK KENNETH SANCHEZ,SABBATH,750,0,750,new,,paid,completed
2026-04-06,12:00:00,Glorie Jane Gentolea,SWEDISH,LAARNI CAPARAS,SABBATH,600,0,600,new,,paid,completed
2026-04-06,12:00:00,Jescel Galang,COMBINATION,ASHLEY JANE GARCIA,SABBATH,750,0,750,new,,paid,completed
2026-04-06,12:00:00,Joy Nagua,PACKAGE A,,LE NAILS,600,0,600,new,,paid,completed
2026-04-07,12:00:00,Marille Ong,TRADITIONAL HILOT WITH VENTOSA,JANINE KIMBERLY GARCIA,SABBATH,1500,0,1500,new,,paid,completed
2026-04-07,12:00:00,Roselle Santos,SABBATH SIGNATURE,LEAH PEDROSA,SABBATH,1000,0,1000,new,,paid,completed
2026-04-07,12:00:00,Ronald santos,SABBATH SIGNATURE,ASHLEY JANE GARCIA,SABBATH,1000,0,1000,new,,paid,completed
2026-04-07,12:00:00,Nasya Santos,GROWTH,JESTINE TANELON,SABBATH,500,0,500,new,,paid,completed
2026-04-07,12:00:00,Kaye Tomampo,COMBINATION,JANINE KIMBERLY GARCIA,SABBATH,750,0,750,new,,paid,completed
2026-04-07,12:00:00,Kaye Tomampo,PACKAGE C,JENIFFER ANN MANUEL,LE NAILS,700,0,700,new,,paid,completed
2026-04-07,12:00:00,Rocher Managuid,COMBINATION,MARK KENNETH SANCHEZ,SABBATH,750,0,750,new,,paid,completed
2026-04-07,12:00:00,Philip Ancheta,SWEDISH,JESTINE TANELON,SABBATH,600,0,600,new,,paid,completed
2026-04-07,12:00:00,Joucel Ramirez,COMBINATION,ASHLEY JANE GARCIA,SABBATH,750,0,750,new,,paid,completed
2026-04-07,12:00:00,Heidee Bermudez,COMBINATION,LEAH PEDROSA,SABBATH,750,0,750,new,,paid,completed
2026-04-07,12:00:00,Lyn tomampo,SWEDISH,DIVINE,SABBATH,600,0,600,new,,paid,completed
2026-04-07,12:00:00,Jakayne Tomampo,GROWTH,MARK KENNETH SANCHEZ,SABBATH,500,0,500,new,,paid,completed
2026-04-07,12:00:00,Diana Bonafe,SWEDISH,JANINE KIMBERLY GARCIA,SABBATH,600,0,600,new,,paid,completed
2026-04-07,12:00:00,Chynthia Bonafe,SWEDISH,LEAH PEDROSA,SABBATH,600,0,600,new,,paid,completed
2026-04-07,12:00:00,Emene Santos,TRADITIONAL HILOT WITH VENTOSA,DIVINE,SABBATH,1500,0,1500,new,,paid,completed
2026-04-07,12:00:00,Wacky Trajano,COMBINATION,ASHLEY JANE GARCIA,SABBATH,750,0,750,new,,paid,completed
2026-04-07,12:00:00,Nica Hermaida,COMBINATION,JESTINE TANELON,SABBATH,750,0,750,new,,paid,completed
2026-04-07,12:00:00,Prince Aves,COMBINATION,LEAH PEDROSA,SABBATH,750,0,750,new,,paid,completed
2026-04-07,12:00:00,Kristel Aves,TRADITIONAL HILOT WITH VENTOSA,JESTINE TANELON,SABBATH,1500,0,1500,new,,paid,completed
2026-04-07,12:00:00,James Andaya,COMBINATION,ASHLEY JANE GARCIA,SABBATH,750,0,750,new,,paid,completed
2026-04-07,12:00:00,James Andaya,ADDITIONAL 30 MINS,ASHLEY JANE GARCIA,SABBATH,300,0,300,new,,paid,completed
2026-04-07,12:00:00,Alvin Faustino,COMBINATION,MARK KENNETH SANCHEZ,SABBATH,750,0,750,new,,paid,completed
2026-04-07,12:00:00,Alvin Faustino,ADDITIONAL 30 MINS,MARK KENNETH SANCHEZ,SABBATH,300,0,300,new,,paid,completed
2026-04-07,12:00:00,JD Gumba,PEDICURE,JENIFFER ANN MANUEL,LE NAILS,200,0,200,new,,paid,completed
2026-04-08,12:00:00,Romeo Gatmaitan,COMBINATION,MARK KENNETH SANCHEZ,SABBATH,750,0,750,new,,paid,completed
2026-04-08,12:00:00,Rochelle Espiritu,COMBINATION,LAARNI CAPARAS,SABBATH,750,0,750,new,,paid,completed
2026-04-08,12:00:00,Rio Urano,COMBINATION,DIVINE,SABBATH,750,0,750,new,,paid,completed
2026-04-08,12:00:00,Michelle Borja,COMBINATION,JANINE KIMBERLY GARCIA,SABBATH,750,0,750,new,,paid,completed
2026-04-08,12:00:00,Devie Roque,COMBINATION,ASHLEY JANE GARCIA,SABBATH,750,0,750,new,,paid,completed
2026-04-08,12:00:00,Noeelyn teodoro,COMBINATION,VIA JOY SANCHEZ,SABBATH,750,0,750,new,,paid,completed
2026-04-08,12:00:00,Leo Caberto,COMBINATION,ASHLEY JANE GARCIA,SABBATH,750,0,750,new,,paid,completed
2026-04-08,12:00:00,Leo Caberto,ADDITIONAL 30 MINS,ASHLEY JANE GARCIA,SABBATH,300,0,300,new,,paid,completed
2026-04-08,12:00:00,Joseph Garcia,SWEDISH,LAARNI CAPARAS,SABBATH,600,0,600,new,,paid,completed
2026-04-08,12:00:00,Richelle santiago,COMBINATION,DIVINE,SABBATH,750,0,750,new,,paid,completed
2026-04-08,12:00:00,Marcus Gutierrez,AROMATHERAPY OIL WITH HERBAL BALL,MARK KENNETH SANCHEZ,SABBATH,1000,0,1000,new,,paid,completed
2026-04-08,12:00:00,Marcus Gutierrez,ADDITIONAL 30 MINS,MARK KENNETH SANCHEZ,SABBATH,0,0,0,new,,paid,completed
2026-04-08,12:00:00,Chelsi Tan,AROMATHERAPY OIL WITH HERBAL BALL,JANINE KIMBERLY GARCIA,SABBATH,1000,0,1000,new,,paid,completed
2026-04-08,12:00:00,Chelsi Tan,ADDITIONAL 30 MINS,JANINE KIMBERLY GARCIA,SABBATH,300,0,300,new,,paid,completed
2026-04-08,12:00:00,Aiya Darcen,AROMATHERAPY OIL WITH HERBAL BALL,LEAH PEDROSA,SABBATH,1000,0,1000,new,,paid,completed
2026-04-08,12:00:00,Aiya Darcen,ADDITIONAL 30 MINS,LEAH PEDROSA,SABBATH,300,0,300,new,,paid,completed
2026-04-08,12:00:00,Faith Gonzales,AROMATHERAPY OIL WITH HERBAL BALL,VIA JOY SANCHEZ,SABBATH,1000,0,1000,new,,paid,completed
2026-04-08,12:00:00,Sarah Andres,COMBINATION W/ HOT STONE,DIVINE,SABBATH,1250,0,1250,new,,paid,completed
2026-04-08,12:00:00,Ferdinand Andres,COMBINATION W/ HOT STONE,ASHLEY JANE GARCIA,SABBATH,1250,0,1250,new,,paid,completed
2026-04-08,12:00:00,ivy Dela Cruz,FOOT SPA,EVANGELINE CANONIGO,LE NAILS,350,0,350,new,,paid,completed
2026-04-08,12:00:00,ivy Dela Cruz,PEDICURE,EVANGELINE CANONIGO,LE NAILS,200,0,200,new,,paid,completed
2026-04-08,12:00:00,Allisa,FOOT SPA,JENIFFER ANN MANUEL,LE NAILS,350,0,350,new,,paid,completed
2026-04-08,12:00:00,Allisa,MANICURE,JENIFFER ANN MANUEL,LE NAILS,150,0,150,new,,paid,completed
2026-04-08,12:00:00,Allisa,POLISH,JENIFFER ANN MANUEL,LE NAILS,50,0,50,new,,paid,completed
2026-04-08,12:00:00,Richelle santiago,FOOT SPA,EVANGELINE CANONIGO,LE NAILS,350,0,350,new,,paid,completed
2026-04-08,12:00:00,Richelle santiago,FOOT MASSAGE,EVANGELINE CANONIGO,LE NAILS,350,0,350,new,,paid,completed
2026-04-09,12:00:00,Tess mayon,COMBINATION,LEAH PEDROSA,SABBATH,750,0,750,new,,paid,completed
2026-04-09,12:00:00,Norlita Agulto,TRADITIONAL HILOT WITH VENTOSA,JESTINE TANELON,SABBATH,1500,0,1500,new,,paid,completed
2026-04-09,12:00:00,Gilda Yumang,COMBINATION,LAARNI CAPARAS,SABBATH,750,0,750,new,,paid,completed
2026-04-09,12:00:00,Frandy Castillo,COMBINATION,DIVINE,SABBATH,750,0,750,new,,paid,completed
2026-04-09,12:00:00,April Castillo,COMBINATION,JANINE KIMBERLY GARCIA,SABBATH,750,0,750,new,,paid,completed
2026-04-09,12:00:00,Elmer Andal,TRADITIONAL HILOT WITH VENTOSA,LEAH PEDROSA,SABBATH,1500,300,1200,new,,paid,completed
2026-04-09,12:00:00,Tita Andal,TRADITIONAL HILOT WITH VENTOSA,JESTINE TANELON,SABBATH,1500,300,1200,new,,paid,completed
2026-04-09,12:00:00,Erick Pascual,"HEAD, BACK & SHOULDER",VIA JOY SANCHEZ,SABBATH,400,0,400,new,,paid,completed
2026-04-09,12:00:00,Alaine De Jesus,SWEDISH,LAARNI CAPARAS,SABBATH,600,0,600,new,,paid,completed
2026-04-09,12:00:00,Lesly Pijante,COMBINATION,JANINE KIMBERLY GARCIA,SABBATH,750,0,750,new,,paid,completed
2026-04-09,12:00:00,Lesly Pijante,ADDITIONAL 30 MINS,JANINE KIMBERLY GARCIA,SABBATH,300,0,300,new,,paid,completed
2026-04-09,12:00:00,Airel Panlaque,SABBATH PACKAGE 1,VIA JOY SANCHEZ,SABBATH,2000,0,2000,new,,paid,completed
2026-04-09,12:00:00,Arlene Panlaqui,SABBATH PACKAGE 1,JESTINE TANELON,SABBATH,2000,0,2000,new,,paid,completed
2026-04-09,12:00:00,Jeicelle Pantig,SABBATH PACKAGE 1,LEAH PEDROSA,SABBATH,2000,0,2000,new,,paid,completed
2026-04-09,12:00:00,Maylene Buenaventura,SWEDISH,DIVINE,SABBATH,600,0,600,new,,paid,completed
2026-04-09,12:00:00,Maylene Buenaventura,ADDITIONAL 30 MINS,DIVINE,SABBATH,300,0,300,new,,paid,completed
2026-04-09,12:00:00,Richard Buenaventura,SWEDISH,LAARNI CAPARAS,SABBATH,600,0,600,new,,paid,completed
2026-04-09,12:00:00,Richard Buenaventura,ADDITIONAL 30 MINS,LAARNI CAPARAS,SABBATH,300,0,300,new,,paid,completed
2026-04-09,12:00:00,Ronj Leoncio,AROMATHERAPY OIL WITH HERBAL BALL,VIA JOY SANCHEZ,SABBATH,1000,0,1000,new,,paid,completed
2026-04-09,12:00:00,Flor Hernandez,SWEDISH,JANINE KIMBERLY GARCIA,SABBATH,600,600,0,new,,paid,completed
2026-04-09,12:00:00,Bianca Duenas,SWEDISH,DIVINE,SABBATH,600,600,0,new,,paid,completed
2026-04-09,12:00:00,Denny Hernandez,SWEDISH,LAARNI CAPARAS,SABBATH,600,600,0,new,,paid,completed
2026-04-09,12:00:00,Jaime Espiritu,SWEDISH,VIA JOY SANCHEZ,SABBATH,600,0,600,new,,paid,completed
2026-04-09,12:00:00,John Robert Espiritu,COMBINATION,DIVINE,SABBATH,750,0,750,new,,paid,completed
2026-04-09,12:00:00,Vin Garcia,SABBATH FOOT REFLEX,JESTINE TANELON,SABBATH,600,0,600,new,,paid,completed
2026-04-09,12:00:00,Melvin Maniacup,SABBATH FOOT REFLEX,LEAH PEDROSA,SABBATH,600,0,600,new,,paid,completed
2026-04-09,12:00:00,Lea Manaysay,SWEDISH,JESTINE TANELON,SABBATH,600,0,600,new,,paid,completed
2026-04-09,12:00:00,Liz Sayo,SWEDISH,LAARNI CAPARAS,SABBATH,600,0,600,new,,paid,completed
2026-04-09,12:00:00,Pep Sayo,SWEDISH,LEAH PEDROSA,SABBATH,600,0,600,new,,paid,completed
2026-04-09,12:00:00,Norlita Agulto,MANICURE,EVANGELINE CANONIGO,LE NAILS,150,0,150,new,,paid,completed
2026-04-09,12:00:00,Norlita Agulto,POLISH,,LE NAILS,0,0,0,new,,paid,completed
2026-04-09,12:00:00,Norlita Agulto,MANICURE,EVANGELINE CANONIGO,LE NAILS,150,0,150,new,,paid,completed
2026-04-09,12:00:00,Norlita Agulto,POLISH,,LE NAILS,0,0,0,new,,paid,completed
2026-04-09,12:00:00,Norlita Agulto,MANICURE,,LE NAILS,0,0,0,new,,paid,completed
2026-04-09,12:00:00,Norlita Agulto,POLISH,,LE NAILS,0,0,0,new,,paid,completed
2026-04-09,12:00:00,Erick Pascual,SOFT GEL NAIL EXTENSION,EVANGELINE CANONIGO,LE NAILS,800,0,800,new,,paid,completed
2026-04-09,12:00:00,Erick Pascual,SOFT GEL REMOVER,EVANGELINE CANONIGO,LE NAILS,300,0,300,new,,paid,completed
2026-04-09,12:00:00,April Castillo,FOOT SPA,EVANGELINE CANONIGO,LE NAILS,350,0,350,new,,paid,completed
2026-04-09,12:00:00,April Castillo,PEDICURE,EVANGELINE CANONIGO,LE NAILS,200,0,200,new,,paid,completed
2026-04-09,12:00:00,Kimmy,PEDICURE,EVANGELINE CANONIGO,LE NAILS,200,0,200,new,,paid,completed
2026-04-09,12:00:00,Kimmy,PEDICURE,EVANGELINE CANONIGO,,200,0,200,new,,paid,completed
2026-04-09,12:00:00,Kimmy,PEDICURE,EVANGELINE CANONIGO,,200,0,200,new,,paid,completed
2026-04-10,12:00:00,Marinel de Vera,PACKAGE C,EVANGELINE CANONIGO,LE NAILS,700,0,700,new,,paid,completed
2026-04-10,12:00:00,Marinel de Vera,PACKAGE A,EVANGELINE CANONIGO,LE NAILS,600,0,600,new,,paid,completed
2026-04-10,12:00:00,Marinel de Vera,POLISH,EVANGELINE CANONIGO,LE NAILS,50,0,50,new,,paid,completed
2026-04-10,12:00:00,Marinel de Vera,POLISH,EVANGELINE CANONIGO,LE NAILS,50,0,50,new,,paid,completed
2026-04-10,12:00:00,Catherine Calayag,COMBINATION,ASHLEY JANE GARCIA,SABBATH,750,0,750,new,,paid,completed
2026-04-10,12:00:00,Diana Agapito,COMBINATION,DIVINE,SABBATH,750,0,750,new,,paid,completed
2026-04-10,12:00:00,Michael Agapito,SABBATH FOOT REFLEX,MARK KENNETH SANCHEZ,SABBATH,600,0,600,new,,paid,completed
2026-04-10,12:00:00,Jhoana Fuster,SHIATSU,JANINE KIMBERLY GARCIA,SABBATH,600,0,600,new,,paid,completed
2026-04-10,12:00:00,Jhoana Fuster,FOOT MASSAGE,JANINE KIMBERLY GARCIA,SABBATH,350,0,350,new,,paid,completed
2026-04-10,12:00:00,John Villanueva,SWEDISH,ASHLEY JANE GARCIA,SABBATH,600,0,600,new,,paid,completed
2026-04-10,12:00:00,John Villanueva,ADDITIONAL 30 MINS,ASHLEY JANE GARCIA,SABBATH,300,0,300,new,,paid,completed
2026-04-10,12:00:00,Ochie Villanueva,SWEDISH,VIA JOY SANCHEZ,SABBATH,600,0,600,new,,paid,completed
2026-04-10,12:00:00,Ochie Villanueva,ADDITIONAL 30 MINS,VIA JOY SANCHEZ,SABBATH,300,0,300,new,,paid,completed
2026-04-10,12:00:00,Joyce Bernardino,"SABBATH SIGNATURE FOOT, HEAD, NECK & SHOULDER",LEAH PEDROSA,SABBATH,750,0,750,new,,paid,completed
2026-04-10,12:00:00,Loumer Morales,COMBINATION,MARK KENNETH SANCHEZ,SABBATH,750,0,750,new,,paid,completed
2026-04-10,12:00:00,Loumer Morales,ADDITIONAL 30 MINS,MARK KENNETH SANCHEZ,SABBATH,300,0,300,new,,paid,completed
2026-04-10,12:00:00,Melden Hernandez,COMBINATION,LAARNI CAPARAS,SABBATH,750,0,750,new,,paid,completed
2026-04-10,12:00:00,Melden Hernandez,ADDITIONAL 30 MINS,LAARNI CAPARAS,SABBATH,300,0,300,new,,paid,completed
2026-04-10,12:00:00,Hazel Caparas,"SABBATH SIGNATURE FOOT, HEAD, NECK & SHOULDER",JANINE KIMBERLY GARCIA,SABBATH,750,750,0,new,Vip,paid,completed
2026-04-10,12:00:00,Patrick Ching,TRADITIONAL HILOT WITH VENTOSA,ASHLEY JANE GARCIA,SABBATH,1500,0,1500,new,,paid,completed
2026-04-10,12:00:00,Abegail Laquindanum,COMBINATION,JESTINE TANELON,SABBATH,750,0,750,new,,paid,completed
2026-04-10,12:00:00,Abegail Laquindanum,ADDITIONAL 30 MINS,JESTINE TANELON,SABBATH,300,0,300,new,,paid,completed
2026-04-10,12:00:00,Anton Pascual,COMBINATION,VIA JOY SANCHEZ,SABBATH,750,0,750,new,,paid,completed
2026-04-10,12:00:00,Anton Pascual,ADDITIONAL 30 MINS,VIA JOY SANCHEZ,SABBATH,300,0,300,new,,paid,completed
2026-04-10,12:00:00,Christopher Jasrain,SWEDISH,DIVINE,SABBATH,600,0,600,new,,paid,completed
2026-04-10,12:00:00,Christopher Jasrain,ADDITIONAL 30 MINS,DIVINE,SABBATH,300,0,300,new,,paid,completed
2026-04-11,12:00:00,Randy Ambito,SWEDISH,MARK KENNETH SANCHEZ,SABBATH,600,0,600,new,,paid,completed
2026-04-11,12:00:00,Rachelle,PEDICURE,EVANGELINE CANONIGO,LE NAILS,200,0,200,new,,paid,completed
2026-04-11,12:00:00,Rachelle,POLISH,EVANGELINE CANONIGO,LE NAILS,50,0,50,new,,paid,completed
2026-04-11,12:00:00,LIlybeth Ambito,SWEDISH,LEAH PEDROSA,SABBATH,600,0,600,new,,paid,completed
2026-04-11,12:00:00,Rodnick Santos,COMBINATION,JESTINE TANELON,SABBATH,750,0,750,new,,paid,completed
2026-04-11,12:00:00,Rodnick Santos,ADDITIONAL 30 MINS,JESTINE TANELON,SABBATH,300,0,300,new,,paid,completed
2026-04-11,12:00:00,Christian Marcelo,SWEDISH,DIVINE,SABBATH,600,0,600,new,,paid,completed
2026-04-11,12:00:00,Jonel Praise Marcelo,SWEDISH,LAARNI CAPARAS,SABBATH,600,0,600,new,,paid,completed
2026-04-11,12:00:00,Rose Bautista,SWEDISH,VIA JOY SANCHEZ,SABBATH,600,0,600,new,,paid,completed
2026-04-11,12:00:00,Rose Bautista,PEDICURE,JENIFFER ANN MANUEL,LE NAILS,200,0,200,new,,paid,completed
2026-04-11,12:00:00,Rose Bautista,POLISH,JENIFFER ANN MANUEL,LE NAILS,50,0,50,new,,paid,completed
2026-04-11,12:00:00,Romel Bautista,SWEDISH,JANINE KIMBERLY GARCIA,SABBATH,600,0,600,new,,paid,completed
2026-04-11,12:00:00,AJ Aquino,SWEDISH,ASHLEY JANE GARCIA,SABBATH,600,0,600,new,,paid,completed
2026-04-11,12:00:00,Noril Aquino,SWEDISH,LEAH PEDROSA,SABBATH,600,0,600,new,,paid,completed
2026-04-11,12:00:00,Michael Fernando,TRADITIONAL HILOT WITH VENTOSA,JESTINE TANELON,SABBATH,1500,0,1500,new,,paid,completed
2026-04-11,12:00:00,Roselle Dalupang,COMBINATION,LAARNI CAPARAS,SABBATH,750,0,750,new,,paid,completed
2026-04-11,12:00:00,Roselle Dalupang,ADDITIONAL 30 MINS,LAARNI CAPARAS,SABBATH,300,0,300,new,,paid,completed
2026-04-11,12:00:00,Roselene Cruz,"HEAD, BACK & SHOULDER",DIVINE,SABBATH,400,400,0,new,,paid,completed
2026-04-11,12:00:00,Tine Dela Cruz,"HEAD, BACK & SHOULDER",VIA JOY SANCHEZ,SABBATH,400,400,0,new,,paid,completed
2026-04-11,12:00:00,Shaira Gole,SWEDISH,LEAH PEDROSA,SABBATH,600,0,600,new,,paid,completed
2026-04-11,12:00:00,Shaira Gole,ADDITIONAL 30 MINS,LEAH PEDROSA,SABBATH,300,0,300,new,,paid,completed
2026-04-11,12:00:00,Micah Gole Romero,COMBINATION,JANINE KIMBERLY GARCIA,SABBATH,750,0,750,new,,paid,completed
2026-04-11,12:00:00,Micah Gole Romero,ADDITIONAL 30 MINS,JANINE KIMBERLY GARCIA,SABBATH,300,0,300,new,,paid,completed
2026-04-11,12:00:00,Lee Cris Enriquez,TRADITIONAL HILOT WITH VENTOSA,MARK KENNETH SANCHEZ,SABBATH,1500,0,1500,new,,paid,completed
2026-04-11,12:00:00,Kate Fegi,COMBINATION,JESTINE TANELON,SABBATH,750,0,750,new,,paid,completed
2026-04-11,12:00:00,Kate Fegi,ADDITIONAL 30 MINS,JESTINE TANELON,SABBATH,300,0,300,new,,paid,completed
2026-04-11,12:00:00,Willie Fegi,SABBATH SIGNATURE,LAARNI CAPARAS,SABBATH,1000,0,1000,new,,paid,completed
2026-04-11,12:00:00,Dominic Fajardo,SWEDISH,DIVINE,SABBATH,600,0,600,new,,paid,completed
2026-04-11,12:00:00,Marjorie Fajardo,SWEDISH,VIA JOY SANCHEZ,SABBATH,600,0,600,new,,paid,completed
2026-04-11,12:00:00,Mark Bautista,SWEDISH,JANINE KIMBERLY GARCIA,SABBATH,600,0,600,new,,paid,completed
2026-04-11,12:00:00,Carlos Aboga,SWEDISH,LEAH PEDROSA,SABBATH,600,0,600,new,,paid,completed
2026-04-11,12:00:00,Christian Bantong,SWEDISH,JENIFFER ANN MANUEL,SABBATH,600,0,600,new,,paid,completed
2026-04-11,12:00:00,Christel Pangan,SWEDISH,JESTINE TANELON,SABBATH,600,600,0,new,Platinum,paid,completed
2026-04-11,12:00:00,Jomar Camua,COMBINATION W/ HOT STONE,VIA JOY SANCHEZ,SABBATH,1250,0,1250,new,,paid,completed
2026-04-11,12:00:00,John Delos Santos,SWEDISH,DIVINE,SABBATH,600,0,600,new,,paid,completed
2026-04-11,12:00:00,Micaella Illescas,COMBINATION,LAARNI CAPARAS,SABBATH,750,0,750,new,,paid,completed
2026-04-12,12:00:00,Margarette Reyes,SWEDISH,JANINE KIMBERLY GARCIA,SABBATH,600,600,0,new,,paid,completed
2026-04-12,12:00:00,Ma. Theressa Reyes,SWEDISH,VIA JOY SANCHEZ,SABBATH,600,600,0,new,,paid,completed
2026-04-12,12:00:00,Lottie Reyes,SWEDISH,DIVINE,SABBATH,600,600,0,new,,paid,completed
2026-04-12,12:00:00,Cristel Pangan,SABBATH FOOT REFLEX,MARK KENNETH SANCHEZ,SABBATH,600,600,0,new,Vip,paid,completed
2026-04-12,12:00:00,Irene Bautista,SWEDISH,JESTINE TANELON,SABBATH,600,0,600,new,,paid,completed
2026-04-12,12:00:00,Arjay Bautista,SWEDISH,LEAH PEDROSA,SABBATH,600,0,600,new,,paid,completed
2026-04-12,12:00:00,Krystel Ramada,SABBATH FOOT REFLEX,DIVINE,SABBATH,600,0,600,new,,paid,completed
2026-04-12,12:00:00,Mark Bondoc,SABBATH FOOT REFLEX,MARK KENNETH SANCHEZ,SABBATH,600,0,600,new,,paid,completed
2026-04-12,12:00:00,Rheyn Meguiso,COMBINATION,JANINE KIMBERLY GARCIA,SABBATH,750,0,750,new,,paid,completed
2026-04-12,12:00:00,Vhin Pamintuan,COMBINATION,VIA JOY SANCHEZ,SABBATH,750,0,750,new,,paid,completed
2026-04-12,12:00:00,Kim Gonzales,COMBINATION W/ HOT STONE,LEAH PEDROSA,SABBATH,1250,0,1250,new,,paid,completed
2026-04-12,12:00:00,Sab Carpio,SABBATH SIGNATURE,JANINE KIMBERLY GARCIA,SABBATH,1000,0,1000,new,,paid,completed
2026-04-12,12:00:00,Estee Carpio,SABBATH SIGNATURE,DIVINE,SABBATH,1000,0,1000,new,,paid,completed
2026-04-12,12:00:00,Candy Mundo,COMBINATION,JESTINE TANELON,SABBATH,750,0,750,new,,paid,completed
2026-04-12,12:00:00,Don mendoza,COMBINATION,VIA JOY SANCHEZ,SABBATH,750,0,750,new,,paid,completed
2026-04-12,12:00:00,Arcelito Elape,COMBINATION,MARK KENNETH SANCHEZ,SABBATH,750,0,750,new,,paid,completed
2026-04-12,12:00:00,Anna Teodoro,COMBINATION,LEAH PEDROSA,SABBATH,750,0,750,new,,paid,completed
2026-04-12,12:00:00,Lyka Pascual,SABBATH PACKAGE 1 w/ comb,VIA JOY SANCHEZ,SABBATH,2150,0,2150,new,,paid,completed
2026-04-12,12:00:00,CJ Samson,SABBATH PACKAGE 1 w/ comb,JESTINE TANELON,SABBATH,2150,0,2150,new,,paid,completed
2026-04-12,12:00:00,Cherry Arcega,COMBINATION,JESTINE TANELON,SABBATH,750,0,750,new,,paid,completed
2026-04-12,12:00:00,Crystal Andencial,COMBINATION,DIVINE,SABBATH,750,0,750,new,,paid,completed
2026-04-12,12:00:00,Marlon Maglalang,COMBINATION,JANINE KIMBERLY GARCIA,SABBATH,750,0,750,new,,paid,completed
2026-04-12,12:00:00,Allan Teodoro,SWEDISH,MARK KENNETH SANCHEZ,SABBATH,600,0,600,new,,paid,completed
2026-04-12,12:00:00,Jem Teodoro,SWEDISH,LEAH PEDROSA,SABBATH,600,0,600,new,,paid,completed
2026-04-12,12:00:00,Ane Theodoro,"HEAD, BACK & SHOULDER",DIVINE,SABBATH,400,0,400,new,,paid,completed
2026-04-12,12:00:00,Shiela,PACKAGE A,JENIFFER ANN MANUEL,LE NAILS,600,0,600,new,,paid,completed
2026-04-12,12:00:00,Shiela,PACKAGE B,EVANGELINE CANONIGO,LE NAILS,950,0,950,new,,paid,completed
2026-04-12,12:00:00,Shiela,POLISH,EVANGELINE CANONIGO,LE NAILS,50,0,50,new,,paid,completed
2026-04-12,12:00:00,Irene Bautista,PEDICURE,JENIFFER ANN MANUEL,LE NAILS,200,0,200,new,,paid,completed
2026-04-12,12:00:00,Irene Bautista,PEDICURE,EVANGELINE CANONIGO,LE NAILS,200,0,200,new,,paid,completed
2026-04-13,12:00:00,Rommel Sta. Juana,SABBATH SIGNATURE,MARK KENNETH SANCHEZ,SABBATH,1000,0,1000,new,,paid,completed
2026-04-13,12:00:00,Roy Nelson Esguerra,COMBINATION,LEAH PEDROSA,SABBATH,750,0,750,new,,paid,completed
2026-04-13,12:00:00,Princess Esguirra,SWEDISH,JESTINE TANELON,SABBATH,600,0,600,new,,paid,completed
2026-04-13,12:00:00,Sheryl Alonzo,SWEDISH,DIVINE,SABBATH,600,0,600,new,,paid,completed
2026-04-13,12:00:00,JP Magsakay,SWEDISH,VIA JOY SANCHEZ,SABBATH,600,0,600,new,,paid,completed
2026-04-13,12:00:00,Nathalie Gines,COMBINATION,LAARNI CAPARAS,SABBATH,750,0,750,new,,paid,completed
2026-04-13,12:00:00,Ram Kenneth Gines,COMBINATION,MARK KENNETH SANCHEZ,SABBATH,750,0,750,new,,paid,completed
2026-04-13,12:00:00,Jeannette Santos,NAIL GEL REMOVAL,JENIFFER ANN MANUEL,LE NAILS,150,0,150,new,,paid,completed
2026-04-13,12:00:00,Jeannette Santos,PACKAGE A,JENIFFER ANN MANUEL,LE NAILS,600,0,600,new,,paid,completed
2026-04-13,12:00:00,Jeannette Santos,MANICURE,JENIFFER ANN MANUEL,LE NAILS,150,0,150,new,,paid,completed
2026-04-13,12:00:00,Jeannette Santos,PEDICURE,JENIFFER ANN MANUEL,LE NAILS,200,0,200,new,,paid,completed
2026-04-13,12:00:00,Princess Esguirra,FOOT SPA,JENIFFER ANN MANUEL,LE NAILS,350,0,350,new,,paid,completed
2026-04-13,12:00:00,Princess Esguirra,FOOT SPA,JENIFFER ANN MANUEL,LE NAILS,350,0,350,new,,paid,completed
2026-04-13,12:00:00,Nathalie Gines,PACKAGE A,JENIFFER ANN MANUEL,LE NAILS,600,0,600,new,,paid,completed
2026-04-13,12:00:00,Nathalie Gines,PEDICURE,JENIFFER ANN MANUEL,LE NAILS,200,0,200,new,,paid,completed
2026-04-13,12:00:00,Nathalie Gines,MANICURE,JENIFFER ANN MANUEL,LE NAILS,150,0,150,new,,paid,completed
2026-04-14,12:00:00,Ariel,PACKAGE B,EVANGELINE CANONIGO,LE NAILS,950,0,950,new,,paid,completed
2026-04-14,12:00:00,Ariel,NAIL GEL REMOVAL,EVANGELINE CANONIGO,LE NAILS,150,0,150,new,,paid,completed
2026-04-14,12:00:00,Ariel,POLISH,EVANGELINE CANONIGO,LE NAILS,50,0,50,new,,paid,completed
2026-04-14,12:00:00,Ariel,PACKAGE A,JENIFFER ANN MANUEL,LE NAILS,600,0,600,new,,paid,completed
2026-04-14,12:00:00,Arlene Acapuleo,COMBINATION,DIVINE,SABBATH,750,0,750,new,,paid,completed
2026-04-14,12:00:00,Adrian Acapuleo,COMBINATION,MARK KENNETH SANCHEZ,SABBATH,750,0,750,new,,paid,completed
2026-04-14,12:00:00,Joy Manaysay,COMBINATION,JENIFFER ANN MANUEL,SABBATH,750,0,750,new,,paid,completed
2026-04-14,12:00:00,Christian Brian Mendoza,COMBINATION,MARK KENNETH SANCHEZ,SABBATH,750,0,750,new,,paid,completed
2026-04-14,12:00:00,Christian Brian Mendoza,ADDITIONAL 30 MINS,MARK KENNETH SANCHEZ,SABBATH,300,0,300,new,,paid,completed
2026-04-14,12:00:00,Veronica Jose,COMBINATION,JESTINE TANELON,SABBATH,750,0,750,new,,paid,completed
2026-04-14,12:00:00,Veronica Jose,ADDITIONAL 30 MINS,JESTINE TANELON,SABBATH,300,0,300,new,,paid,completed
2026-04-14,12:00:00,Susi Vanguardian,SABBATH SIGNATURE,LAARNI CAPARAS,SABBATH,1000,0,1000,new,,paid,completed
2026-04-14,12:00:00,Romel Bernardino,SABBATH FOOT REFLEX,LEAH PEDROSA,SABBATH,600,0,600,new,,paid,completed
2026-04-14,12:00:00,Grace Bernardino,SABBATH FOOT REFLEX,JANINE KIMBERLY GARCIA,SABBATH,600,0,600,new,,paid,completed
2026-04-14,12:00:00,Monica Ople,SABBATH PACKAGE 1,JESTINE TANELON,SABBATH,2000,0,2000,new,,paid,completed
2026-04-14,12:00:00,Maria Santiago,SABBATH PACKAGE 1,LEAH PEDROSA,SABBATH,2000,0,2000,new,,paid,completed
2026-04-14,12:00:00,Merlita Ortega,SABBATH SIGNATURE,LAARNI CAPARAS,SABBATH,1000,0,1000,new,,paid,completed
2026-04-14,12:00:00,Lady Ortega,COMBINATION,DIVINE,SABBATH,750,0,750,new,,paid,completed
2026-04-14,12:00:00,Lady Ortega,ADDITIONAL 30 MINS,DIVINE,SABBATH,300,0,300,new,,paid,completed
2026-04-14,12:00:00,Jasper Santiago,SWEDISH,JANINE KIMBERLY GARCIA,SABBATH,600,0,600,new,,paid,completed
2026-04-14,12:00:00,Jasper Santiago,ADDITIONAL 30 MINS,JANINE KIMBERLY GARCIA,SABBATH,300,0,300,new,,paid,completed
2026-04-14,12:00:00,Rawan Burgos,SWEDISH,DIVINE,SABBATH,600,0,600,new,,paid,completed
2026-04-14,12:00:00,Macky Gerona,SWEDISH,LEAH PEDROSA,SABBATH,600,0,600,new,,paid,completed
2026-04-15,12:00:00,Julius Da Gala,PEDICURE,EVANGELINE CANONIGO,LE NAILS,200,0,200,new,,paid,completed
2026-04-15,12:00:00,Ruth Angelo,COMBINATION,VIA JOY SANCHEZ,SABBATH,750,0,750,new,,paid,completed
2026-04-15,12:00:00,Ronald Angelo,COMBINATION,JANINE KIMBERLY GARCIA,SABBATH,750,0,750,new,,paid,completed
2026-04-15,12:00:00,Julius Da Gala,SWEDISH,LAARNI CAPARAS,SABBATH,600,0,600,new,,paid,completed
2026-04-15,12:00:00,Dennis Dagsaan,SWEDISH,MARK KENNETH SANCHEZ,SABBATH,600,0,600,new,,paid,completed
2026-04-15,12:00:00,Kaye Tomampo,COMBINATION,JANINE KIMBERLY GARCIA,SABBATH,750,0,750,new,,paid,completed
2026-04-15,12:00:00,Rocher Manoguid,COMBINATION,MARK KENNETH SANCHEZ,SABBATH,750,0,750,new,,paid,completed
2026-04-15,12:00:00,Jesse Esperagosa,TRADITIONAL HILOT WITH VENTOSA,DIVINE,SABBATH,1500,0,1500,new,,paid,completed
2026-04-15,12:00:00,Grece Esparagosa,TRADITIONAL HILOT WITH VENTOSA,JESTINE TANELON,SABBATH,1500,0,1500,new,,paid,completed
2026-04-15,12:00:00,Kaye Cabales,COMBINATION W/ HOT STONE,JANINE KIMBERLY GARCIA,SABBATH,1250,0,1250,new,,paid,completed
2026-04-15,12:00:00,Christian Miles Cubos,COMBINATION W/ HOT STONE,LEAH PEDROSA,SABBATH,1250,0,1250,new,,paid,completed
2026-04-15,12:00:00,Cassandra Ochangco,TRADITIONAL HILOT WITH VENTOSA,LEAH PEDROSA,SABBATH,1500,0,1500,new,,paid,completed
2026-04-15,12:00:00,Ives Roi Pantig,TRADITIONAL HILOT WITH VENTOSA,DIVINE,SABBATH,1500,0,1500,new,,paid,completed
2026-04-16,12:00:00,Maruh Ramos,TRADITIONAL HILOT WITH VENTOSA,VIA JOY SANCHEZ,SABBATH,1500,0,1500,new,,paid,completed
2026-04-16,12:00:00,Monique Tan,COMBINATION,JANINE KIMBERLY GARCIA,SABBATH,750,0,750,new,,paid,completed
2026-04-16,12:00:00,Nenita Tan,COMBINATION,DIVINE,SABBATH,750,0,750,new,,paid,completed
2026-04-16,12:00:00,Doms Guison,COMBINATION,VIA JOY SANCHEZ,SABBATH,750,0,750,new,,paid,completed
2026-04-16,12:00:00,Nicole Cristobal,SWEDISH,JANINE KIMBERLY GARCIA,SABBATH,600,0,600,new,,paid,completed
2026-04-16,12:00:00,JM Buenaventura,SWEDISH,VIA JOY SANCHEZ,SABBATH,600,0,600,new,,paid,completed
2026-04-16,12:00:00,Mark Buenaventura,SWEDISH,DIVINE,SABBATH,600,0,600,new,,paid,completed
2026-04-16,12:00:00,weng Valentin,SWEDISH,JANINE KIMBERLY GARCIA,SABBATH,600,0,600,new,,paid,completed
2026-04-16,12:00:00,Carina Enriquez,COMBINATION,DIVINE,SABBATH,750,0,750,new,,paid,completed
2026-04-16,12:00:00,Marlon Estaso,COMBINATION,VIA JOY SANCHEZ,SABBATH,750,0,750,new,,paid,completed
2026-04-16,12:00:00,Ruth Samson,PACKAGE A,EVANGELINE CANONIGO,LE NAILS,600,0,600,new,,paid,completed
2026-04-16,12:00:00,Ruth Samson,PACKAGE D,JENIFFER ANN MANUEL,LE NAILS,1050,0,1050,new,,paid,completed
2026-04-16,12:00:00,Gelene,SOFT GEL NAIL EXTENSION,EVANGELINE CANONIGO,LE NAILS,800,0,800,new,,paid,completed
2026-04-16,12:00:00,Gelene,FOOT SPA,EVANGELINE CANONIGO,LE NAILS,350,0,350,new,,paid,completed
2026-04-16,12:00:00,Gelene,NAIL GEL REMOVAL,EVANGELINE CANONIGO,LE NAILS,150,0,150,new,,paid,completed
2026-04-16,12:00:00,Gelene,PEDICURE,EVANGELINE CANONIGO,LE NAILS,200,0,200,new,,paid,completed
2026-04-17,12:00:00,Diane Pahati,PACKAGE A,EVANGELINE CANONIGO,LE NAILS,600,0,600,new,,paid,completed
2026-04-17,12:00:00,Diane Pahati,POLISH,EVANGELINE CANONIGO,LE NAILS,50,0,50,new,,paid,completed
2026-04-17,12:00:00,Diane Pahati,PACKAGE A,JENIFFER ANN MANUEL,LE NAILS,600,0,600,new,,paid,completed
2026-04-17,12:00:00,Erika,PEDICURE,JENIFFER ANN MANUEL,LE NAILS,200,0,200,new,,paid,completed
2026-04-17,12:00:00,Erika,POLISH,JENIFFER ANN MANUEL,LE NAILS,50,0,50,new,,paid,completed
2026-04-17,12:00:00,Abigael santiago,COMBINATION,LAARNI CAPARAS,SABBATH,750,0,750,new,,paid,completed
2026-04-17,12:00:00,Kristina Tabing,COMBINATION,JESTINE TANELON,SABBATH,750,0,750,new,,paid,completed
2026-04-17,12:00:00,Jonathan Pari,SABBATH PACKAGE 1,JANINE KIMBERLY GARCIA,SABBATH,2000,0,2000,new,,paid,completed
2026-04-17,12:00:00,Mary Grace Parinas,SABBATH PACKAGE 1,LEAH PEDROSA,SABBATH,2000,0,2000,new,,paid,completed
2026-04-17,12:00:00,Ann Arinas,COMBINATION,DIVINE,SABBATH,750,0,750,new,,paid,completed
2026-04-17,12:00:00,John Arinas,COMBINATION,MARK KENNETH SANCHEZ,SABBATH,750,0,750,new,,paid,completed
2026-04-17,12:00:00,Henry Ching,COMBINATION,LAARNI CAPARAS,SABBATH,750,0,750,new,,paid,completed
2026-04-17,12:00:00,Ivy Ching,COMBINATION,VIA JOY SANCHEZ,SABBATH,750,0,750,new,,paid,completed
2026-04-17,12:00:00,Diane Pahati,COMBINATION W/ HOT STONE,DIVINE,SABBATH,1250,0,1250,new,,paid,completed
2026-04-17,12:00:00,Diane Pahati,ADDITIONAL 30 MINS,DIVINE,SABBATH,300,0,300,new,,paid,completed
2026-04-17,12:00:00,Macky Gerona,SWEDISH,MARK KENNETH SANCHEZ,SABBATH,600,0,600,new,,paid,completed
2026-04-17,12:00:00,Rawan,SWEDISH,LEAH PEDROSA,SABBATH,600,0,600,new,,paid,completed
2026-04-17,12:00:00,Ma. Victoria Geronimo,SWEDISH,JANINE KIMBERLY GARCIA,SABBATH,600,0,600,new,,paid,completed
2026-04-17,12:00:00,Jai De Guzman,COMBINATION,LEAH PEDROSA,SABBATH,750,0,750,new,,paid,completed
2026-04-17,12:00:00,Micah Eunice Mabanta,SWEDISH,VIA JOY SANCHEZ,SABBATH,600,0,600,new,,paid,completed
2026-04-17,12:00:00,Jalmie De Guzman,"SABBATH SIGNATURE FOOT, HEAD, NECK & SHOULDER",DIVINE,SABBATH,750,0,750,new,,paid,completed
2026-04-18,12:00:00,Tita Fernandez,PACKAGE A,EVANGELINE CANONIGO,LE NAILS,600,0,600,new,,paid,completed
2026-04-18,12:00:00,Tita Fernandez,POLISH,EVANGELINE CANONIGO,LE NAILS,50,0,50,new,,paid,completed
2026-04-18,12:00:00,Nhom,PACKAGE F,EVANGELINE CANONIGO,LE NAILS,1250,0,1250,new,,paid,completed
2026-04-18,12:00:00,Miggy,MANICURE,EVANGELINE CANONIGO,LE NAILS,150,0,150,new,,paid,completed
2026-04-18,12:00:00,Miggy,NAIL GEL REMOVAL,EVANGELINE CANONIGO,LE NAILS,150,0,150,new,,paid,completed
2026-04-18,12:00:00,Anne King,PEDICURE,JENIFFER ANN MANUEL,LE NAILS,200,0,200,new,,paid,completed
2026-04-18,12:00:00,Elaire,FOOT SPA,JENIFFER ANN MANUEL,LE NAILS,350,0,350,new,,paid,completed
2026-04-18,12:00:00,Domz,FOOT SPA,JENIFFER ANN MANUEL,LE NAILS,350,0,350,new,,paid,completed
2026-04-18,12:00:00,Fernando Berganio,COMBINATION,MARK KENNETH SANCHEZ,SABBATH,750,0,750,new,,paid,completed
2026-04-18,12:00:00,Fernando Berganio,ADDITIONAL 30 MINS,MARK KENNETH SANCHEZ,SABBATH,300,0,300,new,,paid,completed
2026-04-18,12:00:00,Abegail Jasmin Berganio,COMBINATION,JESTINE TANELON,SABBATH,750,0,750,new,,paid,completed
2026-04-18,12:00:00,Abegail Jasmin Berganio,ADDITIONAL 30 MINS,JESTINE TANELON,SABBATH,300,0,300,new,,paid,completed
2026-04-18,12:00:00,Elaire Vicedo,COMBINATION,VIA JOY SANCHEZ,SABBATH,750,0,750,new,,paid,completed
2026-04-18,12:00:00,Raymond Jason Vicedo,COMBINATION,JANINE KIMBERLY GARCIA,SABBATH,750,0,750,new,,paid,completed
2026-04-18,12:00:00,Lady Lee Reyes,POST & PRE NATAL W/ LACTATION,LEAH PEDROSA,SABBATH,2000,0,2000,new,,paid,completed
2026-04-18,12:00:00,Armando Bernardino,COMBINATION,MARK KENNETH SANCHEZ,SABBATH,750,0,750,new,,paid,completed
2026-04-18,12:00:00,Jojo Jose,SABBATH SIGNATURE,ASHLEY JANE GARCIA,SABBATH,1000,0,1000,new,,paid,completed
2026-04-18,12:00:00,Luis Nombrera,SABBATH SIGNATURE,DIVINE,SABBATH,1000,0,1000,new,,paid,completed
2026-04-18,12:00:00,Marigold Tolentino,SWEDISH,VIA JOY SANCHEZ,SABBATH,600,0,600,new,,paid,completed
2026-04-18,12:00:00,Victoria Tolentino,SWEDISH,LAARNI CAPARAS,SABBATH,600,0,600,new,,paid,completed
2026-04-18,12:00:00,Rolando Camua,COMBINATION,JESTINE TANELON,SABBATH,750,0,750,new,,paid,completed
2026-04-18,12:00:00,Rolando Camua,ADDITIONAL 30 MINS,JESTINE TANELON,SABBATH,300,0,300,new,,paid,completed
2026-04-18,12:00:00,Beth Reyes,SWEDISH,JANINE KIMBERLY GARCIA,SABBATH,600,0,600,new,,paid,completed
2026-04-18,12:00:00,Lord Casanova,COMBINATION,JANINE KIMBERLY GARCIA,SABBATH,750,0,750,new,,paid,completed
2026-04-18,12:00:00,Lord Casanova,ADDITIONAL 30 MINS,JANINE KIMBERLY GARCIA,SABBATH,300,0,300,new,,paid,completed
2026-04-18,12:00:00,Cathy Casanova,COMBINATION,JESTINE TANELON,SABBATH,750,0,750,new,,paid,completed
2026-04-18,12:00:00,Cathy Casanova,ADDITIONAL 30 MINS,JESTINE TANELON,SABBATH,300,0,300,new,,paid,completed
2026-04-18,12:00:00,Michael Abella,COMBINATION,DIVINE,SABBATH,750,0,750,new,,paid,completed
2026-04-18,12:00:00,Shiela Abella,COMBINATION,LEAH PEDROSA,SABBATH,750,0,750,new,,paid,completed
2026-04-18,12:00:00,Anne King,COMBINATION,ASHLEY JANE GARCIA,SABBATH,750,0,750,new,,paid,completed
2026-04-18,12:00:00,Ederlino Fuster,COMBINATION,LEAH PEDROSA,SABBATH,750,0,750,new,,paid,completed
2026-04-18,12:00:00,Chloe Magrin,SWEDISH,VIA JOY SANCHEZ,SABBATH,600,0,600,new,,paid,completed
2026-04-18,12:00:00,Danilo De Guzman,SWEDISH,DIVINE,SABBATH,600,0,600,new,,paid,completed
2026-04-18,12:00:00,Aimie Bautista,SWEDISH,LAARNI CAPARAS,SABBATH,600,0,600,new,,paid,completed
2026-04-18,12:00:00,Justin Venturina,COMBINATION,JANINE KIMBERLY GARCIA,SABBATH,750,0,750,new,,paid,completed
2026-04-18,12:00:00,Aina Faye Giron,COMBINATION,ASHLEY JANE GARCIA,SABBATH,750,0,750,new,,paid,completed
2026-04-18,12:00:00,Vincent Villarante,SWEDISH,MARK KENNETH SANCHEZ,SABBATH,600,0,600,new,,paid,completed
2026-04-18,12:00:00,Thea Villarante,SWEDISH,JESTINE TANELON,SABBATH,600,0,600,new,,paid,completed
2026-04-18,12:00:00,Sherwin Yap,SWEDISH,DIVINE,SABBATH,600,0,600,new,,paid,completed
2026-04-18,12:00:00,Maricar Ramirez,SWEDISH,VIA JOY SANCHEZ,SABBATH,600,0,600,new,,paid,completed
2026-04-18,12:00:00,Doris Fuster,COMBINATION,JANINE KIMBERLY GARCIA,SABBATH,750,0,750,new,,paid,completed
2026-04-18,12:00:00,Doris Fuster,SABBATH FOOT REFLEX,JANINE KIMBERLY GARCIA,SABBATH,600,0,600,new,,paid,completed
2026-04-18,12:00:00,Juliebel Andres,COMBINATION,ASHLEY JANE GARCIA,SABBATH,750,0,750,new,,paid,completed
2026-04-18,12:00:00,Juliebel Andres,ADDITIONAL 30 MINS,ASHLEY JANE GARCIA,SABBATH,300,0,300,new,,paid,completed
2026-04-18,12:00:00,Paul Dela Cruz,SWEDISH,LAARNI CAPARAS,SABBATH,600,0,600,new,,paid,completed
2026-04-18,12:00:00,Imelda dela Cruz,SWEDISH,LEAH PEDROSA,SABBATH,600,0,600,new,,paid,completed
2026-04-18,12:00:00,Christel Pangan,SWEDISH,MARK KENNETH SANCHEZ,SABBATH,600,600,0,new,Platinum,paid,completed
2026-04-19,12:00:00,Diana Ronjae,SOFT GEL,EVANGELINE CANONIGO,LE NAILS,0,0,0,new,,paid,completed
2026-04-19,12:00:00,Diana Ronjae,POLISH,EVANGELINE CANONIGO,LE NAILS,50,0,50,new,,paid,completed
2026-04-19,12:00:00,Diana Ronjae,POLISH,EVANGELINE CANONIGO,LE NAILS,50,0,50,new,,paid,completed
2026-04-19,12:00:00,Gil,FOOT SPA,JENIFFER ANN MANUEL,LE NAILS,350,0,350,new,,paid,completed
2026-04-19,12:00:00,Gil,PEDICURE,JENIFFER ANN MANUEL,LE NAILS,200,0,200,new,,paid,completed
2026-04-19,12:00:00,Ada,MANIGEL ORLY,EVANGELINE CANONIGO,LE NAILS,600,0,600,new,,paid,completed
2026-04-19,12:00:00,Ada,PEDICURE,EVANGELINE CANONIGO,LE NAILS,200,0,200,new,,paid,completed
2026-04-19,12:00:00,Ada,NAIL ART,JENIFFER ANN MANUEL,LE NAILS,300,0,300,new,,paid,completed
2026-04-19,12:00:00,Ada,NAIL ART,JENIFFER ANN MANUEL,LE NAILS,300,0,300,new,,paid,completed
2026-04-19,12:00:00,Anne,NAIL ART,JENIFFER ANN MANUEL,LE NAILS,300,0,300,new,,paid,completed
2026-04-19,12:00:00,Anne,MANIGEL CUCCIO,JENIFFER ANN MANUEL,LE NAILS,450,0,450,new,,paid,completed
2026-04-19,12:00:00,Anne,PEDICURE,JENIFFER ANN MANUEL,LE NAILS,200,0,200,new,,paid,completed
2026-04-19,12:00:00,Anne,POLISH,JENIFFER ANN MANUEL,LE NAILS,50,0,50,new,,paid,completed
2026-04-19,12:00:00,Anne,SOFT GEL NAIL EXTENSION,EVANGELINE CANONIGO,LE NAILS,800,0,800,new,,paid,completed
2026-04-19,12:00:00,Anne,PEDICURE,EVANGELINE CANONIGO,LE NAILS,200,0,200,new,,paid,completed
2026-04-19,12:00:00,Anne,POLISH,EVANGELINE CANONIGO,LE NAILS,50,0,50,new,,paid,completed
2026-04-19,12:00:00,Anne,FOOT SPA,EVANGELINE CANONIGO,LE NAILS,350,0,350,new,,paid,completed
2026-04-19,12:00:00,Ronjae Leoncio,COMBINATION,MARK KENNETH SANCHEZ,SABBATH,750,0,750,new,,paid,completed
2026-04-19,12:00:00,Ronjae Leoncio,ADDITIONAL 30 MINS,MARK KENNETH SANCHEZ,SABBATH,300,0,300,new,,paid,completed
2026-04-19,12:00:00,Mich Santos,COMBINATION,LAARNI CAPARAS,SABBATH,750,0,750,new,,paid,completed
2026-04-19,12:00:00,Dek Santos,COMBINATION,VIA JOY SANCHEZ,SABBATH,750,0,750,new,,paid,completed
2026-04-19,12:00:00,Keisha Macapagal,SABBATH PACKAGE 1,ASHLEY JANE GARCIA,SABBATH,2000,0,2000,new,,paid,completed
2026-04-19,12:00:00,Nicole Macapagal,SABBATH PACKAGE 1,JESTINE TANELON,SABBATH,2000,0,2000,new,,paid,completed
2026-04-19,12:00:00,Joyce Bernardino,"SABBATH SIGNATURE FOOT, HEAD, NECK & SHOULDER",LEAH PEDROSA,SABBATH,750,0,750,new,,paid,completed
2026-04-19,12:00:00,Gil Catala,COMBINATION,DIVINE,SABBATH,750,0,750,new,,paid,completed
2026-04-19,12:00:00,Rona David,COMBINATION,JANINE KIMBERLY GARCIA,SABBATH,750,0,750,new,,paid,completed
2026-04-19,12:00:00,Rona David,ADDITIONAL 30 MINS,JANINE KIMBERLY GARCIA,SABBATH,300,0,300,new,,paid,completed
2026-04-19,12:00:00,Nat Suilan,COMBINATION,MARK KENNETH SANCHEZ,SABBATH,750,0,750,new,,paid,completed
2026-04-19,12:00:00,Nat Suilan,ADDITIONAL 30 MINS,MARK KENNETH SANCHEZ,SABBATH,300,0,300,new,,paid,completed
2026-04-19,12:00:00,Nino Carlo Paras,COMBINATION,LAARNI CAPARAS,SABBATH,750,0,750,new,,paid,completed
2026-04-19,12:00:00,Nino Carlo Paras,ADDITIONAL 30 MINS,LAARNI CAPARAS,SABBATH,300,0,300,new,,paid,completed
2026-04-19,12:00:00,Cherry Corpuz,SABBATH SIGNATURE,VIA JOY SANCHEZ,SABBATH,1000,0,1000,new,,paid,completed
2026-04-19,12:00:00,Micah Santos,SWEDISH,ASHLEY JANE GARCIA,SABBATH,600,0,600,new,,paid,completed
2026-04-19,12:00:00,Marvil Santos,SWEDISH,JESTINE TANELON,SABBATH,600,0,600,new,,paid,completed
2026-04-19,12:00:00,Estee Carpio,COMBINATION W/ HOT STONE,DIVINE,SABBATH,1250,0,1250,new,,paid,completed
2026-04-19,12:00:00,Sab Carpio,COMBINATION W/ HOT STONE,ASHLEY JANE GARCIA,SABBATH,1250,0,1250,new,,paid,completed
2026-04-19,12:00:00,Estee Carpio,ADDITIONAL 30 MINS,DIVINE,SABBATH,300,0,300,new,,paid,completed
2026-04-19,12:00:00,Sab Carpio,ADDITIONAL 30 MINS,ASHLEY JANE GARCIA,SABBATH,300,0,300,new,,paid,completed
2026-04-19,12:00:00,Robby Buenaventura,COMBINATION,JANINE KIMBERLY GARCIA,SABBATH,750,0,750,new,,paid,completed
2026-04-19,12:00:00,Robby Buenaventura,ADDITIONAL 30 MINS,JANINE KIMBERLY GARCIA,SABBATH,300,0,300,new,,paid,completed
2026-04-19,12:00:00,Andrea Andres,COMBINATION,LEAH PEDROSA,SABBATH,750,0,750,new,,paid,completed
2026-04-19,12:00:00,Andrea Andres,ADDITIONAL 30 MINS,LEAH PEDROSA,SABBATH,300,0,300,new,,paid,completed
2026-04-19,12:00:00,Rusela Aldaba,TRADITIONAL HILOT WITH VENTOSA,JENIFFER ANN MANUEL,SABBATH,1500,0,1500,new,,paid,completed
2026-04-19,12:00:00,Vernan Aldaba,TRADITIONAL HILOT WITH VENTOSA,MARK KENNETH SANCHEZ,SABBATH,1500,0,1500,new,,paid,completed
2026-04-19,12:00:00,Tricia Eusebio,COMBINATION,LAARNI CAPARAS,SABBATH,750,0,750,new,,paid,completed
2026-04-19,12:00:00,Ange Dumalag,COMBINATION,JESTINE TANELON,SABBATH,750,0,750,new,,paid,completed
2026-04-19,12:00:00,Anna Eugenio,POST & PRE NATAL W/ LACTATION,VIA JOY SANCHEZ,SABBATH,2000,0,2000,new,,paid,completed
2026-04-19,12:00:00,Nyla Ramos,SWEDISH,LEAH PEDROSA,SABBATH,600,0,600,new,,paid,completed
2026-04-19,12:00:00,VJ Ramos,SWEDISH,ASHLEY JANE GARCIA,SABBATH,600,0,600,new,,paid,completed
2026-04-19,12:00:00,Kat Lising,COMBINATION W/ HOT STONE,JANINE KIMBERLY GARCIA,SABBATH,1250,0,1250,new,,paid,completed
2026-04-19,12:00:00,Nina Gonzales,COMBINATION W/ HOT STONE,DIVINE,SABBATH,1250,0,1250,new,,paid,completed
2026-04-19,12:00:00,Jay Guevarra,COMBINATION,VIA JOY SANCHEZ,SABBATH,750,0,750,new,,paid,completed
2026-04-19,12:00:00,Ana Sarmiento,COMBINATION,LAARNI CAPARAS,SABBATH,750,0,750,new,,paid,completed
2026-04-19,12:00:00,Joshua Ronquillo,COMBINATION,MARK KENNETH SANCHEZ,SABBATH,750,0,750,new,,paid,completed
2026-04-19,12:00:00,Elizelle Ann Milar,TRADITIONAL HILOT WITH VENTOSA,DIVINE,SABBATH,1500,0,1500,new,,paid,completed
2026-04-19,12:00:00,Patricia Vitug,TRADITIONAL HILOT WITH VENTOSA,MARK KENNETH SANCHEZ,SABBATH,1500,0,1500,new,,paid,completed
2026-04-20,12:00:00,JANIS IAN LUMAGUI,POLISH,JENIFFER ANN MANUEL,LE NAILS,50,0,50,new,,paid,completed
2026-04-20,12:00:00,JANIS IAN LUMAGUI,POLISH,JENIFFER ANN MANUEL,LE NAILS,50,0,50,new,,paid,completed
2026-04-20,12:00:00,ALAINE DE JESUS,PACKAGE C,JENIFFER ANN MANUEL,LE NAILS,700,0,700,new,,paid,completed
2026-04-20,12:00:00,ALAINE DE JESUS,POLISH,JENIFFER ANN MANUEL,LE NAILS,50,0,50,new,,paid,completed
2026-04-20,12:00:00,Cheene Rodrigueza,COMBINATION W/ HOT STONE,JANINE KIMBERLY GARCIA,SABBATH,1250,0,1250,new,,paid,completed
2026-04-20,12:00:00,Gracel Castillo,COMBINATION W/ HOT STONE,LEAH PEDROSA,SABBATH,1250,0,1250,new,,paid,completed
2026-04-20,12:00:00,ALAINE DE JESUS,SWEDISH,LAARNI CAPARAS,SABBATH,600,0,600,new,,paid,completed
2026-04-20,12:00:00,Ro Ann Del Rosario,TRADITIONAL HILOT WITH VENTOSA,JESTINE TANELON,SABBATH,1500,0,1500,new,,paid,completed
2026-04-20,12:00:00,JANIS IAN LUMAGUI,SWEDISH,VIA JOY SANCHEZ,SABBATH,600,0,600,new,,paid,completed
2026-04-20,12:00:00,JANIS IAN LUMAGUI,SABBATH FOOT REFLEX,VIA JOY SANCHEZ,SABBATH,600,0,600,new,,paid,completed
2026-04-20,12:00:00,Mira Lumagui,SWEDISH,ASHLEY JANE GARCIA,SABBATH,600,0,600,new,,paid,completed
2026-04-20,12:00:00,Randy Ambito,SWEDISH,LEAH PEDROSA,SABBATH,600,0,600,new,,paid,completed
2026-04-20,12:00:00,Floralyn Teodoro,COMBINATION W/ HOT STONE,JANINE KIMBERLY GARCIA,SABBATH,1250,0,1250,new,,paid,completed
2026-04-20,12:00:00,Apple Arrellano,COMBINATION W/ HOT STONE,LAARNI CAPARAS,SABBATH,1250,0,1250,new,,paid,completed
2026-04-20,12:00:00,Mildred Reyes,COMBINATION,JESTINE TANELON,SABBATH,750,0,750,new,,paid,completed
2026-04-20,12:00:00,Esther Santos,COMBINATION,VIA JOY SANCHEZ,SABBATH,750,0,750,new,,paid,completed
2026-04-20,12:00:00,Jay Mark Santos,COMBINATION,MARK KENNETH SANCHEZ,SABBATH,750,0,750,new,,paid,completed
2026-04-20,12:00:00,Luke Jianly Bondoc,SWEDISH,LAARNI CAPARAS,SABBATH,600,0,600,new,,paid,completed
2026-04-20,12:00:00,Nina Marie Santos,COMBINATION,LEAH PEDROSA,SABBATH,750,0,750,new,,paid,completed
2026-04-20,12:00:00,Christel Pnagan,SWEDISH,JESTINE TANELON,SABBATH,600,0,600,new,,paid,completed
2026-04-20,12:00:00,Diana Agulto,COMBINATION,VIA JOY SANCHEZ,SABBATH,750,0,750,new,,paid,completed
2026-04-20,12:00:00,Jewell Pineda,SWEDISH,ASHLEY JANE GARCIA,SABBATH,600,0,600,new,,paid,completed
2026-04-20,12:00:00,Louise Tizon,SWEDISH,JANINE KIMBERLY GARCIA,SABBATH,600,0,600,new,,paid,completed
2026-04-20,12:00:00,Ricci Calzo,COMBINATION,LEAH PEDROSA,SABBATH,750,0,750,new,,paid,completed
2026-04-20,12:00:00,Kenneth Calzo,COMBINATION,MARK KENNETH SANCHEZ,SABBATH,750,0,750,new,,paid,completed
2026-04-21,12:00:00,Ola,MANIGEL CUCCIO,EVANGELINE CANONIGO,LE NAILS,450,0,450,new,,paid,completed
2026-04-21,12:00:00,Joyce Pondang,PACKAGE A,EVANGELINE CANONIGO,LE NAILS,600,0,600,new,,paid,completed
2026-04-21,12:00:00,Joyce Pondang,POLISH,EVANGELINE CANONIGO,LE NAILS,50,0,50,new,,paid,completed
2026-04-21,12:00:00,Bryan Karlo Verin,SABBATH SIGNATURE,MARK KENNETH SANCHEZ,SABBATH,1000,0,1000,new,,paid,completed
2026-04-21,12:00:00,Joana Pauline Tinasas,SABBATH SIGNATURE,DIVINE,SABBATH,1000,0,1000,new,,paid,completed
2026-04-21,12:00:00,CJ Cornejo,COMBINATION,ASHLEY JANE GARCIA,SABBATH,750,750,0,new,,paid,completed
2026-04-21,12:00:00,Eric Pangilinan,SABBATH PACKAGE 1 w/ comb,JESTINE TANELON,SABBATH,2150,0,2150,new,,paid,completed
2026-04-21,12:00:00,Melanie Pangilinan,SABBATH PACKAGE 1 w/ comb,LEAH PEDROSA,SABBATH,2150,0,2150,new,,paid,completed
2026-04-21,12:00:00,Paolo Bautista,COMBINATION W/ HOT STONE,LAARNI CAPARAS,SABBATH,1250,0,1250,new,,paid,completed
2026-04-21,12:00:00,Paolo Bautista,ADDITIONAL 30 MINS,LAARNI CAPARAS,SABBATH,300,0,300,new,,paid,completed
2026-04-21,12:00:00,Danilo Espiritu,SWEDISH,JESTINE TANELON,SABBATH,600,0,600,new,,paid,completed
2026-04-21,12:00:00,Jeany Espiritu,SWEDISH,ASHLEY JANE GARCIA,SABBATH,600,0,600,new,,paid,completed
2026-04-21,12:00:00,Rhea Torres,SWEDISH,LEAH PEDROSA,SABBATH,600,0,600,new,,paid,completed
2026-04-21,12:00:00,Cha Murillo,SWEDISH,DIVINE,SABBATH,600,0,600,new,,paid,completed
2026-04-21,12:00:00,Cathy Solano,SWEDISH,LAARNI CAPARAS,SABBATH,600,0,600,new,,paid,completed
2026-04-21,12:00:00,Randy Ambito,SWEDISH,MARK KENNETH SANCHEZ,SABBATH,600,0,600,new,,paid,completed
2026-04-21,12:00:00,Lilibeth Ambito,SWEDISH,ASHLEY JANE GARCIA,SABBATH,600,0,600,new,,paid,completed
2026-04-21,12:00:00,Arnel Gapud,SABBATH SIGNATURE,MARK KENNETH SANCHEZ,SABBATH,1000,0,1000,new,,paid,completed
2026-04-21,12:00:00,Aika Luz Gapud,COMBINATION,DIVINE,SABBATH,750,0,750,new,,paid,completed
2026-04-21,12:00:00,Aika Luz Gapud,ADDITIONAL 30 MINS,DIVINE,SABBATH,300,0,300,new,,paid,completed
2026-04-21,12:00:00,Kay Tantingco,SWEDISH,ASHLEY JANE GARCIA,SABBATH,600,0,600,new,,paid,completed
2026-04-21,12:00:00,Kay Tantingco,ADDITIONAL 30 MINS,ASHLEY JANE GARCIA,SABBATH,300,0,300,new,,paid,completed
2026-04-21,12:00:00,Chippy Tantingco,SWEDISH,LAARNI CAPARAS,SABBATH,600,0,600,new,,paid,completed
2026-04-21,12:00:00,Chippy Tantingco,ADDITIONAL 30 MINS,LAARNI CAPARAS,SABBATH,300,0,300,new,,paid,completed
2026-04-22,12:00:00,Paula,PEDICURE,JENIFFER ANN MANUEL,LE NAILS,200,0,200,new,,paid,completed
2026-04-22,12:00:00,Paula,POLISH,JENIFFER ANN MANUEL,LE NAILS,50,0,50,new,,paid,completed
2026-04-22,12:00:00,Fatima,HALF LEGS FEMALE,JENIFFER ANN MANUEL,LE NAILS,350,0,350,new,,paid,completed
2026-04-22,12:00:00,Brittany Kyla Calimon,PACKAGE A,EVANGELINE CANONIGO,LE NAILS,600,0,600,new,,paid,completed
2026-04-22,12:00:00,Brittany Kyla Calimon,MANICURE,JENIFFER ANN MANUEL,LE NAILS,150,0,150,new,,paid,completed
2026-04-22,12:00:00,Brittany Kyla Calimon,MANICURE,JENIFFER ANN MANUEL,LE NAILS,150,0,150,new,,paid,completed
2026-04-22,12:00:00,Brittany Kyla Calimon,PEDICURE,JENIFFER ANN MANUEL,LE NAILS,200,0,200,new,,paid,completed
2026-04-22,12:00:00,Brittany Kyla Calimon,PEDICURE,JENIFFER ANN MANUEL,LE NAILS,200,0,200,new,,paid,completed
2026-04-22,12:00:00,Brittany Kyla Calimon,NAIL GEL REMOVAL,JENIFFER ANN MANUEL,LE NAILS,150,0,150,new,,paid,completed
2026-04-22,12:00:00,Xyrus,PACKAGE A,EVANGELINE CANONIGO,LE NAILS,600,0,600,new,,paid,completed
2026-04-22,12:00:00,Gia Marie Fernandez,FOOT SPA,EVANGELINE CANONIGO,LE NAILS,350,350,0,new,,paid,completed
2026-04-22,12:00:00,Osie Flores,COMBINATION,JANINE KIMBERLY GARCIA,SABBATH,750,0,750,new,,paid,completed
2026-04-22,12:00:00,Maria Jessica Santos,TRADITIONAL HILOT WITH VENTOSA,VIA JOY SANCHEZ,SABBATH,1500,0,1500,new,,paid,completed
2026-04-22,12:00:00,Maria Jessica Santos,ADDITIONAL 30 MINS,VIA JOY SANCHEZ,SABBATH,300,0,300,new,,paid,completed
2026-04-22,12:00:00,Samantha Pascual,COMBINATION,DIVINE,SABBATH,750,0,750,new,,paid,completed
2026-04-22,12:00:00,Samantha Pascual,ADDITIONAL 30 MINS,DIVINE,SABBATH,300,0,300,new,,paid,completed
2026-04-22,12:00:00,Angela Delos Reyes,SABBATH SIGNATURE,ASHLEY JANE GARCIA,SABBATH,1000,0,1000,new,,paid,completed
2026-04-22,12:00:00,Jannille Santos,SABBATH SIGNATURE,LAARNI CAPARAS,SABBATH,1000,0,1000,new,,paid,completed
2026-04-22,12:00:00,Brittany Kyla Calimon,COMBINATION,LEAH PEDROSA,SABBATH,750,0,750,new,,paid,completed
2026-04-22,12:00:00,Brittany Kyla Calimon,ADDITIONAL 30 MINS,LEAH PEDROSA,SABBATH,300,0,300,new,,paid,completed
2026-04-22,12:00:00,Cha Magpayo,TRADITIONAL HILOT WITH VENTOSA,JESTINE TANELON,SABBATH,1500,0,1500,new,,paid,completed
2026-04-22,12:00:00,Manilyn Sanchez,SWEDISH,JANINE KIMBERLY GARCIA,SABBATH,600,0,600,new,,paid,completed
2026-04-22,12:00:00,Michael Sanchez,SWEDISH,LEAH PEDROSA,SABBATH,600,0,600,new,,paid,completed
2026-04-22,12:00:00,Rick Anthony Cruz,AROMATHERAPY OIL WITH HERBAL BALL,VIA JOY SANCHEZ,SABBATH,1000,0,1000,new,,paid,completed
2026-04-22,12:00:00,Sally Jennifer Cruz,AROMATHERAPY OIL WITH HERBAL BALL,DIVINE,SABBATH,1000,0,1000,new,,paid,completed
2026-04-22,12:00:00,Pau Palacio,COMBINATION W/ HOT STONE,ASHLEY JANE GARCIA,SABBATH,1250,0,1250,new,,paid,completed
2026-04-22,12:00:00,king Borlongan,SWEDISH,MARK KENNETH SANCHEZ,SABBATH,600,0,600,new,,paid,completed
2026-04-22,12:00:00,Joy Borlongan,SWEDISH,LAARNI CAPARAS,SABBATH,600,0,600,new,,paid,completed
2026-04-22,12:00:00,Gia Marie Fernandez,"HEAD, BACK & SHOULDER",JANINE KIMBERLY GARCIA,SABBATH,400,400,0,new,,paid,completed
2026-04-22,12:00:00,Gina Norcega,SWEDISH,ASHLEY JANE GARCIA,SABBATH,600,0,600,new,,paid,completed
2026-04-22,12:00:00,Gina Norcega,ADDITIONAL 30 MINS,ASHLEY JANE GARCIA,SABBATH,300,0,300,new,,paid,completed
2026-04-22,12:00:00,Vic Norcega,SWEDISH,JANINE KIMBERLY GARCIA,SABBATH,600,0,600,new,,paid,completed
2026-04-22,12:00:00,Vic Norcega,ADDITIONAL 30 MINS,JANINE KIMBERLY GARCIA,SABBATH,300,0,300,new,,paid,completed
2026-04-22,12:00:00,Marivel Cunanan,TRADITIONAL HILOT WITH VENTOSA,JESTINE TANELON,SABBATH,1500,0,1500,new,,paid,completed
2026-04-22,12:00:00,Hanna Garcia,COMBINATION,DIVINE,SABBATH,750,0,750,new,,paid,completed
2026-04-22,12:00:00,Joseph Garcia,COMBINATION,LEAH PEDROSA,SABBATH,750,0,750,new,,paid,completed
2026-04-23,12:00:00,Fatima,PACKAGE A,EVANGELINE CANONIGO,LE NAILS,600,0,600,new,,paid,completed
2026-04-23,12:00:00,Fatima,POLISH,EVANGELINE CANONIGO,LE NAILS,50,0,50,new,,paid,completed
2026-04-23,12:00:00,Nina,FOOT SPA,EVANGELINE CANONIGO,LE NAILS,350,0,350,new,,paid,completed
2026-04-23,12:00:00,Nina,PEDICURE,EVANGELINE CANONIGO,LE NAILS,200,0,200,new,,paid,completed
2026-04-23,12:00:00,Lara,PACKAGE A,EVANGELINE CANONIGO,LE NAILS,600,0,600,new,,paid,completed
2026-04-23,12:00:00,Dina Lyn Fernando,FOOT SPA,JENIFFER ANN MANUEL,LE NAILS,350,0,350,new,,paid,completed
2026-04-23,12:00:00,Dina Lyn Fernando,PEDICURE,JENIFFER ANN MANUEL,LE NAILS,200,0,200,new,,paid,completed
2026-04-23,12:00:00,Angela Diaz,COMBINATION,JANINE KIMBERLY GARCIA,SABBATH,750,0,750,new,,paid,completed
2026-04-23,12:00:00,Angela Diaz,ADDITIONAL 30 MINS,JANINE KIMBERLY GARCIA,SABBATH,300,0,300,new,,paid,completed
2026-04-23,12:00:00,Diana Lyn Fernando,COMBINATION,DIVINE,SABBATH,750,0,750,new,,paid,completed
2026-04-23,12:00:00,Diana Lyn Fernando,ADDITIONAL 30 MINS,DIVINE,SABBATH,300,0,300,new,,paid,completed
2026-04-23,12:00:00,Amelita Yap,COMBINATION,VIA JOY SANCHEZ,SABBATH,750,0,750,new,,paid,completed
2026-04-23,12:00:00,Amelita Yap,ADDITIONAL 30 MINS,VIA JOY SANCHEZ,SABBATH,300,0,300,new,,paid,completed
2026-04-23,12:00:00,Lovely Abarguez,SABBATH SIGNATURE,ASHLEY JANE GARCIA,SABBATH,1000,0,1000,new,,paid,completed
2026-04-23,12:00:00,Ma. Elena Basilio,COMBINATION,JANINE KIMBERLY GARCIA,SABBATH,750,0,750,new,,paid,completed
2026-04-23,12:00:00,Camille Montemayor,COMBINATION,DIVINE,SABBATH,750,0,750,new,,paid,completed
2026-04-23,12:00:00,Rona Mariano,COMBINATION W/ HOT STONE,VIA JOY SANCHEZ,SABBATH,1250,0,1250,new,,paid,completed
2026-04-23,12:00:00,Rona Mariano,ADDITIONAL 30 MINS,VIA JOY SANCHEZ,SABBATH,300,0,300,new,,paid,completed
2026-04-23,12:00:00,Danilo Enriquez,COMBINATION W/ HOT STONE,MARK KENNETH SANCHEZ,SABBATH,1250,250,1000,new,,paid,completed
2026-04-23,12:00:00,Evangeline Enriquez,COMBINATION W/ HOT STONE,JENIFFER ANN MANUEL,SABBATH,1250,0,1250,new,,paid,completed
2026-04-23,12:00:00,Aiya Darcen,TRADITIONAL HILOT WITH VENTOSA,DIVINE,SABBATH,1500,0,1500,new,,paid,completed
2026-04-23,12:00:00,Faye Gonzales,TRADITIONAL HILOT WITH VENTOSA,VIA JOY SANCHEZ,SABBATH,1500,0,1500,new,,paid,completed
2026-04-23,12:00:00,Jemar Labausa,AROMATHERAPY OIL WITH HERBAL BALL,MARK KENNETH SANCHEZ,SABBATH,1000,0,1000,new,,paid,completed
2026-04-23,12:00:00,Jemar Labausa,ADDITIONAL 30 MINS,MARK KENNETH SANCHEZ,SABBATH,300,0,300,new,,paid,completed
2026-04-23,12:00:00,Hershey Labausa,AROMATHERAPY OIL WITH HERBAL BALL,ASHLEY JANE GARCIA,SABBATH,1000,0,1000,new,,paid,completed
2026-04-23,12:00:00,Hershey Labausa,ADDITIONAL 30 MINS,ASHLEY JANE GARCIA,SABBATH,300,0,300,new,,paid,completed
2026-04-23,12:00:00,Ian Chico De Jesus,SABBATH PACKAGE 1,ASHLEY JANE GARCIA,SABBATH,2000,0,2000,new,,paid,completed
2026-04-23,12:00:00,Aj Manuel Domingo,SABBATH PACKAGE 1,JANINE KIMBERLY GARCIA,SABBATH,2000,0,2000,new,,paid,completed
2026-04-23,12:00:00,Christel Pangan,SWEDISH,DIVINE,SABBATH,600,600,0,new,Platinum,paid,completed
2026-04-24,12:00:00,Rey Villameter,PACKAGE A,EVANGELINE CANONIGO,LE NAILS,600,0,600,new,,paid,completed
2026-04-24,12:00:00,Jenny Canlas,PACKAGE A,EVANGELINE CANONIGO,LE NAILS,600,0,600,new,,paid,completed
2026-04-24,12:00:00,Meg Nunez,PACKAGE A,JENIFFER ANN MANUEL,LE NAILS,600,0,600,new,,paid,completed
2026-04-24,12:00:00,Meg Nunez,PACKAGE A,JENIFFER ANN MANUEL,LE NAILS,600,0,600,new,,paid,completed
2026-04-24,12:00:00,Meg Nunez,POLISH,EVANGELINE CANONIGO,LE NAILS,50,0,50,new,,paid,completed
2026-04-24,12:00:00,Kate,FOOT SPA,EVANGELINE CANONIGO,LE NAILS,350,0,350,new,,paid,completed
2026-04-24,12:00:00,Kate,FOOT MASSAGE,EVANGELINE CANONIGO,LE NAILS,350,0,350,new,,paid,completed
2026-04-24,12:00:00,Alner Nunez,COMBINATION,MARK KENNETH SANCHEZ,SABBATH,750,0,750,new,,paid,completed
2026-04-24,12:00:00,Meg Nunez,COMBINATION,LAARNI CAPARAS,SABBATH,750,0,750,new,,paid,completed
2026-04-24,12:00:00,Alex Nunez,SWEDISH,LEAH PEDROSA,SABBATH,600,0,600,new,,paid,completed
2026-04-24,12:00:00,Eric Pan,SWEDISH,VIA JOY SANCHEZ,SABBATH,600,0,600,new,,paid,completed
2026-04-24,12:00:00,Ella Pan,SWEDISH,JANINE KIMBERLY GARCIA,SABBATH,600,0,600,new,,paid,completed
2026-04-24,12:00:00,Jenny Canlas,COMBINATION,JESTINE TANELON,SABBATH,750,0,750,new,,paid,completed
2026-04-24,12:00:00,Jenny Canlas,ADDITIONAL 30 MINS,JESTINE TANELON,SABBATH,300,0,300,new,,paid,completed
2026-04-24,12:00:00,Zoe Rae Canlas,SABBATH SIGNATURE,DIVINE,SABBATH,1000,0,1000,new,,paid,completed
2026-04-24,12:00:00,Priscilla Canlas,SABBATH SIGNATURE,ASHLEY JANE GARCIA,SABBATH,1000,0,1000,new,,paid,completed
2026-04-24,12:00:00,Romanco Canlas,SABBATH SIGNATURE,LAARNI CAPARAS,SABBATH,1000,0,1000,new,,paid,completed
2026-04-24,12:00:00,Romina Hilario,SWEDISH,LEAH PEDROSA,SABBATH,600,0,600,new,,paid,completed
2026-04-24,12:00:00,Jing Rameriz,COMBINATION,VIA JOY SANCHEZ,SABBATH,750,0,750,new,,paid,completed
2026-04-24,12:00:00,Jing Rameriz,ADDITIONAL 30 MINS,VIA JOY SANCHEZ,SABBATH,300,0,300,new,,paid,completed
2026-04-24,12:00:00,Ed Mendoza,COMBINATION,MARK KENNETH SANCHEZ,SABBATH,750,0,750,new,,paid,completed
2026-04-24,12:00:00,Marie Mendoza,AROMATHERAPY OIL WITH HERBAL BALL,JANINE KIMBERLY GARCIA,SABBATH,1000,0,1000,new,,paid,completed
2026-04-25,12:00:00,Rommel,PEDICURE,JENIFFER ANN MANUEL,LE NAILS,200,0,200,new,,paid,completed
2026-04-25,12:00:00,Marissa Kalaw,UNDERARMS FEMALE,JENIFFER ANN MANUEL,LE NAILS,200,0,200,new,,paid,completed
2026-04-25,12:00:00,Princess,PEDICURE,JENIFFER ANN MANUEL,LE NAILS,200,0,200,new,,paid,completed
2026-04-25,12:00:00,Princess,PEDICURE,JENIFFER ANN MANUEL,LE NAILS,200,0,200,new,,paid,completed
2026-04-25,12:00:00,Aizel,PACKAGE C,EVANGELINE CANONIGO,LE NAILS,700,0,700,new,,paid,completed
2026-04-25,12:00:00,Aizel,FOOT SPA,EVANGELINE CANONIGO,LE NAILS,350,0,350,new,,paid,completed
2026-04-25,12:00:00,Aizel,FOOT SPA,JENIFFER ANN MANUEL,LE NAILS,350,0,350,new,,paid,completed
2026-04-25,12:00:00,Aizel,PEDICURE,EVANGELINE CANONIGO,LE NAILS,200,0,200,new,,paid,completed
2026-04-25,12:00:00,Teny Bautista,PACKAGE A,EVANGELINE CANONIGO,LE NAILS,600,0,600,new,,paid,completed
2026-04-25,12:00:00,Teny Bautista,PACKAGE A,JENIFFER ANN MANUEL,LE NAILS,600,0,600,new,,paid,completed
2026-04-25,12:00:00,Teny Bautista,POLISH,JENIFFER ANN MANUEL,LE NAILS,50,0,50,new,,paid,completed
2026-04-25,12:00:00,Teny Bautista,POLISH,JENIFFER ANN MANUEL,LE NAILS,50,0,50,new,,paid,completed
2026-04-25,12:00:00,Teny Bautista,FULL LEGS FEMALE,JENIFFER ANN MANUEL,LE NAILS,450,0,450,new,,paid,completed
2026-04-25,12:00:00,Joel Barba,COMBINATION,MARK KENNETH SANCHEZ,SABBATH,750,0,750,new,,paid,completed
2026-04-25,12:00:00,Joel Barba,ADDITIONAL 30 MINS,MARK KENNETH SANCHEZ,SABBATH,300,0,300,new,,paid,completed
2026-04-25,12:00:00,Yuan Estayo,SABBATH PACKAGE 2,ASHLEY JANE GARCIA,SABBATH,3000,0,3000,new,,paid,completed
2026-04-25,12:00:00,Joanna Estayo,SABBATH PACKAGE 2,JESTINE TANELON,SABBATH,3000,0,3000,new,,paid,completed
2026-04-25,12:00:00,Rita Laurente,TRADITIONAL HILOT WITH VENTOSA,DIVINE,SABBATH,1500,300,1200,new,,paid,completed
2026-04-25,12:00:00,Rosalinda Laurente,TRADITIONAL HILOT WITH VENTOSA,LEAH PEDROSA,SABBATH,1500,0,1500,new,,paid,completed
2026-04-25,12:00:00,Rafael Oranez,COMBINATION,ASHLEY JANE GARCIA,SABBATH,750,0,750,new,,paid,completed
2026-04-25,12:00:00,Charles Hiro Guzman,COMBINATION,MARK KENNETH SANCHEZ,SABBATH,750,0,750,new,,paid,completed
2026-04-25,12:00:00,Rain Joven,COMBINATION,JESTINE TANELON,SABBATH,750,0,750,new,,paid,completed
2026-04-25,12:00:00,Arjay Hernandez,COMBINATION,JANINE KIMBERLY GARCIA,SABBATH,750,0,750,new,,paid,completed
2026-04-25,12:00:00,Rona Ronquillo,COMBINATION,VIA JOY SANCHEZ,SABBATH,750,0,750,new,,paid,completed
2026-04-25,12:00:00,John Bernoulli Robles,COMBINATION,JENIFFER ANN MANUEL,SABBATH,750,0,750,new,,paid,completed
2026-04-25,12:00:00,Aizel San Pedro,SWEDISH,DIVINE,SABBATH,600,0,600,new,,paid,completed
2026-04-25,12:00:00,Salina San Pedro,SABBATH SIGNATURE,LEAH PEDROSA,SABBATH,1000,0,1000,new,,paid,completed
2026-04-25,12:00:00,Marissa Kalaw,COMBINATION W/ HOT STONE,JANINE KIMBERLY GARCIA,SABBATH,1250,0,1250,new,,paid,completed
2026-04-25,12:00:00,Margaux Perez,COMBINATION W/ HOT STONE,VIA JOY SANCHEZ,SABBATH,1250,0,1250,new,,paid,completed
2026-04-25,12:00:00,Gavin Maximis Amaro,GROWTH,DIVINE,SABBATH,500,0,500,new,,paid,completed
2026-04-25,12:00:00,Reign Martin Peralta,TRADITIONAL HILOT WITH VENTOSA,MARK KENNETH SANCHEZ,SABBATH,1500,0,1500,new,,paid,completed
2026-04-25,12:00:00,Joyce Bernardino,"SABBATH SIGNATURE FOOT, HEAD, NECK & SHOULDER",LEAH PEDROSA,SABBATH,750,0,750,new,,paid,completed
2026-04-25,12:00:00,Austin Dela Cruz,COMBINATION,ASHLEY JANE GARCIA,SABBATH,750,0,750,new,,paid,completed
2026-04-25,12:00:00,Christine Dela Cruz,COMBINATION,JESTINE TANELON,SABBATH,750,0,750,new,,paid,completed
2026-04-25,12:00:00,Ruben Dela Cruz,TRADITIONAL HILOT WITH VENTOSA,MARK KENNETH SANCHEZ,SABBATH,1500,0,1500,new,,paid,completed
2026-04-25,12:00:00,Melvin Cruz,COMBINATION,JANINE KIMBERLY GARCIA,SABBATH,750,0,750,new,,paid,completed
2026-04-25,12:00:00,Melvin Cruz,ADDITIONAL 30 MINS,JANINE KIMBERLY GARCIA,SABBATH,300,0,300,new,,paid,completed
2026-04-25,12:00:00,Karren Cruz,SWEDISH,ASHLEY JANE GARCIA,SABBATH,600,0,600,new,,paid,completed
2026-04-25,12:00:00,Karren Cruz,ADDITIONAL 30 MINS,ASHLEY JANE GARCIA,SABBATH,300,0,300,new,,paid,completed
2026-04-25,12:00:00,Emen Santtos,COMBINATION,DIVINE,SABBATH,750,0,750,new,,paid,completed
2026-04-25,12:00:00,Emen Santtos,ADDITIONAL 30 MINS,DIVINE,SABBATH,300,0,300,new,,paid,completed
2026-04-25,12:00:00,Candy Mundo,TRADITIONAL HILOT WITH VENTOSA,JESTINE TANELON,SABBATH,1500,0,1500,new,,paid,completed
2026-04-25,12:00:00,Byron Yumol,COMBINATION W/ HOT STONE,MARK KENNETH SANCHEZ,SABBATH,1250,0,1250,new,,paid,completed
2026-04-25,12:00:00,Jobel Eugenio,COMBINATION W/ HOT STONE,LEAH PEDROSA,SABBATH,1250,0,1250,new,,paid,completed
2026-04-25,12:00:00,Shaina Del Rosario,SWEDISH,VIA JOY SANCHEZ,SABBATH,600,0,600,new,,paid,completed
2026-04-25,12:00:00,Shaina Del Rosario,ADDITIONAL 30 MINS,VIA JOY SANCHEZ,SABBATH,300,0,300,new,,paid,completed
2026-04-25,12:00:00,Julie Ann Del Rosario,SWEDISH,JANINE KIMBERLY GARCIA,SABBATH,600,0,600,new,,paid,completed
2026-04-25,12:00:00,Rizzi Adriano,COMBINATION,ASHLEY JANE GARCIA,SABBATH,750,0,750,new,,paid,completed
2026-04-25,12:00:00,Teny Bautista,SABBATH FOOT REFLEX,JENIFFER ANN MANUEL,SABBATH,600,0,600,new,,paid,completed
2026-04-25,12:00:00,Nelson Bautista,SABBATH FOOT REFLEX,JENIFFER ANN MANUEL,SABBATH,600,0,600,new,,paid,completed
2026-04-25,12:00:00,Nel Buenaventura,TRADITIONAL HILOT WITH VENTOSA,MARK KENNETH SANCHEZ,SABBATH,1500,0,1500,new,,paid,completed
2026-04-25,12:00:00,Nel Buenaventura,ADDITIONAL 30 MINS,MARK KENNETH SANCHEZ,SABBATH,300,0,300,new,,paid,completed
2026-04-25,12:00:00,Nel Balmoja,TRADITIONAL HILOT WITH VENTOSA,DIVINE,SABBATH,1500,0,1500,new,,paid,completed
2026-04-25,12:00:00,Nel Balmoja,ADDITIONAL 30 MINS,DIVINE,SABBATH,300,0,300,new,,paid,completed
2026-04-25,12:00:00,JP Cristobal,TRADITIONAL HILOT WITH VENTOSA,JESTINE TANELON,SABBATH,1500,0,1500,new,,paid,completed
2026-04-25,12:00:00,JP Cristobal,ADDITIONAL 30 MINS,JESTINE TANELON,SABBATH,300,0,300,new,,paid,completed
2026-04-25,12:00:00,Benedict Panganiban,COMBINATION W/ HOT STONE,LEAH PEDROSA,SABBATH,1250,0,1250,new,,paid,completed
2026-04-25,12:00:00,Benedict Panganiban,ADDITIONAL 30 MINS,LEAH PEDROSA,SABBATH,300,0,300,new,,paid,completed
2026-04-25,12:00:00,Rosie Maclang,SWEDISH,JANINE KIMBERLY GARCIA,SABBATH,600,0,600,new,,paid,completed
2026-04-25,12:00:00,John Alvin,SWEDISH,VIA JOY SANCHEZ,SABBATH,600,0,600,new,,paid,completed
2026-04-25,12:00:00,Soledad Imelda Contreras,SWEDISH,ASHLEY JANE GARCIA,SABBATH,600,0,600,new,,paid,completed
2026-04-25,12:00:00,Florencia Cruzado,SWEDISH,JENIFFER ANN MANUEL,SABBATH,600,0,600,new,,paid,completed
2026-04-25,12:00:00,Abigael Maclang,SWEDISH,VIA JOY SANCHEZ,SABBATH,600,0,600,new,,paid,completed
2026-04-25,12:00:00,John Dave Maclang,SWEDISH,ASHLEY JANE GARCIA,SABBATH,600,0,600,new,,paid,completed
2026-04-25,12:00:00,Kristine Maclang,SWEDISH,JENIFFER ANN MANUEL,SABBATH,600,0,600,new,,paid,completed
2026-04-25,12:00:00,Qyxah Maclang,SWEDISH,JANINE KIMBERLY GARCIA,SABBATH,600,0,600,new,,paid,completed
2026-04-26,12:00:00,Kirby,PEDICURE,EVANGELINE CANONIGO,LE NAILS,200,0,200,new,,paid,completed
2026-04-26,12:00:00,Kirby,POLISH,EVANGELINE CANONIGO,LE NAILS,50,0,50,new,,paid,completed
2026-04-26,12:00:00,Jester,PACKAGE A,JENIFFER ANN MANUEL,LE NAILS,600,0,600,new,,paid,completed
2026-04-26,12:00:00,Jester,NAIL GEL REMOVAL,JENIFFER ANN MANUEL,LE NAILS,150,0,150,new,,paid,completed
2026-04-26,12:00:00,Pastor Naron,MANICURE,EVANGELINE CANONIGO,LE NAILS,150,0,150,new,,paid,completed
2026-04-26,12:00:00,Pastor Naron,PEDICURE,EVANGELINE CANONIGO,LE NAILS,200,0,200,new,,paid,completed
2026-04-26,12:00:00,Pastor Naron,NAIL ART,EVANGELINE CANONIGO,LE NAILS,300,0,300,new,,paid,completed
2026-04-26,12:00:00,Morgan Lucido,COMBINATION W/ HOT STONE,MARK KENNETH SANCHEZ,SABBATH,1250,0,1250,new,,paid,completed
2026-04-26,12:00:00,Mariah Lucido,COMBINATION W/ HOT STONE,DIVINE,SABBATH,1250,0,1250,new,,paid,completed
2026-04-26,12:00:00,Modesta Lucido,COMBINATION W/ HOT STONE,VIA JOY SANCHEZ,SABBATH,1250,0,1250,new,,paid,completed
2026-04-26,12:00:00,Lee Dela Cruz,SABBATH SIGNATURE,ASHLEY JANE GARCIA,SABBATH,1000,0,1000,new,,paid,completed
2026-04-26,12:00:00,Joy Manaysay,COMBINATION,VIA JOY SANCHEZ,SABBATH,750,0,750,new,,paid,completed
2026-04-26,12:00:00,Christelle Salaysay,COMBINATION W/ HOT STONE,LEAH PEDROSA,SABBATH,1250,0,1250,new,,paid,completed
2026-04-26,12:00:00,Jay Solano,COMBINATION W/ HOT STONE,JESTINE TANELON,SABBATH,1250,0,1250,new,,paid,completed
2026-04-26,12:00:00,Tom Coloma,COMBINATION,MARK KENNETH SANCHEZ,SABBATH,750,0,750,new,,paid,completed
2026-04-26,12:00:00,Sikayena Ocampo,COMBINATION,LAARNI CAPARAS,SABBATH,750,0,750,new,,paid,completed
2026-04-26,12:00:00,Jailah Valentin,AROMATHERAPY OIL WITH HERBAL BALL,DIVINE,SABBATH,1000,0,1000,new,,paid,completed
2026-04-26,12:00:00,Micha Maclang,COMBINATION,VIA JOY SANCHEZ,SABBATH,750,0,750,new,,paid,completed
2026-04-26,12:00:00,Micha Maclang,ADDITIONAL 30 MINS,VIA JOY SANCHEZ,SABBATH,300,0,300,new,,paid,completed
2026-04-26,12:00:00,Wlfred Cho,COMBINATION,ASHLEY JANE GARCIA,SABBATH,750,0,750,new,,paid,completed
2026-04-26,12:00:00,Wlfred Cho,ADDITIONAL 30 MINS,ASHLEY JANE GARCIA,SABBATH,300,0,300,new,,paid,completed
2026-04-26,12:00:00,Diana Alamares,COMBINATION,LEAH PEDROSA,SABBATH,750,0,750,new,,paid,completed
2026-04-26,12:00:00,Diana Alamares,ADDITIONAL 30 MINS,LEAH PEDROSA,SABBATH,300,0,300,new,,paid,completed
2026-04-26,12:00:00,Mike Alamares,COMBINATION,JESTINE TANELON,SABBATH,750,0,750,new,,paid,completed
2026-04-26,12:00:00,Mike Alamares,ADDITIONAL 30 MINS,JESTINE TANELON,SABBATH,300,0,300,new,,paid,completed
2026-04-26,12:00:00,Kirby Rae Diaz,COMBINATION,LAARNI CAPARAS,SABBATH,750,750,0,new,,paid,completed
2026-04-26,12:00:00,Kirby Rae Diaz,ADDITIONAL 30 MINS,LAARNI CAPARAS,SABBATH,300,300,0,new,,paid,completed
2026-04-26,12:00:00,Alberto Carl Naron,SABBATH SIGNATURE,JENIFFER ANN MANUEL,SABBATH,1000,0,1000,new,,paid,completed
2026-04-26,12:00:00,Let Naron,SABBATH SIGNATURE,DIVINE,SABBATH,1000,0,1000,new,,paid,completed
2026-04-26,12:00:00,Warly Batac,TRADITIONAL HILOT WITH VENTOSA,MARK KENNETH SANCHEZ,SABBATH,1500,0,1500,new,,paid,completed
2026-04-26,12:00:00,Paula Cruz,COMBINATION,LEAH PEDROSA,SABBATH,750,0,750,new,,paid,completed
2026-04-26,12:00:00,Paula Cruz,ADDITIONAL 30 MINS,LEAH PEDROSA,SABBATH,300,0,300,new,,paid,completed
2026-04-26,12:00:00,Janice Zaguirre,COMBINATION,ASHLEY JANE GARCIA,SABBATH,750,0,750,new,,paid,completed
2026-04-26,12:00:00,Janice Zaguirre,ADDITIONAL 30 MINS,ASHLEY JANE GARCIA,SABBATH,300,0,300,new,,paid,completed
2026-04-26,12:00:00,Bea Bautista,COMBINATION W/ HOT STONE,JESTINE TANELON,SABBATH,1250,0,1250,new,,paid,completed
2026-04-26,12:00:00,Ricky Concepcion,COMBINATION,LAARNI CAPARAS,SABBATH,750,0,750,new,,paid,completed
2026-04-26,12:00:00,Ricky Concepcion,ADDITIONAL 30 MINS,LAARNI CAPARAS,SABBATH,300,0,300,new,,paid,completed
2026-04-26,12:00:00,Ma. Christel Pingol,COMBINATION,VIA JOY SANCHEZ,SABBATH,750,0,750,new,,paid,completed
2026-04-26,12:00:00,Ma. Christel Pingol,ADDITIONAL 30 MINS,VIA JOY SANCHEZ,SABBATH,300,0,300,new,,paid,completed
2026-04-26,12:00:00,Jester Pingol,COMBINATION,JENIFFER ANN MANUEL,SABBATH,750,0,750,new,,paid,completed
2026-04-26,12:00:00,Jester Pingol,ADDITIONAL 30 MINS,JENIFFER ANN MANUEL,SABBATH,300,0,300,new,,paid,completed
2026-04-26,12:00:00,Sam Signacion,AROMATHERAPY OIL WITH HERBAL BALL,LEAH PEDROSA,SABBATH,1000,0,1000,new,,paid,completed
2026-04-26,12:00:00,Patricia Vitug,COMBINATION,JESTINE TANELON,SABBATH,750,0,750,new,,paid,completed
2026-04-26,12:00:00,Patricia Vitug,ADDITIONAL 30 MINS,JESTINE TANELON,SABBATH,300,0,300,new,,paid,completed
2026-04-26,12:00:00,Grizelle Milak,COMBINATION,ASHLEY JANE GARCIA,SABBATH,750,0,750,new,,paid,completed
2026-04-26,12:00:00,Grizelle Milak,ADDITIONAL 30 MINS,ASHLEY JANE GARCIA,SABBATH,300,0,300,new,,paid,completed
2026-04-27,12:00:00,Jake Torres,COMBINATION,MARK KENNETH SANCHEZ,SABBATH,750,0,750,new,,paid,completed
2026-04-27,12:00:00,Ana Deanna Zacarias,COMBINATION,LAARNI CAPARAS,SABBATH,750,0,750,new,,paid,completed
2026-04-27,12:00:00,Mark De Jesus,COMBINATION,DIVINE,SABBATH,750,0,750,new,,paid,completed
2026-04-27,12:00:00,Mark De Jesus,ADDITIONAL 30 MINS,DIVINE,SABBATH,300,0,300,new,,paid,completed
2026-04-27,12:00:00,Laarni Villanueva,SABBATH SIGNATURE,VIA JOY SANCHEZ,SABBATH,1000,0,1000,new,,paid,completed
2026-04-27,12:00:00,Clariza Dela Cruz,SWEDISH,JESTINE TANELON,SABBATH,600,0,600,new,,paid,completed
2026-04-27,12:00:00,Andrea Charish Mauricio,SWEDISH,ASHLEY JANE GARCIA,SABBATH,600,0,600,new,,paid,completed
2026-04-27,12:00:00,Lyka Vivas,"HEAD, BACK & SHOULDER",JANINE KIMBERLY GARCIA,SABBATH,400,0,400,new,,paid,completed
2026-04-27,12:00:00,Gilbert Castro,COMBINATION W/ HOT STONE,LAARNI CAPARAS,SABBATH,1250,0,1250,new,,paid,completed
2026-04-27,12:00:00,Dion Castro,SWEDISH,DIVINE,SABBATH,600,0,600,new,,paid,completed
2026-04-27,12:00:00,Diana Castro,SWEDISH,VIA JOY SANCHEZ,SABBATH,600,0,600,new,,paid,completed
2026-04-27,12:00:00,Jerry Maclang,COMBINATION,ASHLEY JANE GARCIA,SABBATH,750,0,750,new,,paid,completed
2026-04-27,12:00:00,Marilyn Maclang,SWEDISH,JESTINE TANELON,SABBATH,600,0,600,new,,paid,completed
2026-04-27,12:00:00,Lambert Jomar,COMBINATION,MARK KENNETH SANCHEZ,SABBATH,750,0,750,new,,paid,completed
2026-04-27,12:00:00,AJ DE Guzman,SWEDISH,JANINE KIMBERLY GARCIA,SABBATH,600,0,600,new,,paid,completed
2026-04-27,12:00:00,Hazel Lagramada,"SABBATH SIGNATURE FOOT, HEAD, NECK & SHOULDER",DIVINE,SABBATH,750,0,750,new,,paid,completed
2026-04-27,12:00:00,Hazel Lagramada,COMBINATION,DIVINE,SABBATH,750,0,750,new,,paid,completed
2026-04-27,12:00:00,Nina Sunga,TRADITIONAL HILOT WITH VENTOSA,VIA JOY SANCHEZ,SABBATH,1500,0,1500,new,,paid,completed
2026-04-27,12:00:00,Gio Valmadrid,SABBATH SIGNATURE,LAARNI CAPARAS,SABBATH,1000,0,1000,new,,paid,completed
2026-04-27,12:00:00,Rocher Paul Manoguid,COMBINATION,MARK KENNETH SANCHEZ,SABBATH,750,0,750,new,,paid,completed
2026-04-27,12:00:00,Kaye Tomampo,COMBINATION,JANINE KIMBERLY GARCIA,SABBATH,750,0,750,new,,paid,completed
2026-04-27,12:00:00,Josephine Reyes,COMBINATION,ASHLEY JANE GARCIA,SABBATH,750,0,750,new,,paid,completed
2026-04-27,12:00:00,Josephine Reyes,ADDITIONAL 30 MINS,ASHLEY JANE GARCIA,SABBATH,300,0,300,new,,paid,completed
2026-04-27,12:00:00,Mario Reyes,SWEDISH,JANINE KIMBERLY GARCIA,SABBATH,600,0,600,new,,paid,completed
2026-04-27,12:00:00,Christel Mae Pangan,SWEDISH,JESTINE TANELON,SABBATH,600,600,0,new,,paid,completed
2026-04-27,12:00:00,Marie Tan,COMBINATION,LAARNI CAPARAS,SABBATH,750,0,750,new,,paid,completed
2026-04-27,12:00:00,Julia Papa,COMBINATION,DIVINE,SABBATH,750,0,750,new,,paid,completed
2026-04-27,12:00:00,Patricia Tan,POST & PRE NATAL W/ LACTATION,VIA JOY SANCHEZ,SABBATH,2000,0,2000,new,,paid,completed
2026-04-28,12:00:00,Jana Rufo,COMBINATION,JESTINE TANELON,SABBATH,750,0,750,new,,paid,completed
2026-04-28,12:00:00,Miguel Liban,COMBINATION,ASHLEY JANE GARCIA,SABBATH,750,0,750,new,,paid,completed
2026-04-28,12:00:00,Jun Marcos,COMBINATION,MARK KENNETH SANCHEZ,SABBATH,750,0,750,new,,paid,completed
2026-04-28,12:00:00,Antonette Alfonso,TRADITIONAL HILOT WITH VENTOSA,DIVINE,SABBATH,1500,0,1500,new,,paid,completed
2026-04-28,12:00:00,Joy Borlongan,MANICURE,EVANGELINE CANONIGO,LE NAILS,150,0,150,new,,paid,completed
2026-04-28,12:00:00,Joy Borlongan,PEDICURE,EVANGELINE CANONIGO,LE NAILS,200,0,200,new,,paid,completed
2026-04-28,12:00:00,Joy Borlongan,PEDICURE,EVANGELINE CANONIGO,LE NAILS,200,0,200,new,,paid,completed
2026-04-28,12:00:00,Joy Borlongan,SOFT GEL NAIL EXTENSION,EVANGELINE CANONIGO,LE NAILS,800,0,800,new,,paid,completed
2026-04-28,12:00:00,Joy Borlongan,SABBATH FOOT REFLEX,LEAH PEDROSA,SABBATH,600,0,600,new,,paid,completed
2026-04-28,12:00:00,Doms Guison,COMBINATION,JESTINE TANELON,SABBATH,750,0,750,new,,paid,completed
2026-04-28,12:00:00,Gisele Dela Cruz,COMBINATION,LAARNI CAPARAS,SABBATH,750,0,750,new,,paid,completed
2026-04-28,12:00:00,Janice Peralta,BODY SCRUB W/ MASSAGE,ASHLEY JANE GARCIA,SABBATH,3000,0,3000,new,,paid,completed
2026-04-28,12:00:00,Jenny Lizardo,BODY SCRUB W/ MASSAGE,LEAH PEDROSA,SABBATH,3000,0,3000,new,,paid,completed
2026-04-28,12:00:00,Let Naron,PEDICURE,EVANGELINE CANONIGO,LE NAILS,200,0,200,new,,paid,completed
2026-04-28,12:00:00,Tita Fernandez,MANICURE,EVANGELINE CANONIGO,LE NAILS,150,30,120,new,,paid,completed
2026-04-28,12:00:00,She Rivera,COMBINATION,DIVINE,SABBATH,750,0,750,new,,paid,completed
2026-04-28,12:00:00,Ray Rivera,COMBINATION,LAARNI CAPARAS,SABBATH,750,0,750,new,,paid,completed
2026-04-28,12:00:00,Reynald Foncesca,SWEDISH,MARK KENNETH SANCHEZ,SABBATH,600,0,600,new,,paid,completed
2026-04-28,12:00:00,She Rivera,SOFT GEL NAIL EXTENSION,EVANGELINE CANONIGO,LE NAILS,800,0,800,new,,paid,completed
2026-04-28,12:00:00,She Rivera,PEDIGEL CUCCIO,EVANGELINE CANONIGO,LE NAILS,550,0,550,new,,paid,completed
2026-04-28,12:00:00,Wendelle Baranda,SABBATH SIGNATURE,JESTINE TANELON,SABBATH,1000,0,1000,new,,paid,completed
2026-04-28,12:00:00,Abegail Baranda,SABBATH SIGNATURE,LAARNI CAPARAS,SABBATH,1000,0,1000,new,,paid,completed
2026-04-28,12:00:00,Jescel Galang,COMBINATION,ASHLEY JANE GARCIA,SABBATH,750,0,750,new,,paid,completed
2026-04-28,12:00:00,April Macabante,SWEDISH,DIVINE,SABBATH,600,0,600,new,,paid,completed
2026-04-28,12:00:00,Macky Berona,SWEDISH,JESTINE TANELON,SABBATH,600,0,600,new,,paid,completed
2026-04-28,12:00:00,Rawan Buigos,SWEDISH,LAARNI CAPARAS,SABBATH,600,0,600,new,,paid,completed
2026-04-28,12:00:00,Cha Cruz,COMBINATION,MARK KENNETH SANCHEZ,SABBATH,750,0,750,new,,paid,completed
2026-04-28,12:00:00,Argel Flores,COMBINATION,DIVINE,SABBATH,750,0,750,new,,paid,completed
2026-04-28,12:00:00,James Areglado,COMBINATION,JESTINE TANELON,SABBATH,750,0,750,new,,paid,completed
2026-04-29,12:00:00,Peaby Gutierrez,COMBINATION,JANINE KIMBERLY GARCIA,SABBATH,750,0,750,new,,paid,completed
2026-04-29,12:00:00,Peaby Gutierrez,ADDITIONAL 30 MINS,JANINE KIMBERLY GARCIA,SABBATH,300,0,300,new,,paid,completed
2026-04-29,12:00:00,Hyacinth Gutierrez,SWEDISH,VIA JOY SANCHEZ,SABBATH,600,0,600,new,,paid,completed
2026-04-29,12:00:00,Ma. Luisa Abra,COMBINATION W/ HOT STONE,JESTINE TANELON,SABBATH,1250,0,1250,new,,paid,completed
2026-04-29,12:00:00,jing Lizarondo,COMBINATION W/ HOT STONE,VIA JOY SANCHEZ,SABBATH,1250,0,1250,new,,paid,completed
2026-04-29,12:00:00,Bing Lizarondo,COMBINATION,LAARNI CAPARAS,SABBATH,750,0,750,new,,paid,completed
2026-04-29,12:00:00,Carol Lopez,TRADITIONAL HILOT WITH VENTOSA,DIVINE,SABBATH,1500,0,1500,new,,paid,completed
2026-04-29,12:00:00,Carlven Dayao,TRADITIONAL HILOT WITH VENTOSA,LEAH PEDROSA,SABBATH,1500,0,1500,new,,paid,completed
2026-04-29,12:00:00,Miss Ghie,PACKAGE A,EVANGELINE CANONIGO,LE NAILS,600,0,600,new,,paid,completed
2026-04-29,12:00:00,Hyacinth Gutierrez,FOOT SPA,EVANGELINE CANONIGO,LE NAILS,350,0,350,new,,paid,completed
2026-04-29,12:00:00,Edicia Mendoza,FOOT SPA,JENIFFER ANN MANUEL,LE NAILS,350,0,350,new,,paid,completed
2026-04-29,12:00:00,Edicia Mendoza,PEDICURE,JENIFFER ANN MANUEL,LE NAILS,200,0,200,new,,paid,completed
2026-04-29,12:00:00,Edicia Mendoza,POLISH,JENIFFER ANN MANUEL,LE NAILS,50,0,50,new,,paid,completed
2026-04-29,12:00:00,Ma. Luisa Abra,PACKAGE A,EVANGELINE CANONIGO,LE NAILS,600,0,600,new,,paid,completed
2026-04-29,12:00:00,Pep Sayo,SWEDISH,LEAH PEDROSA,SABBATH,600,0,600,new,,paid,completed
2026-04-29,12:00:00,Pep Sayo,ADDITIONAL 30 MINS,LEAH PEDROSA,SABBATH,300,0,300,new,,paid,completed
2026-04-29,12:00:00,Liz sayo,SWEDISH,LAARNI CAPARAS,SABBATH,600,0,600,new,,paid,completed
2026-04-29,12:00:00,Liz sayo,ADDITIONAL 30 MINS,LAARNI CAPARAS,SABBATH,300,0,300,new,,paid,completed
2026-04-29,12:00:00,Lea Manalaysay,COMBINATION W/ HOT STONE,DIVINE,SABBATH,1250,0,1250,new,,paid,completed
2026-04-29,12:00:00,Eli Sayo,GROWTH,VIA JOY SANCHEZ,SABBATH,500,0,500,new,,paid,completed
2026-04-29,12:00:00,Wella Sy,COMBINATION,JANINE KIMBERLY GARCIA,SABBATH,750,0,750,new,,paid,completed
2026-04-29,12:00:00,Justine Payongayong,COMBINATION,LAARNI CAPARAS,SABBATH,750,0,750,new,,paid,completed
2026-04-29,12:00:00,Angelo Gadiano,COMBINATION,JESTINE TANELON,SABBATH,750,0,750,new,,paid,completed
2026-04-29,12:00:00,Gia Marie Fernandez,PACKAGE A,JENIFFER ANN MANUEL,LE NAILS,600,600,0,new,,paid,completed
2026-04-29,12:00:00,Giorgie Agot,MANICURE,JENIFFER ANN MANUEL,LE NAILS,150,0,150,new,,paid,completed
2026-04-29,12:00:00,Giorgie Agot,POLISH,JENIFFER ANN MANUEL,LE NAILS,50,0,50,new,,paid,completed
2026-04-29,12:00:00,Mari Agot,MANICURE,JENIFFER ANN MANUEL,LE NAILS,150,0,150,new,,paid,completed
2026-04-29,12:00:00,Mari Agot,PEDICURE,JENIFFER ANN MANUEL,LE NAILS,200,0,200,new,,paid,completed
2026-04-29,12:00:00,Christel Mae Pangan,SWEDISH,DIVINE,SABBATH,600,0,600,new,Platinum,paid,completed
2026-04-29,12:00:00,Maricar Alegria,COMBINATION,JANINE KIMBERLY GARCIA,SABBATH,750,0,750,new,,paid,completed
2026-04-29,12:00:00,Ameerah Caranto,COMBINATION,JESTINE TANELON,SABBATH,750,0,750,new,,paid,completed
2026-04-29,12:00:00,Michelle Alegria,COMBINATION,VIA JOY SANCHEZ,SABBATH,750,0,750,new,,paid,completed
2026-04-29,12:00:00,Laresa Canete,COMBINATION,LEAH PEDROSA,SABBATH,750,0,750,new,,paid,completed
2026-04-29,12:00:00,Felix Alegria,COMBINATION,LAARNI CAPARAS,SABBATH,750,150,600,new,,paid,completed
2026-04-29,12:00:00,Hanna Garcia,COMBINATION,LEAH PEDROSA,SABBATH,750,0,750,new,,paid,completed
2026-04-29,12:00:00,Joseph Garcia,COMBINATION,DIVINE,SABBATH,750,0,750,new,,paid,completed
2026-04-30,12:00:00,Ann Cruz,COMBINATION W/ HOT STONE,ASHLEY JANE GARCIA,SABBATH,1250,0,1250,new,,paid,completed
2026-04-30,12:00:00,Ann Cruz,PACKAGE C,JENIFFER ANN MANUEL,LE NAILS,700,0,700,new,,paid,completed
2026-04-30,12:00:00,Thea Villarante,PACKAGE B,EVANGELINE CANONIGO,LE NAILS,950,0,950,new,,paid,completed
2026-04-30,12:00:00,Julie Dominggo,COMBINATION,VIA JOY SANCHEZ,SABBATH,750,0,750,new,,paid,completed
2026-04-30,12:00:00,Julie Dominggo,ADDITIONAL 30 MINS,VIA JOY SANCHEZ,SABBATH,300,0,300,new,,paid,completed
2026-04-30,12:00:00,Rej mendiola,COMBINATION,JANINE KIMBERLY GARCIA,SABBATH,750,0,750,new,,paid,completed
2026-04-30,12:00:00,Rej mendiola,ADDITIONAL 30 MINS,JANINE KIMBERLY GARCIA,SABBATH,300,0,300,new,,paid,completed
2026-04-30,12:00:00,Joseph mendiola,COMBINATION,DIVINE,SABBATH,750,0,750,new,,paid,completed
2026-04-30,12:00:00,Claude Medina,COMBINATION,MARK KENNETH SANCHEZ,SABBATH,750,0,750,new,,paid,completed
2026-04-30,12:00:00,Claude Medina,ADDITIONAL 30 MINS,MARK KENNETH SANCHEZ,SABBATH,300,0,300,new,,paid,completed
2026-04-30,12:00:00,Carla Paula Pascua,POST & PRE NATAL W/ LACTATION,VIA JOY SANCHEZ,SABBATH,2000,0,2000,new,,paid,completed
2026-04-30,12:00:00,Joseph Christian Sese,SABBATH SIGNATURE,MARK KENNETH SANCHEZ,SABBATH,1000,0,1000,new,,paid,completed
2026-04-30,12:00:00,EK Gabriel,SABBATH PACKAGE 1,ASHLEY JANE GARCIA,SABBATH,2000,0,2000,new,,paid,completed
2026-04-30,12:00:00,JM Gabriel,SABBATH PACKAGE 1,JANINE KIMBERLY GARCIA,SABBATH,2000,0,2000,new,,paid,completed
2026-04-30,12:00:00,Diana Dermil,COMBINATION,JENIFFER ANN MANUEL,SABBATH,750,0,750,new,,paid,completed
2026-04-30,12:00:00,Gelo Rivera,TRADITIONAL HILOT WITH VENTOSA,DIVINE,SABBATH,1500,0,1500,new,,paid,completed
2026-04-30,12:00:00,Stephany Esguerra,AROMATHERAPY OIL WITH HERBAL BALL,ASHLEY JANE GARCIA,SABBATH,1000,0,1000,new,,paid,completed
2026-04-30,12:00:00,Albert Esguerra,TRADITIONAL HILOT WITH VENTOSA,VIA JOY SANCHEZ,SABBATH,1500,0,1500,new,,paid,completed
2026-04-30,12:00:00,Julia Papa,COMBINATION,MARK KENNETH SANCHEZ,SABBATH,750,0,750,new,,paid,completed
2026-04-30,12:00:00,Julia Papa,ADDITIONAL 30 MINS,MARK KENNETH SANCHEZ,SABBATH,300,0,300,new,,paid,completed
2026-04-30,12:00:00,Ali Antonio,COMBINATION,ASHLEY JANE GARCIA,SABBATH,750,0,750,new,,paid,completed
2026-04-30,12:00:00,Ali Antonio,ADDITIONAL 30 MINS,ASHLEY JANE GARCIA,SABBATH,300,0,300,new,,paid,completed
2026-04-30,12:00:00,Patricia tan,GROWTH,VIA JOY SANCHEZ,SABBATH,500,0,500,new,,paid,completed
2026-04-30,12:00:00,Patricia tan,POST & PRE NATAL W/ LACTATION,VIA JOY SANCHEZ,SABBATH,2000,0,2000,new,,paid,completed
2026-04-30,12:00:00,Marie Tan,COMBINATION,DIVINE,SABBATH,750,0,750,new,,paid,completed
2026-04-30,12:00:00,Marie Tan,ADDITIONAL 30 MINS,DIVINE,SABBATH,300,0,300,new,,paid,completed
2026-04-30,12:00:00,Hellen,PEDICURE,JENIFFER ANN MANUEL,LE NAILS,200,0,200,new,,paid,completed
2026-04-30,12:00:00,Hellen,POLISH,JENIFFER ANN MANUEL,LE NAILS,50,0,50,new,,paid,completed
2026-04-30,12:00:00,walk in,PACKAGE C,EVANGELINE CANONIGO,LE NAILS,700,0,700,new,,paid,completed
2026-05-01,12:00:00,Cristy Francisco,COMBINATION,LEAH PEDROSA,SABBATH,750,0,750,new,,paid,completed
2026-05-01,12:00:00,Nolita Agulto,COMBINATION,LAARNI CAPARAS,SABBATH,750,0,750,new,,paid,completed
2026-05-01,12:00:00,Marta Teresita Mayor,COMBINATION,JANINE KIMBERLY GARCIA,SABBATH,750,0,750,new,,paid,completed
2026-05-01,12:00:00,Ma.teresa Dilig,COMBINATION,DIVINE,SABBATH,750,0,750,new,,paid,completed
2026-05-01,12:00:00,Rosalinda Bea,COMBINATION,ASHLEY JANE GARCIA,SABBATH,750,0,750,new,,paid,completed
2026-05-01,12:00:00,Mel Cabigting,COMBINATION,VIA JOY SANCHEZ,SABBATH,750,0,750,new,,paid,completed
2026-05-01,12:00:00,Grace Yumang,COMBINATION,JENIFFER ANN MANUEL,SABBATH,750,0,750,new,,paid,completed
2026-05-01,12:00:00,Val Lopez,COMBINATION,MARK KENNETH SANCHEZ,SABBATH,750,0,750,new,,paid,completed
2026-05-01,12:00:00,Kristine David,COMBINATION,LEAH PEDROSA,SABBATH,750,0,750,new,,paid,completed
2026-05-01,12:00:00,Aira Apostol Magpayo,SWEDISH,JANINE KIMBERLY GARCIA,SABBATH,600,600,0,new,,paid,completed
2026-05-01,12:00:00,Ramil Magpayo,COMBINATION,LAARNI CAPARAS,SABBATH,750,0,750,new,,paid,completed
2026-05-01,12:00:00,Adelio Asuncion,SABBATH PACKAGE 1,VIA JOY SANCHEZ,SABBATH,2000,0,2000,new,,paid,completed
2026-05-01,12:00:00,Aileen Asuncion,SABBATH PACKAGE 1,ASHLEY JANE GARCIA,SABBATH,2000,0,2000,new,,paid,completed
2026-05-01,12:00:00,Teejay Custodio,SWEDISH,MARK KENNETH SANCHEZ,SABBATH,600,0,600,new,,paid,completed
2026-05-01,12:00:00,Jerom Dula,COMBINATION,DIVINE,SABBATH,750,0,750,new,,paid,completed
2026-05-01,12:00:00,Joyce Bernardino,"SABBATH SIGNATURE FOOT, HEAD, NECK & SHOULDER",LEAH PEDROSA,SABBATH,750,0,750,new,,paid,completed
2026-05-01,12:00:00,Aira Dela Cruz,SABBATH SIGNATURE,LAARNI CAPARAS,SABBATH,1000,1000,0,new,,paid,completed
2026-05-01,12:00:00,Mark Dominggo,COMBINATION,MARK KENNETH SANCHEZ,SABBATH,750,0,750,new,,paid,completed
2026-05-01,12:00:00,Mark Dominggo,ADDITIONAL 30 MINS,MARK KENNETH SANCHEZ,SABBATH,300,0,300,new,,paid,completed
2026-05-01,12:00:00,Jane Isobel Dominggo,TRADITIONAL HILOT WITH VENTOSA,JANINE KIMBERLY GARCIA,SABBATH,1500,0,1500,new,,paid,completed
2026-05-01,12:00:00,Alex Lee,COMBINATION,LEAH PEDROSA,SABBATH,750,0,750,new,,paid,completed
2026-05-01,12:00:00,Alex Lee,ADDITIONAL 30 MINS,LEAH PEDROSA,SABBATH,300,0,300,new,,paid,completed
2026-05-01,12:00:00,Mylene Lee,COMBINATION,DIVINE,SABBATH,750,0,750,new,,paid,completed
2026-05-01,12:00:00,Mylene Lee,ADDITIONAL 30 MINS,DIVINE,SABBATH,300,0,300,new,,paid,completed
2026-05-01,12:00:00,Michael Angelo Maglonzo,COMBINATION,LAARNI CAPARAS,SABBATH,750,0,750,new,,paid,completed
2026-05-01,12:00:00,Marian Antonio,COMBINATION,JENIFFER ANN MANUEL,SABBATH,750,0,750,new,,paid,completed
2026-05-01,12:00:00,Ruth Angelo,COMBINATION,VIA JOY SANCHEZ,SABBATH,750,0,750,new,,paid,completed
2026-05-01,12:00:00,Ronald Angelo,SABBATH SIGNATURE,ASHLEY JANE GARCIA,SABBATH,1000,0,1000,new,,paid,completed
2026-05-01,12:00:00,Richard Cruz,COMBINATION,MARK KENNETH SANCHEZ,SABBATH,750,0,750,new,,paid,completed
2026-05-01,12:00:00,Patrick Jayson Santiago,COMBINATION,LAARNI CAPARAS,SABBATH,750,0,750,new,,paid,completed
2026-05-01,12:00:00,Mary Grace Parinas,COMBINATION W/ HOT STONE,JANINE KIMBERLY GARCIA,SABBATH,1250,0,1250,new,,paid,completed
2026-05-01,12:00:00,Mary Grace Parinas,FOOT SPA,EVANGELINE CANONIGO,LE NAILS,350,0,350,new,,paid,completed
2026-05-01,12:00:00,Daisylyn Paguiligan,COMBINATION W/ HOT STONE,ASHLEY JANE GARCIA,SABBATH,1250,0,1250,new,,paid,completed
2026-05-01,12:00:00,Daisylyn Paguiligan,FOOT SPA,EVANGELINE CANONIGO,LE NAILS,350,0,350,new,,paid,completed
2026-05-01,12:00:00,Donald Paguiligan,COMBINATION W/ HOT STONE,VIA JOY SANCHEZ,SABBATH,1250,0,1250,new,,paid,completed
2026-05-01,12:00:00,Donald Paguiligan,FOOT SPA,EVANGELINE CANONIGO,LE NAILS,350,0,350,new,,paid,completed
2026-05-01,12:00:00,Roenald paguiligan,COMBINATION W/ HOT STONE,LEAH PEDROSA,SABBATH,1250,0,1250,new,,paid,completed
2026-05-01,12:00:00,Roenald paguiligan,FOOT SPA,EVANGELINE CANONIGO,LE NAILS,350,0,350,new,,paid,completed
2026-05-01,12:00:00,Dhanila Kyacee Navarro,COMBINATION W/ HOT STONE,JANINE KIMBERLY GARCIA,SABBATH,1250,0,1250,new,,paid,completed
2026-05-01,12:00:00,Dhanila Kyacee Navarro,FOOT SPA,JENIFFER ANN MANUEL,LE NAILS,350,0,350,new,,paid,completed
2026-05-01,12:00:00,Jonathan Parinas,COMBINATION W/ HOT STONE,ASHLEY JANE GARCIA,SABBATH,1250,0,1250,new,,paid,completed
2026-05-01,12:00:00,Jonathan Parinas,FOOT SPA,JENIFFER ANN MANUEL,LE NAILS,350,0,350,new,,paid,completed
2026-05-01,12:00:00,zelda Paguiligan,COMBINATION W/ HOT STONE,VIA JOY SANCHEZ,SABBATH,1250,0,1250,new,,paid,completed
2026-05-01,12:00:00,zelda Paguiligan,FOOT SPA,JENIFFER ANN MANUEL,LE NAILS,350,0,350,new,,paid,completed
2026-05-01,12:00:00,Ehm Angelo,"SABBATH SIGNATURE FOOT, HEAD, NECK & SHOULDER",LEAH PEDROSA,SABBATH,750,0,750,new,,paid,completed
2026-05-01,12:00:00,Ivan Angelo,COMBINATION,MARK KENNETH SANCHEZ,SABBATH,750,0,750,new,,paid,completed
2026-05-01,12:00:00,Maylene Buenaventura,SWEDISH,LAARNI CAPARAS,SABBATH,600,0,600,new,,paid,completed
2026-05-01,12:00:00,Maylene Buenaventura,ADDITIONAL 30 MINS,LAARNI CAPARAS,,300,0,300,new,,paid,completed
2026-05-01,12:00:00,Richard Buenaventura,SWEDISH,DIVINE,SABBATH,600,0,600,new,,paid,completed
2026-05-01,12:00:00,Richard Buenaventura,ADDITIONAL 30 MINS,DIVINE,,300,0,300,new,,paid,completed
2026-05-01,12:00:00,Diana Alamares,COMBINATION,ASHLEY JANE GARCIA,SABBATH,750,0,750,new,,paid,completed
2026-05-01,12:00:00,Diana Alamares,ADDITIONAL 30 MINS,ASHLEY JANE GARCIA,,300,0,300,new,,paid,completed
2026-05-01,12:00:00,Mike Alamares,COMBINATION,VIA JOY SANCHEZ,SABBATH,750,0,750,new,,paid,completed
2026-05-01,12:00:00,Mike Alamares,ADDITIONAL 30 MINS,VIA JOY SANCHEZ,,300,0,300,new,,paid,completed
2026-05-01,12:00:00,Micha Hernandez,COMBINATION,JANINE KIMBERLY GARCIA,SABBATH,750,0,750,new,,paid,completed
2026-05-01,12:00:00,Micha Hernandez,ADDITIONAL 30 MINS,JANINE KIMBERLY GARCIA,,300,0,300,new,,paid,completed
2026-05-01,12:00:00,Wilfred Cho,COMBINATION,JENIFFER ANN MANUEL,SABBATH,750,0,750,new,,paid,completed
2026-05-01,12:00:00,Wilfred Cho,ADDITIONAL 30 MINS,JENIFFER ANN MANUEL,,300,0,300,new,,paid,completed
2026-05-01,12:00:00,Sab Carpio,COMBINATION W/ HOT STONE,LEAH PEDROSA,SABBATH,1250,0,1250,new,,paid,completed
2026-05-01,12:00:00,Sab Carpio,ADDITIONAL 30 MINS,LEAH PEDROSA,,300,0,300,new,,paid,completed
2026-05-01,12:00:00,Estee Carpio,COMBINATION W/ HOT STONE,DIVINE,SABBATH,1250,0,1250,new,,paid,completed
2026-05-01,12:00:00,Estee Carpio,ADDITIONAL 30 MINS,DIVINE,,300,0,300,new,,paid,completed
2026-05-01,12:00:00,Rica Olazo,COMBINATION,LAARNI CAPARAS,SABBATH,750,0,750,new,,paid,completed
2026-05-01,12:00:00,thess Estrella,PACKAGE C,EVANGELINE CANONIGO,LE NAILS,700,0,700,new,,paid,completed
2026-05-01,12:00:00,thess Estrella,POLISH,EVANGELINE CANONIGO,LE NAILS,50,0,50,new,,paid,completed
2026-05-01,12:00:00,Kristine David,PACKAGE A,JENIFFER ANN MANUEL,LE NAILS,600,0,600,new,,paid,completed
2026-05-01,12:00:00,Kristine David,FOOT SPA,EVANGELINE CANONIGO,LE NAILS,350,0,350,new,,paid,completed
2026-05-01,12:00:00,Kristine David,PEDICURE,EVANGELINE CANONIGO,LE NAILS,200,0,200,new,,paid,completed
2026-05-01,12:00:00,Kristine David,POLISH,EVANGELINE CANONIGO,LE NAILS,50,0,50,new,,paid,completed
2026-05-01,12:00:00,VE Jan,UNDERARMS FEMALE,JENIFFER ANN MANUEL,LE NAILS,200,0,200,new,,paid,completed
2026-05-01,12:00:00,VE Jan,MANICURE,EVANGELINE CANONIGO,LE NAILS,150,0,150,new,,paid,completed
2026-05-01,12:00:00,VE Jan,PEDICURE,EVANGELINE CANONIGO,LE NAILS,200,0,200,new,,paid,completed
2026-05-01,12:00:00,VE Jan,FOOT SPA,EVANGELINE CANONIGO,LE NAILS,350,70,280,new,,paid,completed
2026-05-02,12:00:00,Kimberly Milag,COMBINATION,VIA JOY SANCHEZ,SABBATH,750,0,750,new,,paid,completed
2026-05-02,12:00:00,Kimberly Milag,ADDITIONAL 30 MINS,VIA JOY SANCHEZ,SABBATH,300,0,300,new,,paid,completed
2026-05-02,12:00:00,Aileen Lizarondo,COMBINATION,DIVINE,SABBATH,750,0,750,new,,paid,completed
2026-05-02,12:00:00,Jose Alfonso Ondevilla,TRADITIONAL HILOT WITH VENTOSA,MARK KENNETH SANCHEZ,SABBATH,1500,0,1500,new,,paid,completed
2026-05-02,12:00:00,Glady's Santos,TRADITIONAL HILOT WITH VENTOSA,JANINE KIMBERLY GARCIA,SABBATH,1500,0,1500,new,,paid,completed
2026-05-02,12:00:00,Fren,SOFT GEL REMOVER,EVANGELINE CANONIGO,LE NAILS,300,0,300,new,,paid,completed
2026-05-02,12:00:00,Fren,MANICURE,EVANGELINE CANONIGO,LE NAILS,150,0,150,new,,paid,completed
2026-05-02,12:00:00,Fren,MANICURE,JENIFFER ANN MANUEL,LE NAILS,150,0,150,new,,paid,completed
2026-05-02,12:00:00,Fren,PEDICURE,JENIFFER ANN MANUEL,LE NAILS,200,0,200,new,,paid,completed
2026-05-02,12:00:00,Fren,POLISH,JENIFFER ANN MANUEL,LE NAILS,50,0,50,new,,paid,completed
2026-05-02,12:00:00,Fren,POLISH,JENIFFER ANN MANUEL,LE NAILS,50,0,50,new,,paid,completed
2026-05-02,12:00:00,Fren,POLISH,JENIFFER ANN MANUEL,LE NAILS,50,0,50,new,,paid,completed
2026-05-02,12:00:00,Candy Mundo,FOOT SPA,EVANGELINE CANONIGO,LE NAILS,350,0,350,new,,paid,completed
2026-05-02,12:00:00,Candy Mundo,PEDIGEL CUCCIO,EVANGELINE CANONIGO,LE NAILS,550,0,550,new,,paid,completed
2026-05-02,12:00:00,Candy Mundo,NAIL GEL REMOVAL,EVANGELINE CANONIGO,LE NAILS,150,0,150,new,,paid,completed
2026-05-02,12:00:00,Kayla Freeman,SWEDISH,LAARNI CAPARAS,SABBATH,600,0,600,new,,paid,completed
2026-05-02,12:00:00,Kayla Freeman,SABBATH FOOT REFLEX,LAARNI CAPARAS,SABBATH,600,0,600,new,,paid,completed
2026-05-02,12:00:00,Kayla Freeman,NAIL GEL REMOVAL,EVANGELINE CANONIGO,LE NAILS,150,0,150,new,,paid,completed
2026-05-02,12:00:00,Kayla Freeman,SOFT GEL REMOVER,EVANGELINE CANONIGO,LE NAILS,300,0,300,new,,paid,completed
2026-05-02,12:00:00,Kayla Freeman,PEDIGEL CUCCIO,EVANGELINE CANONIGO,LE NAILS,550,0,550,new,,paid,completed
2026-05-02,12:00:00,Kayla Freeman,MANIGEL CUCCIO,EVANGELINE CANONIGO,LE NAILS,450,0,450,new,,paid,completed
2026-05-02,12:00:00,david Yusuff,SWEDISH,LEAH PEDROSA,SABBATH,600,0,600,new,,paid,completed
2026-05-02,12:00:00,david Yusuff,MANICURE,JENIFFER ANN MANUEL,LE NAILS,150,0,150,new,,paid,completed
2026-05-02,12:00:00,david Yusuff,PEDICURE,JENIFFER ANN MANUEL,LE NAILS,200,0,200,new,,paid,completed
2026-05-02,12:00:00,Akisha Manuel,COMBINATION W/ HOT STONE,ASHLEY JANE GARCIA,SABBATH,1250,0,1250,new,,paid,completed
2026-05-02,12:00:00,almer Cristobal,COMBINATION W/ HOT STONE,MARK KENNETH SANCHEZ,SABBATH,1250,0,1250,new,,paid,completed
2026-05-02,12:00:00,Josephine Magsakay,COMBINATION,DIVINE,SABBATH,750,0,750,new,,paid,completed
2026-05-02,12:00:00,Josephine Magsakay,MANICURE,EVANGELINE CANONIGO,LE NAILS,150,0,150,new,,paid,completed
2026-05-02,12:00:00,Josephine Magsakay,PEDICURE,EVANGELINE CANONIGO,LE NAILS,200,0,200,new,,paid,completed
2026-05-02,12:00:00,Josephine Magsakay,POLISH,EVANGELINE CANONIGO,LE NAILS,50,0,50,new,,paid,completed
2026-05-02,12:00:00,Pablo Magsakay,COMBINATION,LAARNI CAPARAS,SABBATH,750,0,750,new,,paid,completed
2026-05-02,12:00:00,Angelo perlas,SABBATH SIGNATURE,LEAH PEDROSA,SABBATH,1000,0,1000,new,,paid,completed
2026-05-02,12:00:00,adrian Bernardo,COMBINATION,VIA JOY SANCHEZ,SABBATH,750,0,750,new,,paid,completed
2026-05-02,12:00:00,ivy bautista,COMBINATION,JENIFFER ANN MANUEL,SABBATH,750,0,750,new,,paid,completed
2026-05-02,12:00:00,ivy bautista,PACKAGE A,JENIFFER ANN MANUEL,LE NAILS,600,0,600,new,,paid,completed
2026-05-02,12:00:00,ivy bautista,PACKAGE A,EVANGELINE CANONIGO,LE NAILS,600,0,600,new,,paid,completed
2026-05-02,12:00:00,Marco Romeo,COMBINATION,DIVINE,SABBATH,750,0,750,new,,paid,completed
2026-05-02,12:00:00,relli romeo,COMBINATION,ASHLEY JANE GARCIA,SABBATH,750,0,750,new,,paid,completed
2026-05-02,12:00:00,denden teodoro,COMBINATION,JANINE KIMBERLY GARCIA,SABBATH,750,0,750,new,,paid,completed
2026-05-02,12:00:00,dennis teodoro,COMBINATION,MARK KENNETH SANCHEZ,SABBATH,750,0,750,new,,paid,completed
2026-05-02,12:00:00,arce elape,COMBINATION,LAARNI CAPARAS,SABBATH,750,150,600,new,,paid,completed
2026-05-02,12:00:00,Carla Marie Pgsanjan,COMBINATION,VIA JOY SANCHEZ,SABBATH,750,0,750,new,,paid,completed
2026-05-02,12:00:00,Carla Marie Pgsanjan,ADDITIONAL 30 MINS,VIA JOY SANCHEZ,SABBATH,300,0,300,new,,paid,completed
2026-05-02,12:00:00,Reign ganzon,COMBINATION,LEAH PEDROSA,SABBATH,750,0,750,new,,paid,completed
2026-05-02,12:00:00,Reign ganzon,ADDITIONAL 30 MINS,LEAH PEDROSA,SABBATH,300,0,300,new,,paid,completed
2026-05-02,12:00:00,jeymar labausa,SABBATH SIGNATURE,MARK KENNETH SANCHEZ,SABBATH,1000,1000,0,new,,paid,completed
2026-05-02,12:00:00,Hershey Labausa,COMBINATION W/ HOT STONE,ASHLEY JANE GARCIA,SABBATH,1250,1250,0,new,,paid,completed
2026-05-02,12:00:00,Napoleon Olivares,SWEDISH,JANINE KIMBERLY GARCIA,SABBATH,600,0,600,new,,paid,completed
2026-05-02,12:00:00,Levita Olivares,SWEDISH,DIVINE,SABBATH,600,0,600,new,,paid,completed
2026-05-02,12:00:00,Christine Joy Oliveros,SWEDISH,LAARNI CAPARAS,SABBATH,600,0,600,new,,paid,completed
2026-05-02,12:00:00,Christel Pangan,SWEDISH,JENIFFER ANN MANUEL,SABBATH,600,0,600,new,,paid,completed
2026-05-02,12:00:00,Cel tayao,SWEDISH,ASHLEY JANE GARCIA,SABBATH,600,600,0,new,,paid,completed
2026-05-02,12:00:00,Macky Tayao,SWEDISH,LEAH PEDROSA,SABBATH,600,600,0,new,,paid,completed
2026-05-02,12:00:00,Patrick Potencio,SWEDISH,LAARNI CAPARAS,SABBATH,600,0,600,new,,paid,completed
2026-05-02,12:00:00,Kristel Aves,TRADITIONAL HILOT WITH VENTOSA,DIVINE,SABBATH,1500,0,1500,new,,paid,completed
2026-05-02,12:00:00,Chin Nieva,POST & PRE NATAL W/ LACTATION,VIA JOY SANCHEZ,SABBATH,2000,0,2000,new,,paid,completed
2026-05-02,12:00:00,Fatima Cruz,TRADITIONAL HILOT WITH VENTOSA,JANINE KIMBERLY GARCIA,SABBATH,1500,0,1500,new,,paid,completed
2026-05-02,12:00:00,Kim De Guzman,COMBINATION,MARK KENNETH SANCHEZ,SABBATH,750,0,750,new,,paid,completed
2026-05-02,12:00:00,Ma. amor Lorenzo,SABBATH FOOT REFLEX,VIA JOY SANCHEZ,SABBATH,600,0,600,new,,paid,completed
2026-05-02,12:00:00,Cedrick Mondero,SWEDISH,LEAH PEDROSA,SABBATH,600,0,600,new,,paid,completed
2026-05-03,12:00:00,Cheene Rose Rodrigueza,TRADITIONAL HILOT WITH VENTOSA,ASHLEY JANE GARCIA,SABBATH,1500,0,1500,new,,paid,completed
2026-05-03,12:00:00,Gracel Noreen castillo,TRADITIONAL HILOT WITH VENTOSA,LEAH PEDROSA,SABBATH,1500,0,1500,new,,paid,completed
2026-05-03,12:00:00,Nico Isuga,TRADITIONAL HILOT WITH VENTOSA,MARK KENNETH SANCHEZ,SABBATH,1500,0,1500,new,,paid,completed
2026-05-03,12:00:00,Mirasol Cruz,COMBINATION,LAARNI CAPARAS,SABBATH,750,0,750,new,,paid,completed
2026-05-03,12:00:00,Mirasol Cruz,ADDITIONAL 30 MINS,LAARNI CAPARAS,,300,0,300,new,,paid,completed
2026-05-03,12:00:00,Paolo Cruz,COMBINATION,JANINE KIMBERLY GARCIA,SABBATH,750,150,600,new,,paid,completed
2026-05-03,12:00:00,Paolo Cruz,ADDITIONAL 30 MINS,JANINE KIMBERLY GARCIA,,300,60,240,new,,paid,completed
2026-05-03,12:00:00,Mark Dalisay,SABBATH SIGNATURE,DIVINE,SABBATH,1000,200,800,new,,paid,completed
2026-05-03,12:00:00,Rhea Buenaventura,SABBATH SIGNATURE,VIA JOY SANCHEZ,SABBATH,1000,0,1000,new,,paid,completed
2026-05-03,12:00:00,Gab Gutierrez,COMBINATION,ASHLEY JANE GARCIA,SABBATH,750,0,750,new,,paid,completed
2026-05-03,12:00:00,Gab Gutierrez,ADDITIONAL 30 MINS,ASHLEY JANE GARCIA,SABBATH,300,0,300,new,,paid,completed
2026-05-03,12:00:00,Reymar Marasigan,COMBINATION,LEAH PEDROSA,SABBATH,750,0,750,new,,paid,completed
2026-05-03,12:00:00,Ivy Marasigan,COMBINATION,LAARNI CAPARAS,SABBATH,750,0,750,new,,paid,completed
2026-05-03,12:00:00,Evan Lim-Ranola,TRADITIONAL HILOT WITH VENTOSA,MARK KENNETH SANCHEZ,SABBATH,1500,0,1500,new,,paid,completed
2026-05-03,12:00:00,Karen Lim-Ranola,POST & PRE NATAL W/ LACTATION,JANINE KIMBERLY GARCIA,SABBATH,2000,0,2000,new,,paid,completed
2026-05-03,12:00:00,Grace Dungo,COMBINATION,DIVINE,SABBATH,750,0,750,new,,paid,completed
2026-05-03,12:00:00,Jose Victorio Dungo,COMBINATION,VIA JOY SANCHEZ,SABBATH,750,0,750,new,,paid,completed
2026-05-03,12:00:00,Jea Dungo,COMBINATION,ASHLEY JANE GARCIA,SABBATH,750,0,750,new,,paid,completed
2026-05-03,12:00:00,Gella Jane Dungo,COMBINATION,LEAH PEDROSA,SABBATH,750,0,750,new,,paid,completed
2026-05-03,12:00:00,Rowena Valentin,SWEDISH,LAARNI CAPARAS,SABBATH,600,0,600,new,,paid,completed
2026-05-03,12:00:00,Randy Ambito,SWEDISH,MARK KENNETH SANCHEZ,SABBATH,600,0,600,new,,paid,completed
2026-05-03,12:00:00,Jessica Pendon,SWEDISH,JANINE KIMBERLY GARCIA,SABBATH,600,120,480,new,,paid,completed
2026-05-03,12:00:00,Nina Pendon,SWEDISH,DIVINE,SABBATH,600,0,600,new,,paid,completed
2026-05-03,12:00:00,Marilou pendon,SWEDISH,VIA JOY SANCHEZ,SABBATH,600,0,600,new,,paid,completed
2026-05-03,12:00:00,Alvin Arroyo,SWEDISH,ASHLEY JANE GARCIA,SABBATH,600,0,600,new,,paid,completed
2026-05-03,12:00:00,Aileen Arganza,SWEDISH,LEAH PEDROSA,SABBATH,600,0,600,new,,paid,completed
2026-05-03,12:00:00,Michaela Pablo,COMBINATION,ASHLEY JANE GARCIA,SABBATH,750,0,750,new,,paid,completed
2026-05-03,12:00:00,Michaela Pablo,ADDITIONAL 30 MINS,ASHLEY JANE GARCIA,,300,0,300,new,,paid,completed
2026-05-03,12:00:00,Lindon De Guzman,COMBINATION,JANINE KIMBERLY GARCIA,SABBATH,750,0,750,new,,paid,completed
2026-05-03,12:00:00,Lindon De Guzman,ADDITIONAL 30 MINS,JANINE KIMBERLY GARCIA,SABBATH,300,0,300,new,,paid,completed
2026-05-03,12:00:00,Sharamie Guzman,COMBINATION,LAARNI CAPARAS,SABBATH,750,0,750,new,,paid,completed
2026-05-03,12:00:00,RM De Guzman,SWEDISH,DIVINE,SABBATH,600,0,600,new,,paid,completed
2026-05-04,12:00:00,Benedict Panganiban,COMBINATION W/ HOT STONE,VIA JOY SANCHEZ,SABBATH,1250,0,1250,new,,paid,completed
2026-05-04,12:00:00,Chesca Planta,POST & PRE NATAL W/ LACTATION,ASHLEY JANE GARCIA,SABBATH,2000,0,2000,new,,paid,completed
2026-05-04,12:00:00,Jake Dela Cruz,COMBINATION,MARK KENNETH SANCHEZ,SABBATH,750,0,750,new,,paid,completed
2026-05-04,12:00:00,Chino Guballa,COMBINATION,VIA JOY SANCHEZ,SABBATH,750,0,750,new,,paid,completed
2026-05-04,12:00:00,Katleen Mauricio,COMBINATION,LAARNI CAPARAS,SABBATH,750,0,750,new,,paid,completed
2026-05-04,12:00:00,jeany Espiritu,SWEDISH,ASHLEY JANE GARCIA,SABBATH,600,0,600,new,,paid,completed
2026-05-04,12:00:00,Dan Espiritu,SWEDISH,VIA JOY SANCHEZ,SABBATH,600,0,600,new,,paid,completed
2026-05-04,12:00:00,Adabelle Lagman,TRADITIONAL HILOT WITH VENTOSA,ASHLEY JANE GARCIA,SABBATH,1500,0,1500,new,,paid,completed
2026-05-04,12:00:00,Simfrosa Lagman,TRADITIONAL HILOT WITH VENTOSA,VIA JOY SANCHEZ,SABBATH,1500,0,1500,new,,paid,completed
2026-05-04,12:00:00,Verron Aldaba,COMBINATION,MARK KENNETH SANCHEZ,SABBATH,750,0,750,new,,paid,completed
2026-05-04,12:00:00,Rusela Aldaba,COMBINATION,LAARNI CAPARAS,SABBATH,750,0,750,new,,paid,completed
2026-05-04,12:00:00,Eleiza,FOOT MASSAGE,LAARNI CAPARAS,SABBATH,350,0,350,new,,paid,completed
2026-05-04,12:00:00,Trinidad Jasmine,COMBINATION,ASHLEY JANE GARCIA,SABBATH,750,0,750,new,,paid,completed
2026-05-04,12:00:00,Trinidad Jasmine,ADDITIONAL 30 MINS,ASHLEY JANE GARCIA,SABBATH,300,0,300,new,,paid,completed
2026-05-04,12:00:00,Joshua Trinidad,COMBINATION,MARK KENNETH SANCHEZ,SABBATH,750,0,750,new,,paid,completed
2026-05-04,12:00:00,Joshua Trinidad,ADDITIONAL 30 MINS,MARK KENNETH SANCHEZ,SABBATH,300,0,300,new,,paid,completed
2026-05-04,12:00:00,Jewelle Trinidad,COMBINATION,LAARNI CAPARAS,SABBATH,750,150,600,new,,paid,completed
2026-05-04,12:00:00,Jewelle Trinidad,ADDITIONAL 30 MINS,LAARNI CAPARAS,SABBATH,300,0,300,new,,paid,completed
2026-05-04,12:00:00,Gia Marie Fernandez\,SWEDISH,LEAH PEDROSA,SABBATH,600,600,0,new,,paid,completed
2026-05-04,12:00:00,Gia Marie Fernandez\,ADDITIONAL 30 MINS,LEAH PEDROSA,SABBATH,300,300,0,new,,paid,completed
2026-05-04,12:00:00,Erick Fernandez,SWEDISH,LEAH PEDROSA,SABBATH,600,600,0,new,,paid,completed
2026-05-04,12:00:00,Erick Fernandez,ADDITIONAL 30 MINS,LEAH PEDROSA,SABBATH,300,300,0,new,,paid,completed
2026-05-04,12:00:00,Tita Fernandez,SWEDISH,LEAH PEDROSA,SABBATH,600,600,0,new,,paid,completed
2026-05-04,12:00:00,JT,PEDICURE,JENIFFER ANN MANUEL,LE NAILS,200,0,200,new,,paid,completed
2026-05-04,12:00:00,JT,FOOT MASSAGE,JENIFFER ANN MANUEL,LE NAILS,350,0,350,new,,paid,completed
2026-05-04,12:00:00,adabelle Lagman,MANICURE,JENIFFER ANN MANUEL,LE NAILS,150,0,150,new,,paid,completed
2026-05-04,12:00:00,adabelle Lagman,PEDICURE,JENIFFER ANN MANUEL,LE NAILS,200,0,200,new,,paid,completed
2026-05-04,12:00:00,adabelle Lagman,POLISH,JENIFFER ANN MANUEL,LE NAILS,50,0,50,new,,paid,completed
2026-05-04,12:00:00,fe,UNDERARMS FEMALE,JENIFFER ANN MANUEL,LE NAILS,200,0,200,new,,paid,completed
2026-05-04,12:00:00,Eleiza,FOOT MASSAGE,JENIFFER ANN MANUEL,LE NAILS,350,0,350,new,,paid,completed
2026-05-05,12:00:00,Rio Ibanez,COMBINATION W/ HOT STONE,DIVINE,SABBATH,1250,0,1250,new,,paid,completed
2026-05-05,12:00:00,Kristoffer Francisco,TRADITIONAL HILOT WITH VENTOSA,MARK KENNETH SANCHEZ,SABBATH,1500,0,1500,new,,paid,completed
2026-05-05,12:00:00,Sahara Gabriel,SABBATH SIGNATURE,JANINE KIMBERLY GARCIA,SABBATH,1000,0,1000,new,,paid,completed
2026-05-05,12:00:00,Dennis gabriel,SABBATH SIGNATURE,LAARNI CAPARAS,SABBATH,1000,0,1000,new,,paid,completed
2026-05-05,12:00:00,JC Chua,COMBINATION,MARK KENNETH SANCHEZ,SABBATH,750,0,750,new,,paid,completed
2026-05-05,12:00:00,Michel Lisa Chua,SWEDISH,VIA JOY SANCHEZ,SABBATH,600,0,600,new,,paid,completed
2026-05-05,12:00:00,Rhea Torres,SWEDISH,ASHLEY JANE GARCIA,SABBATH,600,0,600,new,,paid,completed
2026-05-05,12:00:00,Martina Torres,SWEDISH,DIVINE,SABBATH,0,0,0,new,,paid,completed
2026-05-05,12:00:00,Vash Manuel,COMBINATION,MARK KENNETH SANCHEZ,SABBATH,750,0,750,new,,paid,completed
2026-05-05,12:00:00,Gladys Dionne,COMBINATION,VIA JOY SANCHEZ,SABBATH,750,0,750,new,,paid,completed
2026-05-05,12:00:00,Tita Fernandez,MANIGEL ORLY,EVANGELINE CANONIGO,LE NAILS,600,600,0,new,,paid,completed
2026-05-05,12:00:00,Tita Fernandez,PEDICURE,EVANGELINE CANONIGO,LE NAILS,200,200,0,new,,paid,completed
2026-05-05,12:00:00,Tita Fernandez,POLISH,EVANGELINE CANONIGO,LE NAILS,50,50,0,new,,paid,completed
2026-05-05,12:00:00,Christian Bryan Mendoza,COMBINATION,MARK KENNETH SANCHEZ,SABBATH,750,0,750,new,,paid,completed
2026-05-05,12:00:00,Christian Bryan Mendoza,ADDITIONAL 30 MINS,MARK KENNETH SANCHEZ,SABBATH,300,0,300,new,,paid,completed
2026-05-05,12:00:00,Aaron Tan,COMBINATION,VIA JOY SANCHEZ,SABBATH,750,0,750,new,,paid,completed
2026-05-05,12:00:00,Johanna Valerio,COMBINATION,ASHLEY JANE GARCIA,SABBATH,750,0,750,new,,paid,completed
2026-05-05,12:00:00,Airiz Dela Cruz,COMBINATION W/ HOT STONE,DIVINE,SABBATH,1250,0,1250,new,,paid,completed
2026-05-05,12:00:00,Kelin Ferdie Oquendo,COMBINATION W/ HOT STONE,LAARNI CAPARAS,SABBATH,1250,0,1250,new,,paid,completed
2026-05-05,12:00:00,Stephanie Malig,SWEDISH,ASHLEY JANE GARCIA,SABBATH,600,0,600,new,,paid,completed
2026-05-05,12:00:00,Christian Malig,SWEDISH,VIA JOY SANCHEZ,SABBATH,600,0,600,new,,paid,completed
2026-05-05,12:00:00,Trisha Fernandez,"SABBATH SIGNATURE FOOT, HEAD, NECK & SHOULDER",DIVINE,SABBATH,750,750,0,new,,paid,completed
2026-05-05,12:00:00,Gabbie Fernandez,"SABBATH SIGNATURE FOOT, HEAD, NECK & SHOULDER",LAARNI CAPARAS,SABBATH,750,750,0,new,,paid,completed
2026-05-05,12:00:00,Patrick Pascual,COMBINATION,DIVINE,SABBATH,750,0,750,new,,paid,completed
2026-05-06,12:00:00,jam Olata,COMBINATION,JANINE KIMBERLY GARCIA,SABBATH,750,0,750,new,,paid,completed
2026-05-06,12:00:00,Stanley Olata,COMBINATION,VIA JOY SANCHEZ,SABBATH,750,0,750,new,,paid,completed
2026-05-06,12:00:00,Janin Tiongson,SWEDISH,LAARNI CAPARAS,SABBATH,600,0,600,new,,paid,completed
2026-05-06,12:00:00,Aboy,SWEDISH,DIVINE,SABBATH,600,600,0,new,,paid,completed
2026-05-06,12:00:00,John Villanueva,SWEDISH,LEAH PEDROSA,SABBATH,600,0,600,new,,paid,completed
2026-05-06,12:00:00,john Villanueva,ADDITIONAL 30 MINS,LEAH PEDROSA,SABBATH,300,0,300,new,,paid,completed
2026-05-06,12:00:00,Ochie Villanueva,SWEDISH,JESTINE TANELON,SABBATH,600,0,600,new,,paid,completed
2026-05-06,12:00:00,Ochie Villanueva,ADDITIONAL 30 MINS,JESTINE TANELON,SABBATH,0,0,0,new,,paid,completed
2026-05-06,12:00:00,Gia Marie Fernandez,FOOT MASSAGE,,SABBATH,350,350,0,new,,paid,completed
2026-05-06,12:00:00,Gia Marie Fernandez,PACKAGE A,EVANGELINE CANONIGO,LE NAILS,600,600,0,new,,paid,completed
2026-05-06,12:00:00,Erick Fernandez,PACKAGE A,JANINE KIMBERLY GARCIA,SABBATH,600,600,0,new,,paid,completed
2026-05-06,12:00:00,Erick Fernandez,FOOT MASSAGE,JENIFFER ANN MANUEL,LE NAILS,350,350,0,new,,paid,completed
2026-05-06,12:00:00,Mikee Garcia,COMBINATION,VIA JOY SANCHEZ,SABBATH,750,0,750,new,,paid,completed
2026-05-06,12:00:00,John Ray Verdon,SWEDISH,LAARNI CAPARAS,SABBATH,600,0,600,new,,paid,completed
2026-05-06,12:00:00,Em Gonzales,SOFT GEL NAIL EXTENSION,EVANGELINE CANONIGO,LE NAILS,800,0,800,new,,paid,completed
2026-05-06,12:00:00,Em Gonzales,SOFT GEL REMOVER,EVANGELINE CANONIGO,LE NAILS,300,0,300,new,,paid,completed
2026-05-06,12:00:00,Em Gonzales,POLISH,EVANGELINE CANONIGO,LE NAILS,50,0,50,new,,paid,completed
2026-05-06,12:00:00,Em Gonzales,POLISH,EVANGELINE CANONIGO,LE NAILS,50,0,50,new,,paid,completed
2026-05-06,12:00:00,Anne Verdon,FOOT SPA,JENIFFER ANN MANUEL,LE NAILS,350,0,350,new,,paid,completed
2026-05-06,12:00:00,Anne Verdon,FOOT MASSAGE,JENIFFER ANN MANUEL,LE NAILS,350,0,350,new,,paid,completed
2026-05-06,12:00:00,Anne Verdon,PEDICURE,JENIFFER ANN MANUEL,LE NAILS,200,0,200,new,,paid,completed
2026-05-06,12:00:00,Anne Verdon,POLISH,JENIFFER ANN MANUEL,LE NAILS,50,0,50,new,,paid,completed
2026-05-06,12:00:00,Jerome Dela Cruz,COMBINATION,LEAH PEDROSA,SABBATH,750,0,750,new,,paid,completed
2026-05-06,12:00:00,Eric Medina,COMBINATION,JESTINE TANELON,SABBATH,750,0,750,new,,paid,completed
2026-05-06,12:00:00,Paula cruz,COMBINATION,VIA JOY SANCHEZ,SABBATH,750,0,750,new,,paid,completed
2026-05-06,12:00:00,Paula Cruz,ADDITIONAL 30 MINS,VIA JOY SANCHEZ,SABBATH,300,0,300,new,,paid,completed
2026-05-06,12:00:00,Janice Zaguirre,COMBINATION,LAARNI CAPARAS,SABBATH,750,0,750,new,,paid,completed
2026-05-06,12:00:00,Janice Zaguirre,ADDITIONAL 30 MINS,LAARNI CAPARAS,SABBATH,300,0,300,new,,paid,completed
2026-05-07,12:00:00,Henry Ching,COMBINATION,DIVINE,SABBATH,750,0,750,new,,paid,completed
2026-05-07,12:00:00,Ivy Ching,COMBINATION,ASHLEY JANE GARCIA,SABBATH,750,0,750,new,,paid,completed
2026-05-07,12:00:00,Nikki Imasaki,COMBINATION,JANINE KIMBERLY GARCIA,SABBATH,750,0,750,new,,paid,completed
2026-05-07,12:00:00,Nikki Imasaki,SABBATH FOOT REFLEX,JANINE KIMBERLY GARCIA,SABBATH,600,0,600,new,,paid,completed
2026-05-07,12:00:00,Lesley Pijante,COMBINATION W/ HOT STONE,ASHLEY JANE GARCIA,SABBATH,1250,0,1250,new,,paid,completed
2026-05-07,12:00:00,Dominique Guison,COMBINATION,LEAH PEDROSA,SABBATH,750,0,750,new,,paid,completed
2026-05-07,12:00:00,Hazel Caparas,TRADITIONAL HILOT WITH VENTOSA,JANINE KIMBERLY GARCIA,SABBATH,1500,1200,300,new,Vip,paid,completed
2026-05-07,12:00:00,Christel Pangan,SHIATSU,MARK KENNETH SANCHEZ,SABBATH,600,600,0,new,Platinum,paid,completed
2026-05-07,12:00:00,Florence Perez,COMBINATION W/ HOT STONE,VIA JOY SANCHEZ,SABBATH,1250,0,1250,new,,paid,completed
2026-05-07,12:00:00,Alvin Perez,COMBINATION W/ HOT STONE,DIVINE,SABBATH,1250,0,1250,new,,paid,completed
2026-05-07,12:00:00,Cess,PEDICURE,JENIFFER ANN MANUEL,LE NAILS,200,0,200,new,,paid,completed
2026-05-07,12:00:00,Cess,POLISH,JENIFFER ANN MANUEL,LE NAILS,50,0,50,new,,paid,completed
2026-05-08,12:00:00,Krystal Angeles,COMBINATION,LAARNI CAPARAS,SABBATH,750,0,750,new,,paid,completed
2026-05-08,12:00:00,Krystal Angeles,ADDITIONAL 30 MINS,LAARNI CAPARAS,SABBATH,300,0,300,new,,paid,completed
2026-05-08,12:00:00,Chino Angeles,COMBINATION,JESTINE TANELON,SABBATH,750,0,750,new,,paid,completed
2026-05-08,12:00:00,Chino Angeles,ADDITIONAL 30 MINS,JESTINE TANELON,SABBATH,300,0,300,new,,paid,completed
2026-05-08,12:00:00,Gia Janella Guevarra,COMBINATION,VIA JOY SANCHEZ,SABBATH,750,0,750,new,,paid,completed
2026-05-08,12:00:00,Gia Janella Guevarra,ADDITIONAL 30 MINS,VIA JOY SANCHEZ,SABBATH,300,0,300,new,,paid,completed
2026-05-08,12:00:00,Jan Guevarra,COMBINATION,DIVINE,SABBATH,750,0,750,new,,paid,completed
2026-05-08,12:00:00,Jan Guevarra,ADDITIONAL 30 MINS,DIVINE,SABBATH,300,0,300,new,,paid,completed
2026-05-08,12:00:00,Charity Joy Pacunawa,AROMATHERAPY OIL WITH HERBAL BALL,,SABBATH,1000,0,1000,new,,paid,completed
2026-05-08,12:00:00,Kim Mariano,TRADITIONAL HILOT WITH VENTOSA,JANINE KIMBERLY GARCIA,SABBATH,1500,0,1500,new,,paid,completed
2026-05-08,12:00:00,Lady Mariano,COMBINATION W/ HOT STONE,ASHLEY JANE GARCIA,SABBATH,1250,0,1250,new,,paid,completed
2026-05-08,12:00:00,Ronalyn Daluz,SWEDISH,LAARNI CAPARAS,SABBATH,600,0,600,new,,paid,completed
2026-05-08,12:00:00,Ronalyn Daluz,ADDITIONAL 30 MINS,LAARNI CAPARAS,SABBATH,300,0,300,new,,paid,completed
2026-05-08,12:00:00,Michael Angelo,SWEDISH,MARK KENNETH SANCHEZ,SABBATH,600,0,600,new,,paid,completed
2026-05-08,12:00:00,Michael Angelo,ADDITIONAL 30 MINS,MARK KENNETH SANCHEZ,SABBATH,300,0,300,new,,paid,completed
2026-05-08,12:00:00,Shira Lulu,COMBINATION,ASHLEY JANE GARCIA,SABBATH,750,0,750,new,,paid,completed
2026-05-08,12:00:00,Adora Yamailawa,COMBINATION,JESTINE TANELON,SABBATH,750,0,750,new,,paid,completed
2026-05-08,12:00:00,Mhick Santiago,SWEDISH,JANINE KIMBERLY GARCIA,SABBATH,600,0,600,new,,paid,completed
2026-05-08,12:00:00,Jaspher Santiago,SWEDISH,JANINE KIMBERLY GARCIA,SABBATH,600,0,600,new,,paid,completed
2026-05-08,12:00:00,Jaspher Santiago,ADDITIONAL 30 MINS,JANINE KIMBERLY GARCIA,SABBATH,300,0,300,new,,paid,completed
2026-05-08,12:00:00,Anthony Camacho,SWEDISH,DIVINE,SABBATH,600,0,600,new,,paid,completed
2026-05-08,12:00:00,Kristine Bernal,POST & PRE NATAL W/ LACTATION,JESTINE TANELON,SABBATH,2000,0,2000,new,,paid,completed
2026-05-08,12:00:00,Maze Gone,SWEDISH,JANINE KIMBERLY GARCIA,SABBATH,600,0,600,new,,paid,completed
2026-05-08,12:00:00,Pastor Erik,SABBATH FOOT REFLEX,LAARNI CAPARAS,SABBATH,600,600,0,new,,paid,completed
2026-05-08,12:00:00,Trish Fernandez,"HEAD, BACK & SHOULDER",JANINE KIMBERLY GARCIA,SABBATH,400,400,0,new,,paid,completed
2026-05-08,12:00:00,Hanna Celso,COMBINATION W/ HOT STONE,ASHLEY JANE GARCIA,SABBATH,1250,1250,0,new,,paid,completed
2026-05-08,12:00:00,Melchor Celso,COMBINATION W/ HOT STONE,MARK KENNETH SANCHEZ,SABBATH,1250,1250,0,new,,paid,completed
2026-05-08,12:00:00,Ada Victor,MANIGEL ORLY,EVANGELINE CANONIGO,LE NAILS,600,0,600,new,,paid,completed
2026-05-08,12:00:00,JD Gumba,PEDICURE,JENIFFER ANN MANUEL,LE NAILS,200,0,200,new,,paid,completed
2026-05-08,12:00:00,Anthony Camacho,FOOT SPA,JENIFFER ANN MANUEL,LE NAILS,350,0,350,new,,paid,completed
2026-05-08,12:00:00,Anthony Camacho,FOOT SPA,JENIFFER ANN MANUEL,LE NAILS,350,0,350,new,,paid,completed
2026-05-08,12:00:00,Anthony Camacho,PEDICURE,JENIFFER ANN MANUEL,LE NAILS,200,0,200,new,,paid,completed
2026-05-08,12:00:00,Anthony Camacho,PEDICURE,JENIFFER ANN MANUEL,LE NAILS,200,0,200,new,,paid,completed
2026-05-08,12:00:00,Gabbi Fernandez,MANICURE,JENIFFER ANN MANUEL,LE NAILS,150,150,0,new,,paid,completed
2026-05-08,12:00:00,Gabbi Fernandez,PEDICURE,JENIFFER ANN MANUEL,LE NAILS,200,200,0,new,,paid,completed
2026-05-08,12:00:00,Gabbi Fernandez,POLISH,JENIFFER ANN MANUEL,LE NAILS,50,50,0,new,,paid,completed
2026-05-09,12:00:00,Francis Sabanal,COMBINATION W/ HOT STONE,ASHLEY JANE GARCIA,SABBATH,1250,0,1250,new,,paid,completed
2026-05-09,12:00:00,Ann Sabanal,TRADITIONAL HILOT WITH VENTOSA,JANINE KIMBERLY GARCIA,SABBATH,1500,0,1500,new,,paid,completed
2026-05-09,12:00:00,Rose Ann Olan,COMBINATION W/ HOT STONE,DIVINE,SABBATH,1250,0,1250,new,,paid,completed
2026-05-09,12:00:00,Annie Ronidel,COMBINATION W/ HOT STONE,LAARNI CAPARAS,SABBATH,1250,0,1250,new,,paid,completed
2026-05-09,12:00:00,Joy Lewis,TRADITIONAL HILOT WITH VENTOSA,JESTINE TANELON,SABBATH,1500,0,1500,new,,paid,completed
2026-05-09,12:00:00,Grace Fernando,COMBINATION W/ HOT STONE,JENIFFER ANN MANUEL,SABBATH,1250,0,1250,new,,paid,completed
2026-05-09,12:00:00,Jane Isobel Dominggo,TRADITIONAL HILOT WITH VENTOSA,JANINE KIMBERLY GARCIA,SABBATH,1500,0,1500,new,,paid,completed
2026-05-09,12:00:00,Emirissa Cruz,COMBINATION,ASHLEY JANE GARCIA,SABBATH,750,0,750,new,,paid,completed
2026-05-09,12:00:00,Sharon Rose Tiongson,SWEDISH,Carmela,SABBATH,600,0,600,new,,paid,completed
2026-05-09,12:00:00,Sharon Rose Tiongson,SABBATH FOOT REFLEX,,SABBATH,600,0,600,new,,paid,completed
2026-05-09,12:00:00,Lordel Flores,SWEDISH,DIVINE,SABBATH,600,0,600,new,,paid,completed
2026-05-09,12:00:00,Lordel Flores,SABBATH FOOT REFLEX,DIVINE,SABBATH,600,0,600,new,,paid,completed
2026-05-09,12:00:00,Reymond Flores,SWEDISH,LAARNI CAPARAS,SABBATH,600,0,600,new,,paid,completed
2026-05-09,12:00:00,Reymond Flores,SABBATH FOOT REFLEX,LAARNI CAPARAS,SABBATH,600,0,600,new,,paid,completed
2026-05-09,12:00:00,Celine Suba,COMBINATION,JESTINE TANELON,SABBATH,750,0,750,new,,paid,completed
2026-05-09,12:00:00,Vicente Baselides,SWEDISH,,SABBATH,600,0,600,new,,paid,completed
2026-05-09,12:00:00,Mavelyn Basilides,SABBATH SIGNATURE,DIVINE,SABBATH,1000,0,1000,new,,paid,completed
2026-05-09,12:00:00,Ma.Lorelle Lucas,SABBATH SIGNATURE,LAARNI CAPARAS,SABBATH,1000,0,1000,new,,paid,completed
2026-05-09,12:00:00,Jestoni Lagamson,SABBATH SIGNATURE,MARK KENNETH SANCHEZ,SABBATH,1000,0,1000,new,,paid,completed
2026-05-09,12:00:00,Susie Tolentino,SWEDISH,JANINE KIMBERLY GARCIA,SABBATH,600,0,600,new,,paid,completed
2026-05-09,12:00:00,Ernie Tolentino,SWEDISH,ASHLEY JANE GARCIA,SABBATH,600,0,600,new,,paid,completed
2026-05-09,12:00:00,Catherine Velasquez,POST & PRE NATAL W/ LACTATION,JESTINE TANELON,SABBATH,2000,0,2000,new,,paid,completed
2026-05-09,12:00:00,John Mark Velasquez,TRADITIONAL HILOT WITH VENTOSA,JENIFFER ANN MANUEL,SABBATH,1500,0,1500,new,,paid,completed
2026-05-09,12:00:00,Justin,SWEDISH,JANINE KIMBERLY GARCIA,SABBATH,600,0,600,new,,paid,completed
2026-05-09,12:00:00,Marence Coronel,SWEDISH,,SABBATH,600,0,600,new,,paid,completed
2026-05-09,12:00:00,Benedict Panganiban,SWEDISH,DIVINE,SABBATH,600,0,600,new,,paid,completed
2026-05-09,12:00:00,Carmelo Jesus Lopez,SWEDISH,MARK KENNETH SANCHEZ,SABBATH,600,0,600,new,,paid,completed
2026-05-09,12:00:00,Josefina Lopez,SWEDISH,ASHLEY JANE GARCIA,SABBATH,600,0,600,new,,paid,completed
2026-05-09,12:00:00,Arra Paraan,BODY SCRUB,JESTINE TANELON,SABBATH,2500,0,2500,new,,paid,completed
2026-05-09,12:00:00,Jasper Horgan,BODY SCRUB,DIVINE,SABBATH,2500,0,2500,new,,paid,completed
2026-05-09,12:00:00,Rosanna Mendoza,SABBATH PACKAGE 1,ASHLEY JANE GARCIA,SABBATH,2000,1000,1000,new,,paid,completed
2026-05-09,12:00:00,Orlando Salvador,SABBATH PACKAGE 1,JANINE KIMBERLY GARCIA,SABBATH,2000,0,2000,new,,paid,completed
2026-05-09,12:00:00,Trish Fernandez,AROMATHERAPY OIL WITH HERBAL BALL,ASHLEY JANE GARCIA,SABBATH,1000,1000,0,new,,paid,completed
2026-05-09,12:00:00,Josh,AROMATHERAPY OIL WITH HERBAL BALL,JANINE KIMBERLY GARCIA,SABBATH,1000,1000,0,new,,paid,completed
2026-05-09,12:00:00,Dixie Faustino,"SABBATH SIGNATURE FOOT, HEAD, NECK & SHOULDER",DIVINE,SABBATH,750,0,750,new,,paid,completed
2026-05-09,12:00:00,DAN ARON SANTIAGO,TRADITIONAL HILOT WITH VENTOSA,MARK KENNETH SANCHEZ,SABBATH,1500,0,1500,new,,paid,completed
2026-05-09,12:00:00,EMILYN FAUSTINO,TRADITIONAL HILOT WITH VENTOSA,JESTINE TANELON,SABBATH,1500,0,1500,new,,paid,completed
2026-05-09,12:00:00,MANYLYN VALMADRID,SWEDISH,,SABBATH,600,0,600,new,,paid,completed
2026-05-09,12:00:00,BOBET VALMADRID,SWEDISH,MARK KENNETH SANCHEZ,SABBATH,600,0,600,new,,paid,completed
2026-05-09,12:00:00,REAL ROQUE,SWEDISH,JESTINE TANELON,SABBATH,600,0,600,new,,paid,completed
2026-05-09,12:00:00,BADETH ROQUE,SWEDISH,,SABBATH,600,0,600,new,,paid,completed
2026-05-09,12:00:00,LORDEL FLORES,FOOT SPA,EVANGELINE CANONIGO,LE NAILS,350,0,350,new,,paid,completed
2026-05-09,12:00:00,LORDEL FLORES,FOOT SPA,EVANGELINE CANONIGO,LE NAILS,350,0,350,new,,paid,completed
2026-05-09,12:00:00,MARINEL AGOT,MANIGEL CUCCIO,EVANGELINE CANONIGO,LE NAILS,450,0,450,new,,paid,completed
2026-05-09,12:00:00,MARINEL AGOT,PEDICURE,EVANGELINE CANONIGO,LE NAILS,200,0,200,new,,paid,completed
2026-05-09,12:00:00,MARINEL AGOT,POLISH,EVANGELINE CANONIGO,LE NAILS,50,0,50,new,,paid,completed
2026-05-09,12:00:00,MARINEL AGOT,FOOT MASSAGE,EVANGELINE CANONIGO,LE NAILS,350,0,350,new,,paid,completed
2026-05-09,12:00:00,MARINEL AGOT,MANICURE,EVANGELINE CANONIGO,LE NAILS,150,0,150,new,,paid,completed
2026-05-09,12:00:00,Rosanna Mendoza,COMBINATION,ASHLEY JANE GARCIA,SABBATH,750,0,750,new,,paid,completed
2026-05-09,12:00:00,Orlando Salvador,COMBINATION,JANINE KIMBERLY GARCIA,SABBATH,750,0,750,new,,paid,completed
2026-05-09,12:00:00,ELLEN ARELLANO,COMBINATION,,SABBATH,750,0,750,new,,paid,completed
2026-05-09,12:00:00,ELLEN ARELLANO,COMBINATION,,SABBATH,750,0,750,new,,paid,completed
2026-05-09,12:00:00,ELLEN ARELLANO,COMBINATION,,SABBATH,750,0,750,new,,paid,completed
2026-05-10,12:00:00,LEER WONG,SWEDISH,LAARNI CAPARAS,SABBATH,600,0,600,new,,paid,completed
2026-05-10,12:00:00,EILEEN WONG,SWEDISH,CARMELA,SABBATH,600,0,600,new,,paid,completed
2026-05-10,12:00:00,LEONY GATCHALIAN,SWEDISH,ASHLEY JANE GARCIA,SABBATH,600,0,600,new,,paid,completed
2026-05-10,12:00:00,KAILA HERNANDEZ,COMBINATION,DIVINE,SABBATH,750,0,750,new,,paid,completed
2026-05-10,12:00:00,CRISTINA HERNANDEZ,COMBINATION,JANINE KIMBERLY GARCIA,SABBATH,750,0,750,new,,paid,completed
2026-05-10,12:00:00,JENNIFER CASTRO,COMBINATION,JESTINE TANELON,SABBATH,750,0,750,new,,paid,completed
2026-05-10,12:00:00,GIAN CARLO TOLENTINO,COMBINATION,MARK KENNETH SANCHEZ,SABBATH,750,0,750,new,,paid,completed
2026-05-10,12:00:00,ABIGAIL MACLANG,SWEDISH,LAARNI CAPARAS,SABBATH,600,600,0,new,,paid,completed
2026-05-10,12:00:00,ROSE MACLANG,SWEDISH,CARMELA,SABBATH,600,600,0,new,,paid,completed
2026-05-10,12:00:00,JOHN ALVIN MACLANG,SWEDISH,MARK KENNETH SANCHEZ,SABBATH,600,600,0,new,,paid,completed
2026-05-10,12:00:00,GILBERT UY,COMBINATION,ASHLEY JANE GARCIA,SABBATH,750,0,750,new,,paid,completed
2026-05-10,12:00:00,IMEE UY,COMBINATION,DIVINE,SABBATH,750,0,750,new,,paid,completed
2026-05-10,12:00:00,GLADYS ANN CHAVEZ,COMBINATION,JANINE KIMBERLY GARCIA,SABBATH,750,0,750,new,,paid,completed
2026-05-10,12:00:00,FREDERICK GUZMAN,COMBINATION,JESTINE TANELON,SABBATH,750,0,750,new,,paid,completed
2026-05-10,12:00:00,RUFINA CHAVEZ,COMBINATION,JENIFFER ANN MANUEL,SABBATH,750,150,600,new,,paid,completed
2026-05-10,12:00:00,NOEMITA HERMOGENO,COMBINATION,LAARNI CAPARAS,SABBATH,750,0,750,new,,paid,completed
2026-05-10,12:00:00,NOEMITA HERMOGENO,ADDITIONAL 30 MINS,LAARNI CAPARAS,SABBATH,300,0,300,new,,paid,completed
2026-05-10,12:00:00,ANGELICA ROLDAN,COMBINATION,CARMELA,SABBATH,750,0,750,new,,paid,completed
2026-05-10,12:00:00,ANGELICA ROLDAN,ADDITIONAL 30 MINS,CARMELA,SABBATH,300,0,300,new,,paid,completed
2026-05-10,12:00:00,CHARMAINE SANCHEZ,COMBINATION,DIVINE,SABBATH,750,0,750,new,,paid,completed
2026-05-10,12:00:00,RED SANCHEZ,COMBINATION,JANINE KIMBERLY GARCIA,SABBATH,750,0,750,new,,paid,completed
2026-05-10,12:00:00,GIZELLE PAYUMO,SABBATH PACKAGE 1,ASHLEY JANE GARCIA,SABBATH,2000,0,2000,new,,paid,completed
2026-05-10,12:00:00,ESMERALDA PAYUMO,SABBATH PACKAGE 1,JANINE KIMBERLY GARCIA,SABBATH,2000,0,2000,new,,paid,completed
2026-05-10,12:00:00,MARIE CASTRO,POST & PRE NATAL W/ LACTATION,JESTINE TANELON,SABBATH,2000,0,2000,new,,paid,completed
2026-05-10,12:00:00,ANN ESPIRITU,POST & PRE NATAL W/ LACTATION,ASHLEY JANE GARCIA,SABBATH,2000,0,2000,new,,paid,completed
2026-05-10,12:00:00,MARIE ERMIRA DIAZ,POST & PRE NATAL W/ LACTATION,JESTINE TANELON,SABBATH,2000,0,2000,new,,paid,completed
2026-05-10,12:00:00,RANDY AMBITO,SWEDISH,MARK KENNETH SANCHEZ,SABBATH,600,0,600,new,,paid,completed
2026-05-10,12:00:00,LILIBETH AMBITO,SWEDISH,LAARNI CAPARAS,SABBATH,600,0,600,new,,paid,completed
2026-05-10,12:00:00,LEONIDA MANUMBAS,COMBINATION,CARMELA,SABBATH,750,0,750,new,,paid,completed
2026-05-10,12:00:00,ANNALYN SERRANO,COMBINATION,DIVINE,SABBATH,750,0,750,new,,paid,completed
2026-05-10,12:00:00,JOY GRAGERA,COMBINATION,JENIFFER ANN MANUEL,SABBATH,750,0,750,new,,paid,completed
2026-05-10,12:00:00,REYMAR CANADA,SWEDISH,MARK KENNETH SANCHEZ,SABBATH,600,0,600,new,,paid,completed
2026-05-10,12:00:00,KRIZELLE CANADA,SWEDISH,LAARNI CAPARAS,SABBATH,600,120,480,new,,paid,completed
2026-05-10,12:00:00,ERONFEL CRUZ,SWEDISH,ASHLEY JANE GARCIA,SABBATH,600,0,600,new,,paid,completed
2026-05-10,12:00:00,EILEEN CRUZ,SWEDISH,JANINE KIMBERLY GARCIA,SABBATH,600,0,600,new,,paid,completed
2026-05-10,12:00:00,OFILIA CRUZ,SWEDISH,JESTINE TANELON,SABBATH,600,0,600,new,,paid,completed
2026-05-10,12:00:00,BRYAN JACABAN,COMBINATION,CARMELA,SABBATH,750,0,750,new,,paid,completed
2026-05-10,12:00:00,NENITA JACABAN,COMBINATION,DIVINE,SABBATH,750,0,750,new,,paid,completed
2026-05-10,12:00:00,OLYMPIA DE GUIA,SWEDISH,JENIFFER ANN MANUEL,SABBATH,600,120,480,new,,paid,completed
2026-05-10,12:00:00,DENDEN TEODORO-ELAPE,SABBATH PACKAGE 1 w/ comb,MARK KENNETH SANCHEZ,SABBATH,2150,999.97,1150.03,new,,paid,completed
2026-05-10,12:00:00,ARCELITO ELAPE,SABBATH PACKAGE 1 w/ comb,JANINE KIMBERLY GARCIA,SABBATH,2150,0,2150,new,,paid,completed
2026-05-10,12:00:00,RED TAMAYO,SWEDISH,MARK KENNETH SANCHEZ,SABBATH,600,0,600,new,,paid,completed
2026-05-10,12:00:00,MA. BENERANDA TAMAYO,SWEDISH,LAARNI CAPARAS,SABBATH,600,0,600,new,,paid,completed
2026-05-10,12:00:00,FELIMON TAMAYO,SWEDISH,JENIFFER ANN MANUEL,SABBATH,600,120,480,new,,paid,completed
2026-05-10,12:00:00,MHEL DELA PAZ,TRADITIONAL HILOT WITH VENTOSA,ASHLEY JANE GARCIA,SABBATH,1500,0,1500,new,,paid,completed
2026-05-10,12:00:00,ROSE MENDOZA,TRADITIONAL HILOT WITH VENTOSA,JESTINE TANELON,SABBATH,1500,300,1200,new,,paid,completed
2026-05-10,12:00:00,ALLYSA MAE PARAGAS,TRADITIONAL HILOT WITH VENTOSA,JANINE KIMBERLY GARCIA,SABBATH,1500,0,1500,new,,paid,completed
2026-05-10,12:00:00,CHA CUENTO,COMBINATION,CARMELA,SABBATH,750,0,750,new,,paid,completed
2026-05-10,12:00:00,JEFFREY CUENTO,COMBINATION,DIVINE,SABBATH,750,0,750,new,,paid,completed
2026-05-10,12:00:00,ESTHER SANTOS,COMBINATION,LAARNI CAPARAS,SABBATH,750,0,750,new,,paid,completed
2026-05-10,12:00:00,JAY MARK SANTOS,COMBINATION,JENIFFER ANN MANUEL,SABBATH,750,0,750,new,,paid,completed
2026-05-10,12:00:00,JONI PAN,TRADITIONAL HILOT WITH VENTOSA,ASHLEY JANE GARCIA,SABBATH,1500,0,1500,new,,paid,completed
2026-05-10,12:00:00,RHIS PAN,TRADITIONAL HILOT WITH VENTOSA,JESTINE TANELON,SABBATH,1500,0,1500,new,,paid,completed
2026-05-10,12:00:00,MJ SALON,COMBINATION W/ HOT STONE,DIVINE,SABBATH,1250,0,1250,new,,paid,completed
2026-05-10,12:00:00,JM,COMBINATION W/ HOT STONE,CARMELA,SABBATH,1250,0,1250,new,,paid,completed
2026-05-10,12:00:00,GUALBERTO MAGDARAOG,COMBINATION,MARK KENNETH SANCHEZ,SABBATH,750,0,750,new,,paid,completed
2026-05-10,12:00:00,LAU MAGDARAOG,COMBINATION,LAARNI CAPARAS,SABBATH,750,0,750,new,,paid,completed
2026-05-10,12:00:00,ALDRIN RAMOS,COMBINATION,JESTINE TANELON,SABBATH,750,0,750,new,,paid,completed
2026-05-10,12:00:00,FAYE RAMOS,COMBINATION,ASHLEY JANE GARCIA,SABBATH,750,0,750,new,,paid,completed
2026-05-10,12:00:00,MARIE CASTRO,PACKAGE A,EVANGELINE CANONIGO,LE NAILS,600,0,600,new,,paid,completed
2026-05-10,12:00:00,NOM DE LEON,PACKAGE D,EVANGELINE CANONIGO,LE NAILS,0,0,0,new,,paid,completed
2026-05-10,12:00:00,MARIE DIAZ,PEDICURE,EVANGELINE CANONIGO,LE NAILS,200,0,200,new,,paid,completed
2026-05-10,12:00:00,MARIE DIAZ,POLISH,EVANGELINE CANONIGO,LE NAILS,50,0,50,new,,paid,completed
2026-05-10,12:00:00,TENY BAUTISTA,PACKAGE A,EVANGELINE CANONIGO,LE NAILS,600,0,600,new,,paid,completed
2026-05-10,12:00:00,TENY BAUTISTA,PACKAGE A,EVANGELINE CANONIGO,LE NAILS,600,0,600,new,,paid,completed
2026-05-11,12:00:00,RHODA OSINA,SWEDISH,DIVINE,SABBATH,600,120,480,new,,paid,completed
2026-05-11,12:00:00,NOEMI BORJA,SWEDISH,CARMELA,SABBATH,600,120,480,new,,paid,completed
2026-05-11,12:00:00,EUGINIA JOVEN,SWEDISH,LAARNI CAPARAS,SABBATH,600,0,600,new,,paid,completed
2026-05-11,12:00:00,THESS ESTRELLA,BODY SCRUB W/ MASSAGE,JANINE KIMBERLY GARCIA,SABBATH,3000,0,3000,new,,paid,completed
2026-05-11,12:00:00,MARY GRACE CLEMENTE,SWEDISH,JESTINE TANELON,SABBATH,600,0,600,new,,paid,completed
2026-05-11,12:00:00,EVANGELINE MIRANDA,SWEDISH,ASHLEY JANE GARCIA,SABBATH,600,0,600,new,,paid,completed
2026-05-11,12:00:00,SHERWIN BORDADO,COMBINATION,MARK KENNETH SANCHEZ,SABBATH,750,0,750,new,,paid,completed
2026-05-11,12:00:00,ELYU PAMATIAN,COMBINATION,VIA JOY SANCHEZ,SABBATH,750,0,750,new,,paid,completed
2026-05-11,12:00:00,ED VELASCO,COMBINATION W/ HOT STONE,DIVINE,SABBATH,1250,0,1250,new,,paid,completed
2026-05-11,12:00:00,EVA VELASCO,COMBINATION W/ HOT STONE,ASHLEY JANE GARCIA,SABBATH,1250,0,1250,new,,paid,completed
2026-05-11,12:00:00,DREY VELASCO,AROMATHERAPY OIL WITH HERBAL BALL,JESTINE TANELON,SABBATH,1000,0,1000,new,,paid,completed
2026-05-11,12:00:00,ESTEE CARPIO,COMBINATION W/ HOT STONE,ASHLEY JANE GARCIA,SABBATH,1250,0,1250,new,,paid,completed
2026-05-11,12:00:00,ESTEE CARPIO,ADDITIONAL 30 MINS,ASHLEY JANE GARCIA,,0,0,0,new,,paid,completed
2026-05-11,12:00:00,SAB CARPIO,COMBINATION W/ HOT STONE,DIVINE,SABBATH,1250,0,1250,new,,paid,completed
2026-05-11,12:00:00,SAB CARPIO,ADDITIONAL 30 MINS,DIVINE,,0,0,0,new,,paid,completed
2026-05-11,12:00:00,DIANE PAHATI,COMBINATION W/ HOT STONE,JESTINE TANELON,SABBATH,1250,0,1250,new,,paid,completed
2026-05-11,12:00:00,DIANE PAHATI,ADDITIONAL 30 MINS,JESTINE TANELON,,0,0,0,new,,paid,completed
2026-05-11,12:00:00,EMILIANA MARCELINO,COMBINATION,CARMELA,SABBATH,750,0,750,new,,paid,completed
2026-05-11,12:00:00,GENE GARCIA,SABBATH SIGNATURE,VIA JOY SANCHEZ,SABBATH,1000,0,1000,new,,paid,completed
2026-05-11,12:00:00,GIAN GARCIA,COMBINATION,LAARNI CAPARAS,SABBATH,750,0,750,new,,paid,completed
2026-05-11,12:00:00,GIAN GARCIA,ADDITIONAL 30 MINS,LAARNI CAPARAS,,300,0,300,new,,paid,completed
2026-05-11,12:00:00,HALSTON SANTOS,PEDICURE,JENIFFER ANN MANUEL,LE NAILS,200,0,200,new,,paid,completed
2026-05-11,12:00:00,MARY GRACE CLEMENTE,HAND PARAFFIN,JENIFFER ANN MANUEL,LE NAILS,400,0,400,new,,paid,completed
2026-05-11,12:00:00,KAREN,PACKAGE A,JENIFFER ANN MANUEL,LE NAILS,600,0,600,new,,paid,completed
2026-05-11,12:00:00,KAREN,POLISH,JENIFFER ANN MANUEL,,50,0,50,new,,paid,completed
2026-05-11,12:00:00,KAREN,POLISH,JENIFFER ANN MANUEL,,50,0,50,new,,paid,completed
2026-05-11,12:00:00,CHESTER,PEDICURE,JENIFFER ANN MANUEL,LE NAILS,200,0,200,new,,paid,completed
2026-05-11,12:00:00,CHESTER,MANICURE,JENIFFER ANN MANUEL,,150,0,150,new,,paid,completed
2026-05-11,12:00:00,DIANE PAHATI,PACKAGE A,,LE NAILS,600,0,600,new,,paid,completed
2026-05-11,12:00:00,DIANE PAHATI,PACKAGE A,,LE NAILS,600,0,600,new,,paid,completed
2026-05-11,12:00:00,DIANE PAHATI,PACKAGE A,,LE NAILS,600,0,600,new,,paid,completed
2026-05-11,12:00:00,DIANE PAHATI,POLISH,,LE NAILS,50,0,50,new,,paid,completed
2026-05-11,12:00:00,DIANE PAHATI,POLISH,,LE NAILS,50,0,50,new,,paid,completed
2026-05-11,12:00:00,DIANE PAHATI,PEDICURE,,LE NAILS,200,0,200,new,,paid,completed
2026-05-11,12:00:00,DIANE PAHATI,POLISH,,LE NAILS,50,0,50,new,,paid,completed
2026-05-12,12:00:00,ROSELYN ARLOS,SABBATH PACKAGE 1 W/ ventosa,VIA JOY SANCHEZ,SABBATH,3000,0,3000,new,,paid,completed
2026-05-12,12:00:00,JOHN ARLOS,SABBATH PACKAGE 1 W/ ventosa,JESTINE TANELON,SABBATH,3000,0,3000,new,,paid,completed
2026-05-12,12:00:00,DR. FELIPE,AROMATHERAPY OIL WITH HERBAL BALL,DIVINE,SABBATH,1000,0,1000,new,,paid,completed
2026-05-12,12:00:00,JENY MANLAPAS,COMBINATION,CARMELA,SABBATH,750,0,750,new,,paid,completed
2026-05-12,12:00:00,SHERYL DELA CRUZ,PACKAGE B,EVANGELINE CANONIGO,LE NAILS,950,0,950,new,,paid,completed
2026-05-12,12:00:00,ROSELYN ARLOS,PACKAGE F,EVANGELINE CANONIGO,LE NAILS,1250,0,1250,new,,paid,completed
2026-05-12,12:00:00,JOHN ARLOS,PACKAGE A,EVANGELINE CANONIGO,LE NAILS,600,0,600,new,,paid,completed
2026-05-12,12:00:00,Bon tacorda,COMBINATION,LAARNI CAPARAS,SABBATH,750,0,750,new,,paid,completed
2026-05-12,12:00:00,Bon tacorda,ADDITIONAL 30 MINS,LAARNI CAPARAS,SABBATH,300,0,300,new,,paid,completed
2026-05-12,12:00:00,John Paul Tenorio,SWEDISH,VIA JOY SANCHEZ,SABBATH,600,0,600,new,,paid,completed
2026-05-12,12:00:00,Edshayne Gone,SWEDISH,LAARNI CAPARAS,SABBATH,600,0,600,new,,paid,completed
2026-05-12,12:00:00,Christel Pangan,SWEDISH,CARMELA,SABBATH,600,600,0,new,Platinum,paid,completed
2026-05-12,12:00:00,Kristel Aves,SABBATH SIGNATURE,DIVINE,SABBATH,1000,0,1000,new,,paid,completed
2026-05-12,12:00:00,Pearl Aves,SWEDISH,LAARNI CAPARAS,SABBATH,600,0,600,new,,paid,completed
2026-05-12,12:00:00,Pastor Eric,SABBATH FOOT REFLEX,JESTINE TANELON,SABBATH,600,0,600,new,,paid,completed
2026-05-13,12:00:00,Janice Tiongson,COMBINATION,LAARNI CAPARAS,SABBATH,750,0,750,new,,paid,completed
2026-05-13,12:00:00,Avoo Cbrera,COMBINATION W/ HOT STONE,MARK KENNETH SANCHEZ,SABBATH,1250,0,1250,new,,paid,completed
2026-05-13,12:00:00,Anna Marquez,COMBINATION W/ HOT STONE,VIA JOY SANCHEZ,SABBATH,1250,0,1250,new,,paid,completed
2026-05-13,12:00:00,Sharmie Gapus,COMBINATION,JANINE KIMBERLY GARCIA,SABBATH,750,0,750,new,,paid,completed
2026-05-13,12:00:00,Sharmie Gapus,ADDITIONAL 30 MINS,JANINE KIMBERLY GARCIA,SABBATH,300,0,300,new,,paid,completed
2026-05-13,12:00:00,Rai De Guzman,COMBINATION,ASHLEY JANE GARCIA,SABBATH,750,0,750,new,,paid,completed
2026-05-13,12:00:00,Rai De Guzman,ADDITIONAL 30 MINS,ASHLEY JANE GARCIA,SABBATH,300,0,300,new,,paid,completed
2026-05-13,12:00:00,Joseph Sayo,AROMATHERAPY OIL WITH HERBAL BALL,VIA JOY SANCHEZ,SABBATH,1000,0,1000,new,,paid,completed
2026-05-13,12:00:00,Treah Sayo,COMBINATION W/ HOT STONE,LAARNI CAPARAS,SABBATH,1250,0,1250,new,,paid,completed
2026-05-13,12:00:00,Rowena Ogalesco,SABBATH PACKAGE 1,JANINE KIMBERLY GARCIA,SABBATH,2000,0,2000,new,,paid,completed
2026-05-13,12:00:00,Mayra Diegor,SABBATH PACKAGE 1,ASHLEY JANE GARCIA,SABBATH,2000,0,2000,new,,paid,completed
2026-05-13,12:00:00,Cel Tayao,SWEDISH,ASHLEY JANE GARCIA,SABBATH,600,600,0,new,Vip,paid,completed
2026-05-13,12:00:00,Patrick Poteniaco,SWEDISH,JANINE KIMBERLY GARCIA,SABBATH,600,0,600,new,,paid,completed
2026-05-13,12:00:00,myra DIEGOR,PACKAGE B,EVANGELINE CANONIGO,LE NAILS,950,0,950,new,,paid,completed
2026-05-13,12:00:00,Rowena Ogalesco,PACKAGE C,EVANGELINE CANONIGO,LE NAILS,700,0,700,new,,paid,completed
2026-05-13,12:00:00,Rowena Ogalesco,POLISH,EVANGELINE CANONIGO,LE NAILS,50,0,50,new,,paid,completed
2026-05-13,12:00:00,charmaine sanchez,PEDIGEL CUCCIO,JENIFFER ANN MANUEL,LE NAILS,550,0,550,new,,paid,completed
2026-05-13,12:00:00,ANNA MARQUEZ,PEDICURE,EVANGELINE CANONIGO,LE NAILS,200,0,200,new,,paid,completed
2026-05-13,12:00:00,ANNA MARQUEZ,FOOT SPA,EVANGELINE CANONIGO,,350,0,350,new,,paid,completed
2026-05-13,12:00:00,ANNA MARQUEZ,PEDICURE,EVANGELINE CANONIGO,,200,0,200,new,,paid,completed
2026-05-13,12:00:00,DIANA BAYLON,MANIGEL CUCCIO,EVANGELINE CANONIGO,LE NAILS,450,0,450,new,,paid,completed
2026-05-13,12:00:00,DIANA BAYLON,NAIL GEL REMOVAL,EVANGELINE CANONIGO,,150,0,150,new,,paid,completed
2026-05-13,12:00:00,SHarmie Gapus,MANIGEL CUCCIO,JENIFFER ANN MANUEL,LE NAILS,450,0,450,new,,paid,completed
2026-05-13,12:00:00,ian fernandez,PACKAGE A,EVANGELINE CANONIGO,LE NAILS,600,600,0,new,,paid,completed
2026-05-14,12:00:00,Pablo Destreza,COMBINATION W/ HOT STONE,ASHLEY JANE GARCIA,,1250,0,1250,new,,paid,completed
2026-05-14,12:00:00,Zenaida Destreza,COMBINATION W/ HOT STONE,JANINE KIMBERLY GARCIA,,1250,0,1250,new,,paid,completed
2026-05-14,12:00:00,Kristine gayle Destreza,COMBINATION W/ HOT STONE,DIVINE,,1250,0,1250,new,,paid,completed
2026-05-14,12:00:00,Jomari Ramos,SABBATH SIGNATURE,MARK KENNETH SANCHEZ,,1000,1000,0,new,,paid,completed
2026-05-14,12:00:00,Gillean Ramos,POST & PRE NATAL W/ LACTATION,JESTINE TANELON,,2000,1000,1000,new,,paid,completed
2026-05-14,12:00:00,Tita Fernandez,SWEDISH,JESTINE TANELON,,600,240,360,new,,paid,completed
2026-05-14,12:00:00,Tita Fernandez,SWEDISH,CARMELA,,600,240,360,new,,paid,completed
2026-05-14,12:00:00,Monica Delos Santos,SWEDISH,ASHLEY JANE GARCIA,,600,0,600,new,,paid,completed
2026-05-14,12:00:00,Ralph De Lazo,SABBATH SIGNATURE,CARMELA,,1000,0,1000,new,,paid,completed
2026-05-14,12:00:00,Lady Damer Ortega,COMBINATION,JANINE KIMBERLY GARCIA,,750,0,750,new,,paid,completed
2026-05-14,12:00:00,Lady Damer Ortega,ADDITIONAL 30 MINS,JANINE KIMBERLY GARCIA,,300,0,300,new,,paid,completed
2026-05-14,12:00:00,Noril Aquino,SWEDISH,JESTINE TANELON,,600,0,600,new,,paid,completed
2026-05-14,12:00:00,Dona Tomas,SWEDISH,CARMELA,,600,0,600,new,,paid,completed
2026-05-14,12:00:00,Dan Aquino,COMBINATION,MARK KENNETH SANCHEZ,,750,0,750,new,,paid,completed
2026-05-14,12:00:00,Mary Ann Aquino,SABBATH SIGNATURE,DIVINE,,1000,0,1000,new,,paid,completed
2026-05-14,12:00:00,Ara Grace Solana,SWEDISH,ASHLEY JANE GARCIA,,600,0,600,new,,paid,completed
2026-05-14,12:00:00,Corren Cortez,SWEDISH,JANINE KIMBERLY GARCIA,,600,0,600,new,,paid,completed
2026-05-14,12:00:00,Deanna Roque,AROMATHERAPY OIL WITH HERBAL BALL,JESTINE TANELON,,1000,0,1000,new,,paid,completed
2026-05-14,12:00:00,Marifel Cruz,AROMATHERAPY OIL WITH HERBAL BALL,ASHLEY JANE GARCIA,,1000,0,1000,new,,paid,completed
2026-05-14,12:00:00,Warly Batac,COMBINATION,MARK KENNETH SANCHEZ,,750,0,750,new,,paid,completed
2026-05-14,12:00:00,Ena,SWEDISH,DIVINE,,600,0,600,new,,paid,completed
2026-05-14,12:00:00,Chiko,SWEDISH,JESTINE TANELON,,0,0,0,new,,paid,completed
2026-05-14,12:00:00,tita fernandez,MANICURE,EVANGELINE CANONIGO,LE NAILS,150,60,90,new,,paid,completed
2026-05-14,12:00:00,ada,NAIL ART,EVANGELINE CANONIGO,LE NAILS,300,0,300,new,,paid,completed
2026-05-15,12:00:00,Veronica Romero,SABBATH FOOT REFLEX,LAARNI CAPARAS,SABBATH,600,600,0,new,,paid,completed
2026-05-15,12:00:00,Marivic Leonardo,SABBATH FOOT REFLEX,VIA JOY SANCHEZ,SABBATH,600,600,0,new,,paid,completed
2026-05-15,12:00:00,Olivia Villacorta,SABBATH FOOT REFLEX,CARMELA,SABBATH,600,600,0,new,,paid,completed
2026-05-15,12:00:00,Dyann Ignacio,COMBINATION,JANINE KIMBERLY GARCIA,SABBATH,750,0,750,new,,paid,completed
2026-05-15,12:00:00,Dyann Ignacio,ADDITIONAL 30 MINS,JANINE KIMBERLY GARCIA,SABBATH,300,0,300,new,,paid,completed
2026-05-15,12:00:00,Jhun Santiago,SABBATH SIGNATURE,LAARNI CAPARAS,SABBATH,1000,0,1000,new,,paid,completed
2026-05-15,12:00:00,Joyce santiago,SABBATH SIGNATURE,DIVINE,SABBATH,1000,0,1000,new,,paid,completed
2026-05-15,12:00:00,Maybelyn Cruz,COMBINATION,VIA JOY SANCHEZ,SABBATH,750,0,750,new,,paid,completed
2026-05-15,12:00:00,Maybelyn Cruz,ADDITIONAL 30 MINS,VIA JOY SANCHEZ,SABBATH,300,0,300,new,,paid,completed
2026-05-15,12:00:00,Ashley Rivera,COMBINATION,CARMELA,SABBATH,750,0,750,new,,paid,completed
2026-05-15,12:00:00,Ashley Rivera,ADDITIONAL 30 MINS,CARMELA,SABBATH,300,0,300,new,,paid,completed
2026-05-15,12:00:00,Jonathan Cruz,COMBINATION,MARK KENNETH SANCHEZ,SABBATH,750,0,750,new,,paid,completed
2026-05-15,12:00:00,Jonathan Cruz,ADDITIONAL 30 MINS,MARK KENNETH SANCHEZ,SABBATH,300,0,300,new,,paid,completed
2026-05-15,12:00:00,Ma. Riza Enriquez,SWEDISH,JESTINE TANELON,SABBATH,600,0,600,new,,paid,completed
2026-05-15,12:00:00,Alieza San Diego,SABBATH SIGNATURE,JANINE KIMBERLY GARCIA,SABBATH,1000,0,1000,new,,paid,completed
2026-05-15,12:00:00,Angelica De Silva,SABBATH SIGNATURE,DIVINE,SABBATH,1000,0,1000,new,,paid,completed
2026-05-15,12:00:00,Eric Fernandez,"SABBATH SIGNATURE FOOT, HEAD, NECK & SHOULDER",ASHLEY JANE GARCIA,SABBATH,750,750,0,new,,paid,completed
2026-05-15,12:00:00,Patrick san diego,SABBATH SIGNATURE,MARK KENNETH SANCHEZ,SABBATH,1000,0,1000,new,,paid,completed
2026-05-15,12:00:00,Kay Tantingco,COMBINATION,ASHLEY JANE GARCIA,SABBATH,750,0,750,new,,paid,completed
2026-05-15,12:00:00,Kay Tantingco,ADDITIONAL 30 MINS,ASHLEY JANE GARCIA,SABBATH,300,0,300,new,,paid,completed
2026-05-15,12:00:00,Chippy Tantingco,COMBINATION,LAARNI CAPARAS,SABBATH,750,0,750,new,,paid,completed
2026-05-15,12:00:00,Chippy Tantingco,ADDITIONAL 30 MINS,LAARNI CAPARAS,SABBATH,300,0,300,new,,paid,completed
2026-05-15,12:00:00,Ronelon santiago,SABBATH PACKAGE 1,ASHLEY JANE GARCIA,SABBATH,2000,1000,1000,new,,paid,completed
2026-05-15,12:00:00,Leslie Ronquillo,SABBATH PACKAGE 1,JESTINE TANELON,SABBATH,2000,0,2000,new,,paid,completed
2026-05-15,12:00:00,JR Espiritu,COMBINATION,VIA JOY SANCHEZ,SABBATH,750,0,750,new,,paid,completed
2026-05-15,12:00:00,Jeremy Lois Espiritu,SWEDISH,CARMELA,SABBATH,600,0,600,new,,paid,completed
2026-05-15,12:00:00,Christel Pangan,SWEDISH,JANINE KIMBERLY GARCIA,SABBATH,600,600,0,new,,paid,completed
2026-05-15,12:00:00,Crizelle Manoza,COMBINATION,LAARNI CAPARAS,SABBATH,750,0,750,new,,paid,completed
2026-05-15,12:00:00,Crizelle Manoza,ADDITIONAL 30 MINS,LAARNI CAPARAS,SABBATH,300,0,300,new,,paid,completed
2026-05-15,12:00:00,Fe Manoza,COMBINATION,CARMELA,SABBATH,750,0,750,new,,paid,completed
2026-05-15,12:00:00,Fe Manoza,ADDITIONAL 30 MINS,CARMELA,SABBATH,300,0,300,new,,paid,completed
2026-05-15,12:00:00,Guio Valerio Martin,SWEDISH,VIA JOY SANCHEZ,SABBATH,600,0,600,new,,paid,completed
2026-05-15,12:00:00,Jirah De Guzman,SWEDISH,JANINE KIMBERLY GARCIA,SABBATH,600,0,600,new,,paid,completed
2026-05-15,12:00:00,Micah Mabanta,SWEDISH,ASHLEY JANE GARCIA,SABBATH,600,0,600,new,,paid,completed
2026-05-15,12:00:00,Jalmie De Guzman,COMBINATION,JESTINE TANELON,SABBATH,750,0,750,new,,paid,completed
2026-05-15,12:00:00,Helen Santiago,COMBINATION W/ HOT STONE,VIA JOY SANCHEZ,SABBATH,1250,0,1250,new,,paid,completed
2026-05-15,12:00:00,Genriel Santiago,AROMATHERAPY OIL WITH HERBAL BALL,MARK KENNETH SANCHEZ,SABBATH,1000,0,1000,new,,paid,completed
2026-05-15,12:00:00,Beth Reyes,MANICURE,EVANGELINE CANONIGO,LE NAILS,150,0,150,new,,paid,completed
2026-05-15,12:00:00,Beth Reyes,PEDICURE,EVANGELINE CANONIGO,LE NAILS,200,0,200,new,,paid,completed
2026-05-15,12:00:00,Angela Antonio,MANICURE,JENIFFER ANN MANUEL,LE NAILS,150,0,150,new,,paid,completed
2026-05-15,12:00:00,Angela Antonio,PACKAGE A,JENIFFER ANN MANUEL,LE NAILS,600,0,600,new,,paid,completed
2026-05-15,12:00:00,Angela Antonio,PEDICURE,EVANGELINE CANONIGO,LE NAILS,200,0,200,new,,paid,completed
2026-05-15,12:00:00,Angela Antonio,POLISH,EVANGELINE CANONIGO,LE NAILS,50,0,50,new,,paid,completed
2026-05-15,12:00:00,Angela Antonio,POLISH,EVANGELINE CANONIGO,LE NAILS,50,0,50,new,,paid,completed
2026-05-15,12:00:00,Angela Antonio,POLISH,EVANGELINE CANONIGO,LE NAILS,50,0,50,new,,paid,completed
2026-05-15,12:00:00,Angela Antonio,POLISH,EVANGELINE CANONIGO,LE NAILS,50,0,50,new,,paid,completed
2026-05-15,12:00:00,Ma. Riza Enriquez,MANIGEL ORLY,JENIFFER ANN MANUEL,LE NAILS,600,0,600,new,,paid,completed
2026-05-15,12:00:00,Ma. Riza Enriquez,PEDICURE,JENIFFER ANN MANUEL,LE NAILS,200,0,200,new,,paid,completed
2026-05-15,12:00:00,Ma. Riza Enriquez,POLISH,JENIFFER ANN MANUEL,LE NAILS,50,0,50,new,,paid,completed
2026-05-15,12:00:00,Ma. Riza Enriquez,MANICURE,EVANGELINE CANONIGO,LE NAILS,150,0,150,new,,paid,completed
2026-05-15,12:00:00,Olive Villacorta,PACKAGE A,EVANGELINE CANONIGO,LE NAILS,600,600,0,new,Vip,paid,completed
2026-05-15,12:00:00,Olive Villacorta,MANICURE,EVANGELINE CANONIGO,LE NAILS,150,150,0,new,Vip,paid,completed
2026-05-15,12:00:00,Olive Villacorta,PEDICURE,EVANGELINE CANONIGO,LE NAILS,200,200,0,new,Vip,paid,completed
2026-05-16,12:00:00,Ellen Sulit,COMBINATION,ASHLEY JANE GARCIA,SABBATH,750,0,750,new,,paid,completed
2026-05-16,12:00:00,hazel Joyce Curay,SABBATH PACKAGE 1,JANINE KIMBERLY GARCIA,SABBATH,2000,1000,1000,new,,paid,completed
2026-05-16,12:00:00,Von Valena,SABBATH PACKAGE 1,JESTINE TANELON,SABBATH,2000,0,2000,new,,paid,completed
2026-05-16,12:00:00,Mae Lopez,COMBINATION,CARMELA,SABBATH,750,0,750,new,,paid,completed
2026-05-16,12:00:00,Mark Lopez,COMBINATION,MARK KENNETH SANCHEZ,SABBATH,750,0,750,new,,paid,completed
2026-05-16,12:00:00,Eunice Grace Fabro,COMBINATION,CARMELA,SABBATH,750,0,750,new,,paid,completed
2026-05-16,12:00:00,Eunice Grace Fabro,ADDITIONAL 30 MINS,CARMELA,SABBATH,300,0,300,new,,paid,completed
2026-05-16,12:00:00,Emmanuel Fabro,COMBINATION,MARK KENNETH SANCHEZ,SABBATH,750,0,750,new,,paid,completed
2026-05-16,12:00:00,Emmanuel Fabro,ADDITIONAL 30 MINS,MARK KENNETH SANCHEZ,SABBATH,300,0,300,new,,paid,completed
2026-05-16,12:00:00,Rona Mariano,COMBINATION W/ HOT STONE,VIA JOY SANCHEZ,SABBATH,1250,0,1250,new,,paid,completed
2026-05-16,12:00:00,Rona Mariano,ADDITIONAL 30 MINS,VIA JOY SANCHEZ,SABBATH,300,0,300,new,,paid,completed
2026-05-16,12:00:00,Anna Dominique Villaderey,COMBINATION,JANINE KIMBERLY GARCIA,SABBATH,750,0,750,new,,paid,completed
2026-05-16,12:00:00,Rency Marcoleta,COMBINATION,JESTINE TANELON,SABBATH,750,0,750,new,,paid,completed
2026-05-16,12:00:00,Micheal John Marcolita,COMBINATION,MARK KENNETH SANCHEZ,SABBATH,750,0,750,new,,paid,completed
2026-05-16,12:00:00,Shaira Espiritu,COMBINATION,VIA JOY SANCHEZ,SABBATH,750,0,750,new,,paid,completed
2026-05-16,12:00:00,Sonny Espiritu,COMBINATION,ASHLEY JANE GARCIA,SABBATH,750,0,750,new,,paid,completed
2026-05-16,12:00:00,Barbara Antonio,COMBINATION W/ HOT STONE,JANINE KIMBERLY GARCIA,SABBATH,1250,1200,50,new,,paid,completed
2026-05-16,12:00:00,Anna Pascual,COMBINATION W/ HOT STONE,CARMELA,SABBATH,1250,1200,50,new,,paid,completed
2026-05-16,12:00:00,Evangeline Yambao,COMBINATION,JENIFFER ANN MANUEL,SABBATH,750,0,750,new,,paid,completed
2026-05-16,12:00:00,Christine Joy Yambao,COMBINATION,JESTINE TANELON,SABBATH,750,0,750,new,,paid,completed
2026-05-16,12:00:00,Maria Jessica Santos,COMBINATION W/ HOT STONE,VIA JOY SANCHEZ,SABBATH,1250,0,1250,new,,paid,completed
2026-05-16,12:00:00,Gladys Duque,COMBINATION W/ HOT STONE,ASHLEY JANE GARCIA,SABBATH,1250,0,1250,new,,paid,completed
2026-05-16,12:00:00,Jorelle Santos,COMBINATION W/ HOT STONE,MARK KENNETH SANCHEZ,SABBATH,1250,0,1250,new,,paid,completed
2026-05-16,12:00:00,Gladees Saliu,COMBINATION,CARMELA,SABBATH,750,0,750,new,,paid,completed
2026-05-16,12:00:00,Gladees Saliu,ADDITIONAL 30 MINS,CARMELA,SABBATH,0,0,0,new,,paid,completed
2026-05-16,12:00:00,Valon Saliu,COMBINATION,JENIFFER ANN MANUEL,SABBATH,750,0,750,new,,paid,completed
2026-05-16,12:00:00,Valon Saliu,ADDITIONAL 30 MINS,JENIFFER ANN MANUEL,SABBATH,300,0,300,new,,paid,completed
2026-05-16,12:00:00,Joucel Ramirez,COMBINATION,JANINE KIMBERLY GARCIA,SABBATH,750,0,750,new,,paid,completed
2026-05-16,12:00:00,Jerson Thomas Briones,SWEDISH,MARK KENNETH SANCHEZ,SABBATH,600,600,0,new,,paid,completed
2026-05-16,12:00:00,Marielle Posillo,SWEDISH,VIA JOY SANCHEZ,SABBATH,600,600,0,new,,paid,completed
2026-05-16,12:00:00,Lynette Dejucos,COMBINATION,JANINE KIMBERLY GARCIA,SABBATH,750,0,750,new,,paid,completed
2026-05-16,12:00:00,Joel Dejucos,COMBINATION,CARMELA,SABBATH,750,0,750,new,,paid,completed
2026-05-16,12:00:00,Louie Yambao,COMBINATION,JENIFFER ANN MANUEL,SABBATH,750,0,750,new,,paid,completed
2026-05-16,12:00:00,May Ava Ortega,SWEDISH,ASHLEY JANE GARCIA,SABBATH,600,0,600,new,,paid,completed
2026-05-16,12:00:00,Karl Mark Cruz,TRADITIONAL HILOT WITH VENTOSA,MARK KENNETH SANCHEZ,SABBATH,1500,0,1500,new,,paid,completed
2026-05-16,12:00:00,Maricar Ramirez,SWEDISH,ASHLEY JANE GARCIA,SABBATH,600,0,600,new,,paid,completed
2026-05-16,12:00:00,Sherwin Yap,SWEDISH,VIA JOY SANCHEZ,SABBATH,600,0,600,new,,paid,completed
2026-05-16,12:00:00,Jordan Trinidad,COMBINATION,JANINE KIMBERLY GARCIA,SABBATH,750,0,750,new,,paid,completed
2026-05-16,12:00:00,Anna Trinidad,COMBINATION,CARMELA,SABBATH,750,0,750,new,,paid,completed
2026-05-16,12:00:00,Patrick Potenciano,SWEDISH,ASHLEY JANE GARCIA,SABBATH,600,0,600,new,,paid,completed
2026-05-16,12:00:00,Carl Patrick Potenciano,SWEDISH,VIA JOY SANCHEZ,SABBATH,600,0,600,new,,paid,completed
2026-05-16,12:00:00,Xavier Matillano,COMBINATION,MARK KENNETH SANCHEZ,SABBATH,750,0,750,new,,paid,completed
2026-05-16,12:00:00,Ellen Sulit,PEDICURE,EVANGELINE CANONIGO,LE NAILS,200,0,200,new,,paid,completed
2026-05-16,12:00:00,xyrus,POLISH,EVANGELINE CANONIGO,LE NAILS,50,0,50,new,,paid,completed
2026-05-16,12:00:00,xyrus,PACKAGE A,EVANGELINE CANONIGO,LE NAILS,600,100.02,499.98,new,,paid,completed
2026-05-16,12:00:00,Evangeline Yambao,MANICURE,EVANGELINE CANONIGO,LE NAILS,150,0,150,new,,paid,completed
2026-05-16,12:00:00,Marrissa Kalaw,PEDICURE,EVANGELINE CANONIGO,,200,0,200,new,,paid,completed
2026-05-16,12:00:00,Marrissa Kalaw,POLISH,EVANGELINE CANONIGO,,50,0,50,new,,paid,completed
2026-05-16,12:00:00,Marrissa Kalaw,POLISH,EVANGELINE CANONIGO,,50,0,50,new,,paid,completed
2026-05-16,12:00:00,Marrissa Kalaw,PEDICURE,EVANGELINE CANONIGO,LE NAILS,200,0,200,new,,paid,completed
2026-05-17,12:00:00,JUSTIN VENTURA,COMBINATION,,SABBATH,750,0,750,new,,paid,completed
2026-05-17,12:00:00,ANA GIRON,COMBINATION,,SABBATH,750,0,750,new,,paid,completed
2026-05-17,12:00:00,JASFER SANTIAGO,TRADITIONAL HILOT WITH VENTOSA,,SABBATH,1500,0,1500,new,,paid,completed
2026-05-17,12:00:00,ANTONETTE ALFONSO,COMBINATION,,SABBATH,750,0,750,new,,paid,completed
2026-05-17,12:00:00,ANTONETTE ALFONSO,ADDITIONAL 30 MINS,,SABBATH,300,0,300,new,,paid,completed
2026-05-17,12:00:00,THIRDY ALFONSO,COMBINATION,,SABBATH,750,0,750,new,,paid,completed
2026-05-17,12:00:00,THIRDY ALFONSO,ADDITIONAL 30 MINS,,SABBATH,300,0,300,new,,paid,completed
2026-05-17,12:00:00,ANTONETTE ALFONSO JR.,SABBATH SIGNATURE,,SABBATH,1000,0,1000,new,,paid,completed
2026-05-17,12:00:00,JUN MARCOS,TRADITIONAL HILOT WITH VENTOSA,,SABBATH,1500,0,1500,new,,paid,completed
2026-05-17,12:00:00,BERNADETTE CANTILLAN,COMBINATION,,SABBATH,750,0,750,new,,paid,completed
2026-05-17,12:00:00,BERNADETTE CANTILLAN,ADDITIONAL 30 MINS,,SABBATH,300,0,300,new,,paid,completed
2026-05-17,12:00:00,NORMAN CANDO,COMBINATION,,SABBATH,750,0,750,new,,paid,completed
2026-05-17,12:00:00,NORMAN CANDO,ADDITIONAL 30 MINS,,SABBATH,300,0,300,new,,paid,completed
2026-05-17,12:00:00,ANNE RELLEJA,SWEDISH,,SABBATH,600,0,600,new,,paid,completed
2026-05-17,12:00:00,SABINA RELLEJA,SWEDISH,,SABBATH,600,0,600,new,,paid,completed
2026-05-17,12:00:00,EZRA JOSON,SWEDISH,,SABBATH,600,0,600,new,,paid,completed
2026-05-17,12:00:00,CLARENCE MORATAL,SWEDISH,,SABBATH,600,0,600,new,,paid,completed
2026-05-17,12:00:00,ANGELO PAMPLONA,SABBATH SIGNATURE,,SABBATH,1000,0,1000,new,,paid,completed
2026-05-17,12:00:00,KATRINA THERESA PAMPLONA,SABBATH SIGNATURE,,SABBATH,1000,0,1000,new,,paid,completed
2026-05-17,12:00:00,DJ JAVIER,COMBINATION,,SABBATH,750,0,750,new,,paid,completed
2026-05-17,12:00:00,OLA JAVIER,COMBINATION,,SABBATH,750,0,750,new,,paid,completed
2026-05-17,12:00:00,KID JAVIER,GROWTH,,SABBATH,500,0,500,new,,paid,completed
2026-05-17,12:00:00,RIO IBANEZ,COMBINATION,,SABBATH,750,0,750,new,,paid,completed
2026-05-17,12:00:00,RIO IBANEZ,ADDITIONAL 30 MINS,,SABBATH,300,0,300,new,,paid,completed
2026-05-17,12:00:00,NINA IBANEZ,COMBINATION,,SABBATH,750,0,750,new,,paid,completed
2026-05-17,12:00:00,NINA IBANEZ,ADDITIONAL 30 MINS,,SABBATH,300,0,300,new,,paid,completed
2026-05-17,12:00:00,ROSARIO IBANEZ,COMBINATION,,SABBATH,750,0,750,new,,paid,completed
2026-05-17,12:00:00,RANDY AMBITO,ADDITIONAL 30 MINS,,SABBATH,300,0,300,new,,paid,completed
2026-05-17,12:00:00,LILIBETH AMBITO,SWEDISH,,SABBATH,600,0,600,new,,paid,completed